ID,Year_Birth,Education,Marital_Status,Income,Kidhome,Teenhome,Dt_Customer,Recency,MntWines,MntFruits,MntMeatProducts,MntFishProducts,MntSweetProducts,MntGoldProds,NumDealsPurchases,NumWebPurchases,NumCatalogPurchases,NumStorePurchases,NumWebVisitsMonth,Complain,Response
1,1974,Graduation,Divorced,102738,0,0,09-12-2014,15,838,289,579,403,141,375,10,8,7,10,8,1,0
2,1989,PhD,Divorced,20991,2,1,04-02-2014,40,109,29,39,76,15,68,10,14,4,10,5,1,1
3,1961,Master,Married,131039,2,1,04-02-2013,49,1101,567,630,482,321,591,1,12,0,2,2,1,1
4,1975,Graduation,Married,75052,0,1,02-06-2015,3,96,323,303,287,207,95,3,12,10,1,10,1,1
5,1982,PhD,Single,19124,0,0,29-04-2014,50,35,70,9,88,41,58,4,14,10,1,8,1,0
6,1947,PhD,Single,135254,1,1,24-05-2013,20,914,139,917,42,91,588,0,6,8,0,15,1,1
7,1982,Master,Single,18528,0,1,06-11-2012,22,8,85,101,42,3,24,6,10,3,8,15,1,1
8,1972,PhD,Widow,27872,0,0,15-12-2013,25,79,64,39,67,48,106,2,9,8,13,3,1,0
9,1973,Graduation,Married,54428,0,0,16-03-2013,97,362,165,531,224,53,196,2,6,5,0,3,0,1
10,1976,Master,Widow,19470,0,2,01-11-2013,100,99,57,171,24,5,38,10,8,7,0,14,0,1
11,1967,Basic,Married,87525,1,2,06-02-2013,53,190,84,158,1,121,415,2,3,1,8,6,1,1
12,1982,PhD,Divorced,22961,0,2,28-05-2012,45,119,62,7,14,35,49,3,4,1,8,3,0,1
13,1965,Master,Widow,60639,2,0,01-01-2015,99,449,18,554,136,142,109,1,0,8,12,17,1,1
14,1976,Basic,Married,138408,0,0,25-02-2015,3,234,157,182,495,238,403,5,13,3,15,7,1,1
15,1963,PhD,Married,58875,1,0,24-12-2013,83,167,28,442,251,116,195,9,4,2,7,7,1,1
16,1952,Master,Divorced,27709,0,1,20-09-2013,65,161,20,236,23,19,28,7,10,9,4,6,0,1
17,1943,Basic,Divorced,27467,2,2,29-08-2014,41,29,12,190,73,89,41,2,4,0,11,7,1,0
18,1940,Master,Widow,79661,1,2,16-11-2014,6,456,339,462,51,57,189,10,0,8,0,7,0,1
19,1950,Graduation,Widow,141426,0,0,02-01-2015,59,926,385,1231,648,432,264,0,9,1,2,16,0,0
20,1957,Master,Single,60422,2,0,15-03-2012,82,458,123,183,3,11,138,2,7,4,11,11,1,1
21,1943,Graduation,Married,138512,0,2,02-04-2012,84,663,451,1316,680,314,547,9,7,3,4,8,0,1
22,1987,Graduation,Divorced,117458,0,2,08-12-2013,0,837,451,533,237,354,573,7,4,4,2,11,0,0
23,1966,Master,Married,16548,0,1,02-10-2015,97,154,37,148,25,13,48,2,13,2,11,18,1,1
24,1969,Graduation,Divorced,97823,2,0,19-07-2012,39,373,76,61,145,288,252,3,14,1,10,16,0,1
25,1948,PhD,Single,110329,2,2,06-07-2014,90,452,393,885,74,339,11,5,3,1,2,7,1,1
26,1994,Graduation,Widow,148407,2,2,21-07-2012,55,100,38,786,741,258,80,1,13,1,12,14,0,0
27,1948,Basic,Divorced,95799,1,2,09-09-2015,83,33,288,651,211,141,412,1,9,2,10,11,0,1
28,1989,Graduation,Widow,103885,1,1,12-11-2014,50,559,222,578,174,16,393,6,7,9,5,6,1,0
29,1962,PhD,Single,85583,2,0,24-08-2012,40,348,36,685,71,47,331,5,3,1,2,12,1,1
30,1942,Graduation,Widow,39578,2,1,22-01-2015,77,211,141,183,153,115,197,9,10,3,11,3,1,0
31,1956,Graduation,Widow,38067,0,1,02-08-2012,69,16,98,345,88,91,73,5,1,4,8,2,0,1
32,1977,Graduation,Widow,61297,2,2,18-12-2012,96,52,262,504,54,21,120,5,0,9,11,15,0,0
33,1969,Basic,Divorced,145079,1,0,19-10-2015,63,774,11,119,329,40,5,5,2,2,5,4,1,0
34,1984,Basic,Married,118870,0,0,15-09-2014,68,129,267,880,477,39,3,8,9,10,9,19,1,0
35,1999,Master,Divorced,73055,0,1,27-04-2013,62,48,240,126,104,173,2,9,15,5,15,10,1,1
36,1957,Master,Single,126903,0,1,22-10-2012,50,966,508,1214,535,234,286,10,4,6,11,10,1,1
37,1986,Basic,Widow,92794,1,1,29-12-2014,21,282,240,211,445,179,353,0,3,1,14,13,0,1
38,1965,Basic,Widow,109135,2,1,19-11-2012,21,557,26,760,62,5,4,10,12,5,1,10,0,1
39,1968,PhD,Widow,88902,1,0,28-10-2015,32,211,214,299,429,265,316,0,7,3,15,11,0,1
40,1970,Basic,Married,39671,1,1,27-09-2013,22,90,95,275,150,24,197,9,0,5,9,7,1,0
41,1986,Master,Single,24926,1,2,30-03-2012,14,137,15,2,16,36,44,5,7,2,10,16,1,0
42,1968,Master,Widow,139020,2,0,20-01-2012,39,1196,222,306,213,349,464,7,5,7,1,1,1,0
43,1950,Basic,Single,119162,1,2,15-04-2013,23,144,176,988,365,128,409,2,1,7,10,20,1,0
44,1971,PhD,Married,50743,1,1,23-07-2015,66,384,135,254,207,146,8,10,6,10,13,20,1,0
45,1981,Master,Single,136365,2,1,25-03-2012,70,473,312,1325,252,225,56,7,3,7,1,17,1,0
46,1966,Graduation,Widow,37363,1,1,02-02-2012,98,47,20,117,20,48,87,5,12,1,9,0,1,1
47,1984,Master,Single,44304,1,0,22-11-2013,48,1,7,436,165,127,186,10,11,7,8,9,0,0
48,1977,Basic,Widow,27254,1,0,23-01-2012,70,131,26,24,45,63,106,8,10,1,11,16,0,1
49,1944,Basic,Widow,112880,2,0,01-12-2014,12,931,523,153,389,86,313,0,13,6,14,6,0,0
50,1974,PhD,Married,146789,0,2,23-03-2014,85,731,459,202,714,198,494,9,11,0,9,18,1,1
51,1979,Graduation,Single,120103,1,0,29-03-2013,74,227,235,484,506,343,480,5,7,5,15,15,1,0
52,1974,PhD,Single,29949,2,0,30-11-2015,27,44,94,130,124,36,23,4,3,8,8,18,0,0
53,1991,Graduation,Widow,54352,1,0,22-07-2014,8,344,218,36,258,160,2,7,13,6,10,10,1,0
54,1961,PhD,Widow,30496,2,2,29-10-2013,94,191,134,156,20,73,91,1,7,0,7,14,1,0
55,1984,PhD,Single,76402,2,0,25-02-2015,60,273,19,551,76,226,13,9,9,9,12,4,1,0
56,1984,PhD,Married,110727,0,2,15-07-2014,14,415,276,822,293,77,413,3,12,3,0,1,0,1
57,1965,PhD,Single,28440,2,2,18-10-2013,84,87,19,3,32,90,47,4,13,8,3,17,0,1
58,1949,Basic,Divorced,66801,2,2,08-03-2013,49,480,256,645,192,7,253,10,3,7,0,7,1,0
59,1999,PhD,Divorced,35753,1,1,05-04-2014,60,250,125,196,11,79,167,5,15,1,4,9,0,0
60,1984,Graduation,Single,112828,0,1,04-05-2014,43,279,386,208,511,73,124,3,1,4,3,20,1,1
61,1965,PhD,Widow,89868,2,1,08-08-2014,76,444,260,38,181,118,372,9,7,6,15,3,1,1
62,1980,PhD,Widow,53804,2,1,31-05-2013,10,271,223,55,237,50,36,6,0,3,6,5,1,1
63,1994,Graduation,Widow,44380,1,2,15-02-2013,98,101,217,358,74,112,136,7,0,7,3,17,1,1
64,1981,Master,Married,119086,2,2,01-01-2013,91,253,243,120,233,241,302,2,4,6,0,3,1,0
65,1980,PhD,Divorced,118536,0,0,15-06-2012,62,641,577,1128,149,57,175,7,6,9,13,0,0,0
66,1991,Graduation,Married,119945,1,0,07-04-2013,9,320,191,749,95,292,257,8,1,3,0,12,1,1
67,1954,Master,Married,15714,2,1,04-04-2013,84,67,65,73,17,0,11,4,5,6,10,17,0,0
68,1948,Graduation,Married,83334,1,1,26-12-2015,19,428,229,505,120,276,332,8,10,0,8,17,1,0
69,1968,Basic,Widow,20633,0,2,21-08-2013,88,62,66,127,75,12,102,6,6,3,1,5,1,1
70,1998,Basic,Divorced,90401,2,1,17-10-2013,68,649,268,310,235,37,274,7,14,10,9,16,0,1
71,1951,Graduation,Married,129100,0,0,22-08-2014,26,524,360,1060,71,106,436,8,8,0,8,0,1,1
72,1953,Graduation,Married,44829,0,1,03-12-2012,54,32,86,191,3,3,63,6,14,1,0,5,1,1
73,1967,Master,Divorced,80355,0,1,31-01-2013,94,144,341,585,299,231,340,0,13,10,5,1,1,1
74,1998,PhD,Single,96399,1,1,25-04-2014,51,721,146,689,35,214,16,0,4,0,4,13,1,0
75,1960,Graduation,Widow,33062,2,0,02-04-2012,37,171,85,48,96,40,118,8,6,0,8,10,0,1
76,1942,Graduation,Single,31825,2,2,03-06-2015,38,21,77,266,110,19,132,4,5,8,6,5,1,0
77,1945,PhD,Married,65403,0,2,16-10-2015,75,307,196,577,195,6,202,2,0,7,13,2,0,0
78,1958,PhD,Single,49885,1,0,27-09-2013,54,416,10,80,200,136,133,3,9,7,0,10,0,0
79,1986,PhD,Married,91722,2,2,30-09-2013,14,439,410,392,238,195,295,5,6,7,13,14,1,1
80,1975,Master,Single,34561,2,0,06-01-2012,64,274,156,89,56,31,45,3,12,4,10,3,0,1
81,1989,Graduation,Married,51953,1,1,18-01-2013,8,340,122,305,243,57,90,5,6,6,4,15,1,1
82,2000,Master,Divorced,149531,1,0,21-03-2014,64,953,79,1449,596,191,130,4,11,1,12,7,0,1
83,1950,PhD,Widow,115128,0,2,09-12-2014,23,346,270,85,118,134,100,8,11,3,9,15,1,1
84,1962,Master,Married,20346,1,0,23-02-2014,92,60,45,2,40,3,84,8,14,4,12,0,1,0
85,1994,Graduation,Divorced,125876,1,2,25-11-2014,46,620,609,846,532,112,180,9,5,6,11,4,1,0
86,1948,Basic,Married,51471,2,2,15-01-2015,78,297,100,362,3,13,241,2,12,7,12,4,1,0
87,1983,Basic,Widow,138897,0,2,10-03-2012,78,204,210,189,168,137,91,6,3,2,7,0,0,1
88,1944,Basic,Divorced,96942,1,0,04-01-2015,2,34,474,845,196,267,218,6,9,9,15,7,0,1
89,1987,PhD,Single,20378,1,1,02-10-2013,83,185,23,62,0,33,95,8,1,2,10,4,1,1
90,1983,Basic,Widow,71727,2,2,29-08-2015,71,64,287,228,329,120,289,5,6,5,6,12,1,1
91,1951,PhD,Widow,48530,1,0,07-04-2012,5,156,122,22,226,28,23,9,7,3,14,14,1,0
92,1988,Master,Widow,75571,2,0,10-05-2014,25,302,242,57,129,52,197,5,8,8,10,10,1,1
93,1982,PhD,Single,100351,2,2,07-07-2013,93,768,350,904,266,154,129,9,8,10,5,0,1,1
94,1973,Graduation,Divorced,64384,2,2,13-03-2013,99,289,269,533,44,36,23,6,7,6,6,20,1,1
95,1979,Master,Married,95371,1,0,26-02-2013,15,670,352,102,56,27,25,0,5,1,9,5,1,0
96,1942,Graduation,Married,38516,0,2,08-09-2014,48,53,107,352,4,112,53,6,15,5,8,14,1,0
97,1959,Basic,Single,39723,2,2,15-12-2015,26,14,131,313,89,5,20,4,3,7,5,13,0,1
98,1998,Graduation,Single,30267,0,2,23-06-2015,0,3,27,126,121,100,91,0,13,2,10,12,0,0
99,1968,Graduation,Single,108110,1,1,01-11-2015,14,671,488,312,34,235,325,5,0,6,0,20,0,1
100,1946,Master,Single,139927,0,1,17-11-2015,2,267,277,70,464,23,363,8,12,1,11,6,0,0
101,1963,Basic,Married,16067,1,0,28-01-2015,82,156,52,49,23,16,59,9,7,10,13,17,0,0
102,1951,Basic,Married,25424,2,0,09-02-2015,3,125,69,102,120,42,16,8,3,5,14,11,1,0
103,1993,Master,Divorced,12764,1,2,23-04-2013,43,69,63,98,18,3,11,9,3,9,3,13,0,1
104,1987,Graduation,Widow,15536,2,1,24-04-2013,24,84,64,13,9,1,12,0,13,4,2,11,0,0
105,1968,PhD,Single,71355,1,2,08-09-2014,38,406,236,50,149,172,176,0,4,10,12,18,1,1
106,1946,Master,Widow,15993,1,2,10-04-2013,75,90,34,14,54,0,45,0,13,4,14,18,1,0
107,1975,PhD,Divorced,35519,0,1,11-11-2015,15,147,130,279,157,51,131,5,13,9,15,20,1,0
108,1965,Master,Single,81127,1,0,15-06-2012,42,653,126,375,277,18,115,4,1,6,5,7,0,1
109,1950,Basic,Widow,47170,2,1,04-11-2013,63,142,11,287,173,151,45,2,2,2,15,15,0,1
110,1979,Graduation,Divorced,65537,0,1,22-06-2014,35,384,310,615,45,189,177,1,6,7,6,3,0,0
111,1963,Basic,Married,66150,2,1,02-11-2014,9,310,276,312,105,79,171,1,12,5,13,18,0,1
112,1972,PhD,Divorced,128350,1,2,16-06-2012,10,1145,636,1067,557,75,57,8,14,8,1,15,1,1
113,1955,Graduation,Widow,144657,2,2,09-10-2014,43,474,172,1255,641,91,15,4,4,7,11,0,1,0
114,1988,Master,Single,148182,1,0,10-10-2015,91,1276,654,1235,533,33,510,10,1,10,13,11,1,1
115,1962,PhD,Single,145069,2,2,02-03-2014,36,414,512,769,194,478,712,1,8,0,10,14,1,0
116,1955,Master,Single,87191,2,1,20-01-2013,54,630,68,618,128,146,184,4,0,1,15,4,0,0
117,1991,Basic,Married,35465,1,2,23-06-2014,38,78,47,131,172,81,131,3,3,8,2,6,0,0
118,1944,Basic,Single,135141,2,1,15-08-2013,4,221,582,1037,160,210,593,7,8,9,8,4,1,0
119,1958,Master,Widow,49716,2,0,08-07-2015,37,410,119,411,208,102,30,1,11,2,8,6,0,1
120,1988,PhD,Widow,44079,1,1,03-10-2012,86,334,152,193,131,50,18,3,1,9,0,17,1,0
121,1979,PhD,Divorced,110971,0,2,05-02-2015,35,84,359,781,266,18,100,1,4,4,13,8,0,0
122,1980,Graduation,Single,116373,0,1,04-07-2014,12,851,131,183,29,247,181,1,6,7,7,15,0,1
123,1948,Master,Widow,23016,0,1,23-11-2013,81,28,20,223,89,45,68,7,10,2,2,5,0,0
124,1953,PhD,Divorced,139720,0,0,20-03-2012,24,982,186,354,549,460,575,2,15,9,15,4,0,1
125,1985,Graduation,Single,63297,2,2,20-08-2013,30,475,287,311,130,191,26,2,6,0,14,7,1,1
126,1941,Basic,Single,122194,2,0,17-10-2012,82,1204,345,344,248,202,428,8,3,1,9,16,1,1
127,1977,Master,Divorced,119763,2,1,28-08-2012,24,110,451,176,391,9,180,10,12,2,12,15,0,0
128,1986,Basic,Married,138091,1,1,15-05-2015,21,1216,422,651,169,202,155,10,4,5,9,3,0,1
129,1950,Graduation,Divorced,80128,0,1,14-10-2015,14,401,161,626,220,59,169,1,4,6,14,12,0,0
130,1984,Basic,Married,17778,0,1,12-10-2013,30,164,37,71,49,32,63,5,6,1,13,1,1,1
131,1984,Master,Single,49007,2,0,18-05-2012,27,181,69,76,207,27,214,10,12,0,1,17,0,0
132,1968,Graduation,Widow,66857,2,0,30-01-2015,48,222,32,567,122,93,242,3,7,1,11,19,1,0
133,1999,Master,Married,83764,1,1,25-12-2015,5,481,370,538,71,91,202,4,0,7,8,16,1,1
134,1951,Master,Married,73812,2,0,24-10-2013,64,92,258,556,62,99,179,5,8,2,3,0,1,0
135,1980,Graduation,Single,57793,0,0,18-12-2015,17,85,180,264,93,25,240,8,13,0,3,2,0,1
136,1940,Graduation,Married,55981,2,0,31-10-2014,30,164,95,250,96,105,224,6,3,4,9,18,0,0
137,1998,Master,Married,147648,0,2,23-03-2015,42,1092,337,1284,718,415,547,9,4,5,13,10,0,1
138,1965,Basic,Single,100574,1,2,24-04-2013,69,933,438,919,424,69,500,8,0,3,7,6,0,0
139,1974,Basic,Widow,71238,2,0,23-12-2015,53,324,107,222,66,19,56,7,1,8,6,7,1,1
140,1992,PhD,Divorced,17002,1,0,10-08-2013,59,89,74,133,85,9,40,1,3,9,9,14,0,0
141,1993,Graduation,Single,24973,1,0,26-01-2015,40,15,112,190,106,17,85,0,0,8,6,11,0,0
142,1990,Basic,Divorced,95463,2,2,17-03-2012,79,740,234,154,231,105,10,0,7,4,8,4,0,0
143,1962,PhD,Widow,18558,2,0,24-12-2015,10,130,43,48,20,40,66,6,2,10,0,6,1,0
144,1942,Basic,Single,140615,0,2,11-10-2012,89,348,183,868,588,89,498,2,0,2,12,10,0,1
145,1957,PhD,Single,54174,1,0,11-04-2014,61,55,47,492,34,31,0,2,15,7,13,20,1,1
146,1955,PhD,Single,16793,2,2,24-11-2012,58,114,69,55,41,36,79,7,10,8,8,18,0,1
147,1947,PhD,Widow,16042,0,1,27-08-2012,55,51,12,118,51,7,73,9,12,5,12,14,0,1
148,1981,Basic,Widow,126290,1,0,11-10-2015,51,788,370,378,46,203,72,3,4,7,9,13,1,0
149,1955,Basic,Widow,136928,1,2,16-04-2014,75,834,630,36,298,141,103,7,13,10,2,8,0,0
150,1943,PhD,Widow,117216,2,2,07-08-2015,87,141,396,644,190,117,339,8,15,10,8,16,1,1
151,1960,Master,Widow,65002,2,1,11-07-2014,71,226,314,305,43,197,185,6,8,7,10,14,0,1
152,1987,Master,Married,114984,0,2,09-05-2014,87,47,431,220,181,108,318,5,2,6,2,17,0,1
153,1955,Basic,Married,50744,0,2,16-06-2013,68,181,52,224,174,86,234,5,9,4,7,4,1,0
154,1989,PhD,Single,146432,1,0,13-02-2013,18,259,603,1309,691,162,83,7,8,3,2,6,0,0
155,1986,Master,Divorced,23908,1,1,30-06-2012,45,84,37,183,41,54,58,4,0,9,11,15,1,0
156,1949,Graduation,Single,27205,2,1,22-11-2013,100,231,65,81,19,18,51,3,12,7,1,12,0,0
157,1951,PhD,Widow,86890,2,0,06-05-2012,65,586,76,265,8,139,143,1,0,10,10,14,0,1
158,1942,PhD,Married,83009,0,2,25-11-2015,60,265,151,131,137,0,399,8,13,5,15,6,1,0
159,1972,Master,Single,73945,1,2,04-06-2012,30,13,112,216,173,156,265,9,0,8,0,4,0,0
160,1983,Graduation,Married,18609,2,1,26-12-2013,13,92,83,8,75,34,44,2,15,5,6,7,1,1
161,1967,Basic,Divorced,42920,2,1,16-10-2012,66,198,121,60,152,60,48,3,15,9,0,8,1,0
162,1971,Master,Married,127987,2,0,27-10-2013,79,755,413,397,81,412,241,9,3,4,8,8,0,1
163,2000,PhD,Widow,45841,0,0,18-06-2013,45,97,84,237,164,6,201,2,0,4,8,5,1,0
164,1984,Master,Divorced,80422,2,1,20-11-2014,63,299,210,295,270,50,67,8,4,0,9,17,0,0
165,1999,Master,Divorced,122159,1,0,02-12-2015,80,101,187,1219,112,6,495,3,9,5,11,10,0,0
166,1986,PhD,Single,42974,1,2,26-11-2013,45,422,142,280,40,109,164,5,3,1,3,20,1,1
167,1982,Graduation,Married,83212,0,0,05-06-2014,17,174,123,806,323,93,189,1,9,2,11,9,0,0
168,2000,Master,Widow,133915,2,2,30-06-2013,88,750,37,100,118,224,18,6,14,1,9,1,1,1
169,1962,PhD,Divorced,84835,2,1,09-12-2014,74,479,385,629,25,187,218,9,14,6,4,9,1,0
170,1943,Basic,Married,90122,2,2,24-08-2015,21,459,372,670,248,290,305,5,2,4,5,8,0,1
171,1983,Basic,Widow,52974,2,2,05-03-2013,94,334,92,103,96,158,3,6,13,3,10,2,0,0
172,1974,Master,Divorced,85688,0,0,02-05-2013,10,433,189,214,262,16,266,10,3,2,1,3,0,0
173,1943,Graduation,Divorced,56128,2,1,19-06-2013,15,527,259,273,9,42,200,4,12,1,2,8,0,0
174,1978,Graduation,Widow,67085,2,1,04-10-2012,74,29,146,369,15,16,46,1,14,2,7,16,1,0
175,1967,Master,Widow,112318,2,2,30-07-2013,1,510,102,31,214,59,379,9,10,10,1,0,0,1
176,1963,PhD,Married,11587,2,0,02-02-2015,74,1,34,23,37,16,34,2,13,5,10,11,0,1
177,1940,Basic,Divorced,24304,0,0,15-01-2012,24,88,116,239,55,28,78,4,8,10,0,10,1,1
178,1970,Master,Divorced,77062,2,0,28-04-2013,77,199,315,613,236,188,292,5,0,6,2,14,1,1
179,2000,Graduation,Widow,54624,0,0,14-01-2012,63,125,159,151,159,99,180,6,7,3,7,9,1,1
180,1990,Master,Married,49144,0,1,02-07-2014,46,223,93,363,218,156,203,10,9,7,8,3,1,0
181,1966,Basic,Married,52457,1,2,13-08-2014,27,131,8,90,117,43,83,3,7,7,5,16,0,0
182,1965,Graduation,Widow,66932,1,1,26-07-2012,49,507,8,569,1,83,33,3,8,5,0,10,1,0
183,1955,Basic,Widow,90818,0,0,14-01-2013,62,299,248,868,34,265,150,4,2,1,9,18,1,0
184,1986,PhD,Married,131419,1,2,12-03-2015,13,978,653,135,412,54,580,0,10,1,8,12,0,0
185,1961,Graduation,Widow,130256,0,2,28-07-2015,8,1225,231,1002,94,96,419,7,13,10,8,10,1,1
186,1965,Master,Married,128808,2,2,31-07-2013,19,32,294,453,192,159,22,0,12,2,5,14,1,1
187,1958,Graduation,Single,128790,0,2,12-07-2014,40,541,464,956,490,176,484,4,1,9,2,11,1,1
188,1947,Basic,Married,24695,1,1,06-09-2013,64,189,9,173,53,6,77,9,13,6,3,18,0,0
189,1949,PhD,Married,122132,2,1,07-06-2015,53,505,461,611,283,54,46,7,7,3,10,18,0,0
190,1958,PhD,Divorced,36157,2,0,26-09-2014,79,332,114,43,103,94,140,10,6,2,5,19,0,1
191,1974,Master,Widow,122227,2,2,12-10-2013,88,379,55,298,286,117,285,1,4,8,9,14,0,1
192,1958,Master,Single,140241,2,2,23-10-2013,49,1016,539,497,243,410,532,10,12,5,9,2,0,1
193,1965,Master,Single,145314,0,2,10-03-2012,36,122,203,825,36,272,203,10,10,7,5,16,0,0
194,1952,PhD,Divorced,97406,1,1,14-09-2012,31,360,22,681,52,103,340,2,9,9,2,5,1,1
195,1968,Master,Widow,85417,2,2,18-11-2013,73,723,151,621,145,46,257,9,7,0,4,15,0,1
196,1990,Basic,Single,138413,0,1,14-10-2014,12,1105,165,764,378,164,65,1,7,10,12,3,0,1
197,1960,PhD,Married,99869,2,2,23-09-2012,1,349,295,15,81,177,262,4,2,4,15,3,0,0
198,1984,PhD,Married,20331,2,0,25-06-2013,48,31,46,171,39,48,68,8,10,9,4,2,0,0
199,1951,Basic,Married,91524,2,0,26-09-2014,31,702,280,242,178,213,217,10,11,7,3,0,0,1
200,1945,PhD,Married,87624,0,1,07-04-2013,37,33,304,529,333,182,263,1,11,9,3,11,1,0
201,1953,Graduation,Single,107383,2,0,24-05-2015,87,980,208,456,385,124,494,9,0,7,5,7,0,0
202,1946,Graduation,Single,130691,0,0,23-08-2014,90,976,245,265,61,37,377,10,4,2,6,3,1,1
203,1998,Master,Divorced,100475,0,0,25-07-2012,13,963,297,959,346,2,469,6,0,6,11,12,0,0
204,1971,Graduation,Divorced,116128,0,0,24-02-2013,20,1071,529,431,360,378,203,10,11,5,0,16,1,0
205,1970,Master,Married,145132,1,2,25-12-2013,21,1203,267,154,269,47,59,4,11,10,3,15,0,1
206,1945,Basic,Widow,69446,0,0,04-03-2012,41,540,86,634,151,53,157,0,8,7,10,0,1,0
207,1957,Master,Divorced,131078,1,2,12-09-2014,64,1277,256,1309,619,230,417,6,2,7,13,15,0,0
208,1955,PhD,Divorced,129284,0,0,01-04-2014,65,523,502,175,422,261,19,3,2,8,6,1,1,1
209,1994,Master,Married,59088,1,2,15-04-2015,9,265,214,441,82,157,65,3,10,4,13,2,0,0
210,1964,PhD,Widow,114598,2,2,25-05-2013,49,531,433,309,32,354,405,4,4,0,3,19,1,0
211,1995,Master,Widow,61348,0,1,19-03-2015,49,334,79,422,165,58,25,6,12,4,8,5,1,0
212,1986,Basic,Single,27299,0,1,20-01-2015,13,70,29,167,56,53,71,8,6,1,6,20,0,1
213,1954,Graduation,Married,36290,1,1,02-01-2012,67,356,35,359,177,8,19,8,4,2,12,13,1,0
214,1993,Basic,Widow,31644,1,0,09-08-2015,87,239,136,283,149,56,112,2,13,0,6,4,0,0
215,1951,Graduation,Married,137639,1,0,15-01-2013,40,933,28,151,442,311,479,6,6,9,8,5,0,1
216,1986,Basic,Divorced,134459,0,2,29-06-2015,8,1135,400,58,563,368,567,0,4,8,14,7,1,1
217,1998,Graduation,Married,111189,2,0,03-12-2013,23,808,317,917,21,366,534,2,8,0,5,20,1,0
218,1963,Master,Widow,34834,0,1,02-07-2013,74,3,77,85,61,102,81,4,8,4,2,8,0,0
219,1951,Master,Widow,148279,0,1,22-10-2014,30,952,74,968,191,277,142,0,6,7,2,1,1,0
220,1990,Basic,Single,23907,0,1,26-12-2015,18,195,79,215,28,9,63,9,7,1,15,4,0,1
221,1956,Master,Divorced,108433,0,0,01-04-2015,38,797,3,200,389,358,341,3,10,0,11,13,0,0
222,1950,PhD,Single,10640,0,1,30-01-2015,7,75,39,53,42,21,5,2,3,6,8,12,0,0
223,1995,Master,Single,114520,0,2,16-11-2014,50,126,132,30,272,153,263,7,4,1,0,4,0,0
224,1950,Master,Divorced,34893,0,1,06-04-2013,93,197,160,238,78,88,83,9,1,8,0,3,1,0
225,1953,Basic,Married,49128,1,0,21-08-2014,58,217,130,339,22,137,132,7,7,7,10,0,0,1
226,1954,Graduation,Divorced,147221,0,0,04-03-2014,50,981,258,500,578,40,214,5,0,4,12,16,0,1
227,1973,Graduation,Divorced,71039,0,2,24-10-2013,95,448,141,396,174,115,230,3,7,2,10,2,1,1
228,1955,Basic,Married,115363,0,0,24-09-2012,17,374,453,323,196,279,339,8,6,4,0,5,1,0
229,1955,Basic,Widow,90598,0,1,23-02-2012,28,269,176,161,23,153,420,0,1,4,6,18,1,0
230,1941,PhD,Married,66837,0,1,02-05-2012,92,581,227,619,133,51,78,4,15,5,15,2,0,0
231,1967,Basic,Married,123796,1,2,02-08-2015,83,453,441,356,305,151,455,1,1,0,14,12,1,1
232,1956,PhD,Single,62334,2,1,15-03-2014,6,69,259,577,86,35,260,7,4,5,2,6,0,1
233,1963,Basic,Single,28154,0,1,07-08-2013,62,111,65,93,22,29,65,8,2,3,6,16,0,0
234,1978,Master,Single,49539,0,1,15-10-2015,54,435,118,473,3,155,195,7,13,3,0,18,0,0
235,1944,PhD,Divorced,68247,0,1,19-03-2013,63,339,289,98,120,89,274,8,12,7,0,5,1,0
236,1961,Basic,Single,103317,0,0,14-06-2015,48,575,345,477,152,108,419,0,7,6,6,5,1,0
237,1970,Graduation,Widow,129191,1,2,23-11-2014,88,482,41,771,318,422,238,0,0,8,13,7,0,1
238,1976,Graduation,Married,63840,1,1,11-11-2014,75,457,267,372,53,177,152,5,11,2,6,11,0,0
239,1961,Master,Divorced,134686,0,2,03-05-2013,33,1264,275,371,267,350,197,9,0,1,6,17,0,1
240,1997,Master,Widow,72921,1,0,01-03-2015,64,423,297,222,277,72,296,3,10,8,13,1,1,0
241,1976,Graduation,Married,20508,1,1,10-10-2012,18,128,54,8,52,24,19,9,10,10,1,7,0,0
242,1996,Graduation,Divorced,87785,1,1,27-11-2014,45,236,186,530,396,156,25,6,2,3,12,17,0,0
243,1985,Graduation,Married,19928,1,1,17-02-2013,28,33,62,195,82,7,23,6,14,7,12,13,0,1
244,1987,Master,Widow,98842,0,0,22-11-2014,30,4,217,195,127,296,420,3,0,7,7,1,0,0
245,1941,Basic,Married,26777,1,0,09-01-2012,51,233,25,111,71,78,52,9,12,4,14,2,0,0
246,1992,Master,Single,114647,0,0,10-08-2012,13,347,560,509,280,300,33,8,7,1,7,10,1,0
247,1972,Graduation,Married,148334,1,1,13-07-2012,6,55,4,1418,40,280,413,2,7,6,3,12,0,1
248,2000,PhD,Single,106511,2,1,10-06-2015,30,1052,406,304,366,277,70,10,9,4,0,6,0,0
249,1960,Master,Widow,22707,1,2,19-09-2015,95,185,6,52,81,55,7,1,6,4,1,17,1,0
250,1986,Graduation,Married,99397,1,2,14-12-2015,92,930,112,564,152,83,128,2,10,3,1,6,0,1
251,1976,Master,Widow,70321,2,2,15-08-2012,32,670,198,124,156,211,259,9,7,0,2,1,0,0
252,1948,Basic,Divorced,116865,0,1,21-04-2014,94,1166,290,439,179,70,152,5,0,2,2,18,0,1
253,1969,Graduation,Divorced,25611,0,1,08-10-2014,60,91,121,68,59,31,102,7,6,0,12,8,1,0
254,1975,Master,Single,100358,0,2,09-05-2014,88,191,113,328,352,326,161,5,12,7,6,1,1,0
255,1981,Graduation,Single,140374,1,0,05-11-2012,8,204,3,411,621,226,17,8,3,2,14,2,1,0
256,1988,PhD,Single,68310,2,2,09-02-2014,18,168,3,604,311,89,86,0,7,5,10,6,1,0
257,1985,PhD,Single,27136,1,0,04-12-2012,9,39,15,142,79,56,74,5,6,6,3,10,0,1
258,1996,Basic,Divorced,108199,1,2,02-08-2013,57,181,347,469,265,45,495,3,12,2,3,5,1,1
259,1960,Basic,Divorced,117494,0,1,27-05-2015,69,54,356,803,331,127,39,3,7,10,6,13,0,1
260,1979,Master,Divorced,51266,2,2,12-06-2013,16,396,89,412,29,147,190,0,14,6,5,2,1,0
261,1951,Basic,Divorced,19735,1,1,14-06-2015,33,99,49,128,38,1,19,9,6,3,5,16,0,1
262,1967,Graduation,Divorced,132534,0,1,27-08-2013,99,122,628,717,536,149,266,10,5,1,8,14,1,1
263,1963,Graduation,Divorced,24937,1,1,11-05-2014,84,200,45,93,71,41,88,6,7,1,1,17,0,1
264,1994,PhD,Divorced,122361,0,0,18-09-2014,62,745,578,724,132,19,93,2,4,4,2,6,0,1
265,1980,PhD,Divorced,74068,2,0,10-01-2014,71,396,359,211,284,164,280,10,1,0,5,19,0,1
266,1984,PhD,Single,33457,1,1,22-02-2012,9,243,159,324,39,5,88,6,5,0,3,8,1,0
267,1995,Graduation,Married,133519,0,1,04-11-2015,46,1098,473,343,144,315,223,4,6,7,14,12,1,0
268,1965,Graduation,Divorced,10100,2,2,10-10-2014,56,96,12,89,30,22,3,1,2,9,14,19,1,1
269,1966,Graduation,Divorced,126212,2,2,08-06-2015,75,404,314,970,201,414,419,8,8,10,10,4,0,0
270,1992,PhD,Married,114833,0,1,23-07-2012,96,377,533,603,529,141,73,10,7,8,4,12,1,0
271,1955,Master,Divorced,41423,2,0,28-12-2015,98,222,182,101,138,112,119,7,10,9,4,13,1,0
272,1947,Graduation,Divorced,31152,0,2,25-07-2015,10,215,66,223,111,56,149,2,10,3,6,1,0,1
273,1983,Basic,Married,131891,0,1,17-08-2015,55,642,133,781,300,83,435,6,9,4,11,1,0,1
274,1971,PhD,Divorced,104454,2,1,28-05-2014,50,883,0,551,138,306,336,4,0,6,7,17,0,0
275,1963,Basic,Divorced,28670,1,1,08-09-2014,33,47,2,139,99,31,74,7,15,6,4,2,1,0
276,1973,Basic,Married,65655,0,2,31-08-2015,99,189,71,106,271,21,197,0,7,4,9,14,1,1
277,1967,Master,Single,108475,1,0,01-09-2013,26,464,287,1004,218,88,106,4,1,5,11,3,0,1
278,1981,PhD,Widow,144032,2,1,19-02-2012,49,1338,44,1120,339,169,145,3,0,4,8,10,0,0
279,1990,Basic,Divorced,102992,0,1,23-03-2012,66,342,421,575,125,192,51,0,5,6,14,6,0,1
280,1977,Master,Single,81479,2,1,30-07-2014,50,342,397,587,10,8,67,7,5,8,0,10,1,1
281,1995,PhD,Married,62931,1,1,13-08-2012,4,28,179,533,126,101,136,6,14,2,9,17,0,0
282,1980,Basic,Divorced,77950,1,0,19-07-2014,73,118,35,402,55,245,66,6,12,1,5,11,0,0
283,1999,Basic,Divorced,67489,2,1,16-05-2012,50,2,323,615,196,170,66,4,11,4,1,7,1,1
284,1940,Graduation,Married,15344,1,1,14-06-2013,63,122,10,29,41,23,56,3,9,10,12,17,0,1
285,1988,Graduation,Divorced,122061,0,2,24-09-2014,7,51,29,601,192,65,80,2,2,9,2,10,1,0
286,1952,PhD,Divorced,119992,0,0,14-03-2013,70,281,342,206,331,295,339,7,10,7,2,19,1,1
287,1981,Basic,Married,89808,0,0,19-04-2014,54,862,173,844,76,140,342,5,5,9,3,7,0,0
288,1991,PhD,Divorced,86847,1,2,26-02-2015,54,161,328,20,393,95,395,9,11,1,3,9,1,0
289,1997,Basic,Single,80006,2,1,02-01-2013,14,726,60,9,363,20,147,0,12,10,3,12,1,1
290,1981,Master,Widow,57907,1,2,14-01-2012,81,450,204,493,228,99,224,3,6,7,5,4,1,1
291,1978,Master,Married,106810,1,1,25-02-2014,35,168,90,827,521,306,444,6,13,2,11,11,0,0
292,2000,Master,Divorced,140516,1,1,18-02-2013,99,1271,137,1059,286,376,463,1,3,9,0,2,1,1
293,1974,Graduation,Single,92208,2,0,14-04-2013,6,642,2,768,105,269,385,7,15,8,4,3,1,1
294,1950,PhD,Married,51295,0,2,10-12-2014,72,41,251,357,164,51,189,0,14,4,9,4,1,0
295,1986,Basic,Widow,37700,2,1,20-09-2015,44,31,60,234,187,87,164,5,12,9,8,3,0,0
296,1998,Graduation,Widow,121085,1,1,16-10-2015,25,133,379,630,42,64,510,6,9,8,12,4,0,0
297,1990,Basic,Married,102659,2,0,02-04-2015,69,154,79,753,183,240,41,8,15,1,5,5,0,0
298,1953,PhD,Divorced,123643,1,2,04-05-2014,21,2,26,1062,86,317,48,8,11,2,10,1,0,1
299,1949,Graduation,Married,101399,1,2,24-05-2014,7,968,413,380,230,239,462,5,13,5,3,2,0,0
300,1980,Master,Divorced,141340,2,0,05-07-2012,84,61,431,95,414,289,679,3,1,7,9,8,0,0
301,1946,Graduation,Divorced,135396,2,2,07-02-2012,51,826,235,155,198,199,204,2,5,7,5,8,0,0
302,1997,Master,Widow,42451,2,2,12-07-2013,58,308,34,34,147,90,112,9,5,4,3,5,0,0
303,1985,PhD,Divorced,58081,2,0,17-05-2015,57,111,112,579,1,20,276,4,9,3,6,9,0,0
304,1968,PhD,Single,20696,2,2,24-12-2012,92,3,18,12,21,11,72,5,1,0,4,9,1,0
305,1986,Master,Single,98299,0,0,05-10-2015,73,723,473,513,125,245,169,5,10,6,4,4,0,0
306,1940,Graduation,Widow,41388,2,0,03-10-2014,40,9,131,45,20,134,115,2,4,8,3,1,1,0
307,1980,Basic,Divorced,45829,1,2,24-06-2012,86,127,0,439,218,76,63,8,10,0,15,15,1,0
308,1963,Basic,Divorced,81968,1,2,02-08-2012,47,378,239,340,142,250,242,1,11,2,6,3,1,1
309,1941,Graduation,Married,106036,2,2,21-05-2014,61,482,489,426,316,177,456,5,9,5,8,19,1,1
310,1969,PhD,Widow,52503,1,2,25-10-2013,96,377,182,479,46,141,110,9,13,9,13,15,0,0
311,1997,Graduation,Divorced,138881,0,1,26-08-2012,35,25,662,908,71,14,22,2,13,1,8,12,1,0
312,1945,PhD,Single,92845,2,2,03-10-2013,97,927,226,664,352,274,398,1,5,2,3,19,1,0
313,1948,PhD,Widow,103762,0,0,09-04-2014,96,83,150,254,204,207,50,5,12,3,1,20,0,1
314,1987,Basic,Divorced,17832,0,0,15-10-2012,70,158,75,88,65,21,72,4,15,6,2,10,1,1
315,1983,Graduation,Divorced,64490,0,1,12-08-2013,68,595,320,9,188,110,270,1,7,7,2,18,0,1
316,1998,PhD,Married,15514,1,0,31-03-2014,25,150,71,15,61,10,4,5,3,0,6,3,0,1
317,1965,Basic,Single,27321,1,1,21-11-2015,89,97,48,243,104,35,39,7,1,2,14,13,0,1
318,1960,Basic,Single,58695,0,1,10-02-2013,85,525,86,508,142,39,4,0,3,10,9,20,1,1
319,1998,Master,Married,102351,2,1,23-03-2015,11,531,65,727,141,148,185,7,14,7,4,8,1,0
320,1958,Basic,Married,136907,0,1,15-04-2015,33,1278,145,367,475,333,684,8,3,6,1,1,0,0
321,1941,PhD,Widow,46974,1,2,29-01-2014,99,105,107,310,99,112,143,6,9,8,13,6,1,1
322,1979,Basic,Married,46595,1,0,15-09-2014,58,137,210,455,44,47,82,7,10,2,12,15,1,0
323,1957,Basic,Single,81622,2,2,25-03-2015,100,508,336,691,398,139,312,2,0,4,10,15,1,1
324,1947,Basic,Divorced,42912,0,1,22-10-2014,55,216,18,88,114,139,188,4,2,9,2,19,1,1
325,1958,Graduation,Widow,38965,2,2,04-08-2012,65,149,168,323,164,16,169,4,10,4,11,17,0,0
326,1964,Basic,Divorced,82761,2,1,16-06-2012,0,266,358,249,221,77,180,6,15,0,9,14,0,0
327,1963,Master,Divorced,99221,0,1,11-04-2014,8,639,429,592,42,324,274,4,4,10,3,12,0,1
328,1980,Graduation,Married,148917,0,2,02-11-2013,31,267,11,1457,30,56,587,5,4,3,3,8,1,0
329,1941,PhD,Divorced,83749,0,2,03-05-2015,32,325,302,228,288,98,64,1,10,1,9,6,1,0
330,1953,Graduation,Married,106044,0,1,15-11-2014,91,518,471,655,233,152,125,7,0,1,12,14,0,1
331,2000,Graduation,Divorced,34764,2,2,06-02-2014,0,330,31,255,100,111,16,4,2,5,2,7,1,0
332,1974,Basic,Married,62701,0,0,15-10-2013,75,573,283,458,303,138,170,3,3,4,9,1,0,0
333,1970,Master,Divorced,41115,0,0,07-05-2015,18,404,102,254,121,83,48,4,1,3,8,17,0,0
334,1940,Master,Widow,39305,0,0,18-07-2015,87,63,180,109,160,88,42,8,7,6,15,19,1,0
335,1969,Master,Widow,42496,0,1,28-08-2013,13,150,15,418,39,2,97,9,7,0,15,18,0,1
336,1992,Basic,Widow,19011,1,2,27-02-2013,68,7,65,111,58,61,3,1,4,7,7,19,1,0
337,1999,Basic,Widow,15128,1,1,15-05-2014,38,145,53,146,45,29,29,3,11,6,12,8,1,1
338,1983,Master,Widow,130753,2,1,12-09-2015,2,951,562,637,460,190,314,4,12,0,11,12,0,0
339,1988,Master,Single,72817,1,0,13-04-2015,98,685,96,424,48,90,121,10,6,0,7,14,1,1
340,1960,Graduation,Single,93264,2,1,05-04-2012,10,818,55,268,344,3,224,10,1,10,0,1,0,0
341,1976,Basic,Single,45367,0,0,03-05-2014,32,427,138,452,14,75,58,9,14,7,3,11,1,0
342,1947,Basic,Single,16977,2,0,05-07-2012,77,125,51,15,2,7,77,4,12,5,7,6,0,1
343,2000,PhD,Widow,50346,1,2,17-01-2013,77,73,12,489,127,131,196,6,4,6,7,18,1,1
344,1962,Basic,Divorced,148001,2,0,09-12-2012,48,1202,92,1151,714,149,551,3,14,0,10,0,0,1
345,1990,PhD,Married,39734,1,1,11-06-2013,1,238,137,153,38,87,170,6,11,1,11,4,0,0
346,1997,Graduation,Widow,29407,0,0,01-01-2014,4,37,6,27,63,82,68,5,5,7,3,5,0,1
347,1967,Graduation,Divorced,131721,2,0,12-04-2013,83,1148,33,4,3,117,322,6,2,0,12,4,1,0
348,1948,PhD,Divorced,97737,2,1,13-02-2014,97,877,422,977,448,150,212,7,5,6,12,14,1,1
349,1972,Graduation,Married,33567,2,1,28-10-2015,31,301,46,85,107,75,138,7,2,10,4,9,1,0
350,1966,PhD,Single,118604,2,1,04-02-2012,8,625,185,400,237,73,260,1,7,8,11,16,1,0
351,1940,Master,Widow,41814,0,2,08-05-2014,49,298,76,163,76,40,37,1,4,6,14,20,0,1
352,1955,Master,Widow,37386,1,2,01-05-2014,57,70,60,137,87,9,8,6,0,8,12,11,0,1
353,1945,PhD,Married,144002,2,0,19-04-2013,9,1438,443,774,132,251,105,7,9,1,2,0,1,0
354,1994,Master,Divorced,50240,1,0,15-09-2012,58,17,208,369,237,148,214,4,4,2,4,4,0,1
355,1969,Master,Divorced,21081,2,2,30-06-2012,33,23,89,73,43,44,99,0,15,10,7,1,1,1
356,1965,Basic,Divorced,147779,1,1,08-01-2012,26,1287,136,545,106,384,188,7,15,8,9,18,0,1
357,1993,Graduation,Divorced,55469,2,0,14-07-2015,52,111,48,142,228,6,93,10,5,2,7,11,1,0
358,1991,Master,Widow,69648,2,0,01-05-2012,67,665,227,300,203,18,102,1,7,6,2,17,0,1
359,1951,PhD,Single,141593,0,1,17-11-2012,98,706,320,488,485,144,538,8,10,7,3,7,1,1
360,1982,Graduation,Divorced,66828,2,2,09-01-2014,79,8,211,81,173,168,163,1,1,9,10,16,0,1
361,1956,PhD,Divorced,142477,0,0,21-06-2012,64,857,447,429,447,12,366,2,10,5,10,5,1,0
362,1983,Graduation,Single,89566,1,2,11-02-2012,12,713,322,656,327,100,424,0,0,9,14,3,1,0
363,1945,Graduation,Single,133823,0,1,28-03-2015,90,624,148,348,453,302,372,2,12,0,8,6,0,1
364,1951,Master,Divorced,39842,0,0,04-12-2013,52,349,194,353,117,35,62,4,14,3,0,3,1,0
365,1959,PhD,Divorced,34079,0,2,03-05-2013,11,312,91,30,29,98,102,3,12,1,5,5,1,0
366,1944,Basic,Single,105877,0,2,04-06-2012,22,112,442,684,257,324,10,9,0,3,3,2,1,0
367,1947,Basic,Married,139140,1,1,15-06-2014,23,1103,42,1171,307,119,495,0,0,9,4,1,0,1
368,1977,Basic,Married,52043,0,0,09-11-2012,14,279,4,64,21,21,132,0,13,10,1,7,0,1
369,1997,Graduation,Single,40389,0,2,08-07-2014,33,170,9,158,157,51,68,5,12,3,13,13,0,1
370,1968,Master,Single,112409,1,1,03-01-2012,96,81,234,729,415,187,16,8,0,8,11,11,0,0
371,1988,Basic,Widow,139487,1,0,09-12-2014,67,401,70,925,674,224,308,5,6,6,12,14,1,0
372,1975,Basic,Single,90498,2,2,24-07-2014,99,794,317,536,263,107,220,9,12,3,4,2,1,1
373,1982,Basic,Married,29647,1,1,26-09-2014,89,232,111,89,92,60,67,9,8,7,14,14,1,0
374,1995,PhD,Single,95434,1,0,31-10-2014,23,165,391,75,154,157,67,8,3,1,4,8,1,0
375,1995,PhD,Divorced,119513,2,2,15-10-2012,55,97,162,991,228,328,372,5,6,4,0,13,0,0
376,1963,PhD,Single,27026,1,1,08-08-2013,76,171,95,226,105,18,59,8,10,2,4,16,0,0
377,1959,Master,Single,33332,1,0,18-11-2013,6,22,72,161,151,98,48,10,11,2,0,7,1,1
378,1999,Master,Widow,49304,0,0,23-01-2014,73,61,102,199,235,74,66,10,13,1,13,10,0,0
379,1995,Basic,Married,124657,0,1,26-10-2013,30,470,367,559,277,412,487,9,12,8,2,8,1,1
380,1940,PhD,Widow,145635,0,2,09-04-2012,86,557,229,458,28,46,68,2,3,6,0,19,0,0
381,1984,Basic,Married,134968,2,0,27-11-2015,78,177,127,1274,607,17,406,2,1,2,15,20,0,1
382,1945,Basic,Divorced,121450,0,0,13-04-2014,26,578,586,155,185,373,567,10,14,9,7,18,0,0
383,1950,Graduation,Single,71903,0,0,20-09-2014,32,603,219,530,181,158,40,9,15,9,5,19,1,1
384,1972,Basic,Single,124991,1,1,12-08-2014,98,286,42,485,542,229,24,0,8,7,6,11,0,0
385,1953,PhD,Widow,100751,2,2,14-05-2013,42,733,82,744,387,283,453,5,11,1,8,13,1,0
386,1947,Basic,Single,81785,2,1,03-02-2012,55,168,23,552,84,118,171,9,2,5,13,1,0,1
387,1999,Graduation,Divorced,134577,2,2,24-01-2015,13,572,594,605,346,24,589,10,6,1,5,10,1,1
388,1951,Master,Single,39487,2,1,19-04-2012,72,259,113,330,70,37,140,6,11,6,13,16,1,0
389,1955,PhD,Divorced,114264,2,1,07-03-2015,9,1064,28,518,194,266,432,5,13,6,0,1,0,0
390,1949,Master,Widow,36750,1,0,31-08-2014,43,227,114,238,116,39,150,0,4,7,9,11,1,0
391,1963,Graduation,Married,43265,0,2,16-09-2015,29,248,162,313,187,42,131,10,5,1,1,7,1,1
392,1993,Basic,Married,51861,2,0,27-04-2015,53,245,207,33,227,35,169,6,9,4,12,0,1,0
393,1950,Basic,Single,10761,2,1,12-07-2014,10,7,42,50,32,35,3,3,3,8,2,9,0,1
394,1964,Graduation,Single,80494,2,0,15-11-2014,63,240,324,140,64,228,386,3,9,5,10,7,0,1
395,1976,Master,Married,143201,2,2,31-12-2015,11,1051,452,15,550,204,112,5,14,10,1,0,1,1
396,1970,PhD,Widow,114323,2,1,07-01-2013,87,803,461,625,515,46,54,8,7,7,14,4,0,0
397,1963,Basic,Single,127356,0,0,27-04-2014,55,192,516,584,493,222,165,6,4,3,15,3,0,0
398,1941,Master,Divorced,76530,2,2,30-04-2013,39,87,126,583,263,218,322,8,7,1,14,1,1,1
399,1971,Basic,Married,75021,0,1,02-03-2012,83,586,37,99,172,216,166,1,13,3,7,0,1,0
400,1940,Master,Widow,38616,2,1,28-07-2015,53,16,50,256,178,24,83,5,10,0,4,1,0,0
401,1953,Basic,Married,88968,2,1,12-06-2012,95,450,154,805,173,200,301,3,5,1,15,10,1,1
402,1993,Master,Widow,58499,0,0,22-12-2014,71,532,138,540,145,63,32,9,3,7,13,1,1,1
403,1965,Basic,Single,128695,2,2,15-08-2015,76,1148,406,558,600,250,566,6,9,8,4,7,0,1
404,1957,Master,Single,113980,1,0,13-01-2014,23,345,84,1041,307,224,157,2,11,7,7,0,0,1
405,1958,Master,Divorced,93196,1,0,13-05-2015,77,305,59,173,65,308,189,0,13,6,9,14,0,0
406,1946,PhD,Widow,19443,1,0,29-07-2014,78,173,6,22,83,39,6,0,5,1,10,11,0,0
407,1990,Basic,Single,23630,0,1,10-11-2014,72,52,0,159,53,14,52,10,8,5,1,2,1,0
408,1977,Graduation,Divorced,149320,2,2,01-06-2014,19,964,745,1366,363,24,47,4,5,2,13,16,0,1
409,1985,Master,Divorced,15591,2,1,16-10-2014,52,65,28,60,40,36,50,8,8,4,12,3,1,1
410,1993,Graduation,Divorced,67396,0,2,02-09-2012,33,189,73,432,42,125,1,0,8,10,2,15,0,0
411,1949,Master,Divorced,39593,0,2,19-01-2013,18,379,175,358,196,72,21,2,5,7,3,15,1,1
412,1953,Master,Widow,30057,1,1,23-04-2013,96,176,3,200,121,53,37,9,8,8,9,11,1,0
413,1942,Graduation,Divorced,67623,0,2,21-05-2012,30,485,117,579,117,54,182,7,14,7,15,18,1,1
414,1983,PhD,Divorced,68020,2,0,14-01-2014,58,634,208,600,273,185,133,5,9,1,1,3,0,0
415,1968,Master,Widow,27161,0,2,16-04-2014,60,143,130,260,37,82,22,3,12,10,2,14,0,0
416,1996,PhD,Divorced,146922,2,1,19-01-2014,74,125,218,604,732,115,479,2,11,5,10,3,1,1
417,1967,Master,Divorced,146824,1,2,19-05-2013,72,1051,600,129,273,202,456,2,15,3,15,5,1,0
418,1987,Graduation,Married,44896,1,1,17-07-2014,39,238,130,256,20,10,155,4,0,9,1,1,1,1
419,1945,Graduation,Divorced,59792,2,2,01-10-2012,94,484,16,443,257,69,273,7,10,3,11,15,1,0
420,1987,Master,Married,46633,2,1,31-05-2013,6,382,207,120,175,17,204,1,7,4,14,18,0,1
421,1952,PhD,Single,70124,0,0,28-01-2013,72,219,25,306,112,98,82,6,1,5,4,4,1,0
422,1996,Basic,Widow,37717,1,0,24-12-2014,96,281,36,315,100,125,101,1,0,3,10,3,1,1
423,1951,Basic,Widow,96036,0,1,31-05-2012,32,172,293,55,168,13,434,2,11,7,9,2,1,1
424,1949,PhD,Widow,45265,0,1,04-09-2012,93,4,9,214,86,107,47,3,4,6,2,8,0,0
425,1961,Graduation,Widow,90446,0,0,13-10-2014,61,398,388,277,296,138,321,4,7,5,4,5,0,1
426,1968,Basic,Widow,28799,0,0,15-01-2013,2,24,69,169,73,78,119,9,9,1,13,20,0,1
427,1972,Graduation,Widow,128928,2,2,26-01-2015,58,385,359,748,364,177,23,1,10,0,10,19,1,1
428,1994,Master,Single,147214,1,0,30-04-2012,8,43,661,1152,398,447,245,3,3,1,11,13,0,0
429,1989,PhD,Widow,23633,0,0,16-07-2012,65,214,48,45,50,68,101,9,5,5,10,7,1,1
430,1999,PhD,Single,136737,0,2,03-06-2015,32,988,357,771,306,142,535,1,5,9,0,3,0,0
431,1953,PhD,Widow,16249,1,2,15-02-2015,1,25,57,54,78,10,66,8,12,6,1,10,1,0
432,1973,Graduation,Divorced,91906,1,0,24-09-2012,75,227,406,259,286,165,303,6,5,2,8,2,0,1
433,1983,Master,Divorced,36137,2,2,12-07-2013,81,128,34,79,43,107,163,4,14,10,6,11,1,0
434,1999,Basic,Widow,55917,2,2,11-08-2015,55,29,213,314,66,22,249,10,3,7,6,8,0,1
435,1977,Graduation,Divorced,128208,0,0,25-03-2013,64,387,490,1096,209,120,96,1,10,2,10,2,0,1
436,1954,Basic,Single,84113,2,2,06-12-2015,79,486,186,128,93,48,106,10,13,1,2,13,0,1
437,1980,Basic,Widow,141084,1,0,10-03-2013,47,992,292,1275,316,96,641,8,14,5,5,19,1,0
438,1976,Master,Married,79204,0,0,07-02-2014,28,55,217,77,31,171,334,1,11,4,13,7,1,0
439,1951,Graduation,Widow,111261,1,1,02-09-2015,70,28,200,893,512,370,552,7,10,7,11,12,1,1
440,1996,Master,Married,46608,2,0,20-11-2014,36,28,106,232,40,144,41,3,1,4,1,19,1,1
441,1966,Graduation,Single,32089,1,2,20-03-2015,96,99,95,126,109,27,145,4,7,3,5,11,1,0
442,1964,Basic,Divorced,78751,0,2,07-12-2014,48,44,277,241,201,122,301,3,9,2,11,15,0,0
443,1961,Basic,Widow,55688,2,2,05-09-2012,26,180,206,529,123,33,53,3,2,4,14,16,0,0
444,1963,Graduation,Single,45272,1,0,05-10-2014,64,169,176,360,148,128,3,0,6,3,6,6,1,1
445,1984,Master,Widow,53686,0,2,23-02-2013,1,475,267,14,205,44,109,5,3,9,1,1,1,0
446,1961,Master,Widow,88302,1,0,27-02-2013,97,179,439,748,336,55,178,8,10,9,9,11,1,1
447,1950,Basic,Divorced,146047,0,0,04-05-2014,65,1454,208,984,299,242,695,9,9,7,9,20,1,1
448,1991,Graduation,Single,28914,2,2,08-09-2012,76,111,37,289,28,51,96,9,0,7,5,9,0,0
449,1971,Graduation,Single,144265,0,1,13-07-2013,44,1012,386,756,419,166,669,1,10,10,1,1,1,0
450,1986,PhD,Married,126878,0,0,01-02-2012,20,305,27,146,608,211,557,7,11,2,7,3,0,0
451,1973,PhD,Widow,69313,0,0,23-06-2015,38,206,207,584,277,218,112,1,9,6,7,14,1,0
452,1995,Master,Single,68437,2,0,31-05-2015,63,665,240,7,292,57,128,3,14,2,13,17,1,0
453,1967,Master,Single,44712,2,1,16-02-2014,52,116,161,328,81,142,31,0,4,10,7,5,0,1
454,1980,Basic,Married,70776,0,2,21-10-2012,28,3,68,535,139,200,345,5,8,8,2,4,0,0
455,1957,PhD,Divorced,58151,2,0,16-07-2012,88,474,44,521,1,193,15,10,10,6,8,8,0,0
456,1981,Master,Widow,93807,2,1,24-01-2014,71,770,216,229,94,49,306,9,13,6,14,3,1,0
457,1981,PhD,Divorced,16362,1,2,03-05-2012,67,138,74,130,62,36,65,5,0,2,10,15,0,0
458,1969,Master,Married,129265,0,0,06-03-2012,89,138,210,31,106,185,397,2,8,9,9,10,1,1
459,1977,Basic,Single,17135,0,1,15-04-2015,18,2,36,132,72,18,41,1,13,5,12,12,0,0
460,1953,Basic,Divorced,105282,1,2,21-07-2012,90,710,9,221,351,254,296,10,1,9,6,14,1,1
461,1943,Graduation,Divorced,95445,0,0,10-01-2014,56,769,331,148,331,221,299,1,6,10,3,1,0,1
462,1960,Basic,Married,147502,0,1,12-08-2012,99,238,658,288,58,30,194,3,9,8,12,3,0,0
463,1969,Basic,Single,94298,1,1,03-06-2013,68,819,243,928,376,53,337,5,4,4,8,5,0,0
464,1950,Master,Divorced,15781,2,0,25-05-2012,23,154,11,38,63,27,10,2,1,0,10,18,0,0
465,1986,PhD,Widow,49603,0,1,21-02-2012,48,115,143,220,178,67,200,1,7,4,12,3,1,0
466,1985,Graduation,Divorced,85009,0,2,14-09-2015,91,597,86,527,192,176,124,1,3,3,0,18,0,1
467,1972,PhD,Widow,13944,1,2,14-04-2013,99,104,6,84,10,0,55,8,0,10,2,20,0,0
468,1966,PhD,Single,89053,2,0,02-06-2012,31,811,424,617,133,98,412,7,7,3,14,9,1,0
469,1957,PhD,Married,126551,1,2,03-08-2015,4,208,178,508,113,95,346,6,1,10,13,8,0,1
470,1945,PhD,Married,30146,1,0,11-05-2015,39,35,30,164,65,42,144,6,10,5,7,19,0,1
471,1976,PhD,Widow,44976,2,0,04-01-2014,36,294,97,165,18,20,19,4,12,9,3,4,0,0
472,1963,Master,Married,127105,2,2,25-03-2013,17,241,120,681,299,299,305,7,3,2,3,15,0,0
473,1971,Master,Widow,54827,1,0,18-04-2014,52,543,3,547,47,24,32,3,15,0,8,11,1,1
474,1975,Master,Single,86737,0,2,24-11-2013,10,269,2,214,299,64,31,7,9,7,11,4,1,0
475,1978,PhD,Married,44431,2,2,16-11-2015,22,60,69,381,89,131,127,8,14,8,11,13,0,0
476,1998,Master,Single,135359,0,1,11-04-2012,49,126,435,197,128,96,190,7,11,0,8,13,0,1
477,1948,Graduation,Single,94624,2,0,25-08-2013,70,837,178,656,271,2,48,4,5,8,12,15,1,1
478,1948,PhD,Divorced,86316,2,2,29-05-2013,36,379,424,791,19,149,214,0,4,6,15,12,1,0
479,1943,Graduation,Widow,105592,0,0,22-12-2015,89,843,112,29,251,54,104,9,11,6,8,14,0,0
480,1961,Master,Married,95229,0,1,27-02-2013,88,183,310,375,397,314,122,3,14,9,5,18,1,0
481,1995,PhD,Married,130331,0,1,11-10-2015,8,998,524,1181,624,110,590,7,7,5,8,2,0,1
482,1999,PhD,Divorced,59724,0,0,05-01-2013,13,407,32,273,180,123,280,9,11,7,10,9,1,1
483,1978,Master,Divorced,129067,2,1,17-07-2012,77,882,127,689,164,314,1,0,8,0,10,15,1,1
484,1940,Basic,Married,22030,1,2,21-01-2014,52,76,60,138,99,72,77,6,13,2,0,13,1,1
485,1957,PhD,Widow,52730,1,2,12-04-2015,11,398,10,174,78,76,80,1,8,6,10,11,1,0
486,1988,Master,Married,135502,2,0,12-04-2012,2,70,185,138,155,155,0,9,7,8,11,1,1,1
487,1965,Graduation,Single,82017,0,2,26-12-2015,2,524,340,435,168,260,134,3,1,7,9,14,1,1
488,1971,PhD,Widow,16147,2,2,19-02-2015,51,73,63,101,59,40,52,3,3,1,15,8,0,0
489,1950,Master,Single,35554,2,0,06-02-2014,45,167,67,323,14,5,66,7,13,9,11,0,1,1
490,1952,Master,Single,19102,2,1,17-11-2012,92,47,24,71,34,20,19,6,15,6,3,14,1,0
491,1960,Basic,Married,49289,0,1,24-10-2013,40,236,140,39,245,161,86,3,13,4,2,0,0,0
492,1989,Master,Married,46106,1,0,09-01-2012,93,222,190,387,151,5,55,9,0,5,12,9,0,0
493,1967,Graduation,Divorced,66463,0,1,13-09-2015,2,175,6,480,25,154,35,10,5,2,2,19,1,1
494,1971,PhD,Widow,125965,0,0,03-09-2015,23,347,54,531,507,234,502,2,10,8,12,15,0,0
495,1953,Master,Married,138362,1,1,12-06-2012,55,1204,163,142,33,416,420,5,7,8,11,19,0,0
496,1967,Master,Married,25369,1,1,19-01-2014,10,127,41,199,93,16,61,1,14,9,3,5,0,0
497,1943,Master,Divorced,121614,1,2,18-08-2015,42,866,600,274,93,284,116,8,12,7,8,6,1,1
498,1955,Master,Married,138565,2,0,27-06-2015,76,426,329,716,385,89,62,8,9,10,4,6,0,1
499,1953,Master,Married,10855,2,0,09-09-2014,72,34,30,107,14,27,48,2,8,10,11,10,0,0
500,1986,Master,Married,11722,1,1,14-11-2013,83,11,58,7,36,11,25,0,8,5,0,5,1,0
501,1988,Basic,Divorced,98212,2,0,13-05-2012,80,138,198,491,103,243,96,0,11,10,12,2,1,1
502,1990,Graduation,Single,28173,0,2,20-05-2015,57,103,8,197,60,59,90,0,6,8,14,14,1,0
503,1993,Basic,Widow,103194,1,1,31-07-2012,44,73,19,278,302,45,428,8,13,5,1,5,0,1
504,1940,Graduation,Married,86440,1,1,16-04-2014,18,770,271,768,6,32,420,9,15,8,10,4,1,0
505,1940,Basic,Married,118354,2,0,25-10-2013,96,404,390,378,111,33,524,1,12,2,9,5,0,1
506,1943,PhD,Divorced,56441,1,1,21-01-2013,13,181,113,360,129,38,247,8,8,8,5,5,0,0
507,1975,Basic,Married,17553,2,1,26-10-2014,54,149,46,21,55,2,3,7,10,4,12,15,0,0
508,1953,Basic,Single,112525,0,2,24-01-2012,5,101,95,519,528,370,57,6,15,2,14,0,1,1
509,1946,Master,Married,135848,2,0,29-09-2014,14,1024,589,886,151,394,644,6,8,0,8,19,1,1
510,1963,Graduation,Divorced,36848,0,0,20-05-2014,33,175,169,99,53,77,106,0,11,6,10,6,0,1
511,1985,Basic,Married,77426,2,0,18-08-2015,80,322,98,31,160,207,281,9,5,10,15,8,0,0
512,1950,Graduation,Divorced,130338,2,2,04-12-2015,39,853,145,63,402,224,55,10,1,1,2,8,1,0
513,1989,Graduation,Married,77026,0,1,10-01-2012,71,226,333,742,295,122,100,5,0,5,4,3,0,0
514,1985,Master,Married,43512,1,1,04-08-2013,72,428,13,422,166,80,108,4,10,4,3,2,0,0
515,1997,PhD,Divorced,43738,1,0,21-10-2013,15,313,129,22,71,144,164,7,15,3,12,17,1,1
516,1941,Basic,Divorced,27350,1,0,04-08-2014,21,237,124,162,136,47,24,9,0,10,1,13,0,0
517,1974,PhD,Single,112458,1,1,15-08-2013,49,846,77,1054,468,247,471,7,9,3,5,11,0,1
518,1991,Basic,Single,15499,0,1,18-04-2014,28,45,51,122,45,51,75,4,0,6,8,18,0,0
519,1981,Basic,Divorced,33540,1,0,07-02-2014,7,210,135,327,19,22,29,8,10,1,15,20,0,0
520,1997,Graduation,Divorced,101532,0,0,23-02-2015,75,140,490,446,266,190,26,9,3,9,8,20,1,1
521,1952,Basic,Married,14462,1,2,01-12-2014,3,56,41,110,38,3,16,10,0,0,12,19,0,1
522,1957,Basic,Widow,106855,2,2,23-09-2014,3,9,477,342,321,75,450,7,14,1,12,3,1,1
523,1971,PhD,Married,30283,1,2,01-05-2013,33,9,40,297,130,57,135,3,5,0,2,15,1,0
524,1946,Graduation,Single,82471,2,0,24-09-2014,42,509,166,803,347,230,55,1,11,0,12,6,0,0
525,1955,Basic,Single,148818,2,1,27-04-2012,4,1257,98,948,712,99,38,7,9,2,1,6,0,0
526,1988,Master,Divorced,148563,1,2,11-05-2014,42,622,31,982,454,493,622,2,5,8,5,6,1,0
527,1965,Graduation,Married,95824,0,0,09-12-2012,14,738,81,112,469,133,282,9,9,5,6,2,1,1
528,1951,PhD,Single,58287,2,2,08-10-2015,50,362,226,59,74,81,209,5,0,10,12,11,1,0
529,1982,Master,Married,116610,0,1,07-02-2014,35,316,464,538,524,258,71,4,2,9,2,2,1,1
530,1968,PhD,Married,148405,1,0,24-04-2014,3,447,602,920,89,42,525,3,8,2,5,3,0,1
531,1963,PhD,Divorced,149065,1,0,28-07-2012,43,131,72,1374,158,355,715,10,15,0,4,6,1,0
532,1997,Master,Married,27128,1,0,14-09-2012,64,98,22,240,135,30,9,5,15,0,7,13,1,1
533,1964,Graduation,Single,62428,1,2,28-04-2013,46,284,136,323,123,163,54,2,1,10,4,1,1,1
534,1942,PhD,Divorced,34407,0,1,09-02-2014,37,253,16,15,127,96,35,9,8,0,11,1,0,0
535,1967,Basic,Single,49339,2,2,11-11-2012,1,140,31,286,68,141,104,3,8,4,15,17,0,0
536,1987,Master,Married,26656,1,1,17-11-2012,45,229,119,130,89,68,130,1,9,10,7,14,1,0
537,1975,Graduation,Widow,135034,2,2,26-04-2015,100,1085,428,1240,129,35,183,2,2,9,5,6,1,0
538,1981,PhD,Single,139485,2,2,23-04-2014,95,1215,267,119,115,87,159,10,2,9,9,18,1,0
539,1991,Basic,Single,28038,1,0,24-06-2013,96,207,25,145,82,5,79,10,14,2,12,20,1,0
540,1991,Master,Divorced,65290,2,0,10-11-2012,94,513,34,543,120,141,129,0,0,2,7,16,1,1
541,1961,Graduation,Single,62025,2,0,11-01-2014,43,492,131,361,189,88,32,4,6,10,13,18,0,1
542,1948,Graduation,Divorced,45235,1,2,06-03-2015,67,284,63,69,140,120,23,5,0,5,7,17,1,0
543,1958,Graduation,Widow,70544,1,0,11-07-2012,83,27,234,490,330,106,173,3,7,4,4,9,1,0
544,1958,Basic,Widow,29801,0,0,29-07-2014,83,113,99,272,59,51,124,6,13,10,8,14,0,0
545,1977,PhD,Married,25580,2,1,13-07-2015,89,156,12,216,99,71,93,6,5,9,5,4,0,0
546,1959,Graduation,Divorced,52142,2,1,10-10-2013,86,388,13,512,110,114,111,5,15,9,14,19,1,1
547,1982,Master,Single,103271,0,1,29-06-2012,92,316,162,612,489,223,211,6,14,3,2,2,0,1
548,1982,Basic,Single,147048,1,1,14-07-2012,37,1112,193,463,338,180,222,7,13,1,3,9,0,1
549,1970,Master,Single,131517,2,2,30-12-2015,72,1183,278,156,41,383,546,1,1,6,4,15,0,1
550,1952,Basic,Single,119596,2,0,03-10-2012,68,380,190,1073,126,150,333,8,15,10,11,17,0,0
551,1998,Graduation,Widow,46578,2,2,09-11-2012,67,149,4,165,2,139,59,9,9,5,2,13,1,0
552,1982,PhD,Divorced,51974,1,0,27-10-2014,50,73,194,12,185,37,152,10,7,10,3,2,0,0
553,1960,Master,Widow,101176,0,1,27-12-2014,33,650,479,708,261,300,244,7,6,7,2,20,1,0
554,1954,Basic,Single,148722,2,1,02-08-2012,29,464,113,937,165,357,415,2,2,6,11,18,1,0
555,1961,Basic,Widow,79818,2,1,22-07-2012,4,767,176,649,218,60,215,2,5,4,6,9,0,0
556,1975,Master,Single,44616,0,0,21-01-2013,99,356,202,300,108,144,207,10,13,9,3,0,1,0
557,1962,Basic,Married,146503,2,0,26-10-2015,99,822,567,1075,609,346,456,5,5,6,9,16,0,0
558,1986,Graduation,Married,134204,1,1,05-04-2013,6,1247,295,971,126,412,588,10,12,10,7,19,0,1
559,1961,PhD,Single,103252,2,2,18-07-2015,90,743,476,463,367,124,158,4,8,5,8,11,1,0
560,1999,Basic,Divorced,69120,0,0,21-06-2015,38,400,108,274,205,207,153,10,9,2,4,6,1,0
561,1972,Master,Married,96698,0,1,17-06-2012,67,71,433,565,291,44,259,4,11,4,1,16,0,1
562,1997,Master,Divorced,14026,1,0,19-02-2014,68,67,39,114,44,2,4,7,0,8,13,15,0,0
563,1998,Basic,Divorced,16513,1,1,19-11-2013,67,31,74,88,82,47,71,4,15,4,5,17,0,0
564,1983,Master,Widow,90394,2,0,17-02-2013,22,802,450,478,187,117,317,6,0,7,13,1,1,1
565,1982,Basic,Single,72537,2,1,04-09-2012,70,665,37,385,298,235,173,6,2,10,12,9,0,0
566,1997,Master,Married,135239,0,0,12-12-2015,28,284,550,741,596,363,137,10,13,6,7,8,0,1
567,1979,Basic,Widow,132867,0,1,13-05-2015,5,614,363,161,611,58,358,9,10,5,6,16,0,0
568,1993,Graduation,Single,105076,0,2,12-04-2015,68,248,451,725,225,303,230,10,2,9,15,7,0,0
569,1950,Graduation,Married,18195,2,1,30-10-2012,33,8,31,165,52,0,36,2,7,8,1,10,0,1
570,2000,PhD,Single,15283,1,0,02-04-2014,78,94,11,91,55,11,36,6,13,4,5,5,1,0
571,1946,PhD,Widow,145663,1,2,12-12-2013,24,87,229,997,411,326,455,3,3,1,8,12,1,1
572,1969,Master,Married,45993,2,1,07-04-2014,70,440,79,261,104,32,0,1,8,7,6,15,0,1
573,1995,PhD,Married,23496,0,2,04-08-2013,46,32,115,123,6,36,15,6,7,8,11,9,1,1
574,1940,PhD,Widow,42152,1,0,18-05-2013,13,322,44,392,132,19,46,7,11,2,6,20,1,1
575,1989,Basic,Single,82341,1,0,15-10-2015,74,142,293,484,405,193,61,1,10,7,6,7,0,0
576,1982,Basic,Widow,132961,1,0,16-04-2012,65,536,201,473,59,213,394,9,7,0,9,20,1,1
577,1969,PhD,Single,145183,1,2,11-01-2012,96,1319,483,1262,36,264,275,8,7,0,12,7,0,1
578,1978,Master,Single,85087,0,1,21-08-2013,9,840,100,646,328,59,338,2,7,10,14,2,0,0
579,1972,PhD,Widow,34553,2,2,12-03-2012,43,53,23,81,32,111,15,3,14,10,4,1,1,1
580,1942,Basic,Married,147192,1,1,30-06-2012,93,1132,8,169,611,477,164,5,7,7,1,19,0,1
581,1967,Graduation,Single,87862,1,2,07-01-2013,44,70,354,651,172,184,334,5,6,5,1,3,1,1
582,1966,PhD,Divorced,125005,2,2,05-01-2012,43,1063,151,16,92,137,613,9,1,8,2,4,1,0
583,1978,Graduation,Single,138503,0,1,06-07-2013,94,1338,327,1080,13,303,624,7,15,0,11,18,0,0
584,1956,PhD,Single,59951,0,0,15-05-2012,43,414,33,521,279,175,39,0,8,4,13,1,1,0
585,1971,Master,Single,113427,1,1,24-04-2014,47,908,50,1068,550,307,451,3,1,7,10,2,0,0
586,1948,Master,Single,55244,0,1,16-12-2014,8,60,155,155,3,74,198,2,7,0,6,4,1,1
587,1987,Graduation,Divorced,88756,0,2,24-11-2012,22,854,196,722,149,271,130,0,12,4,15,15,1,0
588,1946,Master,Divorced,30893,2,0,12-05-2013,100,175,29,260,29,55,150,4,15,0,9,0,1,0
589,1955,Basic,Widow,86021,1,2,02-10-2012,53,446,418,839,56,169,55,0,13,9,3,19,0,1
590,1980,PhD,Single,103143,1,0,14-09-2015,100,507,3,915,386,264,468,9,0,6,6,14,0,1
591,1974,Basic,Widow,43630,0,1,18-05-2012,78,168,208,421,84,34,188,7,12,10,3,19,0,1
592,1977,Master,Widow,62939,2,1,06-10-2014,99,111,149,617,100,3,235,7,5,5,6,0,0,1
593,1997,PhD,Single,78416,2,0,28-02-2013,73,436,105,648,301,18,148,1,8,6,1,10,0,0
594,1943,Graduation,Widow,10063,2,2,03-11-2012,79,6,35,79,49,32,20,6,0,0,14,17,1,0
595,1945,Basic,Married,83672,2,1,22-07-2014,7,654,113,46,411,266,291,8,1,9,11,11,0,0
596,1941,PhD,Single,121573,0,2,28-06-2013,71,190,131,870,578,302,469,10,12,6,4,8,1,1
597,1964,Master,Widow,97867,1,0,05-03-2013,43,471,110,973,288,225,232,1,13,4,2,5,1,1
598,1962,Master,Divorced,101802,0,0,05-08-2015,65,973,498,546,486,312,192,10,4,2,12,14,0,1
599,1962,Basic,Divorced,90893,1,1,08-01-2014,83,529,319,39,215,262,143,2,9,10,13,10,0,1
600,1995,Basic,Married,120277,0,0,29-06-2015,98,865,412,349,561,293,443,6,0,4,2,5,1,0
601,1968,Graduation,Divorced,39310,0,1,29-07-2013,90,359,25,110,63,15,76,6,9,4,11,5,0,0
602,1957,Master,Widow,40059,2,2,18-02-2013,74,172,39,281,152,131,136,1,7,3,8,19,1,0
603,1962,Graduation,Divorced,105975,2,1,04-02-2013,84,934,270,646,181,164,236,7,1,0,0,13,1,1
604,1955,Basic,Widow,46464,0,0,18-07-2012,30,198,68,309,31,17,186,8,15,2,10,5,0,1
605,1953,Master,Single,106730,1,0,02-08-2014,77,626,187,504,62,150,379,10,14,3,4,6,0,0
606,1964,Basic,Widow,106842,1,1,02-07-2013,29,1016,35,356,525,251,395,6,9,5,1,2,1,1
607,1969,Basic,Single,41282,1,1,07-02-2013,29,127,146,121,51,69,113,2,1,1,9,17,0,0
608,1960,PhD,Widow,77406,0,0,11-01-2012,83,359,143,685,40,220,118,4,10,8,7,4,0,0
609,1942,PhD,Married,32115,1,0,30-05-2012,86,237,20,59,45,53,44,6,14,8,15,14,0,1
610,1949,Master,Widow,28707,1,1,29-06-2013,0,58,38,91,61,90,89,2,15,7,9,19,0,0
611,1998,Basic,Single,58979,0,2,03-10-2012,100,106,222,554,85,174,45,6,8,9,8,9,1,0
612,1952,Basic,Married,10735,2,0,27-08-2015,91,1,14,90,31,2,46,9,5,8,5,0,1,1
613,1996,PhD,Divorced,61649,0,0,18-01-2015,76,61,77,588,16,31,102,1,15,3,4,20,1,1
614,1993,Basic,Married,60956,2,0,08-09-2015,69,546,51,168,62,24,106,9,14,6,0,20,1,1
615,1963,PhD,Divorced,14256,2,0,19-12-2012,76,77,54,65,5,4,28,4,11,0,8,8,1,0
616,1967,Master,Single,141814,0,0,27-06-2012,72,857,269,284,121,31,446,5,14,6,1,17,0,1
617,1960,Master,Widow,117348,1,2,01-01-2013,75,250,333,726,176,105,5,8,14,0,5,19,1,1
618,1970,Master,Divorced,118595,0,1,17-09-2015,24,925,451,269,542,377,350,4,14,5,14,19,0,1
619,1956,Master,Divorced,126382,2,0,24-11-2012,21,326,431,46,25,5,127,9,1,4,15,15,1,0
620,1972,Graduation,Divorced,99222,0,0,06-06-2013,86,491,207,253,183,202,425,8,14,1,6,9,0,0
621,1969,Basic,Widow,37154,2,2,29-06-2014,93,265,126,106,177,75,98,8,6,7,14,7,1,1
622,1951,Basic,Divorced,67143,2,2,17-07-2012,91,466,121,588,112,103,192,1,10,1,2,17,0,1
623,1943,PhD,Married,133333,0,0,20-12-2012,72,220,346,128,386,162,17,8,12,8,6,0,1,0
624,1950,Graduation,Widow,64142,2,1,30-07-2015,55,320,204,9,115,143,51,9,12,6,13,7,0,1
625,1979,Basic,Widow,74635,0,2,10-01-2012,3,299,365,144,5,80,339,3,6,5,4,14,0,1
626,1978,PhD,Widow,56476,2,0,22-03-2015,40,257,164,231,79,7,33,0,13,9,15,17,0,0
627,1994,Master,Married,103976,1,1,24-10-2013,63,707,12,1011,125,160,495,8,6,5,12,11,0,1
628,1972,Basic,Single,84032,0,1,31-10-2012,60,512,347,796,365,82,22,5,5,1,15,20,1,1
629,1949,Basic,Single,111282,1,0,06-06-2013,7,845,362,739,465,129,441,0,13,3,0,14,0,1
630,1974,PhD,Divorced,62277,2,2,28-09-2015,68,221,240,272,178,205,16,0,5,6,3,5,1,0
631,1968,Master,Widow,65717,2,2,10-12-2015,16,488,38,241,305,152,11,4,0,0,3,8,1,0
632,1980,Master,Married,98029,2,0,11-05-2012,73,736,155,17,233,228,442,10,5,0,5,15,1,0
633,1943,Graduation,Divorced,55389,2,2,28-03-2013,16,165,17,438,172,114,252,0,11,4,10,0,1,1
634,1943,PhD,Divorced,19082,1,1,08-06-2015,93,92,76,102,82,43,17,6,1,2,0,2,0,0
635,1945,PhD,Divorced,40888,1,2,24-10-2014,52,313,34,86,97,123,188,7,10,9,12,14,1,1
636,1993,Basic,Single,68261,1,0,10-08-2013,89,524,117,493,74,46,161,10,12,7,12,5,1,1
637,1959,Master,Single,100863,1,2,23-03-2015,36,181,170,895,120,44,263,4,7,5,13,15,1,1
638,1990,Basic,Widow,50089,2,1,08-02-2013,79,18,206,414,210,123,238,3,9,4,13,16,1,0
639,1974,Basic,Single,37248,1,2,14-02-2014,59,172,133,327,182,10,154,1,7,10,1,4,1,1
640,1983,Graduation,Divorced,111378,1,1,04-03-2012,22,673,44,919,132,252,476,9,4,3,1,6,0,0
641,1974,Graduation,Divorced,78126,1,0,25-01-2015,33,231,127,222,230,24,27,2,15,6,10,10,0,0
642,1948,Basic,Divorced,97165,0,2,04-12-2013,67,32,152,275,69,304,128,1,13,10,2,15,1,0
643,1988,PhD,Divorced,98386,1,0,26-09-2015,94,847,139,661,418,69,184,1,11,0,7,12,0,0
644,1976,Basic,Married,36045,0,2,12-09-2013,63,248,137,19,20,13,146,3,8,6,2,20,0,1
645,1975,Basic,Married,128998,0,1,29-10-2013,78,108,606,1099,125,110,466,2,12,7,6,17,0,1
646,1980,Basic,Widow,80347,1,0,06-04-2015,25,3,249,69,297,78,301,3,13,4,8,6,1,0
647,1994,Basic,Widow,149068,0,0,31-08-2015,19,951,369,46,412,314,604,0,0,3,0,20,1,1
648,1950,Master,Widow,112747,2,1,03-03-2013,76,170,323,41,136,15,89,0,8,5,15,3,1,0
649,1953,PhD,Married,97683,0,1,25-03-2015,81,926,90,240,379,83,94,8,11,7,14,3,0,1
650,1940,Basic,Widow,31370,2,1,19-10-2015,36,190,115,169,69,54,139,2,12,4,2,7,0,0
651,1991,Basic,Divorced,147823,0,2,07-02-2012,75,1067,668,348,573,91,149,2,3,0,12,2,0,1
652,2000,Graduation,Widow,133041,1,2,01-02-2015,40,882,4,347,132,223,125,8,7,9,6,8,0,1
653,1994,Basic,Widow,28736,2,1,15-03-2015,29,91,31,246,5,17,72,5,10,4,8,17,1,1
654,1999,Graduation,Single,42818,0,2,30-12-2013,81,409,129,237,89,66,135,0,11,2,0,2,0,1
655,1980,Basic,Widow,69623,1,1,30-05-2012,14,294,58,230,320,85,259,5,3,2,11,11,0,1
656,1941,Basic,Widow,91006,1,0,05-02-2015,96,7,415,110,375,102,307,2,7,2,4,15,1,1
657,1955,Graduation,Married,39239,1,1,05-08-2012,10,11,151,363,25,42,174,5,8,8,15,15,1,1
658,1963,PhD,Widow,138535,2,2,31-08-2012,69,654,167,1281,70,228,28,3,3,5,14,15,1,0
659,1956,Master,Married,139851,0,2,15-04-2015,99,426,385,878,621,323,341,7,14,7,4,5,0,0
660,1941,Graduation,Widow,93674,0,0,22-05-2013,29,584,436,562,301,267,129,5,8,3,9,12,0,1
661,1947,Graduation,Widow,133919,2,0,13-11-2013,40,331,446,1251,20,234,167,1,13,7,9,19,0,0
662,1985,Master,Married,103692,2,2,27-12-2012,42,195,218,962,323,267,479,9,13,6,4,4,1,0
663,1999,Basic,Widow,73927,2,1,30-12-2015,61,617,298,484,32,182,157,6,5,7,0,2,0,1
664,1940,PhD,Widow,115636,2,0,11-06-2013,99,1156,278,19,196,229,495,9,2,3,2,17,0,1
665,1990,Graduation,Married,12198,0,0,18-04-2015,32,0,48,36,10,26,34,10,2,5,15,10,1,1
666,2000,Master,Single,61898,0,1,20-07-2013,10,150,134,147,245,103,147,7,10,4,0,2,0,1
667,1974,Graduation,Widow,42337,0,2,07-07-2013,19,136,1,0,173,59,73,1,13,0,15,1,0,0
668,1941,Graduation,Divorced,134989,0,1,05-12-2014,76,166,667,715,109,188,339,8,7,9,0,20,1,1
669,1944,Graduation,Divorced,28407,0,2,17-09-2013,69,71,0,79,97,65,30,10,11,7,9,13,1,0
670,1974,PhD,Divorced,86762,0,1,03-11-2014,15,708,232,503,259,284,255,6,11,4,7,10,1,1
671,1998,PhD,Divorced,56672,0,0,29-01-2013,43,348,107,252,47,85,58,9,14,7,8,0,1,0
672,1952,Graduation,Widow,145100,2,1,25-12-2012,82,1442,703,1026,575,466,384,3,1,0,15,8,0,0
673,1950,Basic,Single,57091,0,1,19-05-2013,94,295,182,221,222,141,60,5,13,10,11,2,1,1
674,1955,PhD,Widow,29718,1,2,13-12-2015,44,237,41,127,41,95,130,8,10,0,5,16,1,1
675,1963,Master,Widow,51531,1,0,13-02-2012,78,174,95,499,117,13,13,4,8,6,11,15,1,0
676,2000,Graduation,Single,117115,1,2,12-04-2013,0,876,410,872,483,225,15,4,13,5,12,19,1,0
677,1949,PhD,Widow,75045,1,2,15-10-2014,20,132,364,568,97,201,9,3,5,5,2,10,1,0
678,1998,PhD,Married,136819,0,0,22-04-2014,20,188,597,847,112,339,102,8,13,8,0,4,1,1
679,1985,PhD,Married,149602,1,1,29-11-2014,73,800,356,1374,584,128,342,10,0,3,8,4,0,0
680,1962,Graduation,Widow,109440,1,1,10-06-2012,44,501,76,305,60,301,191,9,8,8,8,4,0,0
681,1940,Master,Divorced,94270,1,2,12-10-2013,33,763,56,62,377,258,415,9,1,0,1,8,1,0
682,1944,Basic,Widow,61886,1,1,29-12-2013,21,560,238,12,23,173,21,10,0,2,12,10,0,1
683,1949,Master,Married,28238,1,2,13-11-2014,22,276,60,185,48,5,111,8,15,2,1,13,1,0
684,1985,Graduation,Married,16878,0,1,03-05-2013,30,69,59,60,78,18,42,5,0,3,0,6,1,0
685,1951,Graduation,Married,11786,2,2,01-04-2013,73,89,28,110,16,31,47,4,4,5,6,13,0,1
686,1958,Graduation,Single,26669,2,1,18-10-2015,64,236,13,247,20,47,2,4,3,2,14,4,0,1
687,1995,Graduation,Married,34053,0,1,01-11-2013,3,287,134,190,130,69,38,4,4,6,5,6,1,1
688,1978,PhD,Divorced,85602,1,1,14-06-2012,17,33,381,776,372,113,166,2,15,5,13,20,1,1
689,1942,Graduation,Married,48087,0,2,30-01-2015,46,237,45,55,234,50,45,10,8,2,12,16,0,0
690,1970,Graduation,Single,121413,1,2,09-12-2015,77,140,205,791,190,305,514,1,10,0,1,15,0,0
691,1947,Master,Divorced,15857,2,0,09-04-2013,96,2,50,20,16,1,21,4,13,5,10,19,1,1
692,1949,Basic,Married,147305,1,1,23-01-2012,36,964,700,854,258,429,185,2,12,10,8,1,1,0
693,1998,Basic,Single,99626,1,2,16-04-2014,59,104,306,719,443,325,234,9,10,8,4,5,1,1
694,1998,PhD,Divorced,138351,2,2,04-08-2015,85,982,382,148,91,47,567,0,12,10,2,1,1,0
695,1955,Graduation,Married,59119,2,1,06-06-2015,61,227,60,374,149,95,74,9,7,1,0,13,1,1
696,1971,Master,Widow,36274,2,0,06-09-2012,69,266,41,81,163,23,131,4,0,0,1,15,0,0
697,1973,Master,Married,67528,0,2,06-07-2013,84,569,19,375,106,214,268,0,0,8,2,13,0,0
698,1976,Basic,Married,143549,0,0,13-04-2015,75,534,529,1395,279,127,685,5,2,3,2,2,0,0
699,2000,Basic,Widow,107389,1,1,17-03-2013,75,671,134,272,534,216,205,3,14,8,13,11,0,1
700,1946,Graduation,Single,148494,1,0,10-07-2014,50,1272,258,126,255,351,194,10,0,8,1,14,1,1
701,1973,Basic,Single,87261,2,2,12-07-2015,34,79,180,393,110,173,223,10,11,0,6,5,1,1
702,1966,PhD,Single,149826,0,2,01-04-2014,95,230,6,679,356,433,654,8,15,4,14,5,0,0
703,1997,PhD,Single,147707,1,2,29-11-2015,24,1438,12,216,146,70,61,6,1,8,12,15,1,1
704,1969,Basic,Single,75300,0,2,06-03-2013,61,355,154,658,240,103,165,7,9,0,5,11,1,0
705,1969,PhD,Married,98523,2,1,15-05-2015,25,489,288,807,382,112,23,4,11,5,6,0,1,1
706,1965,Basic,Married,42410,0,0,28-01-2014,5,376,121,313,40,124,119,4,1,6,11,20,0,0
707,1943,Graduation,Married,84165,0,2,13-12-2015,37,392,2,640,251,170,349,2,11,8,13,20,1,0
708,1987,PhD,Married,52748,2,2,19-12-2014,14,172,117,30,167,30,166,2,1,1,11,17,1,0
709,1960,Basic,Divorced,67251,1,2,17-04-2014,37,263,225,225,176,153,187,4,4,9,3,16,1,0
710,1992,PhD,Married,80406,0,0,08-01-2013,79,322,372,150,30,63,368,2,8,6,0,5,0,0
711,1998,PhD,Single,101913,1,0,15-07-2014,42,158,404,962,85,144,298,1,2,8,0,20,1,1
712,1958,PhD,Married,69444,1,0,25-06-2014,29,502,157,297,44,225,94,0,9,10,13,9,1,0
713,1944,Basic,Single,51378,0,1,13-04-2015,73,214,22,297,24,143,128,5,5,3,14,6,0,0
714,1958,PhD,Divorced,91390,0,0,15-04-2015,76,150,146,348,361,248,204,2,12,8,4,5,0,0
715,1949,PhD,Single,149757,0,0,01-07-2012,47,851,137,748,181,170,471,9,12,6,0,17,0,0
716,1979,Master,Widow,31934,2,0,21-06-2014,50,181,147,21,138,88,44,0,6,0,11,13,1,0
717,1993,PhD,Single,59909,0,0,12-06-2012,49,88,18,293,104,87,276,3,3,0,1,14,1,0
718,1998,Graduation,Married,90050,1,0,13-08-2015,54,257,264,257,329,94,13,10,5,3,12,14,0,0
719,1951,Graduation,Widow,81115,1,1,02-02-2015,9,442,240,542,59,11,7,2,8,4,3,9,1,1
720,1981,Basic,Single,34503,1,1,17-08-2013,46,49,122,201,55,42,51,6,1,0,14,13,1,1
721,1950,Graduation,Single,69263,1,0,22-09-2013,61,299,39,368,63,201,300,4,11,2,1,8,1,0
722,1946,Master,Married,142656,1,0,29-03-2012,59,683,253,374,275,273,294,7,8,6,3,6,1,1
723,1961,Master,Single,25740,0,1,03-08-2013,23,248,71,183,29,25,122,6,8,5,9,2,1,1
724,1980,Graduation,Married,26768,0,2,08-06-2013,92,253,76,116,85,19,120,8,9,10,4,10,1,0
725,1980,Basic,Divorced,54212,0,1,03-12-2012,76,162,110,39,264,121,113,2,12,4,5,17,0,0
726,1987,PhD,Divorced,48336,0,2,08-01-2014,33,68,108,342,223,51,2,2,2,0,15,8,0,0
727,1956,PhD,Widow,17178,1,1,02-10-2014,51,116,5,56,78,31,20,1,14,6,4,19,1,0
728,1985,Master,Divorced,122063,1,2,24-07-2014,52,194,15,766,444,307,598,9,0,4,7,9,0,0
729,1973,PhD,Divorced,140493,1,1,03-04-2014,96,547,691,1258,556,339,482,0,13,0,6,17,1,1
730,1978,PhD,Married,33522,1,0,26-01-2012,22,138,159,142,99,61,161,5,6,3,14,5,1,0
731,1944,Graduation,Single,125730,1,2,11-07-2012,4,545,221,925,432,376,5,6,5,6,13,13,0,0
732,1996,PhD,Divorced,88331,2,2,20-11-2012,28,689,19,716,319,146,265,8,12,5,4,17,1,0
733,1983,PhD,Divorced,111655,0,1,08-11-2013,3,921,530,185,524,294,450,6,2,3,3,19,1,1
734,1941,PhD,Divorced,41398,1,2,27-12-2015,19,233,129,50,0,58,194,2,5,4,7,3,1,1
735,1945,PhD,Married,90379,2,1,28-06-2015,87,686,71,386,380,237,305,10,13,2,1,7,0,1
736,1942,Basic,Widow,55715,0,2,03-10-2014,46,408,81,555,264,106,76,1,5,4,8,5,1,1
737,2000,PhD,Divorced,30679,2,2,19-10-2015,47,4,3,91,29,94,89,1,10,9,12,16,1,1
738,1941,Graduation,Divorced,40969,0,2,05-02-2014,54,50,83,379,17,17,103,2,11,2,8,12,0,0
739,1947,PhD,Married,137626,0,1,21-06-2015,15,781,31,1211,27,300,334,10,5,3,6,3,1,0
740,1957,Basic,Divorced,45443,1,1,19-08-2014,82,182,11,313,8,64,144,5,15,10,9,12,1,0
741,1969,Master,Single,97504,1,0,06-10-2012,81,608,392,38,223,298,284,10,13,6,5,15,1,1
742,1966,Basic,Widow,12123,0,2,18-06-2015,76,41,0,31,8,16,11,8,13,10,2,18,1,0
743,1943,Graduation,Married,84018,1,0,28-08-2015,16,628,336,206,10,245,323,1,6,1,11,1,1,1
744,2000,Basic,Widow,71464,1,2,11-02-2013,38,96,246,467,175,42,16,9,9,7,2,19,1,1
745,1997,Graduation,Single,112522,0,1,11-06-2014,43,271,0,239,325,102,527,7,3,2,14,1,1,1
746,1955,Graduation,Widow,145847,0,1,12-09-2014,44,1279,94,241,95,302,15,7,13,3,8,5,1,1
747,1974,PhD,Married,19588,1,0,04-08-2014,10,7,72,1,76,64,80,1,12,10,15,0,1,0
748,1961,Master,Single,145965,0,1,26-05-2013,62,940,314,630,729,253,211,1,4,3,5,13,0,0
749,1958,Master,Married,15745,2,2,12-05-2013,91,99,23,49,8,50,2,1,0,7,5,14,0,0
750,1947,Master,Divorced,82810,0,2,26-11-2013,13,601,271,240,96,134,218,2,7,2,2,14,0,0
751,1953,Master,Widow,113508,1,2,12-08-2014,90,760,538,397,101,142,411,2,5,6,7,0,0,0
752,1950,Master,Single,56987,2,0,06-04-2014,46,316,138,512,139,6,95,7,5,1,12,18,0,0
753,1946,Basic,Divorced,107162,0,1,08-10-2013,34,320,490,992,201,152,296,10,1,2,15,9,1,1
754,1985,PhD,Married,92528,2,2,29-03-2015,43,419,101,663,247,188,323,1,4,10,15,10,0,0
755,1950,Graduation,Widow,15062,0,0,06-03-2012,88,37,34,8,10,27,41,3,13,0,3,14,0,1
756,1944,Master,Single,111721,1,1,21-01-2014,1,1044,432,301,445,94,438,8,0,3,12,18,1,1
757,1976,Master,Divorced,137220,0,0,01-02-2014,18,192,137,547,361,79,192,6,15,2,1,0,1,1
758,1994,PhD,Divorced,114116,1,1,29-09-2015,29,29,517,102,210,314,221,4,1,4,4,12,1,0
759,1948,PhD,Widow,148060,2,0,14-11-2014,96,602,197,341,438,162,693,0,3,0,11,0,0,1
760,1966,Basic,Widow,39747,1,0,17-12-2013,61,271,69,313,59,45,162,8,3,6,5,10,0,1
761,1973,PhD,Widow,95349,0,0,15-02-2013,40,308,249,283,5,261,425,6,15,3,10,10,1,1
762,1950,PhD,Married,29597,0,0,06-02-2015,22,167,47,177,50,42,108,4,9,3,6,14,1,0
763,1981,Basic,Divorced,61051,1,2,30-01-2012,56,467,289,271,275,69,273,8,15,10,4,11,1,0
764,1953,PhD,Divorced,128752,1,0,07-07-2012,70,424,322,943,359,122,204,6,3,2,12,20,0,0
765,1963,Basic,Divorced,137647,0,0,27-09-2013,51,500,31,1151,651,341,416,8,7,8,0,4,1,0
766,1952,Graduation,Widow,79660,0,1,07-04-2014,93,414,7,498,200,170,374,6,6,3,1,11,1,1
767,1991,PhD,Divorced,136167,2,1,08-12-2012,25,327,331,372,217,198,53,4,2,7,12,0,1,0
768,1955,Basic,Widow,64333,0,1,26-02-2012,55,163,156,170,234,94,192,7,9,9,1,1,0,1
769,1956,PhD,Single,52800,2,1,12-01-2013,76,282,190,447,214,72,30,8,8,5,12,18,1,1
770,1980,PhD,Widow,111143,1,1,01-12-2012,30,751,54,981,536,260,163,5,1,8,4,11,1,1
771,1961,Basic,Widow,130458,0,1,24-02-2013,38,241,449,840,305,361,471,4,5,9,4,13,0,0
772,1993,Graduation,Single,16552,1,0,29-10-2013,4,110,19,13,45,29,70,0,5,3,0,2,0,0
773,1956,Graduation,Single,107003,0,0,27-06-2013,84,447,8,312,501,74,395,5,8,2,6,11,0,1
774,1968,Basic,Widow,95429,1,1,24-07-2014,80,695,406,297,158,217,343,4,12,1,11,5,1,0
775,1949,Master,Single,91198,2,0,02-09-2015,47,68,127,126,315,275,313,9,3,5,15,4,1,0
776,1978,Master,Married,11993,2,0,22-02-2014,81,113,58,117,35,15,24,8,1,8,4,0,1,1
777,1951,PhD,Married,59904,2,1,27-09-2012,1,532,138,417,223,64,80,8,3,7,12,0,1,0
778,1962,Master,Single,41737,1,1,05-04-2013,17,230,47,88,191,47,62,5,8,10,7,1,0,1
779,1971,PhD,Widow,61389,1,2,01-09-2014,14,20,148,441,232,7,25,1,9,10,6,1,0,1
780,1970,PhD,Single,67492,0,1,04-11-2012,59,632,23,422,90,125,252,1,6,5,14,13,0,1
781,1950,Graduation,Married,69972,2,2,19-08-2014,0,572,175,637,37,229,48,10,14,7,6,13,0,1
782,1964,Graduation,Divorced,88677,2,1,07-05-2015,81,384,153,832,405,94,0,9,11,5,2,15,0,0
783,1991,Graduation,Married,24663,0,1,13-07-2012,94,9,121,117,54,9,60,5,7,9,2,14,0,1
784,1969,Graduation,Divorced,83617,0,1,02-11-2012,13,135,0,198,17,188,296,1,13,4,6,17,0,1
785,1967,Master,Single,94133,1,0,18-06-2015,42,775,130,487,26,280,401,8,15,6,5,10,0,1
786,1994,Basic,Widow,135302,1,1,14-09-2013,72,581,572,400,333,419,509,7,14,8,9,5,1,1
787,1971,Master,Widow,120644,0,2,21-08-2012,82,105,46,728,251,76,186,2,15,1,2,19,0,1
788,1984,PhD,Widow,108600,2,1,15-02-2014,55,9,240,568,271,131,299,6,13,2,5,15,1,0
789,1951,Graduation,Married,77671,1,2,15-03-2013,86,320,233,569,116,99,255,3,6,3,12,14,1,0
790,1961,Graduation,Widow,122958,1,2,08-02-2014,5,960,571,1004,499,181,60,3,5,6,6,15,1,1
791,1968,Master,Single,53730,1,1,10-05-2014,44,265,231,213,248,71,118,3,8,2,12,6,1,1
792,1990,Basic,Divorced,87296,2,0,02-08-2013,26,632,353,653,371,183,127,0,15,0,11,11,0,0
793,1980,Basic,Widow,77565,0,0,29-03-2012,1,466,354,62,225,45,150,4,2,5,13,20,1,1
794,1945,Master,Widow,58375,0,0,19-01-2015,100,542,53,516,274,2,46,2,3,3,9,8,0,1
795,1952,PhD,Married,110000,0,0,14-09-2012,67,1083,408,604,468,68,232,1,11,9,8,0,1,1
796,1974,Master,Widow,102335,1,0,06-07-2013,0,879,100,152,508,116,317,9,2,6,13,3,0,1
797,1959,Graduation,Divorced,60755,1,0,24-12-2014,70,459,303,343,262,88,102,5,1,3,1,17,0,1
798,1943,Graduation,Single,54727,0,2,05-12-2015,26,156,191,71,263,76,222,5,3,3,12,12,1,1
799,1974,Graduation,Married,38626,0,2,15-05-2015,82,283,91,254,47,89,114,5,7,2,10,12,1,0
800,1972,Graduation,Widow,50135,1,0,26-05-2012,74,429,196,132,130,76,158,9,10,3,3,1,1,0
801,1977,Basic,Divorced,54628,1,2,13-08-2013,66,194,78,181,170,51,42,2,8,3,11,10,0,1
802,1985,Master,Widow,56512,2,0,30-04-2012,83,23,251,50,187,97,110,1,4,4,7,10,0,1
803,1975,Basic,Single,54959,0,1,26-02-2012,49,334,175,523,234,80,188,7,5,8,4,8,0,0
804,1944,Master,Widow,28240,1,2,28-03-2014,97,180,49,173,105,49,30,10,5,6,3,7,0,1
805,1960,Master,Single,119011,1,1,05-10-2015,81,987,112,529,270,63,220,10,8,0,15,19,1,1
806,1952,Graduation,Divorced,125919,1,1,30-04-2013,78,645,82,1149,377,146,461,1,6,10,1,18,0,1
807,1946,Master,Married,115932,2,1,09-04-2015,72,958,452,343,479,202,76,3,13,5,1,15,1,1
808,1945,Graduation,Widow,46390,1,2,10-11-2012,91,266,40,395,44,117,194,4,10,5,3,7,0,0
809,1985,Master,Married,102790,1,1,03-03-2014,44,540,169,827,76,116,274,2,10,10,12,16,0,1
810,1952,Master,Widow,136825,1,1,31-07-2013,7,1340,233,471,105,433,208,4,0,5,8,18,1,0
811,1999,PhD,Divorced,25765,1,1,26-10-2013,57,231,81,135,50,19,76,8,9,0,0,16,1,1
812,1957,Master,Widow,78479,2,2,13-02-2013,80,665,118,347,5,205,71,6,0,1,1,9,1,0
813,1950,PhD,Married,125578,1,1,13-08-2013,69,938,70,67,40,174,54,5,6,5,5,18,0,1
814,1988,Master,Divorced,145595,1,2,20-02-2015,94,738,487,47,659,379,276,1,2,0,6,19,0,1
815,1991,Graduation,Married,35925,2,1,08-09-2013,42,123,178,57,40,81,151,1,3,5,7,9,1,0
816,1956,Master,Widow,117783,2,1,20-09-2012,56,667,18,1100,54,49,218,0,12,6,13,16,1,1
817,1998,Basic,Married,137194,0,1,23-04-2013,25,447,217,346,72,150,337,7,3,10,14,16,0,0
818,1945,Basic,Divorced,29846,0,0,22-10-2015,95,208,95,195,101,73,11,7,2,7,15,11,1,0
819,1967,Graduation,Widow,102522,2,2,25-09-2012,59,543,391,554,479,46,416,6,11,7,2,0,0,1
820,1976,Graduation,Widow,33461,1,1,22-05-2015,3,6,71,21,61,102,43,9,4,10,8,0,1,1
821,1950,PhD,Widow,46641,2,2,17-01-2013,92,378,108,102,233,10,32,8,0,5,12,17,0,0
822,1976,Graduation,Married,69240,0,0,18-06-2013,98,331,23,540,21,96,106,7,12,10,9,10,0,1
823,1972,Graduation,Single,124448,2,2,20-05-2015,87,138,376,643,19,298,148,8,9,3,1,15,0,0
824,1972,PhD,Married,141417,2,0,14-12-2013,84,928,621,710,176,346,576,8,5,0,11,13,1,1
825,1970,Graduation,Divorced,80484,0,1,09-01-2012,25,357,169,172,263,216,9,1,12,9,10,0,0,1
826,1964,PhD,Divorced,36627,0,1,13-08-2014,46,106,147,37,24,59,13,4,4,2,13,12,0,1
827,1953,Master,Divorced,83776,1,0,16-05-2015,18,188,331,465,373,79,115,1,15,4,6,0,0,0
828,1988,Master,Divorced,78686,2,0,20-03-2013,55,471,2,141,223,39,205,3,3,2,13,15,0,1
829,1956,Graduation,Widow,131722,2,1,02-03-2013,49,178,534,108,294,302,611,1,2,8,8,13,0,0
830,1956,Basic,Divorced,73252,2,0,25-12-2012,25,274,240,374,327,170,172,7,7,3,2,19,0,1
831,1948,Graduation,Single,66702,1,0,22-07-2014,9,635,44,94,323,123,100,6,11,7,11,0,0,1
832,2000,Graduation,Widow,17624,0,2,17-07-2013,12,93,2,122,54,12,56,5,7,0,4,14,0,0
833,1995,Master,Single,122708,0,0,24-10-2012,5,36,583,610,458,221,569,2,8,0,14,16,1,0
834,1995,Graduation,Single,34862,1,2,11-05-2013,12,13,93,111,145,24,152,7,0,7,6,14,0,1
835,1969,Basic,Divorced,122010,1,2,06-04-2012,71,17,144,614,333,238,238,1,14,4,4,12,0,1
836,1971,Graduation,Married,76848,0,1,11-04-2015,15,609,347,764,376,76,204,5,12,6,6,13,1,1
837,1957,Master,Single,27571,1,0,22-08-2015,68,112,54,124,74,61,4,9,7,6,3,19,0,0
838,1983,PhD,Widow,29908,1,0,24-04-2015,100,221,19,280,71,24,34,0,1,3,4,2,1,0
839,1996,Graduation,Divorced,18043,1,2,10-08-2013,4,97,15,157,82,59,0,3,4,8,15,13,1,1
840,1980,Basic,Divorced,99571,0,1,07-02-2015,22,560,328,940,266,98,273,10,0,5,14,1,1,1
841,1949,Graduation,Single,57363,2,2,19-02-2015,70,200,239,226,201,177,162,6,4,10,0,3,0,1
842,1954,PhD,Married,57837,0,2,30-04-2013,33,309,218,398,87,7,5,9,0,1,12,2,1,1
843,1981,Master,Widow,148583,1,1,16-07-2015,32,304,382,1367,427,422,629,0,5,0,9,11,0,0
844,1955,PhD,Married,128546,2,1,13-10-2012,56,730,389,520,326,140,13,5,12,0,4,14,1,1
845,1964,Graduation,Widow,144892,2,1,11-02-2012,30,428,507,896,481,459,485,1,2,8,7,5,0,1
846,1961,PhD,Divorced,28690,1,0,19-03-2013,66,159,101,262,64,47,85,8,5,0,11,19,0,1
847,1951,Graduation,Widow,34307,2,2,15-04-2014,55,69,137,241,166,10,143,4,15,2,3,3,0,1
848,1977,Basic,Single,27890,2,0,11-11-2014,17,134,120,29,25,62,11,7,3,1,5,19,0,0
849,1974,Basic,Divorced,20647,2,0,01-01-2014,62,20,100,4,69,68,14,9,2,4,9,2,1,1
850,1985,Graduation,Divorced,122722,2,1,12-08-2013,38,236,551,152,252,6,169,7,13,4,14,11,1,1
851,1954,Graduation,Single,88990,1,1,11-03-2013,31,756,415,619,80,96,200,5,7,8,13,2,1,0
852,1956,Basic,Divorced,49899,1,1,24-03-2012,44,481,87,129,195,102,142,10,0,2,12,12,0,1
853,1990,PhD,Married,35273,1,2,16-07-2013,56,260,96,286,2,96,10,4,11,4,3,9,1,0
854,1992,Basic,Single,21927,0,1,11-02-2012,45,128,13,212,9,56,77,2,0,1,13,12,0,1
855,1952,Basic,Married,39155,0,2,07-05-2014,91,252,103,222,105,68,158,6,15,2,10,3,0,0
856,1950,Graduation,Widow,116225,0,1,27-11-2014,82,288,213,450,279,315,41,4,0,5,5,19,1,0
857,1944,PhD,Divorced,30692,2,0,13-05-2014,15,115,59,129,130,28,29,2,15,7,15,2,1,0
858,1942,Master,Divorced,89344,1,1,02-07-2014,73,116,51,726,43,241,310,5,1,8,8,20,0,0
859,1982,PhD,Widow,128172,2,1,15-12-2014,27,674,64,932,462,237,102,9,1,5,4,12,1,0
860,1955,Graduation,Widow,115664,0,0,01-04-2013,30,942,473,940,241,51,422,5,5,7,12,10,0,1
861,1974,PhD,Divorced,34423,0,1,14-03-2013,4,112,39,119,70,40,164,9,11,6,3,7,1,0
862,1964,PhD,Divorced,36896,2,0,26-06-2012,7,188,22,124,37,18,86,2,15,2,2,12,1,0
863,1976,Graduation,Divorced,71046,1,0,05-07-2012,34,580,310,426,243,127,253,10,9,10,4,9,1,1
864,1996,Graduation,Single,104916,2,1,26-01-2012,34,936,307,942,410,207,16,5,6,4,14,5,0,1
865,1976,PhD,Divorced,57622,1,1,14-03-2012,72,240,27,463,37,17,256,8,10,4,10,18,0,0
866,1999,Master,Divorced,142844,2,1,14-01-2014,3,99,282,883,42,225,342,2,8,5,9,3,1,0
867,1947,Graduation,Married,87157,0,2,15-09-2012,84,396,190,674,123,62,166,9,11,0,8,9,0,1
868,1991,Basic,Divorced,136168,1,2,03-01-2015,24,319,394,1183,456,92,348,9,2,7,2,1,0,1
869,1973,Master,Married,71899,1,1,03-10-2012,33,229,24,22,242,223,111,8,14,8,6,3,0,1
870,1963,Basic,Widow,57990,1,0,19-01-2015,45,558,115,22,166,103,29,3,10,3,13,13,0,1
871,1954,PhD,Widow,53560,2,0,03-07-2012,51,105,71,365,22,39,176,8,10,9,11,20,0,1
872,1976,PhD,Married,138975,1,2,01-12-2012,84,743,659,1015,308,344,452,6,6,10,5,5,1,0
873,1971,Basic,Married,137574,0,1,24-04-2014,70,898,37,979,17,317,422,3,12,7,5,6,0,1
874,1983,Master,Single,35125,2,2,17-01-2013,61,214,130,43,55,37,4,8,3,1,6,2,1,1
875,1940,PhD,Married,136577,2,1,17-05-2013,71,231,139,480,482,154,245,5,9,0,11,13,1,0
876,1974,Master,Widow,149422,1,1,29-06-2012,97,948,6,1362,343,413,444,5,0,10,11,2,1,1
877,1962,PhD,Single,88585,1,0,09-09-2013,47,15,122,184,79,141,249,0,12,1,1,2,1,0
878,2000,Basic,Single,99961,1,2,28-04-2013,31,598,471,156,263,19,302,4,10,4,14,3,0,1
879,1978,PhD,Single,115386,1,2,09-05-2013,21,1026,485,234,536,92,143,3,2,8,12,10,0,0
880,1973,Graduation,Married,78683,0,0,28-06-2015,50,501,267,403,114,62,233,6,4,9,0,3,1,0
881,1945,Master,Widow,29429,1,1,03-03-2015,49,285,74,142,144,97,134,6,2,5,1,1,0,0
882,1950,Basic,Widow,113818,0,1,04-08-2013,78,343,445,557,477,147,562,3,13,1,8,17,1,1
883,1958,Graduation,Married,56745,2,0,04-04-2013,77,493,188,243,200,140,9,9,12,8,14,5,0,1
884,1976,Graduation,Widow,74171,1,1,24-09-2013,62,79,165,514,70,117,364,4,13,6,4,11,0,0
885,1949,Master,Widow,58351,2,2,18-11-2012,61,436,146,315,178,62,146,5,15,5,8,18,0,0
886,1988,Graduation,Widow,79316,0,2,24-12-2012,71,296,107,570,247,156,103,6,1,9,1,7,0,0
887,1961,Basic,Divorced,23122,1,2,08-10-2013,14,71,36,143,12,9,57,1,2,0,9,19,0,1
888,1973,Basic,Single,94846,2,0,20-05-2015,33,287,467,564,87,161,68,9,3,1,8,15,1,0
889,2000,PhD,Single,103329,2,2,16-09-2013,90,112,397,33,6,187,341,0,11,6,8,7,1,0
890,1970,PhD,Divorced,46861,2,2,07-01-2014,47,114,86,101,221,49,183,3,4,9,13,0,0,0
891,1981,Basic,Divorced,57650,2,0,22-04-2014,24,307,101,200,45,145,250,5,5,8,8,17,1,1
892,1948,Graduation,Divorced,88754,0,0,06-12-2013,10,561,322,568,115,133,225,2,11,9,15,12,0,1
893,1950,PhD,Married,146833,2,2,23-03-2012,14,1451,494,153,421,115,549,6,5,2,13,7,0,1
894,1985,Basic,Widow,58243,2,2,31-07-2015,75,578,120,535,80,30,49,5,4,8,10,14,1,0
895,1962,Basic,Married,116114,1,1,05-09-2015,50,757,57,308,128,369,76,8,14,9,4,9,1,1
896,1952,Basic,Divorced,78682,1,0,04-07-2012,57,259,373,629,357,3,346,10,5,8,4,3,0,1
897,1978,PhD,Single,38693,0,1,16-08-2013,74,161,53,166,93,13,187,1,12,5,10,3,1,0
898,1949,Basic,Married,47676,0,0,14-04-2012,42,304,156,359,197,82,52,1,6,7,10,16,0,0
899,1979,PhD,Widow,135118,1,2,01-11-2014,34,565,262,517,94,72,614,6,12,8,10,12,1,1
900,1971,Master,Widow,29338,1,0,09-04-2013,83,7,1,290,8,63,97,3,6,4,15,4,1,1
901,1992,Basic,Divorced,111924,1,1,10-11-2015,93,140,177,1001,526,10,334,4,11,1,4,12,1,0
902,1981,Master,Married,75537,2,0,19-08-2012,34,426,212,181,33,27,130,4,11,4,3,12,0,0
903,1988,PhD,Widow,102083,0,1,22-06-2012,91,156,346,596,291,97,415,4,14,4,7,0,1,1
904,1993,PhD,Single,79121,2,0,03-02-2013,22,711,286,720,331,127,298,10,13,7,15,5,1,0
905,1964,Master,Divorced,10721,2,0,02-07-2013,56,82,23,42,29,21,14,8,8,7,3,0,0,1
906,1977,Master,Widow,82325,2,1,28-10-2014,28,513,408,575,74,119,117,0,9,4,2,14,0,0
907,1941,Graduation,Widow,134610,2,0,17-04-2013,98,109,43,29,515,226,206,8,8,6,8,16,1,0
908,1990,PhD,Widow,64202,1,1,10-07-2014,22,138,65,326,71,96,42,2,3,4,2,5,0,1
909,1974,Graduation,Divorced,81250,0,2,30-04-2014,67,157,83,473,167,152,218,4,6,9,9,2,1,1
910,1968,Graduation,Single,52474,0,2,18-05-2013,93,5,233,424,87,37,113,10,1,5,3,15,0,0
911,1970,Master,Married,116625,2,1,24-10-2013,20,1126,165,561,112,156,212,10,3,5,8,14,1,1
912,1981,PhD,Divorced,142940,1,0,15-03-2012,51,586,210,969,62,72,304,4,13,4,15,15,1,0
913,1984,PhD,Married,29852,2,0,11-07-2015,100,77,61,197,63,97,37,7,0,5,2,16,0,1
914,1970,PhD,Single,38200,0,1,27-03-2013,81,275,49,355,153,74,150,9,12,5,6,0,0,0
915,1956,Master,Married,86398,1,1,04-05-2015,83,451,48,392,361,105,18,8,15,5,11,6,1,0
916,1964,Graduation,Single,124635,0,2,02-12-2014,37,552,93,21,498,167,304,7,15,10,9,2,1,0
917,1991,PhD,Single,46720,1,1,01-08-2012,32,174,142,180,70,10,230,9,12,2,9,11,1,1
918,1961,Graduation,Married,24635,0,0,21-04-2015,80,17,12,190,60,70,3,7,9,3,8,17,1,1
919,1962,Basic,Single,63700,2,2,26-10-2015,12,381,244,526,118,103,229,6,11,2,5,2,0,0
920,1963,Basic,Divorced,74909,2,1,15-01-2013,72,442,310,295,172,38,207,10,8,3,12,10,0,0
921,1949,Graduation,Married,28608,1,0,05-08-2015,94,229,38,260,3,53,89,9,3,5,4,8,0,0
922,1951,Master,Divorced,101147,0,2,08-02-2012,96,629,183,380,179,51,294,3,4,10,14,0,0,1
923,1978,Graduation,Widow,63560,1,1,18-06-2015,62,556,227,278,48,27,127,8,2,0,11,16,0,0
924,1970,PhD,Divorced,107209,0,2,27-02-2015,45,1013,39,194,417,227,288,9,3,4,6,2,0,1
925,1970,PhD,Widow,135646,1,2,20-05-2015,55,1175,336,1233,606,158,460,10,7,10,14,13,0,0
926,2000,Graduation,Single,11280,0,0,02-01-2012,9,34,54,84,41,5,33,5,8,4,4,3,1,0
927,1985,Basic,Single,81221,2,0,30-08-2012,65,612,175,3,330,117,396,1,12,8,7,12,0,1
928,1954,PhD,Single,43828,0,0,26-01-2015,2,128,25,398,218,85,31,1,5,9,13,12,1,1
929,1992,Graduation,Single,47669,2,1,14-07-2012,65,437,32,300,140,94,64,5,10,5,0,4,1,1
930,1941,PhD,Divorced,119437,1,2,16-08-2015,72,561,209,339,266,113,382,8,4,5,3,0,1,1
931,1975,Master,Single,24062,1,0,23-06-2012,41,190,62,175,30,46,25,2,12,4,6,11,1,1
932,1978,Master,Single,88947,0,0,22-10-2015,76,120,289,42,425,25,141,5,8,8,2,4,0,1
933,1967,Graduation,Single,123508,0,0,09-07-2013,64,949,168,793,168,407,436,10,9,4,7,16,0,0
934,1964,Master,Divorced,82897,0,1,14-11-2013,95,113,39,776,371,17,394,10,2,5,9,14,1,0
935,1991,Master,Married,111115,2,1,20-10-2014,36,662,27,923,61,40,140,2,14,5,14,10,0,0
936,1988,Graduation,Divorced,114246,2,2,21-11-2013,90,491,569,716,552,340,240,6,7,0,8,9,0,0
937,1955,Master,Single,93859,1,2,16-03-2014,49,364,331,137,109,135,136,5,4,9,12,6,0,0
938,1955,PhD,Widow,139310,0,1,24-12-2013,33,299,217,160,538,61,338,0,4,5,5,8,0,1
939,1994,PhD,Single,134079,2,0,14-04-2013,13,1001,606,867,488,146,334,8,14,3,8,0,1,1
940,1977,Graduation,Divorced,83288,1,1,16-11-2012,56,768,191,733,236,63,115,2,0,1,12,13,1,1
941,1996,Basic,Married,130786,1,2,27-05-2013,2,661,588,958,378,318,449,5,7,4,4,20,0,0
942,1948,Basic,Divorced,104869,1,1,08-03-2014,9,619,210,200,164,96,55,1,9,2,7,9,1,1
943,1983,Master,Widow,132327,0,1,04-09-2013,44,1250,544,67,194,1,529,1,5,0,3,16,1,1
944,1985,Master,Single,41327,2,0,23-06-2013,19,259,32,145,118,69,80,3,11,4,5,4,1,0
945,1976,Basic,Widow,109538,1,1,08-05-2012,27,357,82,819,435,343,269,3,9,0,10,11,0,1
946,1972,Master,Single,53541,0,0,19-08-2013,93,115,214,362,163,110,20,2,9,6,14,20,1,0
947,1989,PhD,Married,54768,0,0,24-03-2015,72,251,58,342,254,88,148,5,4,3,3,19,1,0
948,1998,Basic,Widow,106046,1,0,09-02-2012,44,1038,125,818,388,276,160,2,3,8,0,3,1,0
949,1972,Graduation,Single,122950,2,0,05-05-2014,49,953,583,1040,489,395,396,10,14,8,2,12,0,0
950,1954,PhD,Married,51116,0,1,19-03-2015,29,11,56,3,60,75,125,5,0,0,1,0,0,1
951,1943,Master,Married,78850,2,2,01-05-2013,67,456,144,432,256,110,76,8,12,9,2,4,0,0
952,1945,Master,Single,98922,0,2,26-11-2013,85,188,52,170,69,5,305,8,5,7,11,16,0,0
953,1993,PhD,Divorced,85670,1,2,11-11-2015,28,53,206,371,345,282,213,6,9,8,8,19,1,0
954,1975,PhD,Divorced,129082,1,0,23-09-2012,10,939,376,1025,83,70,419,9,6,9,9,11,1,1
955,1943,PhD,Divorced,56302,0,2,07-10-2015,42,80,248,59,122,110,65,7,5,4,7,2,0,0
956,1942,Graduation,Married,105921,1,2,21-11-2014,91,607,379,640,164,62,140,7,6,9,15,15,0,1
957,1944,Master,Widow,106614,0,0,07-05-2012,1,1006,480,786,482,120,503,1,2,0,0,12,0,0
958,1951,Basic,Single,34064,2,0,21-12-2014,88,326,89,240,107,41,20,0,7,7,8,20,0,0
959,1953,Basic,Widow,11487,2,0,05-07-2014,81,67,32,55,49,22,14,8,2,3,9,6,0,1
960,1945,Graduation,Widow,37182,1,1,20-12-2012,32,255,17,5,37,36,167,8,4,8,12,5,0,0
961,1990,Graduation,Divorced,37745,0,0,23-07-2014,21,100,186,21,97,114,112,10,1,7,9,5,1,0
962,1958,PhD,Single,135331,1,0,17-09-2014,15,1331,461,581,416,109,245,3,9,9,10,19,0,1
963,1991,Graduation,Single,70537,2,1,15-10-2012,23,331,84,213,69,58,9,7,6,2,15,15,1,1
964,1970,Master,Divorced,144361,1,1,25-05-2014,8,721,82,138,649,365,576,8,2,0,5,19,0,0
965,1973,Basic,Single,119594,1,2,20-03-2015,21,975,380,1164,64,34,489,1,9,1,15,12,0,1
966,1986,Basic,Widow,63222,0,2,11-10-2012,87,405,50,358,241,186,98,2,7,3,7,5,0,1
967,1992,Graduation,Divorced,142277,2,1,19-11-2014,52,1155,154,661,228,230,310,6,9,2,4,9,1,0
968,1991,Basic,Married,72963,0,2,25-12-2014,23,112,132,61,351,233,252,4,14,3,6,20,0,0
969,1941,Master,Widow,66862,0,0,15-02-2014,31,112,80,586,14,88,4,5,8,6,14,9,1,1
970,1965,PhD,Single,30638,2,2,11-11-2012,80,296,141,162,34,5,113,6,10,1,7,4,1,0
971,1946,Basic,Married,86258,0,0,14-08-2015,39,238,328,235,71,18,391,2,6,0,15,4,0,0
972,1998,Graduation,Divorced,38336,1,2,27-02-2015,42,29,134,211,110,40,34,6,12,5,4,8,1,0
973,1982,Master,Divorced,32747,2,2,17-10-2014,76,202,6,292,59,101,40,4,3,3,2,4,1,1
974,2000,Graduation,Single,95199,1,1,17-03-2013,35,256,356,443,61,181,75,5,3,8,4,0,0,0
975,1959,Basic,Married,106147,0,0,20-02-2013,53,706,92,996,397,46,499,1,1,8,13,16,0,1
976,1952,Basic,Married,122336,2,0,30-06-2013,2,51,137,680,28,70,39,5,5,2,8,20,1,0
977,1944,Basic,Widow,112280,0,1,03-08-2012,6,386,262,1014,280,118,9,9,11,2,14,3,0,1
978,1971,Basic,Widow,55313,2,0,05-07-2015,95,146,88,149,16,61,58,7,4,7,10,14,0,1
979,1980,Graduation,Married,46235,2,1,11-10-2015,70,191,163,219,71,83,141,8,4,6,11,2,0,1
980,1943,PhD,Divorced,98790,1,1,02-09-2013,43,165,161,795,477,227,27,1,1,1,12,0,1,1
981,1943,PhD,Single,118831,1,2,31-03-2014,58,952,389,435,448,98,181,10,15,4,3,4,0,0
982,1985,Basic,Widow,28529,2,2,19-04-2015,15,83,126,96,108,16,96,9,6,7,2,17,0,0
983,1981,Graduation,Married,15154,0,0,29-09-2015,45,1,31,10,45,0,47,9,10,6,14,13,0,1
984,1964,PhD,Married,37417,0,2,14-09-2013,30,209,68,114,109,39,116,4,13,7,2,6,0,0
985,1958,Graduation,Widow,33736,0,0,19-12-2012,82,5,46,9,101,38,27,10,11,6,15,12,0,1
986,1940,Graduation,Single,71775,0,2,15-02-2013,44,690,331,322,277,152,335,2,5,9,9,13,1,1
987,1984,PhD,Divorced,80822,1,2,19-07-2015,91,804,391,421,338,226,83,7,12,2,1,2,1,0
988,1979,Master,Married,94802,0,1,09-03-2014,18,327,30,261,194,226,48,4,1,4,15,8,0,1
989,1949,Basic,Married,98700,1,0,04-09-2014,50,952,48,518,15,148,452,0,10,8,10,3,1,1
990,1988,Graduation,Married,22863,0,1,03-03-2015,98,106,10,35,63,68,91,7,0,1,8,16,1,0
991,1985,PhD,Single,102706,1,2,23-01-2012,75,701,424,460,36,54,227,7,8,0,8,4,1,0
992,1949,Basic,Widow,147144,2,0,02-03-2014,89,276,180,470,538,365,715,1,10,9,2,14,1,1
993,1989,Master,Widow,88293,0,1,16-05-2013,97,644,132,443,242,246,278,3,8,9,12,7,0,1
994,1988,Basic,Single,92826,1,0,27-05-2013,96,277,48,593,114,97,460,10,5,2,6,7,1,0
995,1987,Graduation,Divorced,78928,2,2,10-04-2012,78,731,302,154,82,2,146,8,6,4,6,11,1,1
996,1990,Master,Divorced,148875,1,0,08-11-2012,74,332,493,653,474,401,308,3,2,8,3,5,1,1
997,1947,PhD,Single,66868,1,1,02-03-2014,12,21,36,599,52,117,303,9,1,5,2,0,0,0
998,1999,Master,Single,52806,0,0,03-03-2013,29,127,110,212,59,82,141,9,14,1,0,18,0,1
999,2000,Graduation,Single,18207,2,2,15-12-2012,91,145,78,31,83,26,22,7,9,4,3,20,0,1
1000,1981,PhD,Single,138884,0,1,24-10-2014,100,83,550,398,193,183,581,5,12,10,6,3,0,0
1001,1946,Graduation,Widow,132735,1,0,22-01-2012,29,5,275,893,503,19,78,9,4,4,15,19,0,0
1002,1978,Master,Widow,35406,2,0,08-02-2013,45,14,30,95,47,96,69,2,14,6,3,1,0,0
1003,1965,Graduation,Divorced,120876,2,0,14-08-2013,40,729,515,952,135,210,380,4,2,9,1,13,1,1
1004,1963,Master,Divorced,137438,0,0,05-12-2014,19,1283,416,1036,357,182,662,1,3,9,13,17,1,1
1005,1968,Master,Single,52201,2,1,22-09-2015,78,240,145,118,89,166,178,9,11,4,1,0,1,0
1006,1944,Master,Married,52394,0,0,12-07-2015,5,94,29,390,209,3,94,5,8,6,10,2,1,1
1007,1952,PhD,Widow,66901,2,1,23-11-2012,4,170,176,157,71,75,19,3,15,7,14,4,1,0
1008,1961,Basic,Widow,146912,0,0,14-05-2013,5,523,224,99,334,481,311,6,0,9,5,4,0,1
1009,1950,Basic,Widow,37711,0,0,03-12-2014,14,302,187,186,70,37,53,2,7,6,11,8,1,0
1010,1941,PhD,Widow,95487,1,2,11-09-2012,47,938,277,527,296,247,255,5,7,6,13,5,0,0
1011,1955,PhD,Married,93471,2,0,22-06-2012,100,763,300,575,333,121,60,1,2,3,1,7,0,0
1012,1955,Graduation,Single,133646,0,1,24-01-2015,50,1080,216,579,50,244,387,1,4,2,14,10,0,0
1013,1997,Graduation,Widow,135492,0,1,31-10-2014,40,601,25,15,335,58,43,6,11,5,11,17,0,0
1014,1943,Master,Single,113566,2,2,20-12-2015,99,1091,84,573,532,205,408,8,2,6,10,19,1,0
1015,1940,Master,Divorced,75756,1,0,29-03-2014,66,492,352,155,2,21,283,7,9,8,0,5,1,0
1016,1942,Graduation,Married,46138,0,0,01-04-2015,47,380,178,305,115,6,221,3,12,10,11,3,0,0
1017,1973,Basic,Married,149045,1,0,03-09-2013,12,1348,173,203,350,338,415,4,11,8,7,14,1,1
1018,1990,Master,Married,106751,1,0,02-04-2012,30,306,76,798,514,62,467,7,0,5,11,3,0,0
1019,1992,PhD,Widow,105276,2,1,16-05-2013,4,817,302,816,53,274,251,5,5,1,5,10,0,0
1020,1994,PhD,Single,111521,0,1,23-06-2014,94,645,0,978,170,48,498,5,11,3,5,10,0,1
1021,1980,Basic,Divorced,51932,0,1,02-05-2014,80,16,185,105,12,169,107,2,9,1,6,18,0,1
1022,1998,PhD,Divorced,19403,0,2,25-06-2013,38,48,95,128,71,47,4,0,11,4,15,6,1,0
1023,1949,Basic,Widow,87906,0,0,02-12-2012,64,561,283,819,196,275,246,8,12,2,8,12,1,0
1024,1956,Basic,Single,115514,2,0,11-07-2014,39,727,386,920,50,229,410,9,11,10,0,10,1,1
1025,1985,Basic,Married,78588,1,1,04-12-2015,65,95,304,120,226,124,288,1,11,10,6,3,0,0
1026,1944,Master,Widow,64574,1,0,13-06-2014,16,560,269,317,257,3,118,2,15,10,6,6,0,1
1027,1978,PhD,Married,96659,0,1,21-10-2014,61,331,110,466,105,231,207,4,12,9,12,4,0,0
1028,1997,PhD,Single,51087,0,1,29-03-2013,72,166,27,435,112,150,250,4,7,4,1,5,1,1
1029,1980,Graduation,Divorced,96352,1,2,25-03-2012,44,424,315,956,139,196,420,8,0,7,13,1,1,1
1030,1969,Graduation,Single,15821,0,2,31-12-2012,44,156,64,121,42,50,58,9,12,2,2,14,0,0
1031,1948,Basic,Single,95130,1,0,23-08-2015,43,363,20,803,313,188,234,8,12,8,3,1,0,0
1032,1942,PhD,Single,23099,2,1,06-03-2015,89,157,107,83,99,10,2,10,5,1,11,0,1,1
1033,1945,Graduation,Divorced,24671,1,0,22-09-2014,83,242,24,124,54,63,19,9,9,9,14,12,1,1
1034,1952,Master,Married,14116,2,0,04-11-2013,16,76,26,110,66,47,56,7,15,5,15,9,1,0
1035,1968,Graduation,Single,140377,2,1,16-03-2012,99,720,478,50,501,139,155,7,14,6,0,5,1,0
1036,1976,Master,Divorced,36991,0,0,22-02-2014,59,32,116,111,85,69,125,7,0,4,9,10,1,1
1037,1943,Graduation,Widow,20693,2,2,12-09-2014,62,105,22,147,71,47,45,9,1,4,12,20,0,0
1038,1984,PhD,Widow,138552,1,2,04-02-2013,84,678,167,524,151,311,415,10,2,7,2,17,0,0
1039,1994,Graduation,Married,105495,0,0,01-11-2015,69,420,258,148,500,41,507,5,15,1,12,14,0,0
1040,1960,Graduation,Widow,88626,0,1,28-04-2013,52,662,33,54,245,259,324,4,7,9,1,4,1,0
1041,1949,Master,Married,132207,1,0,26-12-2015,97,746,276,871,80,224,652,8,5,10,3,19,1,0
1042,1957,Basic,Married,42227,0,1,06-05-2015,64,44,195,79,182,96,0,9,9,0,13,15,1,1
1043,1989,PhD,Divorced,132545,1,0,11-12-2015,60,1104,189,1313,445,169,278,4,0,6,14,7,0,1
1044,1966,Basic,Married,86390,2,2,03-12-2015,54,668,141,327,296,125,311,6,3,7,15,9,0,0
1045,1986,Master,Married,40812,0,2,08-08-2012,28,401,143,247,51,87,97,8,4,1,2,17,0,1
1046,1945,Master,Divorced,56073,1,2,12-03-2012,41,373,164,431,108,10,177,4,10,7,14,15,0,1
1047,1978,Master,Married,45071,0,1,12-03-2014,47,8,222,155,209,124,69,8,3,10,12,8,0,0
1048,1999,Graduation,Single,129272,0,2,24-10-2014,72,300,206,381,94,30,178,0,5,8,0,3,0,1
1049,1947,Master,Divorced,43529,1,2,23-03-2014,13,371,83,384,90,88,155,7,7,6,0,20,1,1
1050,1969,Basic,Widow,120060,1,1,19-12-2012,11,258,191,469,559,353,556,1,6,5,12,20,1,0
1051,1963,Basic,Widow,136746,0,1,02-06-2013,11,922,32,412,458,70,316,7,9,1,0,5,1,0
1052,1944,Graduation,Single,144875,0,2,17-10-2013,98,700,462,1329,64,165,696,2,1,8,4,7,0,0
1053,1977,PhD,Single,137330,1,0,11-01-2013,76,841,674,404,305,185,80,9,14,6,9,18,1,1
1054,1982,Graduation,Single,97983,2,1,08-08-2014,7,348,114,361,168,121,34,1,3,6,9,14,0,0
1055,1991,Master,Single,29358,0,2,27-05-2014,85,127,24,267,53,81,20,0,0,3,4,9,1,1
1056,1948,Graduation,Single,111075,2,0,23-07-2015,38,298,337,849,77,22,367,10,5,9,6,11,1,1
1057,1982,PhD,Married,148589,1,0,10-10-2015,1,368,320,1148,415,53,438,7,15,6,11,19,0,1
1058,1986,PhD,Single,112485,2,1,21-05-2015,45,621,225,999,236,120,460,6,11,4,5,14,1,1
1059,1970,Graduation,Divorced,127392,1,1,10-07-2014,79,454,316,1103,373,273,618,10,15,1,8,19,1,0
1060,1975,Graduation,Divorced,142619,2,2,09-10-2012,19,780,21,64,661,223,380,7,6,8,13,14,1,0
1061,1946,Master,Single,20251,0,0,18-01-2013,85,44,40,47,94,26,98,6,8,8,3,1,1,0
1062,1941,PhD,Divorced,37425,0,1,17-12-2013,55,254,54,12,4,111,107,6,4,7,14,10,1,0
1063,1997,Graduation,Widow,89669,0,0,29-09-2012,23,121,161,58,128,97,269,1,3,5,6,14,0,1
1064,1940,Master,Widow,45313,2,0,07-11-2015,75,70,46,421,104,121,201,4,14,9,14,12,1,1
1065,1982,Basic,Widow,54035,2,2,31-07-2013,25,44,115,340,168,157,269,2,3,9,10,15,1,1
1066,1964,Basic,Widow,54203,0,0,05-02-2015,39,535,111,108,78,98,208,9,5,8,5,0,1,1
1067,1993,Graduation,Married,56380,0,1,11-04-2012,36,263,274,115,119,52,116,0,13,0,7,0,0,0
1068,1953,PhD,Married,47446,0,2,25-03-2014,80,290,22,149,3,52,162,10,3,2,10,11,1,1
1069,1955,Graduation,Single,99923,0,0,31-01-2015,94,214,305,484,122,139,354,8,2,7,0,8,1,0
1070,1990,PhD,Married,28765,1,2,30-01-2014,2,215,139,282,127,16,17,9,1,7,1,2,1,1
1071,1942,PhD,Married,120627,1,2,18-08-2015,70,483,532,577,554,96,21,10,14,5,6,10,1,0
1072,1982,Master,Single,30064,0,0,09-03-2015,16,54,41,128,88,80,108,10,5,7,1,0,1,1
1073,1976,PhD,Widow,88792,2,0,26-05-2015,31,320,16,6,30,175,203,2,0,3,9,2,1,0
1074,1984,PhD,Widow,75422,0,2,06-03-2012,61,740,375,555,17,21,377,3,14,0,4,16,1,1
1075,1986,PhD,Married,93262,1,0,18-11-2014,29,606,182,246,292,3,108,8,3,0,2,20,1,1
1076,1995,PhD,Single,145081,2,0,25-11-2012,65,219,445,746,291,334,62,4,7,2,11,11,0,0
1077,1987,Graduation,Widow,22381,1,2,04-01-2015,84,105,6,52,70,33,91,4,10,5,4,4,1,1
1078,1967,PhD,Married,133864,0,1,19-06-2013,68,55,248,187,337,305,607,8,12,2,3,20,1,1
1079,1950,Basic,Widow,31089,1,0,30-08-2015,67,291,98,275,103,53,137,0,12,8,9,8,1,1
1080,1970,Basic,Married,135008,2,0,08-12-2015,19,1011,353,51,599,324,231,6,10,3,13,17,0,1
1081,1974,Master,Divorced,28973,0,2,04-08-2015,97,28,9,11,37,25,36,2,1,6,7,11,0,0
1082,1990,Graduation,Single,30107,0,0,18-08-2015,51,148,21,153,124,22,114,6,11,6,5,2,1,0
1083,1985,Graduation,Single,35126,1,2,06-12-2014,34,116,54,55,102,75,119,6,1,4,7,7,0,0
1084,1995,Basic,Married,138989,0,1,22-11-2012,67,945,545,241,693,206,458,9,4,2,5,11,1,1
1085,1996,Master,Widow,94431,2,2,05-08-2013,80,357,127,448,394,139,243,0,9,5,9,17,0,1
1086,1940,Graduation,Widow,99536,1,1,20-10-2012,16,582,175,801,246,202,394,0,8,0,6,15,0,1
1087,1946,Basic,Single,96874,0,0,22-05-2014,93,267,233,486,440,252,142,9,11,1,11,19,1,1
1088,1944,Master,Divorced,11820,0,1,28-06-2012,19,13,43,118,51,9,5,0,5,8,15,13,1,0
1089,1950,Graduation,Single,113777,2,2,30-07-2012,19,316,210,67,252,4,326,0,4,1,10,2,0,1
1090,1955,Graduation,Single,44927,1,1,04-04-2015,14,48,131,65,134,66,204,8,7,6,11,11,0,0
1091,1999,PhD,Single,17801,1,0,01-06-2015,20,8,51,98,16,9,43,9,15,10,3,5,1,1
1092,1995,Master,Single,56736,0,1,10-06-2013,5,211,120,465,173,164,75,7,14,0,7,8,0,0
1093,1952,Master,Divorced,123673,0,0,14-05-2013,74,597,359,591,254,395,157,10,11,6,3,7,0,1
1094,1941,Master,Widow,54165,2,1,06-09-2013,86,167,99,166,246,147,121,5,9,0,14,1,1,1
1095,1941,Master,Divorced,47851,2,2,13-03-2015,90,458,7,478,239,72,199,0,4,10,13,19,1,1
1096,1955,Basic,Single,130581,2,0,04-11-2014,89,1018,175,449,159,185,210,7,13,9,9,1,1,0
1097,1992,PhD,Married,50683,2,1,09-05-2012,3,180,183,481,30,80,228,1,15,0,12,13,0,1
1098,1959,Graduation,Widow,56911,2,1,15-02-2015,71,345,139,447,261,13,59,6,5,10,6,12,1,0
1099,1944,PhD,Divorced,135051,1,1,29-12-2014,16,332,618,1308,0,388,532,10,8,7,15,4,0,1
1100,1972,Basic,Married,93363,1,0,30-09-2015,17,733,84,871,377,299,122,9,5,7,4,14,1,0
1101,1951,Graduation,Widow,113604,2,2,22-04-2013,5,603,204,28,251,262,215,5,9,6,15,19,1,0
1102,1966,Basic,Married,88225,0,2,19-01-2012,35,786,285,211,30,210,250,10,3,8,9,13,1,0
1103,1993,Graduation,Single,76404,0,2,05-01-2012,8,389,11,121,197,241,156,5,3,10,12,7,1,0
1104,1961,Graduation,Married,52344,1,1,05-12-2013,26,483,228,307,27,30,82,2,2,9,2,4,1,1
1105,1974,Graduation,Single,109620,0,1,31-12-2013,46,161,473,824,165,40,306,5,11,2,2,16,0,1
1106,1950,Master,Single,75659,1,0,10-07-2014,98,50,341,452,304,138,5,1,3,7,8,4,1,1
1107,1945,Basic,Married,13124,0,2,15-06-2015,95,50,53,47,7,39,55,0,3,5,2,18,1,1
1108,1987,PhD,Married,68129,2,2,16-04-2014,65,74,71,361,99,48,304,1,4,1,12,20,0,1
1109,1970,Master,Widow,123716,2,0,08-08-2012,30,812,18,269,110,86,6,6,15,7,11,14,1,1
1110,1981,Graduation,Widow,110999,2,1,18-12-2013,69,913,368,193,521,188,481,10,12,0,14,9,1,1
1111,1985,Basic,Married,135104,0,0,05-09-2013,1,953,647,1121,444,117,451,4,3,2,2,17,0,1
1112,1973,Master,Single,12826,1,1,16-11-2015,97,126,20,10,58,7,17,0,2,6,1,8,1,0
1113,1981,Basic,Single,120399,1,2,05-04-2013,9,780,495,354,433,139,195,5,7,5,12,18,0,0
1114,1976,Graduation,Single,83053,1,1,20-06-2012,23,736,394,87,267,132,312,2,0,1,14,16,0,0
1115,1948,Basic,Married,106705,0,0,04-02-2014,51,740,524,1036,18,221,299,0,3,1,10,7,0,0
1116,1950,Master,Widow,115088,1,1,02-05-2013,73,93,10,228,464,335,65,6,12,0,0,10,0,0
1117,1983,Master,Married,93141,2,1,11-03-2012,21,246,177,769,119,202,243,9,12,5,0,6,1,1
1118,1968,PhD,Married,63515,0,1,09-08-2012,57,500,175,602,298,24,163,6,15,1,14,1,1,0
1119,1977,Basic,Single,26266,0,0,23-02-2015,89,88,50,188,16,65,68,10,8,6,6,6,1,0
1120,1998,Graduation,Widow,37071,2,1,20-02-2015,58,234,67,292,165,75,82,0,7,3,3,5,0,1
1121,1977,Basic,Widow,134062,0,0,11-12-2012,75,1310,124,1038,602,323,79,5,14,6,14,10,0,1
1122,1946,Master,Single,146984,1,0,26-01-2014,59,733,110,698,515,49,77,0,13,7,3,20,0,1
1123,1975,Master,Single,64647,1,0,10-12-2014,34,235,154,140,264,89,214,3,12,9,3,20,0,0
1124,1994,Basic,Married,12451,2,1,16-11-2014,82,102,60,116,18,23,40,7,8,4,7,16,0,0
1125,1995,PhD,Married,128796,2,0,16-02-2014,36,227,604,366,162,166,338,1,4,10,3,7,1,1
1126,1941,Basic,Single,133737,2,2,24-05-2013,48,672,264,150,525,274,134,10,14,9,5,16,0,1
1127,1998,Master,Married,55453,2,2,30-03-2015,3,200,190,338,120,112,31,5,8,9,6,1,1,1
1128,1956,Graduation,Divorced,120261,0,0,08-08-2012,35,241,18,714,557,313,505,7,1,9,6,3,1,0
1129,1963,Master,Married,115806,2,1,31-01-2012,89,161,577,693,356,272,333,3,5,9,15,14,0,0
1130,1971,PhD,Divorced,18921,2,1,18-07-2014,96,127,17,81,54,54,7,2,8,6,3,12,0,0
1131,1976,Basic,Married,50238,0,2,12-09-2014,13,150,71,22,154,145,96,4,8,4,15,2,0,1
1132,1989,Basic,Married,43315,0,0,03-03-2013,23,282,73,213,23,82,206,7,3,8,1,19,1,1
1133,1990,Master,Single,55894,2,1,06-01-2012,47,183,253,523,71,6,2,3,1,1,2,18,1,1
1134,1951,Graduation,Widow,76232,0,0,19-07-2015,3,699,193,10,105,233,69,9,15,4,12,16,1,1
1135,1994,Master,Divorced,75712,2,0,05-09-2015,52,270,297,313,46,241,330,8,6,6,2,15,0,0
1136,1961,PhD,Widow,95211,2,2,05-12-2015,89,923,13,538,218,22,379,9,14,3,8,7,1,0
1137,1940,Basic,Single,62659,0,0,26-12-2013,6,561,289,97,80,4,258,10,4,1,9,10,1,1
1138,1960,Basic,Divorced,19715,1,2,29-05-2014,97,4,49,54,41,43,55,1,0,0,4,5,1,0
1139,1982,Basic,Widow,100751,0,0,22-08-2015,92,830,10,165,477,56,360,6,1,3,6,19,1,0
1140,1960,Graduation,Single,12814,0,2,05-07-2013,24,26,24,87,38,28,40,6,11,9,0,19,1,1
1141,1964,Master,Widow,37610,2,2,01-08-2014,47,325,183,99,52,17,125,10,1,2,1,8,0,0
1142,1958,PhD,Widow,82079,1,0,02-12-2012,74,556,294,417,255,30,207,3,7,0,10,17,0,1
1143,1959,Basic,Single,33160,2,0,01-01-2012,78,109,163,276,10,72,37,10,12,2,13,16,1,1
1144,1986,Basic,Widow,69918,0,0,05-11-2015,12,629,345,458,154,142,261,9,8,7,1,5,0,0
1145,1990,Master,Married,134640,0,0,15-07-2012,16,1115,664,1141,410,90,194,3,14,4,4,7,0,0
1146,1943,Master,Married,20380,0,1,02-09-2015,64,146,34,79,65,59,28,2,0,5,0,1,1,0
1147,1979,Master,Widow,71092,2,1,20-04-2012,15,160,322,294,164,95,53,4,3,3,15,2,1,0
1148,1980,PhD,Widow,148792,0,2,07-11-2013,70,630,594,531,525,123,242,1,4,3,10,16,1,1
1149,1981,Graduation,Widow,98992,1,1,19-10-2015,67,137,94,870,119,84,130,10,4,7,13,14,1,1
1150,1976,Master,Widow,94745,2,1,26-07-2012,77,160,78,747,159,84,405,6,1,1,10,16,1,0
1151,1955,Master,Divorced,69789,1,2,01-10-2013,86,377,312,138,273,97,43,2,7,2,4,2,0,0
1152,1952,PhD,Divorced,41112,0,1,14-12-2012,51,253,33,285,111,18,84,4,15,0,2,20,0,0
1153,1989,Graduation,Widow,22107,2,2,31-10-2013,11,195,72,148,21,35,16,0,14,0,15,2,1,1
1154,1987,Master,Widow,41048,0,0,06-03-2012,14,292,82,66,50,90,103,10,5,0,8,13,1,1
1155,1978,Master,Married,64950,2,0,25-10-2012,58,330,180,507,312,177,76,2,6,6,0,0,1,1
1156,1998,PhD,Widow,51312,2,1,21-04-2012,67,355,84,383,94,0,72,3,12,2,2,5,1,1
1157,1962,Graduation,Divorced,19829,1,2,29-05-2012,86,31,74,116,5,49,5,3,5,9,5,17,1,0
1158,1994,PhD,Widow,48611,2,2,27-02-2014,14,170,153,93,168,65,86,1,5,2,10,17,1,0
1159,1991,Graduation,Widow,94430,1,0,06-02-2015,49,130,246,178,181,283,463,0,3,2,9,4,1,1
1160,1962,Basic,Single,64770,0,2,07-09-2014,60,388,205,518,120,39,218,7,5,1,11,3,1,1
1161,1980,Master,Married,47655,0,2,13-10-2015,66,74,83,66,72,112,156,6,1,6,9,14,0,1
1162,1989,Basic,Divorced,61321,2,0,04-01-2013,35,194,128,441,29,80,171,3,2,6,12,2,0,0
1163,1944,Basic,Divorced,53748,1,1,05-05-2015,68,394,86,93,113,52,27,5,7,7,4,6,0,0
1164,1941,Basic,Married,89917,1,0,03-07-2014,18,857,416,347,150,54,354,7,5,1,3,13,1,1
1165,1991,Basic,Married,91921,0,2,25-05-2012,89,612,177,591,347,217,432,7,1,2,12,3,1,1
1166,1956,Graduation,Widow,69200,1,2,19-01-2015,99,283,207,686,140,220,182,4,1,3,14,11,1,1
1167,1995,Basic,Married,60259,1,0,26-06-2015,15,485,123,240,109,110,211,4,5,9,10,20,1,1
1168,1996,Graduation,Divorced,106845,0,2,14-07-2013,30,392,211,43,248,73,292,4,2,4,14,2,0,0
1169,1998,Basic,Divorced,109747,1,2,05-06-2013,48,540,355,334,389,296,300,5,4,2,14,1,0,0
1170,1969,Basic,Single,65655,2,0,27-03-2012,82,52,3,62,227,75,204,0,0,2,0,5,1,0
1171,1960,PhD,Single,56932,2,1,02-07-2012,86,96,190,394,150,185,88,6,15,1,4,18,1,1
1172,1951,Basic,Divorced,130928,1,2,02-11-2015,70,570,270,236,469,404,591,4,5,2,13,10,1,1
1173,1955,PhD,Widow,32752,1,2,29-09-2014,43,259,68,282,162,58,19,1,14,8,1,14,1,1
1174,1957,Graduation,Single,11662,1,2,15-04-2015,81,104,7,99,5,38,47,5,14,2,10,13,0,1
1175,1960,Graduation,Divorced,108557,0,0,16-05-2013,28,379,160,190,276,280,416,3,13,10,12,18,1,0
1176,1992,Graduation,Single,33549,2,0,25-01-2014,3,221,167,243,62,43,162,5,8,4,13,17,0,0
1177,1945,Master,Divorced,24379,2,2,05-10-2013,74,193,23,156,92,25,76,10,3,0,13,18,1,0
1178,1985,Basic,Divorced,81318,2,2,18-09-2012,54,293,231,602,285,118,54,5,8,10,15,4,1,1
1179,1956,Graduation,Single,53612,2,2,11-12-2012,99,292,129,191,230,166,240,9,9,10,5,17,1,1
1180,1996,PhD,Widow,122822,1,1,17-05-2013,69,477,379,737,549,294,258,1,4,1,15,11,0,0
1181,1982,Graduation,Married,24373,0,1,27-06-2014,72,92,98,163,105,58,21,5,10,7,1,4,0,1
1182,1971,Graduation,Divorced,34992,1,1,26-01-2015,73,68,164,157,69,11,16,0,13,2,4,2,0,1
1183,1992,Basic,Widow,24164,0,0,23-02-2014,20,129,88,65,77,65,71,2,14,5,7,3,0,0
1184,1957,Graduation,Married,142526,2,2,28-02-2012,52,631,185,838,509,343,33,4,13,7,0,5,1,0
1185,1990,PhD,Single,92584,1,2,21-09-2013,78,725,84,270,89,103,320,5,1,5,6,18,1,1
1186,1988,Graduation,Married,12723,1,1,03-02-2012,42,91,9,62,23,4,4,10,0,2,14,14,0,0
1187,1966,Graduation,Divorced,23448,0,2,12-05-2015,51,134,117,74,62,45,77,2,7,7,4,6,0,1
1188,1940,Basic,Single,11548,2,1,01-10-2013,73,8,12,59,32,8,19,9,13,7,10,2,0,0
1189,1958,PhD,Married,15063,1,0,09-05-2013,74,129,21,107,36,5,13,10,12,7,15,13,0,1
1190,1986,Master,Divorced,135155,0,2,29-11-2015,4,50,553,239,589,53,264,6,8,0,0,18,1,1
1191,1948,Master,Divorced,118901,0,0,11-04-2013,59,324,486,202,420,320,560,5,6,7,5,18,1,0
1192,1951,Master,Divorced,108338,0,1,29-01-2013,3,776,439,648,126,297,75,10,6,3,0,9,1,1
1193,1948,Graduation,Married,48333,1,2,18-01-2013,42,278,240,17,214,41,107,3,3,8,12,7,0,1
1194,1983,Graduation,Married,66363,2,0,16-03-2014,16,329,89,402,232,58,104,0,14,1,7,17,0,1
1195,1949,PhD,Married,116246,2,2,28-02-2014,18,563,17,439,527,143,125,1,5,7,11,19,1,0
1196,1951,Master,Married,66023,1,2,22-12-2013,15,337,18,328,168,169,306,10,0,2,10,1,1,1
1197,1977,PhD,Married,148171,2,0,19-11-2013,11,802,41,396,226,439,397,0,13,9,7,14,1,1
1198,1941,Graduation,Divorced,125922,2,1,22-08-2015,7,575,597,170,491,269,465,6,15,10,12,4,1,0
1199,1960,PhD,Married,76288,2,2,02-09-2013,73,8,160,459,308,165,291,10,1,3,5,6,0,1
1200,1986,PhD,Widow,142110,1,1,30-08-2015,1,536,392,444,275,68,560,6,5,0,13,6,1,0
1201,1954,Graduation,Single,38892,2,0,13-11-2015,40,125,131,98,161,88,181,2,10,8,10,20,0,1
1202,1957,Graduation,Widow,74555,2,1,21-10-2012,96,592,324,152,136,41,3,10,1,8,12,7,0,0
1203,1957,Basic,Married,69606,2,2,18-10-2013,86,182,186,340,169,119,240,1,0,1,7,3,1,0
1204,1951,Graduation,Married,29149,0,2,09-09-2014,4,248,57,112,111,24,45,4,7,5,4,7,0,0
1205,1974,Graduation,Widow,106821,1,2,07-05-2014,70,980,123,813,53,112,365,0,14,2,5,19,1,1
1206,1957,Graduation,Widow,31275,0,1,25-05-2014,0,291,132,199,116,15,19,2,9,10,8,9,1,0
1207,1948,Graduation,Divorced,44989,1,1,15-02-2012,72,406,184,435,144,125,201,10,3,5,3,4,0,0
1208,1996,Graduation,Married,102303,0,1,21-03-2013,42,555,237,444,245,169,376,8,10,4,11,16,1,0
1209,1953,Basic,Single,83667,0,0,20-12-2012,98,49,193,734,239,9,244,0,8,4,5,4,0,1
1210,1982,Graduation,Widow,47336,2,2,14-09-2012,4,252,70,418,207,127,197,9,5,6,8,19,0,1
1211,1990,Graduation,Married,149320,2,1,02-08-2014,95,1458,157,1387,143,20,495,7,10,9,13,7,1,1
1212,1953,Master,Married,11770,1,1,05-07-2015,12,9,8,27,16,1,36,3,11,9,13,4,1,0
1213,1983,PhD,Divorced,37085,1,2,21-05-2014,61,224,30,230,167,95,26,9,7,5,0,18,1,1
1214,1983,PhD,Single,20787,1,0,23-07-2014,52,154,51,180,41,60,38,3,11,7,7,14,1,0
1215,1947,Master,Divorced,16411,2,0,25-02-2015,0,7,6,136,58,53,21,7,2,1,7,12,0,0
1216,1947,Master,Widow,98980,0,2,31-05-2014,37,816,86,143,17,148,219,10,7,5,12,12,1,1
1217,1944,Graduation,Single,104963,1,2,17-05-2012,15,281,86,540,490,296,141,5,8,6,4,4,1,0
1218,1976,Basic,Widow,73466,0,2,03-05-2013,66,434,265,399,43,158,41,3,8,6,8,20,0,1
1219,1978,Graduation,Divorced,51131,1,1,27-10-2014,48,65,247,92,22,132,70,9,6,6,7,19,1,0
1220,1976,Graduation,Single,142222,2,2,22-06-2013,66,758,551,1320,37,0,249,2,7,4,9,11,0,1
1221,1964,Master,Single,117622,1,1,25-12-2014,74,639,347,1171,157,244,535,9,15,3,10,4,0,1
1222,1995,Master,Single,80069,0,0,13-09-2012,39,402,134,670,381,85,400,10,13,6,0,5,1,1
1223,1964,Master,Married,15070,0,2,03-03-2012,47,19,35,143,36,3,24,1,1,6,1,20,1,1
1224,1973,Master,Widow,125650,0,2,21-04-2013,22,1120,160,748,174,317,33,2,5,5,1,4,0,1
1225,1976,Basic,Widow,134458,0,2,29-09-2013,61,344,434,956,196,166,531,7,9,6,7,1,0,0
1226,1997,Basic,Single,146707,2,2,17-12-2014,63,528,134,1300,546,452,595,10,15,1,6,5,0,1
1227,1990,PhD,Divorced,76748,1,1,02-09-2014,90,460,240,72,65,20,233,4,10,10,11,0,1,0
1228,1990,PhD,Single,41400,1,2,14-04-2015,36,181,170,78,95,125,71,0,13,7,5,8,1,1
1229,1958,PhD,Divorced,76804,1,1,08-03-2013,39,86,44,92,195,85,240,0,4,4,9,16,0,0
1230,1981,PhD,Single,121478,0,2,22-06-2012,3,362,557,163,130,318,564,4,2,4,5,4,1,1
1231,1991,Master,Single,113967,2,0,07-01-2013,49,600,89,333,68,268,73,2,9,10,8,4,0,0
1232,1957,Basic,Divorced,123188,1,2,04-07-2012,25,20,387,488,609,349,449,1,11,3,4,0,1,0
1233,1995,Graduation,Widow,62863,2,2,02-06-2012,76,468,280,491,111,112,101,7,0,3,6,8,0,0
1234,1998,Master,Single,26693,0,0,09-07-2015,56,176,11,183,85,4,116,8,11,2,14,12,0,0
1235,1972,Graduation,Single,62916,0,1,03-06-2012,97,594,46,592,221,140,82,0,2,0,12,6,1,0
1236,1974,Master,Single,78223,0,1,02-05-2015,16,603,0,299,7,204,113,10,2,6,12,15,1,1
1237,1943,Master,Divorced,19856,1,0,21-10-2014,40,147,12,157,24,51,54,3,7,3,2,3,1,0
1238,1985,PhD,Single,72594,0,2,19-03-2015,40,616,65,307,1,99,25,7,11,9,0,18,0,0
1239,1960,Graduation,Widow,126077,1,2,22-06-2014,4,233,508,1097,139,143,123,3,8,5,13,10,0,0
1240,1960,Master,Married,38796,0,0,14-04-2013,6,77,29,357,28,33,90,8,5,5,13,6,0,1
1241,1942,Basic,Divorced,58079,2,1,21-11-2013,33,441,255,360,196,179,30,7,3,2,14,10,1,1
1242,1964,Basic,Married,59393,2,2,25-06-2015,61,159,243,349,188,6,127,10,12,2,12,4,0,0
1243,1952,Master,Widow,44380,2,1,20-07-2012,45,206,58,76,99,112,44,6,7,2,10,13,1,1
1244,1943,Master,Divorced,145967,0,2,01-12-2012,55,254,309,338,661,265,248,4,6,8,11,18,0,1
1245,1982,PhD,Widow,105574,0,1,25-09-2013,84,191,199,281,223,114,401,0,14,10,11,16,0,1
1246,1975,Basic,Married,11418,0,0,17-06-2015,56,12,43,14,13,13,27,5,3,7,15,14,1,1
1247,1968,Master,Married,80337,2,2,18-02-2014,29,670,243,798,181,193,202,4,6,7,12,11,0,1
1248,1988,Basic,Single,110615,0,0,29-09-2015,22,866,365,674,266,248,294,2,8,1,1,9,0,1
1249,1944,PhD,Divorced,136842,1,1,18-09-2014,30,15,256,1152,396,332,679,0,9,3,12,8,0,0
1250,1953,Master,Divorced,130447,0,2,30-08-2014,45,23,387,784,385,268,87,6,2,4,12,2,0,1
1251,1987,Graduation,Widow,121124,0,2,16-07-2014,27,363,530,1115,597,232,84,2,7,5,12,0,0,1
1252,1975,Master,Widow,30334,0,1,22-06-2015,11,96,151,94,6,6,54,9,13,4,4,20,1,1
1253,1973,Graduation,Divorced,133583,2,2,12-03-2012,38,782,462,251,319,27,21,8,5,2,13,12,0,1
1254,1986,Master,Married,101687,2,2,14-10-2012,89,787,468,609,127,223,319,10,7,10,15,9,0,1
1255,1987,Graduation,Single,96750,1,0,22-02-2013,0,216,409,882,127,34,355,9,10,3,4,13,1,0
1256,1954,Graduation,Married,34087,1,1,31-05-2013,8,314,44,303,163,52,97,6,1,8,7,10,0,1
1257,1975,Master,Single,108237,0,2,27-01-2012,26,645,78,800,165,253,525,2,10,10,11,7,1,0
1258,1985,PhD,Single,84580,1,1,09-02-2012,75,705,374,587,229,263,51,3,9,1,15,6,1,0
1259,1942,Master,Widow,99915,0,1,25-09-2014,0,156,391,428,333,228,11,1,9,2,11,18,0,1
1260,1941,PhD,Single,24200,2,0,25-03-2015,11,147,117,17,60,25,4,0,0,3,11,14,1,0
1261,1945,Master,Widow,99468,2,2,24-10-2014,42,472,95,310,367,263,196,10,13,4,6,0,0,1
1262,2000,Basic,Divorced,91606,1,2,01-03-2014,56,770,118,820,8,257,204,1,13,7,11,5,1,0
1263,1945,Master,Married,97299,0,2,01-08-2013,72,151,229,333,112,311,134,4,15,4,7,15,1,0
1264,1957,PhD,Single,96269,2,1,03-04-2012,54,401,62,267,323,118,42,7,5,0,10,20,1,1
1265,1954,Master,Married,123833,2,1,28-05-2014,66,924,359,900,141,400,110,5,13,2,7,9,1,0
1266,1960,PhD,Married,20726,2,0,22-02-2015,91,181,84,84,47,25,4,8,3,3,0,2,1,1
1267,1951,Master,Single,108515,1,1,18-11-2012,9,386,359,652,278,189,230,6,10,4,13,10,1,1
1268,1977,PhD,Single,76676,1,2,03-07-2012,47,360,80,28,352,223,321,0,13,4,11,5,0,1
1269,1957,Graduation,Married,78293,1,0,08-06-2014,70,410,342,577,142,34,191,9,0,9,7,19,0,1
1270,1940,PhD,Widow,106479,1,1,30-07-2014,85,217,252,69,206,165,330,4,0,2,10,13,1,0
1271,1948,Master,Widow,116762,1,2,16-02-2015,26,868,397,21,24,281,53,3,13,10,10,18,0,0
1272,1998,Graduation,Divorced,82919,0,1,25-10-2014,54,560,73,572,258,145,375,6,13,5,14,20,1,1
1273,1988,Basic,Single,138971,0,2,07-05-2014,48,777,565,645,518,315,431,1,11,1,1,0,1,0
1274,1980,PhD,Single,96813,0,0,28-12-2015,41,660,193,948,119,150,169,8,10,7,4,0,1,0
1275,1995,Master,Widow,129775,1,2,24-12-2015,68,825,305,8,479,200,139,10,15,7,1,11,0,1
1276,1965,Basic,Single,93663,0,0,17-03-2014,39,893,7,169,218,304,234,3,6,3,2,20,0,0
1277,1972,Master,Divorced,49580,1,2,25-11-2014,66,288,182,178,182,16,25,0,2,4,11,15,0,0
1278,1959,PhD,Divorced,17642,2,2,23-12-2013,33,21,7,27,44,18,55,1,2,3,6,7,0,1
1279,1984,Basic,Divorced,42813,1,1,20-06-2013,20,64,132,200,173,48,37,3,3,5,6,11,1,0
1280,1962,Basic,Single,52332,0,2,19-07-2015,70,14,72,59,13,17,207,9,13,10,13,4,1,1
1281,1970,Basic,Married,145110,2,2,24-08-2012,7,61,2,415,99,70,335,1,9,8,9,10,1,1
1282,1987,Basic,Divorced,133952,1,2,03-09-2013,93,652,165,1170,169,170,588,10,1,5,12,3,0,0
1283,1992,PhD,Married,66954,2,1,11-03-2014,53,580,26,241,246,181,153,5,13,8,13,10,1,1
1284,1985,Graduation,Widow,149138,0,2,27-11-2012,90,600,126,91,248,482,321,1,15,2,1,19,1,0
1285,1950,PhD,Widow,26041,0,2,26-06-2014,89,75,115,242,40,48,52,4,14,0,0,5,0,1
1286,1940,Master,Single,72893,2,2,24-07-2012,2,283,32,390,154,12,339,4,1,6,0,20,1,0
1287,1949,Basic,Divorced,37344,0,0,29-10-2014,67,248,13,94,183,122,102,8,14,2,7,11,0,1
1288,1946,Basic,Widow,138490,2,2,11-01-2012,42,89,102,433,116,345,46,0,2,9,13,2,0,1
1289,1942,Basic,Single,118012,1,1,27-01-2015,39,919,390,517,381,171,399,3,0,6,4,9,1,0
1290,1983,Graduation,Divorced,37925,1,2,19-05-2012,67,222,186,105,180,14,87,2,4,7,3,0,0,1
1291,1977,PhD,Widow,23983,1,0,12-03-2013,78,146,16,76,110,36,106,4,10,0,8,3,1,0
1292,1979,PhD,Widow,144114,0,0,01-12-2013,84,489,289,838,610,390,540,3,5,9,9,2,0,0
1293,1951,Master,Divorced,120976,0,0,14-01-2012,94,714,159,1005,20,361,355,0,12,4,1,11,1,0
1294,1994,Graduation,Single,44063,1,1,07-08-2015,29,106,42,111,204,124,193,5,11,2,8,20,0,0
1295,1998,Graduation,Married,126048,1,0,19-07-2015,11,840,563,71,484,247,421,3,10,2,2,8,0,0
1296,1975,Master,Divorced,16745,1,2,08-07-2015,42,124,37,57,13,34,53,4,0,10,1,16,1,1
1297,1972,PhD,Widow,93580,2,2,12-09-2014,46,295,57,189,407,281,196,8,7,7,15,0,0,0
1298,1943,Master,Widow,45378,0,0,09-05-2014,90,127,17,452,12,133,127,2,4,4,5,18,1,0
1299,1986,Master,Widow,130219,2,2,27-10-2014,27,308,344,913,69,390,162,9,12,0,12,1,1,0
1300,1972,Graduation,Single,10097,2,1,09-02-2014,69,4,1,51,8,5,49,0,5,5,14,10,1,0
1301,1946,PhD,Single,91664,0,2,10-05-2015,75,60,126,618,284,202,173,6,1,5,0,13,1,1
1302,1992,Basic,Widow,121446,1,0,30-05-2013,44,1176,332,1123,439,267,549,7,1,7,14,19,1,0
1303,1979,Master,Married,120418,1,2,26-05-2013,40,485,184,583,192,174,378,8,3,4,4,6,1,1
1304,1961,PhD,Widow,37526,2,0,27-10-2015,68,70,87,152,27,16,62,10,2,6,3,20,1,0
1305,1985,Basic,Divorced,73625,1,0,21-02-2012,88,481,348,509,46,28,80,6,1,3,0,19,0,0
1306,1949,Graduation,Widow,94439,0,2,09-05-2015,24,341,338,823,150,55,431,3,8,9,10,2,0,0
1307,1974,PhD,Divorced,89170,1,0,26-05-2013,99,125,410,879,413,63,150,5,8,6,4,8,1,0
1308,1982,Basic,Single,108456,0,1,13-05-2015,98,707,348,865,516,285,106,6,4,7,10,10,0,1
1309,1989,Master,Married,129942,2,1,08-05-2015,44,962,143,481,72,294,553,2,3,5,5,10,1,1
1310,1992,PhD,Single,59712,0,1,03-07-2015,12,420,231,387,149,160,139,3,11,4,0,13,1,0
1311,1954,Basic,Divorced,76320,2,1,16-08-2014,57,151,225,350,28,82,79,9,13,9,5,7,1,0
1312,1977,Basic,Divorced,90952,0,2,28-01-2015,10,746,199,857,318,80,416,1,12,7,15,9,1,0
1313,1981,Graduation,Married,122000,2,1,16-05-2015,10,629,303,518,405,264,476,1,7,7,5,3,1,1
1314,1981,PhD,Divorced,66130,0,0,01-10-2012,54,567,52,290,243,8,79,6,10,6,14,12,0,0
1315,1960,Basic,Widow,33274,1,2,28-02-2015,71,118,159,193,124,2,139,1,1,1,2,10,1,0
1316,1956,Master,Widow,56939,2,0,08-10-2015,44,170,111,93,117,77,190,1,14,3,13,10,1,0
1317,1958,Master,Married,57507,2,0,02-08-2015,49,471,166,375,69,137,84,7,12,0,9,18,1,0
1318,1948,Basic,Widow,110527,1,0,20-11-2012,95,221,78,587,302,221,268,2,15,9,6,12,0,1
1319,1981,PhD,Widow,85385,0,0,27-10-2012,61,342,151,592,266,73,89,2,13,10,5,9,1,0
1320,1968,PhD,Married,69832,2,2,30-09-2014,92,440,42,604,248,104,126,3,9,3,4,13,1,1
1321,1953,PhD,Single,31366,0,0,10-12-2015,74,69,30,44,50,13,63,1,3,10,11,8,1,0
1322,1988,PhD,Widow,74255,0,0,09-12-2013,17,173,51,658,198,149,177,3,7,0,6,19,0,0
1323,1983,Master,Divorced,55301,0,0,16-06-2014,94,265,124,410,167,68,236,10,13,3,15,18,0,1
1324,1991,Basic,Divorced,73550,1,1,30-06-2012,21,191,271,239,43,185,188,9,13,7,1,7,0,1
1325,1996,Basic,Widow,21054,2,1,06-08-2015,85,170,6,12,101,28,56,1,12,1,4,13,0,1
1326,1990,Graduation,Widow,23884,2,0,19-08-2012,83,89,85,220,93,78,34,4,13,10,14,14,1,0
1327,2000,PhD,Married,143237,2,1,20-02-2014,35,572,422,648,456,199,97,10,10,2,13,11,0,0
1328,1994,Master,Married,125536,2,0,16-01-2015,66,1194,542,397,401,102,386,2,8,1,11,11,1,1
1329,1962,PhD,Married,106877,0,1,08-11-2015,81,140,90,24,445,257,65,3,3,0,11,5,1,0
1330,1973,Graduation,Single,59039,2,1,05-08-2013,66,451,63,239,172,39,123,7,5,1,12,3,0,1
1331,1984,PhD,Divorced,36989,1,1,28-06-2014,92,148,11,167,26,112,43,2,15,6,13,5,0,0
1332,1991,Graduation,Divorced,13091,1,0,26-08-2014,80,49,11,114,9,26,49,6,9,1,12,13,0,1
1333,1996,Basic,Single,132163,2,2,23-05-2012,11,44,292,623,645,225,445,4,13,0,9,14,1,0
1334,1951,Basic,Married,35733,1,1,19-02-2015,28,261,54,43,6,36,107,8,6,0,7,18,1,0
1335,1961,PhD,Married,61579,1,0,02-08-2014,12,334,292,66,43,176,17,10,1,1,14,11,1,0
1336,1957,Master,Widow,15338,2,1,24-12-2015,82,108,19,56,59,51,51,2,0,7,11,11,0,0
1337,1945,Basic,Divorced,109766,1,0,13-01-2012,21,339,2,543,119,107,15,0,1,9,9,4,0,0
1338,1959,Basic,Single,84841,2,1,26-10-2014,6,183,384,454,418,41,207,7,9,9,15,12,1,1
1339,1959,Master,Widow,30956,2,2,18-11-2015,54,284,125,211,124,78,7,6,11,9,11,8,1,0
1340,1954,Basic,Single,87223,1,1,20-11-2014,49,602,357,585,72,248,96,1,5,1,3,17,0,0
1341,1947,Graduation,Divorced,72874,2,2,09-09-2013,9,418,216,208,197,126,188,0,9,3,0,5,1,1
1342,1980,Basic,Single,111889,2,1,06-05-2015,66,335,268,443,382,26,281,2,5,2,10,20,0,1
1343,1964,Master,Divorced,134021,2,1,14-08-2014,28,328,164,417,516,334,306,3,15,5,11,17,0,0
1344,1954,PhD,Married,78473,0,0,28-08-2013,40,481,194,412,53,97,358,5,7,5,9,10,0,1
1345,1997,Graduation,Divorced,16485,2,0,11-11-2015,48,30,77,37,24,5,23,5,3,2,4,0,0,0
1346,1979,Basic,Married,135599,2,0,18-10-2012,59,101,60,1000,410,58,98,3,1,5,3,4,0,1
1347,1970,Basic,Single,103483,2,1,30-05-2012,7,438,442,97,259,189,105,5,11,0,15,4,0,0
1348,1943,Master,Widow,114193,1,2,23-06-2012,89,904,37,618,469,89,386,10,9,8,0,11,1,0
1349,1940,PhD,Single,61589,0,2,17-10-2014,72,499,249,534,95,50,277,0,13,8,5,4,0,0
1350,1977,Master,Single,74824,1,0,15-05-2013,23,691,188,70,156,20,142,2,11,0,10,18,1,1
1351,1968,PhD,Divorced,102274,1,2,18-09-2012,29,852,437,391,175,172,335,9,1,8,5,13,0,0
1352,1954,Master,Married,72428,1,0,08-06-2012,72,40,0,264,183,4,347,2,14,1,6,3,0,0
1353,1971,Graduation,Divorced,77861,1,2,07-08-2013,47,726,84,158,321,16,378,10,7,0,12,6,0,0
1354,1960,PhD,Single,49579,2,2,06-12-2012,73,435,96,382,205,149,134,5,6,10,1,2,0,0
1355,1952,PhD,Widow,62248,2,0,19-10-2013,18,499,151,116,270,83,106,2,15,5,9,19,0,0
1356,1981,Graduation,Widow,109042,1,1,28-07-2012,10,580,104,26,519,158,93,3,13,4,10,15,0,1
1357,1954,Basic,Single,115988,1,0,19-11-2014,34,1112,131,705,10,43,225,7,12,7,11,15,0,1
1358,1960,Basic,Divorced,106113,0,2,05-06-2014,68,185,79,892,241,229,28,0,0,10,13,11,0,1
1359,1957,PhD,Married,51558,1,1,05-09-2013,12,171,155,142,62,144,209,4,15,5,0,1,0,0
1360,2000,Graduation,Married,11517,2,1,23-06-2014,37,107,29,100,55,27,13,1,4,10,1,18,1,1
1361,1995,Master,Widow,86515,0,0,18-06-2014,49,95,376,679,411,229,316,4,5,5,6,10,1,0
1362,1956,Master,Single,147233,2,1,13-10-2014,34,735,331,167,189,466,185,7,5,8,11,6,1,0
1363,1979,PhD,Divorced,108522,0,2,29-11-2015,21,304,257,355,338,344,353,8,6,9,0,13,0,1
1364,1998,Basic,Single,49048,1,1,27-01-2012,72,118,239,346,97,102,94,0,4,5,3,18,0,0
1365,1986,Master,Married,135316,1,1,07-02-2014,27,1191,428,683,586,436,12,8,15,6,1,1,0,0
1366,1988,Basic,Married,64492,2,0,12-04-2015,88,136,78,76,127,59,154,5,2,0,2,20,0,0
1367,1989,Graduation,Widow,142805,0,1,17-05-2015,36,112,420,881,263,52,13,6,12,3,0,18,0,0
1368,1975,PhD,Married,39749,1,1,02-06-2012,6,231,137,78,118,91,72,2,13,5,14,14,1,0
1369,1941,Graduation,Divorced,114040,1,0,12-11-2014,22,142,481,938,308,76,505,5,8,8,7,19,0,0
1370,1989,Master,Divorced,104567,2,1,24-11-2014,28,321,12,99,344,267,444,3,13,10,8,10,0,1
1371,1976,PhD,Divorced,81029,0,2,30-12-2015,66,525,156,523,144,242,16,9,8,2,13,1,1,0
1372,1954,Basic,Married,56209,2,2,15-09-2012,90,318,179,98,48,8,40,6,6,0,0,2,1,1
1373,1940,PhD,Widow,105893,1,2,13-07-2014,32,254,282,473,52,345,75,0,0,5,8,7,1,1
1374,1981,Master,Divorced,84599,1,0,12-12-2012,60,280,358,810,182,66,151,3,7,6,2,20,1,0
1375,1959,PhD,Divorced,82385,1,1,29-08-2014,36,749,314,429,402,95,21,2,8,6,7,16,0,1
1376,1995,Master,Single,141430,1,1,12-01-2015,56,809,440,1015,446,26,447,5,6,9,7,0,1,0
1377,1998,Master,Married,22729,1,0,01-07-2014,13,72,71,165,111,49,83,2,14,5,9,14,0,1
1378,1994,PhD,Single,69011,1,1,02-06-2012,46,69,253,139,158,159,46,9,12,1,7,4,1,1
1379,1954,PhD,Widow,100195,0,2,09-09-2015,23,45,279,744,301,313,290,2,5,9,7,9,1,0
1380,1985,PhD,Divorced,39191,0,0,13-08-2015,4,246,158,67,164,42,67,3,9,1,5,18,1,0
1381,1981,Graduation,Married,123181,1,0,16-11-2013,93,902,274,1002,498,76,556,0,7,3,3,7,1,0
1382,1988,Master,Widow,106427,1,2,28-07-2013,75,630,358,542,234,339,213,7,6,7,7,9,0,0
1383,1993,Master,Divorced,125624,1,0,29-11-2012,92,766,200,62,496,216,373,10,12,1,13,12,1,1
1384,1988,Graduation,Single,59723,2,2,06-09-2014,21,562,95,259,43,177,53,4,11,5,13,6,1,0
1385,1985,Basic,Single,121726,2,1,20-12-2014,82,113,126,753,488,83,23,5,0,2,8,11,1,0
1386,1986,Master,Single,22334,0,2,12-07-2015,69,81,40,212,12,74,101,7,10,9,1,0,1,0
1387,1976,Basic,Married,50067,0,0,21-07-2013,88,312,164,246,38,157,231,2,4,6,6,6,1,0
1388,1944,PhD,Single,109420,1,2,24-07-2013,58,435,210,868,155,67,504,8,14,4,5,7,1,0
1389,2000,PhD,Widow,149403,1,1,22-09-2013,5,1474,128,1132,539,354,729,5,15,9,12,13,0,0
1390,1983,PhD,Widow,81749,1,0,31-08-2013,33,651,176,760,320,67,281,9,0,7,11,3,1,1
1391,1977,Master,Married,38380,2,2,02-03-2014,32,295,168,73,182,99,176,7,9,2,2,16,1,1
1392,1959,Basic,Divorced,53031,0,0,10-05-2013,48,67,169,476,128,169,117,5,15,2,3,0,1,0
1393,1972,Graduation,Widow,15933,0,2,02-01-2013,89,29,8,30,69,8,48,0,9,2,9,5,1,0
1394,1969,PhD,Married,101866,0,0,17-05-2013,54,849,474,319,16,132,133,8,13,2,5,6,1,1
1395,1953,PhD,Single,30286,0,0,09-09-2014,18,158,148,60,56,67,130,2,3,0,8,4,0,1
1396,1943,Master,Married,127136,1,0,05-09-2014,72,239,596,1179,217,71,469,5,2,4,12,6,0,1
1397,1958,Basic,Widow,44653,0,2,27-02-2015,82,30,28,286,138,123,53,4,10,0,10,16,0,0
1398,1970,Graduation,Divorced,56392,2,1,08-01-2012,11,280,231,382,172,41,121,2,10,10,12,3,1,0
1399,1964,PhD,Single,111617,2,2,17-07-2013,50,833,453,370,398,67,498,4,4,4,7,17,1,1
1400,1940,Graduation,Married,101162,0,0,03-09-2014,64,147,341,222,229,227,263,8,3,9,2,2,1,1
1401,1998,Master,Divorced,107424,2,0,16-05-2014,77,756,180,748,283,63,333,4,6,1,11,18,0,0
1402,1967,Master,Married,94044,2,0,04-07-2015,63,550,237,918,402,0,165,7,12,4,9,7,1,1
1403,1968,PhD,Single,115543,0,2,07-11-2014,31,994,128,574,499,47,90,5,6,1,9,11,1,0
1404,1949,PhD,Married,48732,1,0,24-03-2015,74,286,79,50,19,26,3,7,8,7,14,15,0,1
1405,1952,Basic,Widow,135896,0,1,16-10-2013,31,442,255,921,313,140,67,9,1,0,1,9,0,1
1406,1956,Basic,Single,77311,1,1,08-12-2015,39,549,98,616,105,128,64,7,8,6,1,14,1,1
1407,1941,PhD,Widow,70593,1,1,16-07-2013,79,613,350,394,111,176,98,7,4,7,3,9,1,1
1408,1995,Graduation,Married,74184,2,2,23-10-2012,3,64,7,555,231,17,206,9,7,0,2,0,0,0
1409,1995,PhD,Single,36023,1,0,26-07-2012,87,275,125,5,5,102,71,4,14,9,15,6,0,1
1410,1980,Graduation,Single,41778,0,0,29-09-2015,6,185,163,157,208,52,131,4,3,9,8,11,0,1
1411,1978,Graduation,Divorced,85074,0,2,01-12-2014,25,82,12,16,73,249,148,4,6,0,7,9,1,1
1412,1994,Basic,Married,48423,1,2,09-01-2012,23,282,132,196,139,8,221,0,11,5,2,3,1,0
1413,1965,Graduation,Widow,84400,0,0,20-08-2012,48,127,92,381,7,95,172,6,5,8,1,13,0,0
1414,1983,Basic,Widow,135954,1,2,24-04-2012,58,587,122,1161,138,220,278,1,5,2,8,19,0,0
1415,1968,Basic,Divorced,105469,2,1,01-09-2014,73,146,149,762,310,240,89,2,5,8,10,9,1,1
1416,1980,PhD,Single,24294,2,1,08-12-2015,17,88,33,123,37,2,19,0,13,6,9,16,0,0
1417,1984,Graduation,Divorced,78994,1,1,18-07-2012,94,22,344,544,345,253,77,5,0,0,15,5,0,1
1418,1951,Basic,Divorced,108627,2,2,12-04-2014,36,633,454,234,307,348,493,4,1,5,2,11,1,1
1419,1975,Master,Married,31179,2,2,03-01-2012,18,299,30,281,46,96,141,10,10,5,6,4,0,1
1420,1980,PhD,Widow,23469,2,0,06-05-2014,64,28,103,100,70,53,109,10,6,6,1,8,0,0
1421,1949,Graduation,Single,10656,0,1,27-05-2015,98,52,37,99,20,4,45,9,0,1,5,7,0,1
1422,1961,Graduation,Divorced,50400,2,1,09-04-2012,7,29,129,24,89,61,90,3,7,3,15,5,0,0
1423,1992,Master,Widow,111549,1,0,25-02-2015,83,753,455,348,245,210,134,9,14,9,1,17,1,0
1424,1961,Master,Divorced,69958,2,0,07-06-2012,11,660,286,698,91,203,250,9,2,10,14,8,1,1
1425,1970,PhD,Married,35226,0,1,25-02-2015,8,222,3,281,80,35,160,3,12,9,15,5,0,1
1426,1967,PhD,Widow,34265,1,1,01-02-2012,76,71,104,152,32,93,27,10,5,8,6,0,0,1
1427,1941,Basic,Divorced,13967,1,0,23-07-2014,28,46,15,56,41,16,65,0,7,3,3,5,0,1
1428,1985,Master,Widow,139062,1,0,03-03-2012,80,953,674,966,59,368,460,10,3,8,2,0,1,1
1429,1980,Graduation,Single,67847,1,0,25-01-2014,91,549,132,488,13,128,268,4,3,1,9,2,1,1
1430,1958,Graduation,Single,80018,1,0,19-03-2014,22,664,242,220,164,147,98,9,4,0,7,12,0,0
1431,1982,Graduation,Married,29037,1,0,18-10-2015,34,162,145,267,61,81,127,3,6,3,4,2,0,0
1432,1941,Graduation,Single,14287,2,0,19-09-2013,76,25,58,67,65,41,4,0,14,4,7,15,0,0
1433,1950,Graduation,Divorced,103016,0,0,13-10-2012,12,517,280,913,269,230,156,1,1,10,10,4,0,1
1434,1948,Basic,Married,66515,1,1,30-09-2014,83,479,204,52,83,221,274,8,3,10,15,5,0,1
1435,1985,Basic,Single,40145,1,1,16-06-2013,88,110,24,46,192,25,9,0,14,2,7,8,1,0
1436,1946,PhD,Widow,71230,2,2,26-06-2012,24,599,221,638,266,83,113,6,7,2,6,2,1,1
1437,1988,Basic,Single,38555,1,2,11-11-2014,35,327,32,264,66,98,156,10,3,0,15,3,1,1
1438,1944,Master,Divorced,67940,2,2,11-01-2014,14,287,94,409,36,121,307,4,12,9,5,13,0,1
1439,1991,Graduation,Married,121138,2,2,13-01-2012,93,929,391,1102,26,84,154,3,6,1,3,5,1,1
1440,1968,Basic,Single,90131,2,0,19-06-2012,77,452,3,846,359,135,309,10,11,3,0,12,0,1
1441,1946,Basic,Single,28497,1,0,23-08-2015,98,258,131,160,44,77,67,2,11,0,13,6,0,0
1442,1990,Basic,Widow,140613,0,0,13-03-2014,14,1394,491,780,149,262,564,4,6,8,5,17,0,1
1443,1949,Graduation,Divorced,142818,0,0,28-03-2015,70,1347,374,206,113,277,143,2,9,10,12,11,1,1
1444,1963,PhD,Widow,42318,0,0,05-08-2015,15,398,175,106,126,34,197,2,8,2,7,17,0,0
1445,1975,PhD,Widow,126409,2,2,13-07-2013,70,796,92,490,5,121,343,7,12,4,6,5,0,0
1446,1941,Basic,Single,92126,2,1,13-10-2014,4,135,95,275,274,179,425,6,11,6,6,6,1,0
1447,1986,PhD,Single,147584,1,1,14-03-2013,28,451,79,493,545,392,384,9,14,2,0,12,1,0
1448,1954,Basic,Divorced,142715,1,2,23-09-2014,9,1136,50,1353,449,32,556,1,1,7,3,12,1,0
1449,1950,Basic,Single,20667,1,0,04-12-2014,89,195,103,28,44,19,13,10,13,4,9,18,0,0
1450,1973,PhD,Married,146891,2,1,17-07-2014,51,1056,14,868,683,325,418,5,0,0,5,19,0,1
1451,1958,Master,Married,26081,2,0,08-08-2014,8,253,130,238,56,8,57,4,11,9,9,2,1,0
1452,1943,Master,Single,67903,2,1,01-12-2014,53,482,48,539,115,76,289,10,5,6,9,17,0,0
1453,1942,Graduation,Divorced,123564,1,2,27-12-2015,39,63,171,1084,269,165,394,8,1,5,7,0,0,1
1454,1947,Basic,Widow,141800,0,0,07-01-2014,38,1375,141,1349,545,103,55,0,9,1,0,1,1,1
1455,1959,Master,Widow,133294,0,1,24-03-2012,9,427,306,943,123,214,141,2,2,0,2,2,0,1
1456,1953,Basic,Married,41848,0,1,07-10-2013,91,138,49,367,45,28,29,1,11,9,8,13,0,0
1457,1992,Master,Divorced,125166,2,0,01-07-2014,83,1124,251,1050,57,166,365,2,8,10,15,14,1,0
1458,1949,Master,Widow,146402,0,1,11-04-2015,54,1238,613,181,380,255,359,1,2,6,3,1,1,0
1459,1975,Graduation,Married,136255,1,1,20-06-2014,32,311,574,1164,507,410,208,2,3,3,1,19,0,0
1460,1998,Basic,Widow,23327,0,1,28-05-2014,97,50,99,226,71,19,75,2,9,4,12,19,1,0
1461,1981,Graduation,Married,29964,0,0,14-06-2013,2,291,15,114,68,3,109,6,9,8,1,10,1,0
1462,1946,PhD,Married,41274,2,2,13-10-2014,99,181,99,131,71,119,68,10,9,10,6,10,0,0
1463,1948,Master,Widow,55334,2,0,01-05-2015,57,442,182,27,254,164,119,10,7,9,13,6,0,0
1464,1985,Master,Divorced,44668,2,1,13-08-2012,27,77,214,421,221,112,143,2,14,7,15,6,1,0
1465,1976,Master,Single,70887,1,2,15-05-2015,28,620,117,548,248,11,310,6,4,3,15,19,1,0
1466,1982,Basic,Married,60283,0,2,09-04-2015,63,103,59,497,301,106,156,2,3,8,10,1,1,0
1467,1946,PhD,Widow,65710,0,0,07-02-2013,57,327,186,147,29,141,307,0,12,6,11,20,1,0
1468,1977,PhD,Single,82507,1,2,27-04-2012,21,368,12,449,175,164,393,7,12,10,14,12,0,0
1469,1982,Master,Single,104083,2,0,25-11-2014,14,810,304,457,162,92,266,5,11,10,3,16,1,0
1470,1945,Basic,Married,30034,0,2,28-09-2014,91,273,57,44,138,79,49,0,2,10,6,15,0,0
1471,1951,Basic,Married,49005,0,1,02-04-2014,65,149,11,92,68,26,112,2,0,5,1,9,0,1
1472,1968,PhD,Married,122971,1,0,02-03-2014,45,381,329,302,129,335,402,8,13,6,11,2,0,0
1473,1947,Basic,Widow,82771,1,0,20-02-2015,55,171,90,316,305,226,196,9,12,4,14,12,0,0
1474,1991,Graduation,Divorced,71993,0,2,18-10-2015,31,191,186,289,87,239,141,3,1,0,7,0,1,1
1475,1954,PhD,Single,147365,1,1,20-01-2012,16,209,203,1400,632,198,224,1,13,7,10,13,0,0
1476,1972,PhD,Divorced,97769,0,2,29-08-2014,24,346,462,713,154,119,48,3,0,7,0,0,0,1
1477,1966,Basic,Divorced,38490,2,0,07-11-2013,64,82,78,107,33,103,35,3,9,9,8,14,1,1
1478,1953,Graduation,Single,41362,2,1,18-06-2012,100,40,194,372,43,107,108,7,3,0,15,6,1,0
1479,1960,PhD,Single,49135,2,2,27-10-2015,85,418,166,303,109,101,185,4,2,5,2,14,0,1
1480,1998,Master,Divorced,145787,2,2,30-07-2012,87,1251,331,737,144,455,463,2,13,8,8,16,1,0
1481,1942,Master,Widow,68580,0,2,07-10-2012,99,190,341,501,107,111,178,3,4,3,14,2,0,1
1482,1944,Master,Single,62295,0,1,05-05-2015,44,438,171,37,0,19,309,4,6,1,15,12,1,1
1483,1950,Graduation,Single,144174,0,0,17-09-2013,72,214,3,1217,249,287,75,4,12,5,12,0,1,1
1484,1984,PhD,Divorced,119005,1,2,18-08-2015,78,1033,518,182,595,99,58,4,6,10,5,8,0,0
1485,1943,Master,Widow,60421,2,0,16-02-2014,26,446,3,286,206,51,52,4,5,4,9,9,0,1
1486,1970,Basic,Single,107859,2,1,22-09-2014,73,836,483,285,492,306,164,7,5,5,8,6,0,0
1487,1961,PhD,Widow,112364,1,0,09-10-2013,32,479,34,956,38,317,339,2,7,6,0,15,1,1
1488,1971,PhD,Divorced,80191,0,0,24-02-2012,33,585,185,433,265,4,140,6,0,0,12,5,0,0
1489,1987,PhD,Single,53631,0,1,22-12-2015,16,481,192,212,169,159,209,10,0,4,8,19,1,0
1490,1945,PhD,Divorced,26404,1,1,14-11-2013,18,210,78,111,96,68,93,6,8,2,15,9,1,0
1491,1952,Master,Single,80627,2,2,26-05-2014,50,666,275,509,342,50,381,2,9,10,10,18,0,1
1492,1975,Basic,Single,16703,2,0,31-12-2015,37,160,53,86,56,28,14,6,11,4,5,5,1,0
1493,1970,Master,Married,103050,1,0,26-11-2014,72,717,208,684,154,293,104,6,1,6,2,7,1,1
1494,1961,Graduation,Single,54062,0,0,24-06-2015,64,82,203,367,53,42,100,8,1,5,6,7,0,1
1495,1958,Basic,Widow,69223,2,1,24-04-2012,24,555,315,664,102,36,346,7,12,10,7,3,0,0
1496,1954,Basic,Married,131416,1,2,12-06-2013,4,19,275,266,54,108,629,4,2,8,7,18,0,1
1497,1988,Graduation,Single,71147,1,1,24-05-2013,39,350,194,353,120,202,106,0,8,9,1,4,0,0
1498,1979,PhD,Married,31678,1,1,24-09-2014,8,33,100,107,19,30,129,10,10,3,7,19,1,1
1499,1962,Basic,Divorced,117087,1,1,26-03-2014,38,347,362,567,94,10,554,6,12,8,12,15,1,1
1500,1982,PhD,Widow,115944,1,2,06-05-2012,96,490,122,675,357,328,456,6,8,2,5,7,1,1
1501,1968,Master,Divorced,49012,0,0,01-07-2013,1,11,26,458,163,158,178,10,3,7,5,12,1,1
1502,1973,Master,Married,141960,0,0,27-05-2012,49,298,402,533,405,276,529,6,10,9,0,3,0,1
1503,1979,Basic,Divorced,45650,0,0,16-06-2013,10,387,56,403,146,26,87,8,6,8,13,10,0,0
1504,1953,Graduation,Single,47682,2,1,28-04-2014,11,5,48,127,9,155,198,5,5,10,3,14,1,1
1505,1951,Graduation,Married,53886,0,1,07-12-2012,62,440,118,243,40,92,202,6,12,3,13,20,0,0
1506,1955,Master,Single,135370,2,1,25-01-2012,9,27,84,206,216,379,630,5,2,5,1,18,1,1
1507,1970,Basic,Single,21876,2,1,13-05-2014,38,18,105,75,29,20,96,6,15,10,12,8,1,1
1508,1968,PhD,Married,116919,0,2,10-06-2013,21,364,300,543,455,306,407,10,15,1,3,10,0,0
1509,1959,Graduation,Single,73120,2,0,01-09-2012,31,505,257,459,210,206,290,5,13,10,1,2,1,1
1510,1974,Basic,Single,22641,0,2,24-02-2012,45,61,63,221,19,28,12,0,14,7,8,5,0,1
1511,1977,PhD,Widow,49828,2,2,16-07-2013,53,498,219,188,91,38,86,0,14,2,10,20,0,1
1512,1968,Master,Divorced,105125,0,2,01-11-2013,45,549,76,852,206,181,76,10,1,2,7,13,1,1
1513,1979,Master,Single,91032,2,0,09-01-2012,46,901,367,210,379,94,81,2,5,10,14,14,1,1
1514,1983,Graduation,Married,79366,1,1,01-12-2015,36,324,133,54,190,180,133,2,12,2,4,12,0,0
1515,1970,Master,Married,80501,0,0,05-05-2014,53,66,353,709,340,164,243,3,2,10,11,10,1,0
1516,1990,Graduation,Divorced,127013,1,2,19-02-2014,31,1058,313,511,427,212,203,7,14,8,10,0,0,0
1517,1965,Graduation,Widow,66937,0,0,17-10-2014,76,191,118,526,176,119,315,9,0,8,13,6,0,1
1518,1946,Master,Divorced,106234,1,0,14-01-2014,82,779,363,308,300,312,1,7,0,6,2,11,1,0
1519,1996,PhD,Single,25997,2,0,03-05-2013,56,214,9,219,75,26,62,4,1,3,13,2,0,1
1520,1958,PhD,Divorced,17869,1,2,30-10-2014,23,113,66,80,60,38,49,7,9,4,3,10,0,1
1521,1980,PhD,Widow,33820,0,2,15-04-2012,1,155,74,293,68,96,92,1,1,7,9,17,0,1
1522,1974,Basic,Single,46836,2,0,13-11-2014,71,347,41,1,109,104,129,0,6,6,14,17,1,1
1523,2000,Basic,Single,81128,1,2,23-08-2013,9,237,240,141,267,57,43,5,5,0,10,11,1,1
1524,1998,Graduation,Single,142512,0,0,06-02-2013,39,1064,238,163,533,196,46,10,13,5,1,4,0,1
1525,1998,PhD,Single,73413,2,1,26-04-2012,38,396,283,263,271,181,329,2,3,2,11,7,0,1
1526,1968,Graduation,Single,12785,2,2,29-11-2014,41,123,15,117,14,41,14,4,1,3,5,14,0,0
1527,1962,Basic,Divorced,94917,2,0,04-10-2014,64,446,43,187,245,189,107,9,7,7,3,11,0,1
1528,1954,Master,Married,120233,0,1,20-05-2014,21,980,456,1123,150,380,93,2,12,4,13,16,0,0
1529,1943,Graduation,Widow,65953,0,0,21-06-2015,24,160,171,475,153,40,189,3,11,6,1,1,0,1
1530,2000,Basic,Widow,129074,1,2,23-05-2013,25,415,297,600,173,168,43,5,3,8,15,5,1,0
1531,1994,PhD,Married,144232,0,0,29-12-2012,46,819,54,1018,253,14,368,4,10,6,10,18,0,1
1532,1960,Basic,Widow,62361,0,0,25-07-2015,50,437,71,52,223,103,283,3,2,8,3,8,1,1
1533,1969,Master,Married,145007,0,1,22-03-2014,57,368,123,902,310,383,702,8,6,1,15,12,1,0
1534,1968,PhD,Divorced,128038,1,0,12-07-2014,1,461,313,216,121,45,170,1,7,6,11,2,0,1
1535,1984,Basic,Single,90241,2,2,29-02-2012,57,70,296,277,66,239,59,10,0,10,10,5,1,1
1536,1993,Master,Single,135443,2,1,26-04-2014,9,861,398,747,129,299,332,2,3,1,7,2,1,0
1537,1960,PhD,Married,36292,1,0,26-04-2012,90,106,40,264,142,55,109,0,8,1,15,13,0,1
1538,2000,PhD,Divorced,57575,1,1,02-09-2014,11,142,125,214,54,43,176,8,5,9,9,3,1,1
1539,1991,Graduation,Single,16709,2,0,01-01-2014,29,78,55,83,35,51,43,6,4,10,1,19,0,0
1540,1981,PhD,Widow,87690,2,0,12-07-2015,10,204,268,617,204,275,338,10,14,5,14,17,0,1
1541,1958,Master,Widow,45624,1,0,08-07-2015,33,428,148,305,194,60,128,3,0,9,0,7,0,1
1542,1971,Graduation,Divorced,35725,1,0,24-11-2013,12,217,153,262,129,91,124,9,9,9,4,12,1,1
1543,1990,Basic,Married,72998,0,1,11-09-2014,21,129,286,657,67,235,254,0,6,10,8,20,0,1
1544,1947,Graduation,Married,87106,0,1,14-04-2014,95,164,73,547,329,158,215,4,15,5,8,16,0,1
1545,1968,Master,Married,138207,2,1,13-08-2014,73,673,140,1201,141,5,276,1,2,9,15,18,0,1
1546,1968,Master,Single,145366,2,2,05-07-2012,16,732,714,146,133,396,447,7,14,3,7,0,0,1
1547,1999,PhD,Married,43212,0,0,18-11-2012,26,42,165,406,45,73,38,1,14,10,8,13,1,0
1548,1982,Basic,Widow,52105,2,0,13-01-2013,68,185,85,454,188,165,121,2,0,1,13,12,0,1
1549,1981,Graduation,Widow,119275,2,1,09-12-2013,47,702,153,356,386,93,135,0,5,10,11,12,1,0
1550,1998,PhD,Divorced,78902,1,2,09-03-2013,54,106,357,415,55,174,299,9,4,1,7,11,1,1
1551,1956,PhD,Widow,36612,2,1,18-09-2014,47,51,176,117,49,89,27,9,9,3,7,20,0,1
1552,1955,Basic,Widow,124094,0,2,11-09-2015,50,73,269,196,575,342,573,1,9,9,9,4,0,1
1553,1977,Master,Divorced,95242,2,1,03-05-2015,31,202,436,218,336,110,211,10,6,7,0,4,0,0
1554,1949,PhD,Single,128185,2,0,25-06-2015,55,668,133,12,412,76,180,2,3,4,0,14,0,0
1555,1998,Basic,Divorced,34196,2,1,15-09-2013,36,116,3,163,98,17,142,7,3,9,0,7,0,1
1556,1971,Basic,Married,138926,1,2,29-03-2015,93,807,669,336,505,25,355,9,3,6,1,3,0,0
1557,1954,Master,Single,35996,2,1,01-01-2013,65,170,128,328,50,63,130,1,5,1,5,2,1,0
1558,1957,PhD,Divorced,110823,0,2,02-07-2012,47,299,437,264,157,211,485,3,3,2,5,7,0,0
1559,1961,Basic,Widow,109506,0,2,05-02-2012,94,1073,176,160,4,285,199,5,15,10,1,17,1,0
1560,1947,Master,Divorced,37829,0,1,11-06-2015,96,54,3,349,152,82,35,8,9,8,10,5,1,1
1561,1954,Graduation,Single,116134,0,2,30-06-2013,7,699,233,960,181,356,286,8,3,8,10,0,1,0
1562,1998,Master,Married,61292,1,0,22-10-2012,5,132,226,156,284,31,129,4,8,3,10,20,0,0
1563,1971,PhD,Divorced,60646,0,1,05-09-2012,69,270,16,308,62,158,50,3,4,7,5,14,0,0
1564,1971,PhD,Divorced,38865,1,2,15-07-2015,12,50,167,285,175,117,45,10,4,3,14,19,0,1
1565,1959,Basic,Widow,103703,0,2,29-06-2014,35,991,15,852,490,131,34,3,4,7,14,3,1,0
1566,1972,Master,Widow,48013,2,1,30-03-2014,30,2,236,260,102,114,109,3,15,5,14,11,0,1
1567,1943,Basic,Single,36805,0,0,07-07-2014,82,204,163,17,165,106,127,5,4,9,12,13,0,1
1568,1958,Master,Divorced,11195,2,2,31-03-2014,47,58,8,51,45,15,34,7,12,4,5,1,1,1
1569,1981,Basic,Widow,103122,0,0,23-11-2012,26,930,432,656,468,203,130,5,6,6,11,15,0,1
1570,1954,PhD,Divorced,117703,2,1,29-01-2012,37,1000,294,912,537,274,182,4,12,4,14,14,1,1
1571,1989,PhD,Divorced,32714,2,2,08-02-2014,99,114,21,31,106,6,105,9,0,3,15,10,1,0
1572,1978,Graduation,Single,45997,2,1,20-11-2015,41,317,34,421,153,35,225,8,8,0,0,14,0,0
1573,1978,Graduation,Divorced,131819,1,1,08-12-2013,86,795,125,1301,230,48,188,7,2,8,15,12,1,0
1574,1957,PhD,Divorced,39349,0,0,31-08-2013,91,350,2,152,135,34,15,6,11,5,9,12,1,0
1575,1945,Basic,Married,118937,0,1,26-03-2014,45,91,514,85,415,390,165,7,3,3,15,2,1,1
1576,1994,PhD,Single,143504,2,1,27-07-2012,94,971,329,1366,252,328,172,6,6,5,0,20,1,0
1577,1959,Graduation,Widow,72399,2,1,28-08-2015,68,356,278,448,232,51,65,4,12,5,12,7,0,0
1578,1984,Master,Married,17777,2,1,20-10-2015,89,115,88,157,41,57,50,4,15,7,1,1,1,0
1579,1949,Graduation,Widow,122654,1,0,02-09-2013,1,689,308,793,400,30,510,3,2,8,7,20,1,0
1580,1940,Master,Single,17673,2,1,13-11-2015,55,13,78,159,69,35,82,8,8,2,12,11,0,1
1581,1974,Master,Divorced,80263,2,0,07-10-2013,8,220,39,780,140,59,245,2,5,6,13,4,0,0
1582,1989,PhD,Married,64889,1,1,15-09-2014,40,76,189,602,172,154,198,1,5,6,12,0,1,1
1583,1981,Graduation,Divorced,43218,1,1,04-02-2015,28,234,80,24,71,72,176,4,1,2,10,9,0,0
1584,1945,Basic,Widow,133591,1,2,02-10-2015,85,423,193,429,565,87,555,7,6,9,13,12,1,0
1585,1988,PhD,Single,125792,0,2,23-04-2014,24,654,433,463,33,338,497,3,3,0,13,14,1,1
1586,1963,PhD,Widow,133496,1,1,04-08-2015,7,1107,440,396,128,343,515,6,1,5,3,16,0,1
1587,1998,Basic,Divorced,29201,0,1,28-01-2015,28,245,32,151,1,73,56,3,11,0,14,19,0,1
1588,1966,Graduation,Widow,69172,2,0,16-04-2015,99,470,75,644,311,29,304,6,11,2,12,2,0,1
1589,1970,Graduation,Single,82296,0,1,17-07-2013,84,553,59,435,350,115,70,9,8,10,4,15,0,1
1590,1981,Graduation,Widow,107618,1,0,08-11-2014,33,885,184,420,160,177,249,8,4,5,15,1,0,0
1591,1988,PhD,Widow,28433,2,2,19-08-2014,2,53,28,50,68,26,11,8,2,9,15,12,0,1
1592,1953,Master,Divorced,144423,1,1,14-05-2014,17,659,405,101,87,274,478,2,0,5,15,12,0,0
1593,1949,Basic,Single,140429,1,1,28-05-2014,48,1342,368,1089,123,46,147,4,11,5,10,11,1,0
1594,1980,Basic,Single,114873,2,1,25-06-2013,26,755,522,747,574,55,58,6,11,7,2,0,1,1
1595,1975,Master,Widow,148792,2,2,20-05-2013,80,333,147,106,611,489,271,9,9,1,8,1,1,1
1596,1986,Master,Single,140971,0,1,23-11-2014,78,237,532,1236,398,26,213,5,6,4,5,12,1,0
1597,1944,PhD,Single,79988,0,0,24-01-2014,20,374,1,218,134,140,157,7,2,8,5,12,0,1
1598,1997,Basic,Widow,22942,2,0,22-07-2014,66,30,37,4,37,50,5,8,13,0,14,16,0,1
1599,1975,Basic,Widow,19795,0,0,01-06-2015,48,163,39,141,96,21,4,8,4,8,9,17,0,0
1600,1996,Master,Widow,104237,0,0,19-03-2013,14,134,375,891,267,337,298,7,13,1,0,19,0,0
1601,1975,Graduation,Divorced,76906,1,1,28-02-2015,28,337,347,442,165,244,137,8,8,6,8,5,1,1
1602,1950,Master,Married,11100,0,1,19-03-2013,17,61,51,104,37,35,7,6,8,0,14,0,1,0
1603,1957,Master,Widow,15637,0,1,12-04-2012,39,82,61,39,52,13,8,9,13,4,10,15,1,0
1604,1942,Basic,Single,18633,2,1,16-11-2014,96,60,38,95,28,45,9,9,3,6,5,20,1,0
1605,1985,Graduation,Widow,19190,0,0,03-07-2012,58,129,27,175,38,52,75,10,11,4,15,9,1,0
1606,1953,Basic,Divorced,54435,1,2,15-04-2013,59,199,25,312,28,37,210,0,0,0,8,17,0,0
1607,1973,Graduation,Divorced,40131,2,2,22-09-2013,94,278,102,380,143,3,5,6,0,3,0,4,1,1
1608,1973,Master,Widow,21949,1,0,24-10-2015,47,116,28,153,46,14,73,2,11,3,7,10,1,1
1609,1951,Basic,Single,24145,1,1,23-01-2013,15,98,56,150,81,35,77,5,5,3,9,9,0,0
1610,1979,PhD,Married,99884,1,0,31-08-2015,90,245,497,842,424,92,111,6,0,7,11,14,0,1
1611,1944,PhD,Widow,67188,0,1,02-10-2014,58,96,76,63,111,210,39,1,5,0,15,5,0,1
1612,1941,PhD,Married,147314,1,0,18-05-2012,31,1158,551,117,632,99,242,7,5,1,2,11,0,0
1613,1947,Basic,Widow,113998,2,0,05-07-2013,56,395,492,3,517,210,413,6,13,10,13,19,1,1
1614,1963,Graduation,Married,142095,1,2,14-06-2014,93,1268,55,799,468,9,473,4,5,3,14,1,1,0
1615,1990,PhD,Divorced,143704,0,0,03-08-2014,79,447,549,1197,414,423,508,0,4,3,14,6,0,0
1616,1983,Basic,Single,61911,1,2,21-06-2012,63,219,116,394,216,104,127,7,1,5,1,16,0,0
1617,1964,Graduation,Widow,148527,0,0,01-11-2012,55,423,109,1247,488,316,333,4,5,7,8,4,0,0
1618,1998,Master,Single,22375,2,2,07-02-2013,25,170,60,217,93,23,4,4,0,8,13,4,0,1
1619,1962,PhD,Widow,42136,1,1,23-10-2014,37,377,46,22,45,117,41,9,4,2,0,10,1,1
1620,1974,Master,Single,108891,1,1,16-07-2012,37,384,320,801,297,196,122,10,1,4,9,11,1,1
1621,1959,Master,Widow,75091,2,2,27-07-2013,98,665,71,277,131,45,193,3,14,10,2,14,0,1
1622,1982,Basic,Single,144734,1,1,16-06-2012,27,401,712,1326,463,87,141,2,5,7,12,5,1,1
1623,1945,Basic,Widow,89084,0,1,24-08-2014,82,674,21,382,370,195,324,8,15,9,11,20,0,1
1624,1952,Graduation,Single,12008,1,1,05-01-2012,75,113,29,51,4,19,57,4,9,9,2,19,1,0
1625,1990,PhD,Divorced,121362,2,1,11-02-2015,80,290,308,644,537,137,38,7,10,3,2,7,0,1
1626,1988,Master,Single,145459,2,1,27-11-2012,69,128,177,668,724,484,670,6,14,0,12,14,1,0
1627,1941,Basic,Divorced,56055,1,1,27-01-2013,58,369,154,79,97,172,201,4,13,7,14,6,1,1
1628,1960,Master,Widow,113514,1,2,08-06-2012,23,395,463,1014,398,305,269,10,0,9,8,9,1,1
1629,1980,PhD,Married,93079,1,1,10-07-2014,58,592,174,723,98,24,445,3,14,6,13,14,0,0
1630,1983,Graduation,Widow,40970,1,1,31-03-2014,57,301,181,54,183,8,26,7,9,0,12,6,0,0
1631,1940,Master,Married,107142,1,0,15-10-2015,82,822,209,86,234,248,197,8,14,2,8,0,0,0
1632,1943,PhD,Single,35295,2,1,16-09-2014,55,210,86,345,32,68,128,1,2,7,2,16,0,0
1633,1983,Basic,Married,62597,0,1,26-12-2012,82,564,9,450,66,92,301,6,2,3,7,2,1,1
1634,1997,Graduation,Single,119558,2,1,02-03-2015,71,800,260,1081,134,212,2,10,12,10,0,18,0,0
1635,1984,PhD,Single,124565,2,2,06-05-2013,85,434,327,370,202,340,236,7,14,10,0,3,0,0
1636,1990,Graduation,Divorced,67617,0,2,17-03-2012,59,56,82,198,210,73,113,1,8,4,3,5,0,1
1637,1975,Master,Divorced,117510,0,0,29-03-2013,94,248,264,338,273,106,186,3,3,7,10,18,0,0
1638,1994,Master,Married,70365,1,2,19-05-2015,56,262,277,693,17,167,44,10,7,10,5,15,0,1
1639,1964,Graduation,Divorced,108621,1,2,02-02-2015,75,353,481,1019,23,231,432,5,5,4,10,10,1,0
1640,1989,Basic,Single,112896,1,2,26-06-2015,82,355,282,640,149,3,427,6,4,3,5,17,1,0
1641,1950,Graduation,Divorced,33454,0,2,16-10-2015,92,132,19,238,125,85,18,10,12,6,6,7,0,1
1642,2000,Graduation,Widow,111849,0,2,09-02-2015,9,811,548,1113,308,200,171,3,9,5,6,20,1,0
1643,1966,Master,Single,93130,0,2,21-08-2015,67,849,102,771,84,267,405,4,4,1,10,20,0,1
1644,1969,PhD,Single,57392,1,1,21-04-2014,69,306,248,269,20,148,252,10,11,6,7,2,1,0
1645,1950,Master,Single,127593,1,1,07-12-2013,62,533,342,676,440,195,35,8,0,10,11,1,0,0
1646,1968,Master,Widow,110433,1,2,14-06-2015,62,142,144,441,123,196,88,5,4,7,1,3,1,1
1647,1974,Master,Married,49797,1,1,09-04-2015,92,442,13,382,183,158,242,5,12,9,11,19,0,1
1648,1984,PhD,Widow,32897,1,2,08-10-2013,36,70,162,289,126,39,87,1,6,8,5,0,1,1
1649,1954,Basic,Divorced,16076,0,2,09-02-2015,68,63,37,158,73,10,43,0,8,5,1,15,1,0
1650,1986,Graduation,Married,83800,2,1,21-08-2013,71,5,160,34,273,276,15,1,6,1,15,17,1,1
1651,1962,PhD,Single,131198,1,1,14-12-2014,45,88,529,1201,98,431,350,0,4,8,14,11,0,1
1652,1996,Basic,Divorced,89980,1,2,30-05-2014,45,753,163,591,109,110,371,8,3,9,10,8,0,1
1653,1970,Master,Divorced,53023,2,1,20-01-2014,12,348,112,35,38,48,43,10,5,1,2,0,0,0
1654,2000,Graduation,Widow,144006,2,1,18-03-2013,45,1105,373,459,574,99,615,4,3,0,13,13,1,0
1655,1971,PhD,Divorced,55040,0,0,17-05-2012,76,528,50,313,76,140,230,2,11,4,1,7,1,0
1656,1993,Basic,Widow,21943,2,0,14-01-2015,77,3,42,125,102,64,18,9,14,2,14,3,1,0
1657,1982,PhD,Widow,51027,2,0,21-02-2012,34,66,92,315,8,85,79,7,1,8,13,12,1,1
1658,1947,PhD,Widow,114199,0,2,07-11-2012,0,1109,563,1117,118,121,311,0,9,2,15,7,1,1
1659,1947,Master,Widow,146989,2,2,16-02-2012,2,133,703,660,226,88,83,3,15,2,4,4,1,1
1660,1961,Basic,Single,15970,1,1,07-07-2014,85,142,52,47,30,2,67,3,13,5,15,4,1,0
1661,1991,Basic,Divorced,99590,0,0,06-03-2015,8,100,25,956,321,167,240,3,3,6,4,14,1,1
1662,1946,Graduation,Married,71273,0,1,14-12-2015,9,546,109,176,10,131,271,9,10,0,4,13,1,0
1663,1966,PhD,Single,61519,1,2,28-03-2012,45,582,111,185,170,131,254,0,6,9,6,17,0,0
1664,1975,Basic,Married,146576,2,0,16-06-2013,77,169,366,1181,224,322,306,0,10,1,5,15,0,1
1665,1987,Graduation,Divorced,71414,1,0,09-09-2013,89,198,236,470,43,57,278,8,9,4,9,15,1,0
1666,1959,PhD,Single,97332,1,1,08-09-2015,38,9,233,917,207,152,317,9,15,2,15,0,0,0
1667,1952,Master,Divorced,95666,0,2,09-12-2014,2,561,265,599,206,50,372,6,8,2,1,18,0,1
1668,1941,Master,Single,107804,1,1,29-09-2014,71,947,156,738,334,49,232,6,9,3,14,17,1,0
1669,1988,PhD,Married,13554,1,2,01-04-2012,0,69,52,7,19,37,43,9,9,6,5,1,0,1
1670,1996,PhD,Single,129533,0,2,21-11-2012,97,367,405,665,441,358,460,2,9,9,8,2,1,1
1671,1965,Master,Married,46039,2,0,21-08-2012,45,7,164,20,63,120,147,1,5,3,1,11,1,1
1672,1997,Basic,Married,102897,2,1,26-05-2014,39,171,27,867,125,9,410,6,3,2,5,13,1,1
1673,1948,PhD,Divorced,122021,1,1,23-11-2014,100,367,592,603,605,274,345,5,9,4,5,16,0,0
1674,1993,Graduation,Married,32012,2,1,20-10-2015,50,96,74,137,9,88,13,5,11,4,6,6,0,1
1675,1963,Graduation,Widow,57111,0,0,06-03-2015,98,270,134,551,18,82,135,7,10,10,9,15,0,1
1676,1955,PhD,Divorced,92698,0,2,21-12-2013,38,513,344,672,250,141,151,0,9,5,0,1,0,1
1677,1983,Master,Divorced,149572,2,1,07-12-2014,49,473,479,639,587,369,582,9,4,1,8,6,1,1
1678,1977,Basic,Widow,25841,2,0,03-07-2014,92,139,67,144,96,66,16,6,12,1,14,2,0,0
1679,1977,Graduation,Married,82737,2,0,30-01-2014,41,535,197,76,17,272,14,10,3,0,5,19,1,0
1680,1949,Master,Single,79396,1,0,27-02-2012,86,775,217,728,368,187,385,0,8,2,7,4,0,0
1681,1985,Master,Single,17473,1,1,24-09-2012,96,74,28,100,65,28,55,3,14,2,6,1,1,0
1682,1956,Basic,Single,138450,1,1,05-08-2014,32,459,159,1347,465,196,535,5,14,10,15,9,0,1
1683,1966,Basic,Divorced,111471,2,2,14-08-2013,60,433,227,403,143,134,41,0,9,4,8,8,1,1
1684,1953,Basic,Single,102591,2,0,19-11-2014,63,1006,464,943,369,232,348,9,3,4,3,9,1,1
1685,1957,Master,Married,140370,1,1,14-08-2014,93,443,71,460,112,280,343,9,4,8,13,19,0,0
1686,2000,PhD,Divorced,94791,2,2,12-01-2012,88,659,307,204,357,39,34,0,10,9,10,9,0,0
1687,1967,Graduation,Widow,17557,2,2,13-06-2012,36,62,69,53,29,54,83,9,2,9,2,16,0,1
1688,1943,Graduation,Single,146588,2,0,16-08-2014,53,96,20,640,257,428,427,9,3,9,2,8,1,1
1689,1993,Master,Divorced,131156,0,0,25-04-2014,38,336,22,96,582,166,525,0,10,1,10,0,1,1
1690,1990,Basic,Single,79940,1,2,02-01-2014,53,393,77,76,359,217,272,6,12,6,4,18,1,1
1691,1995,PhD,Widow,94452,2,1,05-08-2015,31,450,240,848,469,132,354,2,7,9,14,12,0,1
1692,1956,PhD,Married,49982,2,1,23-03-2015,50,122,131,122,153,121,48,0,5,7,4,4,1,1
1693,1954,Master,Divorced,148322,1,0,23-02-2013,95,644,600,188,633,454,140,9,11,10,11,18,1,0
1694,1977,Graduation,Widow,98686,0,2,15-05-2013,18,813,448,809,453,273,368,6,7,9,6,2,1,1
1695,1960,Graduation,Single,87781,1,2,08-02-2012,57,591,81,638,178,15,177,4,8,2,11,16,1,0
1696,1998,Master,Widow,54944,0,2,15-11-2014,67,183,17,350,183,117,75,5,14,5,1,1,0,1
1697,1941,Master,Divorced,124840,0,0,30-07-2014,0,155,188,754,76,343,56,6,13,0,2,15,1,1
1698,1976,Graduation,Single,93485,0,1,13-02-2013,85,71,444,128,170,82,367,7,10,0,9,11,0,0
1699,1948,Master,Widow,24287,2,2,15-08-2015,13,17,31,72,81,12,68,5,7,3,10,15,0,0
1700,1963,PhD,Widow,28409,2,2,22-06-2012,81,219,47,254,10,19,35,5,13,0,5,11,1,0
1701,1996,Graduation,Single,78338,0,2,23-06-2015,9,285,298,443,324,68,154,8,9,4,9,12,1,0
1702,1957,Graduation,Widow,47077,2,0,23-05-2013,20,131,131,90,118,7,150,6,4,10,1,11,0,0
1703,1953,Basic,Married,109882,2,0,03-10-2015,0,374,59,559,115,72,225,1,6,8,4,11,0,0
1704,1989,Master,Married,33565,2,1,22-05-2014,46,138,88,220,79,81,122,3,0,3,11,10,0,0
1705,2000,PhD,Married,39835,0,1,30-07-2012,60,134,76,210,116,40,51,10,3,5,10,15,1,1
1706,1941,Basic,Widow,34710,0,2,10-03-2013,95,177,122,321,76,81,138,6,11,10,2,15,1,0
1707,1962,Basic,Single,127822,2,1,27-08-2013,33,772,156,1148,604,179,536,6,7,6,12,7,0,0
1708,1998,Master,Divorced,72320,0,1,27-01-2012,84,354,137,414,256,11,204,6,7,9,3,20,0,1
1709,1985,PhD,Single,126355,0,1,26-09-2014,6,360,391,872,105,135,494,7,6,5,7,2,0,0
1710,1962,Basic,Widow,30798,1,2,03-08-2013,13,273,124,303,108,58,78,8,8,5,11,4,0,1
1711,1973,Master,Widow,99670,2,1,02-05-2012,81,900,396,107,486,149,227,2,14,3,12,19,0,0
1712,1975,Basic,Single,31628,0,1,04-09-2012,26,85,14,75,3,75,98,0,2,6,3,11,1,1
1713,1976,Basic,Married,19030,1,2,15-01-2013,88,47,17,173,24,6,61,2,10,10,13,5,1,1
1714,1995,PhD,Widow,64000,0,1,03-06-2014,24,202,16,108,66,122,278,4,11,10,4,19,1,0
1715,1984,Master,Married,141977,0,1,04-09-2013,54,689,1,1371,146,343,646,8,2,1,9,6,1,1
1716,1998,PhD,Married,21478,2,0,11-12-2013,83,47,90,50,85,55,3,7,2,6,11,2,1,0
1717,1959,Graduation,Divorced,124806,0,2,16-03-2015,100,633,587,502,607,26,40,5,4,0,5,17,0,1
1718,1982,Graduation,Married,24053,1,1,13-11-2015,2,113,44,163,0,15,51,1,5,7,14,2,0,1
1719,1966,PhD,Married,149254,0,0,04-09-2013,54,999,565,1380,504,156,693,0,9,3,7,9,0,0
1720,1957,Graduation,Widow,89509,2,2,28-05-2013,73,223,425,776,233,158,35,0,7,1,1,16,0,1
1721,1995,Basic,Single,132730,0,2,11-08-2014,43,169,415,879,56,286,505,3,11,4,0,7,0,1
1722,1949,PhD,Widow,138119,2,0,17-07-2014,97,701,494,913,339,283,622,7,7,2,13,0,1,1
1723,1972,Basic,Married,112044,0,2,14-02-2013,67,106,453,785,130,136,389,0,5,5,8,10,0,1
1724,1974,Basic,Widow,138089,1,1,10-02-2012,29,563,609,1315,598,155,545,3,10,4,3,15,1,0
1725,1990,Basic,Married,68823,1,2,16-01-2014,34,392,118,163,145,86,139,4,4,3,14,4,0,1
1726,1969,Basic,Divorced,99289,2,1,29-05-2014,20,392,0,606,146,174,228,5,12,1,15,6,1,1
1727,1967,Master,Widow,108371,0,1,17-01-2012,21,81,519,67,276,312,522,7,3,10,4,14,0,1
1728,1975,Basic,Married,96272,1,1,16-04-2015,27,378,440,352,285,39,1,3,12,7,9,2,0,0
1729,1993,PhD,Married,10049,1,2,08-02-2012,64,51,32,58,35,32,18,7,4,7,12,5,0,1
1730,1992,Master,Widow,128578,0,1,19-09-2015,88,797,271,629,374,295,95,9,12,4,8,2,0,0
1731,1986,Basic,Widow,49314,1,0,08-02-2014,67,17,201,159,21,98,81,1,10,4,5,11,1,0
1732,1949,Master,Widow,99441,2,0,30-10-2015,67,668,394,701,318,247,338,0,8,8,6,16,0,1
1733,1963,PhD,Single,89347,2,0,18-06-2012,68,820,280,576,56,218,259,8,14,5,7,4,1,1
1734,1976,Basic,Widow,124963,2,1,09-11-2012,1,1078,72,720,116,376,249,3,0,5,12,20,1,0
1735,1993,Master,Widow,138895,1,2,09-09-2014,46,908,263,1027,615,366,160,10,14,10,10,8,0,1
1736,1972,Master,Married,74697,1,2,05-09-2014,71,408,358,594,79,136,103,9,6,2,14,19,1,0
1737,1965,Master,Widow,93567,0,0,26-12-2015,77,631,458,169,419,110,126,2,4,0,3,5,1,0
1738,1982,PhD,Widow,69208,0,1,07-08-2013,13,99,130,683,269,79,329,4,5,2,7,0,1,1
1739,1952,Master,Married,14377,1,0,15-10-2014,20,122,21,128,20,4,7,5,9,7,12,19,0,1
1740,1969,Graduation,Widow,42026,1,1,23-10-2012,22,263,56,360,195,85,18,8,15,6,15,6,1,0
1741,2000,Basic,Married,145625,1,0,22-05-2015,2,1359,610,1404,201,28,517,7,11,0,1,13,0,0
1742,1941,PhD,Divorced,139578,0,2,29-12-2015,80,517,209,1324,559,12,381,8,3,9,9,17,1,1
1743,1942,Graduation,Divorced,140064,0,2,28-06-2014,12,643,697,1023,670,369,108,0,8,3,8,14,0,1
1744,1996,Basic,Widow,109926,1,1,19-07-2015,75,824,326,411,245,5,225,4,8,3,11,8,0,1
1745,1941,PhD,Married,75896,1,1,06-02-2013,54,407,62,6,374,175,323,0,3,7,8,14,1,0
1746,1944,Basic,Widow,12824,2,1,17-03-2015,25,90,4,75,51,30,11,0,14,7,8,1,0,1
1747,1963,Master,Single,108095,2,2,31-08-2013,80,932,163,987,347,183,162,0,1,8,9,19,0,1
1748,1987,PhD,Divorced,71118,0,0,15-05-2012,73,391,89,574,197,160,290,9,2,8,14,1,0,1
1749,1967,Basic,Divorced,149539,2,1,07-03-2013,75,1172,692,1109,164,350,634,9,7,3,9,9,1,0
1750,1955,PhD,Single,47114,1,2,26-08-2015,21,102,103,429,168,151,210,7,6,6,3,18,1,0
1751,1997,PhD,Divorced,76572,0,0,24-09-2015,4,620,308,353,71,121,187,6,10,0,9,9,0,0
1752,1954,PhD,Divorced,103938,1,0,24-03-2015,84,722,306,80,82,284,369,9,15,2,0,1,0,0
1753,1989,PhD,Widow,101685,2,1,11-06-2012,23,856,365,211,224,96,150,4,13,10,6,6,1,0
1754,1968,Basic,Single,117362,1,0,23-12-2013,3,1095,51,207,104,270,376,5,11,2,5,12,1,1
1755,1985,Master,Married,130739,1,2,18-07-2013,7,374,50,524,345,174,450,8,3,2,6,15,1,0
1756,1984,Graduation,Single,21776,1,1,13-04-2015,14,87,78,62,49,53,80,6,1,3,13,17,1,0
1757,1988,PhD,Single,43008,1,0,13-04-2014,37,398,20,93,121,75,122,6,11,7,15,0,0,1
1758,1989,Master,Divorced,61210,1,0,03-12-2015,82,355,183,575,184,137,121,10,4,9,6,17,1,1
1759,1994,PhD,Married,96560,2,1,20-06-2012,22,135,413,401,438,260,129,6,1,1,15,5,1,0
1760,1970,PhD,Single,141476,2,2,10-05-2012,40,1391,676,779,510,50,570,3,0,6,4,19,1,0
1761,1954,Master,Divorced,132196,1,2,19-07-2014,93,78,228,1124,131,52,15,7,3,7,7,17,0,1
1762,1948,Basic,Married,12968,1,1,24-09-2013,47,82,6,84,6,18,15,9,5,2,15,1,1,1
1763,1992,Basic,Single,17428,2,1,02-07-2012,83,136,8,91,9,37,57,7,13,7,6,9,1,0
1764,1942,Basic,Married,127841,2,2,20-03-2014,25,1077,212,460,430,151,582,7,6,0,1,3,1,0
1765,1940,Graduation,Married,59443,0,1,16-11-2013,81,66,7,433,162,80,57,10,10,2,2,11,0,0
1766,1957,Master,Divorced,41405,1,1,16-02-2015,34,268,34,10,24,50,125,3,5,6,9,19,1,1
1767,1957,PhD,Divorced,140308,0,0,27-12-2012,52,1248,409,960,199,420,691,6,3,5,3,6,0,0
1768,1949,Graduation,Widow,141412,1,0,13-08-2012,59,391,471,513,240,98,396,8,12,2,4,7,1,1
1769,1973,Basic,Single,32819,0,1,23-11-2015,63,235,51,292,50,76,69,6,10,3,13,17,1,1
1770,1976,Graduation,Single,13579,0,0,13-08-2015,13,121,17,105,14,22,54,7,1,0,1,6,0,1
1771,1999,Basic,Divorced,32037,0,2,15-05-2013,23,24,6,44,111,89,84,9,1,8,13,16,0,0
1772,1978,PhD,Married,83795,1,0,26-05-2015,30,775,347,481,28,196,201,9,5,1,7,2,0,0
1773,1948,Basic,Married,110190,1,2,20-04-2015,61,266,192,259,517,278,329,2,12,8,11,11,1,1
1774,1961,PhD,Single,43630,2,2,06-10-2013,45,305,72,146,48,68,144,2,0,8,6,15,1,1
1775,1954,PhD,Widow,123668,0,1,26-10-2012,23,755,512,1123,429,238,581,9,10,5,2,15,1,1
1776,1976,Basic,Divorced,145312,2,2,19-03-2014,84,302,692,691,218,31,595,5,2,10,15,10,1,1
1777,1994,PhD,Single,105766,0,2,15-10-2014,63,902,70,405,90,319,282,4,7,2,14,3,0,0
1778,1983,PhD,Single,116557,0,1,18-11-2015,5,423,384,1106,430,104,9,7,10,10,1,2,0,1
1779,1996,PhD,Single,133911,1,2,09-10-2015,31,628,654,1022,112,62,621,2,1,6,14,13,1,0
1780,1976,Graduation,Married,22119,0,1,09-08-2012,61,119,83,187,56,46,78,6,13,10,1,13,1,1
1781,1970,Master,Divorced,135320,1,0,12-07-2013,1,620,154,961,39,78,128,6,11,8,0,15,1,1
1782,1998,Graduation,Single,11257,0,2,25-09-2012,57,77,10,23,25,28,8,3,15,2,8,7,0,0
1783,1975,Basic,Married,46566,0,1,26-03-2014,40,303,11,321,110,3,121,1,6,6,3,8,1,1
1784,1984,Master,Single,90306,1,0,26-08-2015,34,614,200,490,325,181,306,9,6,5,7,20,0,0
1785,1983,Master,Divorced,52656,2,1,22-05-2013,14,25,26,142,250,28,259,3,13,9,5,6,1,1
1786,1947,Master,Divorced,83589,1,1,24-10-2013,24,759,391,248,81,77,209,3,14,1,2,18,0,1
1787,1980,Graduation,Single,21068,2,2,23-05-2015,68,91,15,166,29,2,70,5,5,3,9,10,1,0
1788,1980,PhD,Single,137678,2,1,22-05-2013,34,1225,38,863,416,207,492,3,12,7,13,19,1,0
1789,1943,Graduation,Married,84597,2,1,05-05-2012,18,770,52,341,414,132,74,8,13,5,10,18,1,0
1790,1978,Basic,Divorced,18262,1,1,07-10-2013,57,72,32,7,18,0,53,0,6,8,1,5,1,1
1791,1971,PhD,Divorced,38261,1,2,07-05-2012,79,336,63,218,46,3,154,0,7,3,10,7,0,1
1792,1982,Basic,Single,54041,0,1,14-02-2015,89,161,187,317,200,30,176,3,15,5,14,20,0,1
1793,1947,Master,Married,22201,2,1,08-08-2013,38,197,62,211,102,28,52,4,6,6,12,17,0,0
1794,1950,Master,Widow,16929,0,0,30-12-2013,4,24,3,104,8,50,25,1,5,1,5,4,1,1
1795,1994,Master,Single,129417,2,1,14-08-2013,22,916,291,1201,554,129,208,5,5,6,3,0,0,0
1796,1970,Graduation,Single,128185,2,1,12-03-2013,73,325,193,102,491,362,196,10,14,2,14,3,1,1
1797,1977,Master,Single,32950,0,2,26-02-2014,32,253,1,145,150,31,64,6,0,1,3,9,0,1
1798,1970,Master,Single,10675,1,2,25-07-2012,11,37,14,70,27,23,36,4,1,8,0,18,1,0
1799,1990,PhD,Widow,52395,1,2,03-08-2015,94,300,185,424,35,46,20,1,0,5,5,3,1,0
1800,1982,Master,Married,34814,0,1,23-01-2013,90,266,26,209,146,11,4,1,9,10,15,10,1,0
1801,1950,Graduation,Divorced,43406,0,2,12-03-2013,24,247,31,235,77,53,2,2,2,10,7,4,1,0
1802,1971,Graduation,Single,110411,1,1,08-07-2013,97,194,267,612,151,133,360,3,14,7,12,17,1,0
1803,1953,Graduation,Divorced,114261,2,2,06-11-2014,55,631,146,500,115,157,475,2,3,0,12,10,1,0
1804,1968,Graduation,Divorced,74668,1,2,01-05-2014,5,293,139,215,248,193,146,4,4,8,11,4,1,0
1805,1947,Graduation,Single,42634,1,1,16-12-2012,35,313,114,56,193,111,67,5,10,5,13,2,0,1
1806,1955,Basic,Married,79761,1,0,09-08-2014,67,709,169,126,72,142,51,4,11,0,3,0,0,0
1807,1973,PhD,Single,31774,0,0,06-11-2015,69,172,1,264,101,89,34,0,15,10,11,4,0,0
1808,1976,Basic,Widow,130999,1,2,23-07-2013,32,194,185,45,97,340,232,3,15,1,15,19,1,0
1809,1963,Master,Widow,64709,2,1,07-04-2013,93,397,273,233,101,102,65,8,2,0,1,4,1,1
1810,1979,Master,Single,28528,1,1,11-03-2014,65,243,142,92,120,71,136,0,1,2,7,0,0,1
1811,1968,Graduation,Single,60750,0,0,25-01-2015,27,0,63,391,293,53,15,9,0,7,13,8,0,0
1812,1989,Basic,Single,95141,0,0,26-01-2015,52,335,266,728,89,91,71,8,0,7,2,11,0,1
1813,1997,Master,Widow,32762,2,0,07-09-2014,24,205,5,241,69,72,93,2,11,8,6,14,1,1
1814,1965,Graduation,Single,114241,0,2,27-12-2015,15,703,401,804,478,87,535,0,7,1,4,12,1,0
1815,1970,Master,Widow,149440,0,2,22-05-2014,53,1243,269,1330,437,426,171,5,8,8,14,9,1,0
1816,1982,Master,Divorced,99694,0,1,15-04-2013,87,404,355,236,324,221,342,5,9,5,6,18,1,1
1817,1944,Basic,Divorced,88416,1,1,07-03-2013,78,358,74,496,302,46,368,2,10,1,3,16,0,1
1818,1988,Master,Single,32786,2,1,27-12-2012,75,62,90,68,11,66,153,10,5,0,12,20,0,1
1819,1962,Graduation,Married,50899,0,2,30-06-2012,29,35,110,305,198,89,130,10,6,5,3,5,0,1
1820,1957,PhD,Divorced,123728,2,0,22-02-2013,3,1084,470,1072,340,282,606,1,6,4,9,11,1,1
1821,1974,PhD,Married,45907,0,2,12-04-2012,17,70,209,42,94,106,223,10,10,7,5,18,1,1
1822,1975,Master,Widow,87548,0,0,12-10-2012,25,455,39,443,58,41,412,10,10,8,0,17,0,1
1823,1941,PhD,Divorced,52369,1,0,02-08-2014,52,292,130,76,209,2,29,1,7,7,15,2,0,1
1824,1983,Graduation,Divorced,149540,2,1,13-12-2012,94,1317,681,1170,206,455,180,4,9,5,7,9,0,1
1825,1973,Basic,Married,101222,2,0,23-10-2013,93,991,212,882,495,273,386,7,12,3,6,17,1,1
1826,1955,Master,Single,125876,0,0,15-12-2012,66,288,12,1055,307,284,310,2,6,0,2,12,0,0
1827,1960,Graduation,Divorced,55637,2,1,27-07-2013,50,210,62,349,32,3,67,5,0,2,9,8,0,0
1828,1997,Graduation,Single,20849,0,2,29-03-2013,14,46,12,149,0,18,90,8,4,6,5,16,1,0
1829,1958,Graduation,Divorced,51866,0,0,17-12-2012,26,262,217,475,230,42,140,4,14,8,6,19,0,1
1830,1985,Master,Married,103378,1,2,16-02-2013,28,875,227,987,168,104,220,2,0,0,3,0,0,1
1831,1991,Graduation,Widow,100239,0,2,12-01-2015,3,838,465,919,179,228,224,3,13,4,8,3,1,1
1832,1958,Graduation,Married,14505,2,2,05-04-2014,64,119,39,100,22,17,63,1,2,9,4,2,1,1
1833,1969,Graduation,Married,16088,0,1,25-05-2015,38,0,2,30,53,24,59,3,7,4,5,10,1,0
1834,1997,Graduation,Married,11428,0,2,12-12-2013,90,20,42,35,50,34,57,10,14,6,13,5,0,1
1835,1994,PhD,Single,49686,1,1,03-10-2015,34,159,23,261,189,101,133,2,12,7,5,17,1,0
1836,1967,Graduation,Single,67930,0,1,11-06-2014,77,191,293,186,1,152,165,1,7,0,0,3,1,1
1837,1948,Graduation,Single,56080,2,2,07-11-2015,24,81,108,309,136,102,65,9,10,8,3,1,0,0
1838,1977,Graduation,Divorced,117995,1,1,16-01-2014,90,497,467,750,163,383,343,10,14,0,15,5,0,1
1839,1958,Master,Widow,37174,2,0,20-10-2012,27,136,40,21,95,20,108,7,1,1,7,9,1,0
1840,1991,Master,Divorced,135542,0,2,03-03-2012,50,216,158,1219,435,136,293,8,12,8,15,6,1,1
1841,1974,Master,Widow,109903,1,0,11-11-2014,35,601,351,233,231,48,386,10,12,0,4,19,0,1
1842,1944,PhD,Widow,126310,2,2,02-07-2012,94,768,337,1026,440,119,11,7,1,0,8,1,0,1
1843,1991,Basic,Widow,58682,2,0,08-08-2015,25,369,182,172,71,24,103,4,8,2,8,5,0,1
1844,1986,PhD,Widow,92979,0,0,12-11-2013,40,245,341,891,353,86,170,3,2,10,15,18,1,0
1845,1945,Graduation,Married,17388,1,0,01-02-2015,74,102,7,15,10,32,8,9,7,1,5,5,1,1
1846,1977,Master,Divorced,15347,2,1,18-08-2013,57,121,63,8,54,0,10,10,2,4,2,15,1,0
1847,1968,PhD,Single,21424,1,0,14-12-2014,2,25,48,196,5,31,27,10,1,7,13,14,0,1
1848,1991,Basic,Single,140394,0,2,08-01-2012,63,1153,411,643,463,162,126,4,12,9,14,13,0,1
1849,1948,PhD,Divorced,96903,1,0,01-09-2015,67,450,138,59,295,220,360,10,9,6,9,7,0,1
1850,1976,Graduation,Single,140840,0,1,26-11-2012,39,141,580,1365,617,160,465,8,2,1,11,20,0,1
1851,1972,Basic,Married,69355,2,2,12-12-2012,56,49,238,516,137,31,147,9,13,6,9,16,0,1
1852,1943,Master,Widow,62407,2,0,06-06-2012,57,317,2,261,206,98,93,3,14,1,7,5,0,1
1853,1964,PhD,Married,76525,0,0,05-01-2014,20,478,173,426,49,159,83,7,8,6,7,16,1,0
1854,1964,PhD,Single,88201,0,1,07-07-2014,51,13,220,410,44,38,60,0,9,0,4,7,1,1
1855,1943,Graduation,Divorced,23079,2,0,07-09-2012,11,1,85,93,21,70,30,9,4,8,5,1,0,0
1856,1996,PhD,Married,20487,2,2,10-12-2015,24,181,75,45,29,11,13,8,14,1,4,1,1,1
1857,1976,Basic,Divorced,41774,1,0,13-04-2015,55,299,8,248,161,28,67,1,6,7,9,16,1,0
1858,1942,Master,Married,25770,0,0,30-05-2015,21,119,18,115,122,31,70,0,10,8,10,17,1,1
1859,1984,Basic,Married,99653,2,2,19-05-2014,9,990,485,119,25,72,210,2,0,4,8,2,1,1
1860,1942,PhD,Divorced,78040,2,0,23-11-2015,9,695,247,464,33,228,256,2,15,7,9,8,1,0
1861,1992,PhD,Single,127906,2,0,03-09-2012,20,285,585,204,583,289,63,3,6,3,6,17,1,0
1862,1946,Basic,Divorced,97035,1,1,07-09-2015,25,940,408,92,141,167,277,7,15,8,1,13,1,1
1863,1962,Graduation,Widow,127758,0,2,26-11-2015,71,897,331,869,500,287,362,6,5,3,12,18,1,1
1864,1977,Graduation,Divorced,35890,2,0,27-05-2013,99,60,108,232,66,105,178,3,10,10,7,19,0,0
1865,1950,PhD,Single,13595,2,1,14-03-2012,78,21,10,45,37,36,13,0,6,1,2,1,0,0
1866,1972,Basic,Divorced,21029,0,1,14-06-2015,90,39,25,161,36,2,31,5,11,0,2,16,1,0
1867,1987,Graduation,Single,24327,0,2,30-08-2012,74,234,34,42,22,69,77,6,11,9,6,3,1,1
1868,1986,Master,Widow,66059,1,1,19-03-2015,74,577,318,298,236,105,312,9,12,0,7,7,1,1
1869,1975,Basic,Married,20788,1,1,30-10-2013,53,181,20,80,78,33,45,1,15,3,6,10,1,1
1870,1943,Master,Married,118085,1,2,16-11-2015,88,700,100,1080,140,2,397,0,3,7,6,1,1,1
1871,1944,Basic,Divorced,114229,2,2,10-05-2012,17,552,278,439,7,188,34,7,4,2,2,7,0,0
1872,1992,Master,Married,148367,1,2,05-06-2014,41,341,5,389,15,360,544,3,7,7,14,19,0,0
1873,1954,Basic,Widow,124924,2,2,30-10-2015,77,22,245,326,612,72,46,5,10,5,2,7,0,1
1874,1982,PhD,Married,45876,1,2,30-01-2013,48,222,15,223,34,50,77,5,8,0,4,2,1,0
1875,1954,PhD,Widow,17458,2,1,12-09-2013,98,17,75,71,27,13,64,5,8,0,7,9,1,1
1876,1978,Master,Single,103133,1,1,21-07-2015,9,228,52,597,390,312,512,10,3,3,4,19,1,0
1877,1968,Graduation,Widow,20702,2,2,18-03-2012,5,27,34,19,102,61,65,3,14,10,0,0,0,1
1878,1984,PhD,Widow,145505,1,1,21-04-2014,8,165,553,1191,609,417,545,2,6,0,4,18,1,1
1879,1990,Basic,Single,146636,0,1,07-04-2014,72,1376,313,952,346,292,76,7,4,0,5,4,1,1
1880,1963,Graduation,Single,118680,1,1,20-09-2015,86,95,183,599,575,38,470,7,9,1,14,4,1,0
1881,1963,Graduation,Married,56347,0,2,22-04-2012,3,357,121,137,72,180,105,2,2,4,6,8,1,0
1882,1953,Master,Married,18974,0,0,28-09-2015,27,72,9,11,92,22,84,9,5,4,8,19,1,1
1883,1999,Basic,Married,33871,1,0,13-01-2015,99,256,23,321,163,36,129,10,15,1,15,2,1,0
1884,1983,Graduation,Divorced,118368,2,1,06-09-2014,69,1138,169,1111,199,212,224,2,6,9,11,9,1,0
1885,1976,PhD,Single,91120,0,2,01-09-2013,19,802,148,684,191,203,4,7,7,2,6,0,1,1
1886,1963,Graduation,Divorced,49011,0,2,04-11-2014,92,261,22,421,133,50,178,6,12,0,11,14,1,0
1887,1950,PhD,Divorced,109270,0,2,06-07-2013,64,955,309,879,503,175,514,2,6,0,12,20,1,1
1888,1954,Graduation,Divorced,138878,2,2,22-11-2015,80,1161,588,168,668,429,631,8,11,5,15,7,1,1
1889,1995,Master,Widow,23041,1,2,23-03-2014,37,38,101,204,2,73,16,10,7,8,0,20,0,0
1890,1986,Master,Married,76799,1,0,29-11-2013,49,287,246,450,355,42,218,5,11,9,0,13,1,1
1891,1948,Basic,Single,58924,1,2,04-05-2013,73,166,51,10,53,152,254,2,1,3,4,2,1,1
1892,1970,Graduation,Single,19880,0,2,21-03-2012,44,175,72,53,80,34,16,6,9,0,4,17,0,1
1893,1961,PhD,Divorced,93847,2,1,13-01-2015,72,400,320,753,414,299,187,9,8,0,15,13,1,0
1894,1953,PhD,Married,149809,2,2,27-08-2013,5,995,728,337,312,256,247,10,10,9,13,10,1,1
1895,1973,Graduation,Single,13667,1,0,03-09-2012,93,114,51,87,13,4,17,8,6,6,9,13,1,1
1896,1953,PhD,Single,16926,0,2,10-10-2013,93,26,22,126,71,16,78,5,12,10,3,6,0,1
1897,1982,Master,Divorced,108533,0,0,04-11-2015,5,611,175,1011,508,55,191,3,4,7,7,6,0,1
1898,1994,Basic,Widow,138299,0,2,08-04-2014,30,275,78,265,645,355,589,7,10,1,8,20,1,1
1899,1994,PhD,Single,149205,2,1,08-01-2014,51,130,527,1480,667,289,284,1,9,8,5,5,1,1
1900,1959,Master,Widow,73089,2,2,19-02-2015,96,246,22,146,323,134,59,9,1,10,12,11,1,0
1901,1992,Graduation,Widow,116477,1,0,22-02-2014,36,621,459,681,349,260,529,3,3,3,1,5,0,0
1902,1944,Graduation,Married,56553,0,0,18-06-2014,31,491,120,159,245,175,279,1,6,1,4,1,0,0
1903,1980,Master,Widow,108677,2,0,21-04-2014,61,714,508,573,529,94,290,2,10,3,13,14,1,1
1904,1943,PhD,Widow,13266,1,1,04-01-2014,47,73,53,32,31,28,26,8,5,8,14,8,0,0
1905,1940,Master,Single,57524,2,0,04-10-2015,11,92,139,557,177,18,141,0,8,10,3,10,1,0
1906,1979,Master,Widow,131339,1,0,16-08-2013,8,372,21,260,148,198,396,2,15,6,15,13,1,0
1907,1998,Graduation,Single,69987,2,0,23-04-2013,14,688,30,38,230,33,333,9,5,10,15,12,1,0
1908,1991,Basic,Divorced,122954,1,0,04-06-2013,100,795,558,944,381,58,305,8,7,8,2,17,0,1
1909,1982,Master,Widow,11892,1,0,16-07-2014,86,38,4,103,3,3,12,6,1,6,7,19,0,0
1910,1957,Basic,Single,138523,1,1,03-06-2012,10,1198,145,713,84,321,217,9,4,7,8,10,1,1
1911,1951,PhD,Single,125901,2,2,16-03-2013,83,695,212,975,63,347,425,6,6,1,4,8,1,1
1912,1994,PhD,Divorced,29439,0,2,07-01-2013,24,34,143,260,117,50,56,6,13,6,2,12,0,0
1913,1989,PhD,Widow,57065,0,2,30-05-2013,50,458,105,459,52,99,187,10,3,2,2,16,0,1
1914,1956,Graduation,Divorced,62205,0,2,23-04-2014,27,20,106,177,201,154,100,3,6,3,9,14,1,0
1915,1987,Master,Widow,88460,1,0,03-07-2014,9,127,11,662,385,153,421,7,2,5,15,15,0,0
1916,1961,PhD,Married,23472,0,1,24-07-2013,42,226,109,209,4,47,26,8,0,10,12,16,0,1
1917,1987,Basic,Married,74003,2,2,07-04-2015,54,663,77,531,186,214,175,10,3,10,12,10,0,0
1918,1967,Basic,Widow,70296,2,0,01-12-2014,3,309,64,653,280,27,348,3,15,6,8,3,1,0
1919,1986,PhD,Single,144968,0,0,10-11-2013,65,335,229,273,535,407,386,8,4,4,11,18,0,1
1920,1999,Graduation,Single,71461,2,2,29-12-2014,23,584,324,306,140,150,344,2,7,10,6,15,0,1
1921,1968,PhD,Divorced,121951,2,0,10-08-2012,49,896,17,880,15,153,508,1,3,0,11,17,0,1
1922,1976,Master,Widow,108826,1,0,08-03-2012,66,288,432,505,75,0,515,0,0,2,9,1,0,0
1923,1969,Graduation,Divorced,64452,0,2,05-07-2015,100,156,180,203,280,165,226,5,9,2,1,0,0,1
1924,1955,Graduation,Divorced,43946,0,2,14-06-2015,98,27,216,55,75,102,68,8,14,0,3,18,1,1
1925,1948,PhD,Divorced,25641,1,2,08-08-2012,44,225,54,189,109,0,16,6,4,2,3,8,0,0
1926,1989,Graduation,Single,88755,2,2,10-06-2015,60,545,201,691,268,208,165,6,5,4,7,14,0,1
1927,1966,Master,Married,22852,1,1,14-03-2014,93,65,60,142,60,7,88,6,10,3,7,1,1,0
1928,1993,Basic,Married,72705,0,0,13-09-2014,2,207,309,631,245,61,29,10,14,8,12,7,0,1
1929,1969,Master,Single,50417,2,2,27-03-2015,54,160,244,192,1,138,166,6,15,4,15,7,0,0
1930,1944,Master,Married,60336,0,2,08-10-2012,33,443,103,164,57,2,245,4,6,1,14,17,1,0
1931,1996,Graduation,Single,105973,0,2,09-11-2015,60,354,103,19,155,154,372,10,1,5,9,7,0,0
1932,1998,Basic,Widow,81913,0,1,21-08-2015,21,469,407,256,358,65,18,2,1,6,14,5,1,0
1933,1960,PhD,Widow,15090,1,2,13-11-2012,24,53,18,94,26,17,42,9,9,1,7,8,1,0
1934,1947,PhD,Single,106148,1,1,16-12-2015,84,875,203,938,164,176,235,10,8,9,9,15,1,1
1935,1975,Basic,Married,19745,0,0,23-02-2015,21,51,60,99,51,34,20,5,2,3,15,5,1,1
1936,1990,Graduation,Single,147179,1,1,31-12-2015,69,261,375,183,522,266,681,8,0,2,2,9,1,0
1937,1986,Graduation,Single,92771,1,1,19-11-2013,7,22,54,53,241,252,112,7,4,7,10,10,0,1
1938,1955,Basic,Divorced,45940,0,2,28-06-2013,39,243,88,106,64,48,215,8,0,7,10,8,1,1
1939,2000,Graduation,Divorced,34508,0,1,19-01-2012,73,318,168,302,99,47,132,5,4,4,8,16,0,0
1940,1947,Graduation,Widow,99796,2,1,04-03-2012,71,643,433,707,483,24,290,5,13,1,5,20,1,0
1941,1946,PhD,Married,53683,0,1,13-09-2013,58,337,84,222,122,127,39,0,7,6,5,20,1,0
1942,1979,Master,Single,109368,1,1,09-06-2012,54,268,204,1048,141,211,106,7,8,1,6,1,0,1
1943,1955,Graduation,Divorced,10930,1,1,13-02-2014,29,50,21,21,20,26,32,2,1,6,5,19,1,1
1944,1989,PhD,Widow,121489,2,0,28-08-2014,32,1113,480,98,586,80,301,4,15,2,13,4,1,1
1945,1956,Master,Married,87181,0,1,24-11-2012,89,309,109,343,72,239,432,10,8,3,14,18,0,0
1946,1990,PhD,Single,122694,0,1,06-03-2015,75,597,186,805,220,356,510,9,10,7,2,5,1,0
1947,1976,Graduation,Married,78379,2,2,30-09-2014,34,686,87,484,373,4,354,1,6,10,13,13,1,1
1948,1972,Graduation,Divorced,23691,1,0,08-09-2014,13,4,15,74,93,68,95,2,9,5,15,4,0,0
1949,1991,Master,Married,125808,1,1,29-02-2012,98,90,563,684,380,55,203,9,5,0,11,15,1,0
1950,1964,Basic,Widow,42115,0,0,22-04-2012,43,3,72,112,60,15,76,6,9,7,0,20,0,1
1951,1984,Master,Married,17604,1,0,28-10-2012,92,107,50,106,53,48,81,1,9,9,8,12,0,0
1952,1941,Graduation,Single,54870,1,1,09-09-2012,41,44,174,327,32,123,38,8,11,3,12,20,0,1
1953,1957,PhD,Single,118906,0,1,28-06-2015,22,203,415,805,425,241,77,0,4,9,0,18,0,0
1954,1972,Graduation,Divorced,93423,1,1,14-11-2012,100,812,49,587,196,227,269,5,4,8,13,15,1,0
1955,1960,Master,Married,121332,0,2,26-01-2013,88,911,19,785,109,276,519,5,9,0,8,11,0,0
1956,1974,Graduation,Divorced,30080,1,2,18-05-2012,87,274,141,133,86,0,136,1,7,1,4,18,0,0
1957,1963,Graduation,Single,37846,2,2,25-08-2013,68,216,156,199,176,123,93,5,7,5,5,10,0,0
1958,1964,Master,Single,49791,2,1,24-03-2015,89,305,185,396,117,56,225,0,4,5,5,6,0,0
1959,1963,Graduation,Widow,76291,0,1,18-12-2015,73,254,24,627,377,167,10,8,5,2,13,3,0,0
1960,1982,Graduation,Divorced,142249,1,2,23-06-2013,61,934,337,183,402,333,30,2,6,1,2,0,0,1
1961,1995,Basic,Divorced,76213,1,0,29-08-2012,77,567,319,295,76,90,18,3,13,8,6,7,0,0
1962,1946,Graduation,Widow,37858,2,0,07-02-2014,40,286,183,343,64,123,63,5,12,8,4,12,1,1
1963,1944,Basic,Married,129489,0,2,09-07-2012,89,273,612,925,613,198,247,1,9,3,9,4,0,0
1964,1962,Master,Widow,75550,2,0,19-12-2012,87,282,214,342,344,18,317,8,3,1,7,1,0,0
1965,1999,Basic,Married,20614,2,1,09-09-2014,68,146,83,167,56,58,26,10,11,7,4,17,1,1
1966,1986,PhD,Divorced,14602,1,1,08-03-2012,47,30,54,66,11,47,10,5,13,6,12,4,0,0
1967,1943,Basic,Married,69003,1,1,07-08-2012,98,57,146,617,325,82,136,3,6,1,8,16,1,1
1968,1963,PhD,Married,43775,1,2,01-12-2013,23,85,188,241,5,56,46,6,15,8,4,16,0,1
1969,1968,PhD,Single,33312,1,2,16-05-2015,35,254,55,26,75,7,27,2,13,9,2,12,1,0
1970,1974,PhD,Widow,14970,1,1,25-08-2012,44,51,35,117,41,33,23,8,10,3,3,18,0,1
1971,1956,Graduation,Single,66349,2,0,03-08-2014,31,71,54,507,176,155,17,4,2,1,13,0,0,0
1972,1976,PhD,Single,32586,0,1,05-06-2012,14,159,159,300,134,85,66,1,6,4,3,7,0,1
1973,1951,PhD,Married,61973,0,1,29-10-2015,95,200,264,570,289,112,190,6,2,4,8,10,0,0
1974,1974,Graduation,Widow,21867,0,2,28-11-2013,3,20,104,100,52,39,4,3,3,8,2,7,1,1
1975,1957,PhD,Married,146121,1,2,01-11-2013,82,81,140,471,470,407,185,0,15,2,9,7,0,0
1976,1967,PhD,Married,42877,0,1,05-07-2012,22,408,21,144,164,18,140,0,8,6,2,7,0,0
1977,1999,PhD,Divorced,102332,2,2,01-08-2014,99,610,21,269,50,231,258,8,12,7,7,16,0,0
1978,1955,Basic,Divorced,77011,2,0,09-06-2012,89,546,252,364,138,254,279,6,6,1,2,18,0,0
1979,1992,PhD,Single,118516,2,2,03-10-2014,78,530,153,102,94,132,10,2,9,10,10,10,0,0
1980,1986,PhD,Widow,76155,2,1,17-04-2014,64,368,146,423,122,194,338,9,14,6,6,11,0,1
1981,1966,Basic,Divorced,18033,2,2,12-09-2012,94,85,15,93,21,47,44,8,5,10,6,7,0,0
1982,1977,Basic,Widow,148665,0,1,27-12-2015,20,1006,630,883,317,439,418,5,14,5,12,16,0,1
1983,1982,PhD,Married,146184,2,1,08-03-2014,83,780,223,225,319,87,586,8,4,5,4,3,0,1
1984,1973,Basic,Divorced,47263,1,2,01-04-2014,94,444,33,275,27,11,28,2,12,6,12,0,1,1
1985,1958,PhD,Divorced,60350,0,1,02-04-2012,74,427,212,55,135,101,70,9,7,7,8,5,0,1
1986,1980,Master,Widow,88123,0,1,30-01-2015,43,839,80,151,202,273,296,2,11,5,6,17,1,1
1987,1995,Graduation,Single,39243,0,0,16-04-2013,14,180,22,191,88,84,16,3,4,2,5,20,1,1
1988,1973,PhD,Single,36004,2,0,11-09-2015,74,293,34,227,45,24,40,7,11,10,14,7,0,1
1989,1982,Graduation,Divorced,33772,2,1,07-11-2013,11,176,45,35,94,79,48,7,7,10,5,10,0,0
1990,1947,Graduation,Single,145219,1,2,10-03-2014,26,1365,436,1181,401,211,238,7,13,6,12,7,0,0
1991,1985,Graduation,Widow,116817,0,1,13-03-2012,51,179,222,301,318,61,213,10,12,9,9,13,1,1
1992,1967,PhD,Married,146554,1,0,19-03-2012,0,1246,294,679,256,227,708,3,8,1,12,1,1,1
1993,1988,Graduation,Married,83564,2,0,04-08-2014,99,661,327,300,363,224,341,5,12,1,0,1,0,0
1994,1973,Graduation,Widow,118184,2,1,20-10-2013,0,1014,133,16,266,205,314,3,4,3,12,19,0,0
1995,1962,Graduation,Widow,120370,0,2,16-04-2013,72,231,90,1182,524,240,454,7,6,7,9,13,0,0
1996,2000,Graduation,Widow,87946,1,2,17-11-2013,76,724,85,95,434,133,413,10,0,0,5,0,1,0
1997,1984,Basic,Married,77379,0,1,04-10-2014,52,691,129,285,250,225,177,9,1,2,2,10,0,1
1998,1999,PhD,Married,98957,0,2,25-01-2015,58,278,252,322,369,83,494,1,7,7,11,10,1,1
1999,1972,Master,Single,85202,2,2,07-11-2012,96,749,386,650,142,180,406,3,3,9,12,10,1,1
2000,1955,Basic,Divorced,54250,0,2,10-09-2014,51,463,38,438,220,6,214,2,6,1,12,2,0,1
2001,1996,Graduation,Divorced,15627,1,0,28-01-2013,47,17,46,63,1,28,28,8,11,5,6,2,0,1
2002,1975,Master,Married,12081,1,1,08-01-2013,45,68,6,41,39,5,59,0,5,9,1,4,1,0
2003,1971,Basic,Divorced,34290,0,0,29-03-2013,98,121,0,123,167,28,66,7,9,5,0,4,1,1
2004,1956,PhD,Widow,44494,1,2,17-11-2013,18,439,187,311,119,100,158,10,9,4,8,1,1,0
2005,1967,PhD,Widow,47735,1,0,09-04-2013,18,447,167,143,117,53,146,6,0,4,10,6,1,1
2006,1969,PhD,Widow,93344,1,0,31-07-2012,23,83,338,126,277,259,190,4,12,3,5,8,0,1
2007,1951,Graduation,Divorced,18378,2,0,16-09-2013,29,16,73,40,76,48,39,2,2,10,14,9,1,0
2008,1988,Master,Married,77627,2,1,03-01-2015,34,757,226,75,106,102,103,10,9,8,2,6,1,1
2009,1978,Graduation,Widow,105359,0,1,04-05-2015,3,344,421,1052,416,293,50,4,9,7,6,0,1,0
2010,1944,PhD,Divorced,93445,1,0,10-05-2014,76,398,450,831,217,226,24,4,15,3,2,15,1,1
2011,1953,PhD,Widow,81111,2,1,19-10-2014,33,207,171,762,110,158,177,8,0,8,10,12,0,1
2012,1984,Graduation,Married,27050,0,2,04-09-2012,60,136,53,115,113,14,99,10,10,3,7,15,0,1
2013,1999,Basic,Divorced,103549,0,0,23-06-2012,42,440,508,777,60,22,271,4,7,1,7,17,0,1
2014,1998,Master,Married,40206,0,2,09-09-2013,31,71,43,383,164,73,165,8,9,9,4,3,0,1
2015,1981,PhD,Widow,138571,2,0,16-07-2013,33,735,98,115,668,383,638,0,11,3,7,14,0,0
2016,1996,PhD,Married,88959,0,0,20-03-2014,65,684,354,43,323,80,348,3,3,7,3,8,1,0
2017,1983,Basic,Divorced,79933,0,0,04-09-2015,58,559,101,504,395,119,14,3,13,8,6,3,0,0
2018,1957,Graduation,Single,112843,0,2,26-03-2013,48,280,453,352,32,176,151,7,7,4,5,9,1,1
2019,1989,PhD,Divorced,95771,0,0,24-03-2014,9,45,79,904,401,209,267,4,10,1,1,20,0,1
2020,1962,Graduation,Married,67279,2,1,02-02-2014,0,640,301,326,261,155,239,0,3,7,4,0,0,1
2021,1982,Master,Married,146425,0,0,07-12-2013,45,709,18,312,349,373,583,10,6,10,3,12,1,1
2022,2000,Basic,Single,72520,1,1,28-12-2014,78,187,26,71,10,157,110,1,2,8,14,15,1,1
2023,1942,PhD,Single,28325,2,0,15-01-2014,75,233,9,77,95,86,7,3,13,4,3,10,1,0
2024,1954,Basic,Single,51525,1,2,26-01-2015,99,237,6,62,113,1,124,4,4,6,5,15,0,0
2025,1963,PhD,Divorced,115680,1,2,15-06-2013,19,951,80,1134,468,226,121,0,9,1,7,20,1,1
2026,1942,Graduation,Single,29112,2,0,26-10-2012,82,19,10,234,19,79,36,10,11,9,0,10,0,0
2027,1975,Basic,Widow,20247,2,1,27-07-2012,60,138,60,66,44,3,32,10,3,9,7,1,0,1
2028,1968,Basic,Widow,55344,2,0,06-08-2014,7,81,191,552,63,112,227,4,1,5,4,12,0,1
2029,1968,Master,Single,93840,1,1,09-05-2013,38,785,99,31,161,234,125,2,0,0,13,6,1,1
2030,1978,Graduation,Divorced,88807,2,0,18-09-2014,92,141,245,587,61,227,156,6,6,8,6,20,0,1
2031,1968,Basic,Widow,35952,1,0,05-10-2014,65,133,79,188,73,45,168,8,5,0,11,17,1,1
2032,1987,PhD,Married,20153,1,1,16-02-2012,63,63,57,101,88,28,38,3,3,8,12,7,1,0
2033,1996,PhD,Married,17051,2,2,23-06-2012,71,26,67,136,80,47,47,1,11,4,5,9,1,0
2034,1943,PhD,Widow,66152,0,0,23-06-2014,52,483,228,122,270,196,130,1,12,1,12,2,0,1
2035,1952,PhD,Married,124582,0,1,22-01-2012,40,944,276,1106,211,402,60,1,9,4,12,1,1,1
2036,1999,Basic,Divorced,112990,2,1,21-03-2015,79,404,379,344,11,183,219,10,6,6,15,14,0,1
2037,1986,Basic,Widow,139355,1,0,06-09-2014,73,1166,694,1104,681,392,286,8,9,2,1,12,0,0
2038,1991,Graduation,Widow,109829,0,0,22-08-2012,95,568,492,649,377,284,396,4,2,8,4,4,0,1
2039,1953,PhD,Divorced,117429,1,2,10-08-2014,82,668,56,596,547,121,379,4,14,9,5,14,1,0
2040,1960,Master,Widow,34475,0,1,22-10-2012,34,81,123,278,45,34,167,8,3,0,14,2,0,0
2041,1941,PhD,Married,77679,2,1,22-05-2015,67,15,354,267,310,35,304,3,11,5,14,12,1,1
2042,1999,Graduation,Divorced,106868,2,1,25-11-2015,10,601,386,156,274,246,518,10,14,2,11,8,1,1
2043,1975,PhD,Divorced,126733,1,1,19-11-2013,25,760,526,462,248,263,64,9,7,0,12,13,1,0
2044,1990,Master,Single,92741,1,0,30-09-2012,66,42,144,259,277,206,397,9,3,8,9,11,1,1
2045,1977,Basic,Single,82389,0,2,22-04-2015,64,504,317,311,181,55,309,3,15,2,7,19,0,1
2046,1940,Master,Married,79585,1,2,02-03-2015,98,351,96,266,374,162,298,10,15,9,14,10,1,1
2047,1940,PhD,Married,40856,2,2,13-12-2013,31,208,100,335,126,84,108,0,6,6,0,7,1,0
2048,1971,Basic,Widow,125823,0,2,01-11-2013,48,813,318,1057,358,290,542,2,1,9,13,4,0,1
2049,2000,Master,Widow,33156,2,2,06-11-2012,45,130,29,125,9,77,11,0,3,4,12,12,0,0
2050,1944,Master,Single,42597,0,2,02-12-2014,38,179,78,368,144,69,9,8,2,8,0,12,1,0
2051,1994,Basic,Widow,40163,0,0,16-01-2012,32,147,0,55,35,12,38,8,6,8,12,19,1,1
2052,1963,Master,Divorced,84035,0,0,27-02-2012,45,209,352,374,145,111,289,2,0,0,3,10,1,1
2053,1990,Graduation,Divorced,63367,0,0,30-03-2015,80,489,235,557,87,16,111,4,6,0,2,9,0,1
2054,1995,PhD,Single,71054,2,0,14-10-2015,80,293,348,403,187,49,122,8,2,1,9,13,0,0
2055,1989,Basic,Married,85332,2,1,23-10-2013,43,584,179,828,117,238,109,6,13,6,3,16,0,0
2056,1987,PhD,Single,40548,1,2,09-01-2014,95,50,35,65,202,61,13,9,1,2,10,14,1,1
2057,1942,Graduation,Divorced,59719,1,2,17-08-2014,79,293,46,116,256,61,6,8,12,1,3,5,1,0
2058,1986,Master,Widow,112933,0,2,27-04-2014,3,741,562,728,318,66,439,5,3,8,2,20,1,0
2059,1982,Graduation,Widow,26082,2,0,18-07-2012,32,183,118,145,65,35,11,9,6,8,1,3,0,0
2060,1942,Master,Married,91891,1,2,11-06-2015,81,244,270,368,444,186,82,6,4,8,8,1,0,1
2061,1989,Graduation,Widow,66897,2,2,22-09-2013,33,185,87,484,265,53,282,4,6,7,6,11,1,0
2062,1963,Graduation,Widow,34695,1,0,30-06-2012,60,229,119,93,44,33,3,0,8,7,3,9,1,0
2063,1966,PhD,Single,82403,1,0,23-06-2013,85,601,381,418,150,255,364,0,12,5,9,19,0,0
2064,1995,Basic,Divorced,139070,2,2,07-02-2012,62,849,47,119,383,140,367,1,0,6,3,1,0,0
2065,1969,Basic,Divorced,142745,2,0,22-03-2014,54,72,54,1114,430,213,678,10,4,2,1,2,0,0
2066,1993,PhD,Married,120054,2,1,12-05-2013,84,479,52,306,225,317,595,4,10,3,6,11,1,0
2067,1973,PhD,Divorced,49444,0,2,17-10-2015,86,46,36,69,98,28,46,3,11,7,2,14,0,1
2068,1970,Master,Widow,91829,2,0,22-03-2014,41,594,386,751,174,288,11,6,12,2,8,17,0,0
2069,1964,PhD,Single,101322,0,1,30-10-2014,93,619,113,245,215,210,0,9,10,3,15,3,0,0
2070,1981,PhD,Married,41273,2,1,06-09-2015,20,360,77,364,156,83,67,4,14,7,2,18,0,0
2071,1985,PhD,Single,70018,1,2,30-01-2013,35,208,86,440,77,48,59,0,6,10,3,16,1,1
2072,1997,Basic,Married,41579,1,1,02-10-2013,100,322,3,6,82,114,118,1,4,1,4,1,0,1
2073,1945,Basic,Single,42210,1,1,18-08-2015,3,255,110,100,65,35,184,2,12,4,8,1,1,0
2074,1950,Master,Single,29833,0,2,02-04-2014,61,77,68,172,147,58,130,4,2,7,13,14,0,1
2075,1994,Graduation,Single,20727,1,1,03-03-2015,69,164,44,172,85,12,18,7,2,3,9,11,0,1
2076,1948,Master,Divorced,82005,0,0,23-09-2013,66,637,400,176,372,106,287,0,2,0,13,14,1,1
2077,1954,Basic,Widow,116678,2,2,18-03-2015,82,624,502,113,435,20,212,7,13,0,15,19,0,0
2078,1953,Basic,Married,14912,1,0,26-07-2013,25,89,21,29,72,19,24,7,12,10,1,1,1,1
2079,1976,PhD,Single,42193,2,1,13-09-2014,63,179,146,359,11,17,185,1,7,5,2,14,0,0
2080,1942,Basic,Single,105844,0,2,26-10-2012,23,926,85,844,203,124,73,4,12,1,11,10,1,1
2081,1947,Master,Divorced,46819,0,1,25-07-2015,19,362,104,90,107,63,101,0,9,3,6,17,0,1
2082,1956,PhD,Divorced,149265,0,1,06-05-2015,62,87,224,1460,48,323,726,3,4,9,14,8,0,0
2083,1993,Master,Married,23047,2,2,07-09-2012,46,188,29,191,40,70,7,6,8,3,12,16,1,1
2084,1989,Master,Divorced,51407,1,0,04-04-2015,55,20,42,205,191,1,177,4,10,0,1,10,1,0
2085,1993,PhD,Married,124559,2,2,20-11-2013,72,568,10,513,510,108,36,8,10,8,0,6,1,1
2086,1942,PhD,Divorced,83886,2,0,07-12-2015,58,36,272,326,242,51,369,7,9,5,2,8,0,0
2087,1998,Graduation,Widow,65155,2,2,29-01-2015,20,193,77,269,193,20,91,10,13,4,14,0,1,0
2088,1975,Graduation,Widow,141040,2,0,12-01-2012,64,1258,96,240,671,410,157,6,3,9,1,16,0,0
2089,1970,Basic,Single,111632,2,2,13-07-2012,61,957,516,309,78,80,177,8,5,0,14,17,0,1
2090,1995,Master,Single,12715,1,1,10-05-2015,98,1,11,65,0,22,17,4,1,10,7,2,0,1
2091,1961,Master,Divorced,127609,2,1,07-11-2012,48,662,527,259,522,155,255,6,13,10,8,6,1,0
2092,1977,Graduation,Married,112688,0,1,02-07-2012,71,923,52,107,133,36,537,0,7,4,6,1,0,1
2093,1996,Graduation,Divorced,33091,0,0,06-04-2014,74,49,96,115,127,67,143,5,2,6,2,10,1,0
2094,1947,Basic,Divorced,55582,1,0,12-03-2012,52,147,5,140,7,18,272,1,11,3,6,14,1,1
2095,1977,PhD,Single,70931,1,2,13-04-2015,70,599,77,425,185,157,165,3,3,8,4,8,1,0
2096,1963,Basic,Married,136272,1,2,29-07-2015,33,330,612,677,111,27,231,0,4,5,10,4,1,1
2097,1954,PhD,Divorced,135109,0,2,11-07-2014,58,612,380,875,456,199,547,7,5,8,4,12,1,0
2098,1993,PhD,Single,60861,1,0,02-12-2015,89,234,156,242,190,167,47,7,2,6,9,4,1,1
2099,1974,PhD,Widow,13739,1,0,29-10-2014,81,37,21,98,66,33,60,2,8,8,7,16,0,0
2100,1947,Graduation,Divorced,111900,1,1,19-05-2015,2,128,522,1100,217,69,17,1,6,10,13,0,0,1
2101,1955,PhD,Single,23601,1,1,09-07-2015,13,152,30,92,108,33,70,3,5,1,12,15,0,0
2102,1996,PhD,Divorced,23290,0,0,04-02-2015,100,52,71,116,15,57,37,4,15,1,7,18,1,1
2103,1975,Basic,Widow,73581,2,2,28-11-2013,86,555,349,641,62,212,270,4,14,6,10,0,0,1
2104,1995,Basic,Married,13454,2,2,08-08-2012,23,52,65,133,42,9,60,8,0,4,3,12,1,1
2105,1981,Basic,Married,81960,0,2,18-11-2014,20,338,17,204,297,40,376,2,6,4,2,2,1,1
2106,1950,PhD,Widow,23474,2,0,19-02-2014,99,171,28,76,50,19,96,3,2,2,2,6,1,1
2107,1971,Basic,Single,57224,2,0,02-02-2014,43,180,187,453,67,132,123,3,3,1,14,11,1,0
2108,1994,Master,Single,112888,1,1,18-04-2014,52,916,388,107,284,291,424,5,14,1,9,9,1,0
2109,1973,Master,Widow,110903,1,1,08-09-2014,43,872,89,303,246,199,540,10,7,1,4,17,1,1
2110,1999,Basic,Widow,15372,1,0,27-12-2014,74,112,73,152,47,29,71,6,14,6,0,20,1,1
2111,1981,Master,Married,60914,1,1,11-05-2012,46,261,203,445,166,124,121,3,4,3,10,13,1,0
2112,1953,Graduation,Single,54836,1,1,21-05-2013,11,158,145,505,207,12,90,7,3,9,10,5,0,0
2113,1958,Basic,Single,80455,2,1,18-02-2012,24,416,348,201,251,231,17,9,13,10,1,7,1,1
2114,1955,Master,Married,40418,1,1,30-04-2013,98,93,62,192,167,34,173,8,9,6,13,16,0,0
2115,1948,PhD,Married,110227,2,1,12-11-2015,85,54,293,340,188,250,551,9,9,1,7,2,0,0
2116,1944,Basic,Widow,26174,2,0,27-03-2015,67,245,86,92,26,57,85,7,10,10,2,0,1,0
2117,1956,PhD,Widow,34561,0,1,23-09-2012,91,53,9,215,133,87,81,8,7,4,10,6,0,0
2118,1966,PhD,Widow,126847,0,2,08-06-2014,11,515,460,1218,599,43,138,0,11,10,14,18,0,0
2119,1998,Master,Widow,67427,2,2,08-03-2012,72,3,280,499,58,134,248,4,7,10,7,14,1,1
2120,1943,Graduation,Widow,99432,0,1,27-12-2014,41,393,4,971,233,101,218,2,8,10,9,0,1,0
2121,1940,PhD,Married,59006,1,0,16-04-2014,98,253,126,275,121,47,60,4,8,4,8,7,0,1
2122,1996,Master,Married,121343,2,0,13-03-2013,84,714,86,618,363,202,4,8,10,6,2,7,1,0
2123,1997,PhD,Married,53634,0,1,24-01-2013,43,32,30,263,39,150,225,10,12,10,10,13,0,0
2124,1985,Master,Widow,46552,0,0,28-07-2015,71,193,156,135,146,69,52,1,0,3,12,2,1,1
2125,1974,PhD,Divorced,24326,0,0,09-06-2013,97,205,19,197,120,38,83,0,11,7,9,14,1,0
2126,1976,Basic,Widow,127775,2,2,19-04-2013,14,179,79,3,346,268,285,3,8,6,15,6,0,1
2127,1967,PhD,Single,52430,2,2,09-09-2014,32,136,36,217,202,16,19,3,8,5,14,13,0,0
2128,1981,Master,Divorced,129289,2,0,08-03-2014,28,336,633,1071,501,138,219,8,5,6,8,4,0,0
2129,1985,Basic,Divorced,41627,1,1,09-05-2012,82,268,167,173,85,121,2,3,1,3,11,12,0,0
2130,1977,Master,Married,112375,1,0,03-01-2012,36,487,465,320,461,297,471,2,2,10,2,8,0,0
2131,1959,Basic,Single,36965,1,1,21-04-2013,9,160,67,143,102,10,98,9,6,1,4,6,0,0
2132,1991,PhD,Single,31798,0,2,20-03-2015,49,118,15,216,37,87,0,6,12,0,10,20,1,1
2133,1947,Master,Widow,132800,1,0,04-01-2015,100,49,71,1261,375,362,609,1,15,0,12,8,1,1
2134,1944,Graduation,Widow,90741,1,2,13-01-2015,7,769,241,138,247,115,308,5,4,2,14,9,1,1
2135,1993,Graduation,Married,91070,1,1,29-01-2015,87,657,22,125,87,126,107,3,1,8,1,11,0,0
2136,1968,Basic,Widow,61389,0,0,31-03-2012,61,5,61,427,188,4,166,9,6,6,14,12,1,0
2137,1950,Master,Married,23292,0,2,11-10-2012,100,16,41,6,51,65,5,5,14,2,3,0,0,1
2138,1968,Basic,Married,124958,1,2,23-02-2013,10,633,245,676,451,264,5,2,0,10,13,17,1,0
2139,1962,Master,Married,91879,1,1,23-10-2014,100,847,294,908,323,160,341,0,3,2,6,10,0,1
2140,1946,Graduation,Single,71787,1,2,19-04-2013,100,641,223,78,129,160,350,3,11,1,8,9,0,1
2141,1990,Master,Widow,47104,1,1,23-03-2014,17,425,152,272,222,129,74,2,10,0,15,19,1,0
2142,1979,Graduation,Divorced,39095,1,2,20-03-2012,12,187,121,239,126,81,183,3,10,2,0,17,1,1
2143,1963,Master,Married,124847,2,0,26-09-2015,72,1204,518,426,53,353,319,7,0,4,0,19,1,1
2144,1998,Graduation,Married,148694,0,2,14-04-2012,92,286,485,865,261,60,145,6,9,8,12,12,0,1
2145,1954,Master,Single,45870,1,1,30-09-2012,37,227,28,217,93,20,77,4,11,3,11,9,1,1
2146,1970,Graduation,Divorced,71966,1,1,03-06-2015,95,160,293,577,123,88,40,9,12,5,13,5,1,0
2147,1967,Master,Single,91032,1,1,13-01-2015,39,803,313,709,194,113,329,7,7,9,2,4,0,0
2148,1974,Graduation,Married,54638,2,2,13-12-2012,41,389,231,4,265,171,44,3,12,7,9,10,0,1
2149,1975,Master,Married,47198,1,2,29-11-2015,33,72,71,48,172,4,30,7,0,10,4,7,1,1
2150,1996,Master,Married,82717,0,2,27-05-2012,100,28,52,678,395,126,160,6,0,10,11,9,1,0
2151,1941,PhD,Single,92818,2,1,17-08-2014,45,279,285,479,66,10,225,0,13,8,11,16,1,1
2152,1944,Master,Married,68391,2,1,02-12-2013,86,135,224,394,174,223,322,5,0,2,4,20,1,1
2153,1954,Master,Married,19804,2,1,23-08-2013,72,99,46,105,52,37,96,7,0,2,1,3,1,0
2154,1985,Master,Single,21735,0,2,14-06-2014,66,12,3,214,101,21,94,4,6,7,1,12,0,0
2155,1979,PhD,Divorced,129110,2,2,08-08-2013,66,1232,176,962,265,194,81,4,13,4,7,4,0,0
2156,1978,Graduation,Single,45373,2,1,27-09-2015,4,382,30,4,53,74,180,5,3,0,5,10,1,1
2157,1954,PhD,Divorced,20662,0,2,15-08-2013,94,176,25,202,21,3,81,10,4,10,0,1,0,0
2158,1954,PhD,Married,78972,0,0,13-10-2012,0,500,77,358,35,187,119,8,5,2,11,5,0,1
2159,1999,Graduation,Widow,82710,0,0,26-11-2014,75,14,399,19,215,100,322,8,3,1,15,9,0,1
2160,2000,PhD,Widow,139275,1,0,12-02-2013,52,132,459,1177,163,463,146,0,4,4,5,11,0,1
2161,1973,Basic,Married,79314,2,1,29-09-2013,54,655,122,460,78,24,181,4,5,2,12,4,0,0
2162,1955,Graduation,Widow,139539,1,2,18-06-2015,42,1214,606,490,289,279,493,2,0,0,8,9,1,0
2163,1971,Graduation,Married,109677,1,2,20-11-2012,49,931,48,874,85,111,469,9,7,3,10,2,1,0
2164,1945,Graduation,Single,23774,2,0,11-06-2012,75,181,109,11,106,69,45,7,8,3,12,12,0,0
2165,1965,PhD,Single,85469,0,2,04-01-2013,59,580,7,275,330,92,240,7,11,1,0,1,0,0
2166,1967,Graduation,Married,61171,0,1,06-08-2012,16,407,225,280,158,17,276,6,5,9,14,18,1,1
2167,1965,PhD,Divorced,103649,1,1,06-11-2012,12,288,437,175,135,248,456,7,3,6,8,8,0,0
2168,1940,Basic,Single,75323,1,1,23-04-2013,91,155,262,572,145,176,363,6,2,3,2,10,1,0
2169,1974,PhD,Divorced,71778,2,2,14-06-2014,43,264,30,632,132,172,205,6,8,10,15,15,1,1
2170,1997,Graduation,Divorced,120554,1,0,01-05-2014,60,755,425,371,279,97,293,3,7,3,4,8,1,0
2171,1948,Basic,Married,66069,0,0,23-03-2012,11,97,326,476,130,81,120,3,9,2,12,16,0,1
2172,1961,Master,Single,16440,0,0,14-01-2014,65,83,51,14,73,35,47,0,1,7,10,5,0,0
2173,1972,Graduation,Single,109077,1,0,17-09-2014,98,208,107,372,48,109,336,10,5,8,9,20,1,1
2174,1966,Master,Widow,99604,0,2,10-01-2014,38,977,34,213,251,107,14,6,8,9,3,18,0,1
2175,1960,PhD,Single,92922,0,0,06-07-2012,18,551,378,742,50,217,175,1,4,4,0,1,1,1
2176,1992,Basic,Single,43273,2,1,15-09-2012,96,345,85,122,69,96,14,5,15,6,4,8,0,0
2177,1944,Basic,Widow,84073,1,1,20-03-2013,17,443,317,250,296,61,24,6,6,1,14,12,1,0
2178,1960,Basic,Divorced,93274,1,2,06-11-2012,40,881,251,703,83,163,199,6,2,5,11,1,0,1
2179,1954,PhD,Widow,89609,1,0,01-09-2014,23,240,11,847,248,12,160,4,11,9,7,1,1,1
2180,1978,Basic,Married,92274,2,1,20-03-2012,80,81,456,552,229,218,179,2,11,8,5,3,0,1
2181,1987,Master,Married,106664,0,1,03-02-2012,20,353,389,533,416,167,505,7,3,2,0,10,1,1
2182,1969,PhD,Single,71370,2,0,12-01-2015,38,43,212,458,146,73,148,7,13,9,5,6,1,1
2183,1995,Graduation,Divorced,75147,2,0,11-10-2012,96,293,142,179,221,57,60,0,5,10,2,4,1,1
2184,1983,Master,Married,137870,2,0,16-10-2014,61,975,213,104,560,407,102,3,9,1,1,0,1,0
2185,1969,Graduation,Married,123571,2,2,21-09-2013,12,1043,320,481,210,297,433,3,12,2,2,8,1,0
2186,1979,Master,Single,85655,2,0,14-05-2014,94,575,179,609,352,181,218,0,7,1,5,4,1,1
2187,1959,Basic,Single,16972,1,1,10-07-2012,18,60,34,14,14,25,4,2,8,6,1,5,1,1
2188,1982,Graduation,Married,54750,1,1,03-01-2014,76,297,166,22,97,8,212,9,15,1,7,9,0,1
2189,1976,Master,Divorced,79147,0,2,30-09-2012,4,455,99,414,119,51,254,7,0,9,14,2,1,1
2190,1974,PhD,Single,12456,1,2,25-05-2014,9,85,12,42,11,37,22,3,5,10,9,19,0,1
2191,1972,PhD,Widow,37308,2,1,02-01-2012,75,296,103,187,88,112,173,8,15,4,7,2,1,0
2192,1943,Graduation,Widow,65676,1,0,10-01-2012,24,578,258,350,129,56,10,2,4,0,13,2,1,1
2193,1977,PhD,Divorced,33497,0,2,10-05-2014,94,194,138,173,37,42,45,8,5,4,10,8,0,0
2194,1970,PhD,Single,85028,1,1,06-03-2012,76,433,292,467,101,232,233,3,11,6,1,4,1,0
2195,1945,Basic,Married,13377,0,0,20-06-2015,10,14,9,26,24,33,51,0,6,3,8,4,0,1
2196,1974,Graduation,Divorced,64550,0,1,18-11-2015,65,72,102,598,309,187,234,5,1,3,0,9,0,0
2197,1978,Master,Married,134038,1,1,18-09-2012,60,215,358,602,171,238,149,6,5,4,14,13,1,1
2198,1959,Basic,Married,98857,1,0,22-01-2015,100,669,417,281,356,261,19,9,13,7,6,14,0,0
2199,1996,Graduation,Single,106712,1,0,23-07-2013,85,58,427,59,3,301,383,0,15,9,2,10,0,1
2200,1992,Graduation,Married,77398,2,0,16-07-2012,64,645,353,738,7,162,242,9,12,2,6,2,0,1
2201,1953,PhD,Single,41867,1,1,26-11-2014,34,105,196,203,185,1,130,7,5,8,0,9,1,1
2202,1942,PhD,Single,121828,1,2,09-02-2013,45,278,292,341,301,174,508,6,3,2,0,6,1,0
2203,1970,Master,Widow,45724,1,0,02-12-2012,49,29,197,425,199,61,166,8,3,8,10,7,1,0
2204,1973,Graduation,Married,92048,2,0,30-05-2014,77,159,402,796,115,78,240,6,10,6,13,19,1,1
2205,1959,Master,Divorced,131491,0,0,02-05-2012,31,789,37,916,586,22,646,2,9,1,14,10,1,1
2206,1980,Graduation,Single,131030,0,0,09-05-2014,8,217,571,1245,135,207,276,9,8,2,13,12,0,1
2207,1964,Graduation,Widow,148975,2,2,02-12-2013,37,359,521,826,616,447,415,1,14,10,0,8,0,1
2208,1975,Basic,Married,29115,2,1,28-02-2015,40,80,45,97,95,9,15,6,8,4,4,6,1,1
2209,1962,PhD,Married,36557,1,1,05-01-2014,95,191,69,334,118,28,40,5,15,4,2,18,1,1
2210,1960,Basic,Divorced,18509,2,1,15-05-2015,11,162,65,58,23,11,33,10,7,9,5,16,1,1
2211,1947,Master,Married,50084,1,0,15-09-2014,14,294,150,406,33,76,106,7,1,7,10,8,0,1
2212,1951,Master,Single,99290,0,2,17-03-2012,37,405,305,345,272,255,127,8,13,4,3,14,1,1
2213,1943,Basic,Married,83631,1,1,07-09-2014,27,339,180,651,159,275,166,7,9,3,10,20,0,0
2214,1947,Master,Widow,14971,1,1,06-03-2014,32,41,47,29,73,19,74,9,12,2,7,20,0,1
2215,1953,PhD,Divorced,131826,2,0,13-02-2013,21,81,38,170,95,80,497,8,4,0,8,11,0,1
2216,1942,PhD,Divorced,30450,1,0,26-04-2012,60,295,10,78,53,72,144,5,6,7,5,15,0,1
2217,1981,Master,Single,41199,2,2,24-02-2013,99,82,170,353,130,122,13,3,5,6,2,4,1,0
2218,1981,PhD,Divorced,135108,2,1,20-11-2013,77,669,467,985,443,83,504,8,5,0,4,19,1,1
2219,1971,Basic,Married,140620,0,2,23-12-2015,46,47,442,315,504,390,212,0,10,0,7,13,1,1
2220,1943,PhD,Single,47321,1,2,18-06-2015,71,412,190,83,54,31,50,0,10,6,11,18,1,0
2221,1980,PhD,Divorced,68500,2,1,30-06-2015,88,409,8,352,238,96,247,9,4,10,5,16,0,1
2222,1964,Basic,Single,29028,0,0,15-11-2012,68,288,86,229,107,90,135,7,2,0,0,17,1,1
2223,1972,PhD,Married,90148,1,1,05-08-2013,53,669,372,886,326,10,367,8,1,2,11,4,0,1
2224,1982,Master,Single,33744,1,0,06-04-2012,93,310,34,44,96,39,163,8,7,2,1,6,0,1
2225,1978,Graduation,Divorced,141555,2,2,25-09-2014,99,350,37,26,258,83,652,10,0,9,14,16,0,1
2226,1987,Basic,Divorced,106107,2,1,26-01-2014,13,83,367,631,354,188,242,2,10,1,10,6,1,0
2227,1960,Master,Widow,40129,0,2,30-12-2015,60,169,187,160,169,48,98,7,13,6,0,0,0,0
2228,1998,Master,Widow,18560,2,2,13-12-2012,60,109,89,44,71,42,77,4,7,8,9,16,0,0
2229,1985,PhD,Widow,117918,0,0,26-10-2014,51,156,102,270,340,349,546,6,5,3,4,16,0,0
2230,1944,Master,Divorced,45215,2,0,22-03-2014,47,20,71,84,204,31,87,6,7,1,8,8,0,0
2231,1962,Basic,Married,79487,0,0,08-05-2014,61,358,361,304,43,194,286,5,4,4,9,15,0,1
2232,1980,Graduation,Married,64171,0,0,06-04-2015,89,526,71,182,253,144,217,9,15,9,0,6,0,0
2233,1959,Graduation,Married,38810,2,0,09-01-2015,65,268,57,185,2,72,136,6,0,5,2,6,0,0
2234,1980,Master,Divorced,43184,1,0,24-07-2014,16,76,170,96,193,35,81,6,6,10,6,13,1,1
2235,1984,Master,Widow,128363,1,0,24-11-2015,73,1249,297,780,387,261,93,7,7,1,5,4,0,1
2236,1993,Graduation,Divorced,68217,2,1,14-02-2012,18,41,331,342,198,150,140,7,3,6,7,11,0,1
2237,1968,Graduation,Single,79290,2,1,21-10-2012,47,684,131,473,144,175,194,5,9,8,14,12,1,0
2238,1999,PhD,Single,135020,2,2,29-11-2015,91,868,78,203,397,387,635,4,3,9,1,14,0,1
2239,1947,Basic,Widow,101326,0,1,17-04-2013,76,486,80,948,146,303,284,5,9,4,14,4,1,1
2240,1957,Master,Single,82897,2,1,20-08-2012,4,728,95,321,231,16,342,8,9,9,8,8,1,0
2241,1945,Master,Divorced,100666,2,2,09-08-2012,20,202,52,519,449,192,477,1,11,7,10,0,0,0
2242,1954,Master,Divorced,21847,1,0,11-04-2013,17,103,60,62,20,39,82,2,9,4,3,1,0,0
2243,1969,Graduation,Married,149734,0,1,30-01-2015,56,710,702,1359,412,121,433,4,6,8,0,10,0,1
2244,1946,Master,Single,22331,0,1,25-03-2012,3,22,18,6,104,32,61,6,12,6,4,15,0,0
2245,1979,PhD,Divorced,104166,0,0,04-08-2012,0,874,109,958,227,98,230,10,3,4,4,20,0,1
2246,1953,PhD,Divorced,64962,2,2,08-02-2012,14,6,268,357,5,216,222,4,0,2,8,9,0,0
2247,1968,Graduation,Divorced,46555,0,0,19-04-2013,90,155,142,375,144,148,231,4,5,8,6,6,0,1
2248,1988,Basic,Single,130249,2,1,25-03-2013,83,13,597,237,127,384,55,4,3,2,0,8,1,0
2249,1997,Basic,Married,85661,0,2,25-10-2012,94,214,351,192,165,281,330,4,14,8,6,20,1,1
2250,1948,Graduation,Divorced,12778,1,1,08-04-2014,81,84,45,16,3,26,15,7,15,0,11,15,0,0
2251,1959,Master,Divorced,148225,0,2,25-09-2012,78,108,554,1005,432,110,594,6,14,10,0,3,0,0
2252,1942,Master,Widow,30891,2,2,22-12-2015,27,227,144,34,47,44,66,5,6,4,14,3,0,0
2253,1960,Master,Divorced,17208,0,2,10-04-2014,7,78,13,46,67,46,70,9,5,6,15,11,1,1
2254,1965,Graduation,Married,53786,2,1,21-04-2013,99,23,29,319,206,144,175,7,14,5,6,6,0,1
2255,1967,Graduation,Divorced,38459,0,2,22-11-2013,25,175,94,48,30,95,134,0,2,4,10,8,0,1
2256,1965,Graduation,Single,83967,1,2,25-11-2015,63,385,87,574,113,8,16,0,6,10,12,17,1,0
2257,1978,Graduation,Married,122793,1,1,18-12-2014,0,1196,523,650,375,108,316,4,14,9,1,4,1,1
2258,1996,Graduation,Married,132462,2,0,11-01-2012,88,497,401,788,351,161,16,5,7,7,5,12,1,1
2259,1992,Graduation,Married,108290,1,1,07-06-2013,28,890,79,976,340,35,373,2,5,9,1,8,0,0
2260,1961,Basic,Single,31841,0,1,08-01-2012,59,129,10,255,14,8,134,9,11,1,13,9,1,0
2261,1962,PhD,Single,54849,0,1,17-10-2013,25,506,238,326,65,28,235,5,10,6,0,12,0,1
2262,1992,Basic,Single,137138,1,2,08-03-2014,85,282,599,135,526,362,370,8,5,3,7,14,0,1
2263,1940,PhD,Married,32020,1,1,11-03-2015,46,166,10,260,9,28,31,0,2,9,10,8,1,0
2264,1954,Master,Single,23020,2,0,05-08-2014,39,70,67,212,91,47,47,7,8,9,13,17,0,1
2265,1973,PhD,Single,37873,1,0,29-04-2015,58,76,143,331,77,41,97,10,4,1,12,12,1,0
2266,1945,Master,Divorced,43410,1,1,25-01-2015,86,4,61,78,54,101,40,2,9,7,8,4,0,1
2267,1975,Graduation,Divorced,123043,2,2,04-04-2013,54,359,314,513,586,146,452,9,6,0,4,19,0,1
2268,1985,Master,Married,39707,2,2,10-12-2014,82,267,98,338,30,120,162,3,9,4,6,6,1,0
2269,1950,Basic,Widow,146674,0,1,04-01-2012,54,280,75,1074,311,365,371,9,2,3,15,3,1,1
2270,1940,Basic,Single,34043,0,1,04-09-2014,17,150,66,12,146,94,41,2,2,5,15,4,0,1
2271,1969,Graduation,Single,69294,2,2,31-03-2013,9,559,246,200,287,34,93,1,8,5,13,15,1,0
2272,1959,Graduation,Single,57109,0,1,07-11-2014,7,86,51,43,119,48,221,0,7,6,11,5,1,1
2273,1968,Graduation,Married,69552,2,2,23-05-2012,59,200,344,15,183,92,75,4,10,8,12,4,1,1
2274,1978,Basic,Single,56767,2,0,23-10-2015,17,63,80,429,133,56,89,3,14,7,8,15,0,0
2275,1998,Basic,Widow,53992,0,0,09-11-2012,48,313,101,190,266,103,140,0,5,9,9,12,0,1
2276,1997,Basic,Widow,71222,2,2,25-05-2012,68,58,304,594,288,74,43,4,1,4,3,9,1,1
2277,1985,Master,Widow,17041,2,2,01-11-2013,73,48,58,89,2,46,83,2,11,10,9,8,0,0
2278,1970,Graduation,Widow,31824,2,1,16-11-2012,9,81,17,285,54,88,42,3,7,3,2,5,0,1
2279,1990,Master,Widow,37415,1,0,24-08-2014,61,359,102,11,16,72,66,4,14,8,13,8,0,0
2280,2000,PhD,Divorced,97726,1,1,25-10-2012,59,635,48,179,156,98,253,3,4,7,0,11,0,0
2281,1985,Graduation,Divorced,63962,1,1,13-03-2014,64,147,1,482,186,81,200,7,2,10,3,12,1,1
2282,1984,Basic,Widow,124750,1,2,04-04-2013,6,671,589,787,281,18,170,2,1,1,1,0,1,0
2283,1962,Master,Widow,101717,1,0,10-01-2013,79,927,286,364,427,83,483,2,1,4,8,9,1,0
2284,1970,Master,Divorced,117461,1,2,07-02-2013,68,613,158,651,425,39,339,8,12,10,6,11,0,0
2285,1965,PhD,Single,30261,1,1,11-01-2015,91,135,148,243,26,78,124,1,3,4,15,15,0,1
2286,1968,Master,Widow,72302,0,2,15-12-2014,51,630,88,175,208,76,191,6,0,7,13,14,0,0
2287,1998,Master,Widow,71726,1,0,30-06-2013,50,188,175,236,129,212,195,3,8,7,3,8,1,0
2288,1973,Graduation,Widow,45481,0,0,08-03-2014,10,423,63,240,187,77,161,5,5,7,13,7,0,1
2289,1946,Basic,Married,64069,1,2,14-05-2014,82,7,157,532,253,78,318,6,10,6,1,12,1,1
2290,1989,Basic,Single,139554,1,1,09-06-2014,53,904,416,310,194,404,248,8,11,1,6,6,1,0
2291,1981,Graduation,Single,33712,2,0,11-11-2012,13,295,53,131,21,69,58,5,6,10,11,14,1,0
2292,1979,PhD,Married,21737,0,1,22-05-2013,96,158,83,75,27,11,14,5,14,8,7,17,0,0
2293,1999,Basic,Divorced,32599,2,1,05-10-2013,18,93,4,12,33,57,61,8,4,7,13,2,0,0
2294,1993,Graduation,Single,126111,2,1,18-11-2014,72,353,252,107,349,13,603,3,0,5,11,9,1,0
2295,1990,PhD,Divorced,108099,2,0,05-10-2015,71,492,450,599,317,288,249,7,3,4,15,13,0,1
2296,1990,Basic,Divorced,140014,2,0,12-12-2015,100,1367,393,429,417,169,210,10,3,9,0,16,1,1
2297,1957,PhD,Married,43027,1,2,02-11-2013,40,355,107,280,28,100,182,5,14,0,7,6,1,0
2298,1976,Graduation,Divorced,14532,2,0,15-12-2015,100,93,53,8,3,8,62,4,6,6,14,2,1,1
2299,1952,Graduation,Single,116081,1,2,09-05-2014,73,620,431,274,556,163,480,7,2,3,12,5,0,1
2300,1992,Master,Widow,48543,2,0,12-11-2014,27,399,218,364,179,23,23,2,12,2,7,8,1,1
2301,1947,Graduation,Single,127283,2,2,24-12-2012,90,1191,172,464,515,60,483,5,0,10,4,8,0,1
2302,1958,PhD,Single,87188,0,0,01-12-2014,0,16,283,737,388,137,374,5,15,10,15,0,0,0
2303,1981,PhD,Divorced,56867,2,0,28-11-2012,60,137,99,433,116,172,146,6,1,1,8,2,0,0
2304,1964,Master,Married,64212,2,2,21-10-2014,62,415,84,586,257,190,100,10,1,9,8,7,1,1
2305,1941,Graduation,Single,30367,2,0,01-12-2014,49,0,92,12,36,9,69,1,6,1,12,8,0,1
2306,1975,Master,Single,22775,0,1,21-12-2012,30,181,31,76,42,27,106,5,12,4,9,14,0,0
2307,1968,PhD,Divorced,134947,0,0,14-07-2012,19,98,567,537,362,107,384,6,3,2,1,16,1,0
2308,1988,Graduation,Single,79358,2,0,31-03-2012,23,69,110,272,369,2,57,5,6,5,0,8,1,1
2309,1944,Master,Divorced,59514,0,1,03-11-2014,8,45,179,187,78,57,77,10,7,3,6,1,0,1
2310,1999,Graduation,Single,38958,0,2,07-07-2014,45,285,104,55,4,102,171,8,12,4,15,18,0,1
2311,1980,PhD,Divorced,72987,2,0,01-12-2014,39,102,177,54,5,202,246,3,13,0,9,10,1,1
2312,1975,Graduation,Divorced,34636,0,1,07-02-2015,90,315,50,270,55,2,112,2,6,3,8,5,1,0
2313,1969,Basic,Married,127982,2,0,25-07-2012,47,782,15,1266,50,50,174,9,6,9,0,14,0,1
2314,1945,Master,Single,75019,0,2,17-03-2014,95,652,296,67,158,165,288,3,8,1,0,5,0,0
2315,1970,Graduation,Married,111726,1,2,14-10-2015,12,573,6,990,261,220,359,0,5,9,6,7,1,1
2316,1981,Graduation,Married,19680,1,0,04-07-2013,24,96,42,2,38,36,37,6,2,1,15,0,1,1
2317,1988,PhD,Single,26142,1,1,08-04-2015,42,253,129,199,96,32,28,10,2,10,6,17,1,1
2318,1963,PhD,Single,60730,1,1,02-12-2015,3,171,186,543,109,51,13,9,14,4,6,0,0,0
2319,1999,Master,Single,99614,2,0,28-10-2013,7,565,229,460,445,72,297,7,12,3,5,9,0,0
2320,1974,Basic,Married,51363,1,1,07-10-2014,39,171,93,399,215,129,158,1,8,0,9,19,0,1
2321,1989,Graduation,Single,68225,2,1,12-02-2015,3,641,85,192,240,9,133,7,6,1,9,18,1,1
2322,1998,Basic,Widow,95680,1,2,17-04-2012,32,367,60,953,53,19,101,2,1,2,4,18,0,1
2323,1965,Master,Widow,84529,2,1,15-08-2013,94,40,46,314,50,160,341,6,10,3,1,19,1,0
2324,1979,PhD,Married,84713,1,0,16-12-2013,93,803,139,782,389,252,328,2,6,2,2,5,1,1
2325,1940,Graduation,Single,39991,2,2,25-01-2013,100,190,187,359,59,110,122,1,0,4,3,19,1,1
2326,1965,Master,Divorced,98345,2,2,12-10-2013,23,302,254,976,207,240,85,0,10,9,3,8,0,1
2327,1994,PhD,Married,127560,1,1,28-06-2012,16,1009,0,1258,601,418,517,9,3,9,9,17,1,0
2328,1945,Master,Single,123230,2,2,04-03-2014,30,992,575,498,510,28,179,7,12,7,2,9,1,0
2329,1986,PhD,Widow,137255,2,1,15-02-2014,33,839,617,1147,50,270,71,7,15,6,8,20,1,1
2330,2000,PhD,Married,27145,2,0,18-06-2015,59,55,83,89,1,39,60,1,1,1,5,0,1,0
2331,1977,Basic,Widow,60758,1,0,19-07-2012,77,184,232,226,253,24,139,6,9,4,13,19,0,1
2332,1941,Master,Divorced,44313,0,2,31-12-2012,62,144,35,19,187,53,199,10,0,4,4,2,0,1
2333,1982,Master,Single,123921,0,0,25-02-2013,46,1132,497,858,194,1,317,8,11,6,9,16,1,1
2334,1998,PhD,Single,126001,1,1,04-11-2015,6,1127,47,213,259,152,312,5,15,1,8,7,1,0
2335,1976,Master,Married,48829,0,2,15-06-2013,26,327,74,429,87,143,53,2,10,10,5,7,1,1
2336,1974,Graduation,Single,74589,1,2,27-09-2012,83,270,310,575,59,194,41,5,12,1,15,17,0,1
2337,1979,PhD,Married,134140,0,2,26-01-2012,10,991,445,1325,375,238,529,7,4,2,13,17,0,1
2338,1958,PhD,Divorced,20948,1,0,27-06-2013,31,39,101,53,17,44,91,3,13,5,8,4,0,1
2339,1984,Master,Married,76459,0,0,06-10-2012,25,743,382,653,378,124,85,8,5,2,15,20,1,1
2340,1972,Basic,Divorced,18536,0,2,26-10-2015,18,31,42,32,78,47,16,7,11,4,4,3,0,1
2341,1988,Basic,Divorced,77886,2,2,08-03-2012,53,149,166,197,20,150,338,8,14,1,12,9,0,0
2342,1944,Basic,Married,38914,2,2,24-12-2013,80,333,61,231,21,9,124,7,6,1,1,13,1,0
2343,1943,Graduation,Divorced,112992,1,2,01-01-2014,5,508,413,456,532,242,313,1,2,2,3,7,1,0
2344,1995,Basic,Widow,16334,1,1,09-07-2015,74,80,49,116,65,49,43,2,6,3,5,4,0,1
2345,1954,Master,Widow,112950,1,1,06-04-2012,47,776,473,1010,459,233,317,5,11,0,10,17,1,0
2346,1973,PhD,Divorced,140732,2,2,25-04-2014,66,242,34,942,503,443,451,8,3,7,5,7,1,1
2347,1955,Basic,Widow,28834,0,0,06-04-2015,44,205,75,66,4,44,23,7,6,10,10,7,0,1
2348,1953,Basic,Married,45538,1,2,27-11-2015,43,407,2,42,157,71,7,10,6,1,1,10,0,1
2349,1965,Master,Married,72257,1,1,03-06-2012,44,594,166,304,243,197,243,1,11,3,14,5,1,1
2350,1961,Basic,Married,56120,2,0,04-07-2013,79,555,235,361,37,160,150,2,2,9,0,12,0,1
2351,1970,PhD,Widow,18417,1,2,30-05-2013,12,36,1,25,82,36,5,10,12,0,13,7,0,1
2352,1952,Master,Single,64663,0,0,20-07-2012,73,512,194,425,300,208,94,6,9,2,4,9,1,0
2353,1947,Master,Divorced,78911,1,0,02-11-2015,93,754,197,563,288,123,309,3,7,3,9,7,1,1
2354,1969,Basic,Single,99653,2,2,21-02-2013,25,687,244,173,199,110,27,5,7,3,12,18,1,0
2355,1980,Graduation,Single,83609,2,2,07-03-2014,28,98,240,620,5,91,81,6,1,6,4,19,1,0
2356,1990,PhD,Divorced,37034,0,1,25-12-2014,32,350,169,225,36,77,88,3,12,3,3,9,0,1
2357,1966,Graduation,Married,56516,1,1,12-07-2015,7,221,176,260,124,176,137,9,4,7,14,15,1,0
2358,1991,Graduation,Widow,118500,2,0,25-05-2012,48,175,544,494,429,62,188,7,3,9,3,16,1,1
2359,1974,Graduation,Divorced,75873,1,2,25-08-2014,51,752,1,459,144,177,51,5,2,6,5,13,1,0
2360,1982,Basic,Single,97305,2,1,01-11-2012,18,450,140,112,486,132,340,2,0,6,10,20,1,0
2361,1988,Master,Widow,57688,1,1,18-11-2012,67,373,69,421,62,116,101,8,3,8,7,9,1,1
2362,1975,Master,Divorced,93383,2,2,18-01-2015,30,289,53,251,175,140,451,2,11,3,13,19,0,1
2363,1949,Graduation,Widow,83441,0,0,02-10-2015,18,34,137,585,210,172,149,5,6,8,4,4,1,1
2364,1963,Basic,Single,131955,1,1,14-04-2012,9,896,572,1154,55,148,638,8,3,9,13,8,0,0
2365,1979,PhD,Widow,127765,2,0,01-06-2012,54,156,20,1264,40,407,573,5,8,0,15,2,0,1
2366,1997,PhD,Married,135656,2,1,02-07-2012,45,789,487,787,337,111,13,6,6,6,2,13,1,1
2367,1985,Master,Widow,101610,2,2,27-04-2012,51,457,353,469,405,10,337,2,15,1,12,9,0,1
2368,1964,Basic,Divorced,42335,1,0,14-06-2015,39,222,159,374,132,47,91,6,4,5,11,10,0,0
2369,1951,Basic,Divorced,136613,0,1,23-01-2015,28,311,590,523,272,261,331,0,8,10,13,8,0,1
2370,1951,Basic,Single,137425,2,2,28-01-2013,32,219,65,619,376,258,494,9,9,8,5,3,0,0
2371,1965,Basic,Divorced,98887,1,1,12-02-2013,19,211,442,26,271,324,52,0,6,6,7,18,0,1
2372,1990,PhD,Divorced,14448,0,1,08-09-2013,83,94,3,102,54,29,54,2,14,5,14,12,0,0
2373,1995,Basic,Married,50027,0,2,16-11-2012,27,412,136,462,109,9,14,0,6,8,1,19,0,0
2374,1956,Graduation,Widow,44214,1,0,22-08-2012,95,409,17,185,8,147,175,4,14,10,10,19,1,0
2375,1996,Master,Widow,56392,1,2,16-06-2013,97,17,221,458,235,6,50,9,9,2,6,1,0,0
2376,1963,Basic,Married,50929,0,1,07-11-2012,86,304,128,201,172,130,197,6,9,3,10,20,1,1
2377,1996,Basic,Divorced,75833,1,0,10-11-2014,56,685,342,224,325,134,73,7,8,1,0,7,1,1
2378,1952,Master,Single,129427,2,0,11-07-2012,28,667,550,194,341,114,336,10,4,8,0,8,0,1
2379,1947,PhD,Divorced,108192,2,1,05-03-2012,6,185,352,829,339,252,156,4,13,6,4,0,1,0
2380,1942,Master,Widow,102306,1,1,01-03-2013,13,607,205,174,448,274,334,10,12,8,10,2,1,1
2381,1952,Graduation,Married,121877,1,1,30-05-2012,79,1069,513,78,113,64,3,8,2,3,6,16,1,1
2382,1956,Master,Married,50233,2,1,08-07-2014,34,426,236,84,123,40,67,0,8,0,3,1,0,0
2383,1993,PhD,Married,98143,1,1,17-10-2014,74,445,460,515,131,253,241,6,13,9,15,1,0,0
2384,1996,Basic,Married,54164,1,0,13-02-2015,82,396,123,434,120,179,89,7,8,2,5,10,1,0
2385,1970,Basic,Single,46945,1,1,01-12-2013,42,436,210,468,174,24,134,7,7,2,4,7,1,0
2386,1966,PhD,Married,130953,1,0,29-09-2012,90,135,570,1046,213,221,170,7,8,7,6,8,1,1
2387,1956,PhD,Widow,49262,0,2,17-03-2015,91,23,69,227,145,156,23,5,15,9,11,4,0,1
2388,1957,PhD,Divorced,65119,2,2,04-12-2014,83,544,107,105,94,104,96,1,0,0,13,19,0,1
2389,2000,Graduation,Single,72360,0,2,29-09-2012,9,619,302,82,309,228,163,2,6,10,10,10,1,1
2390,1992,PhD,Single,76710,1,0,28-12-2015,71,491,151,313,292,173,149,6,5,6,15,15,0,1
2391,1965,Master,Widow,65239,0,0,14-09-2014,80,560,297,190,237,165,110,10,8,6,7,8,1,1
2392,1995,Basic,Single,118779,1,0,09-01-2013,96,906,175,958,38,133,499,4,10,8,6,18,0,0
2393,1951,PhD,Married,32026,2,0,28-09-2012,15,262,107,96,55,42,112,0,2,9,10,19,1,0
2394,1974,Graduation,Married,113896,0,2,14-05-2012,82,754,13,944,40,253,119,6,10,6,11,18,0,0
2395,1993,PhD,Married,135367,1,0,08-02-2015,81,723,354,150,46,421,590,0,1,5,13,6,1,1
2396,1943,PhD,Single,133301,0,0,03-09-2015,30,780,45,623,595,157,104,7,7,9,15,5,1,0
2397,1992,PhD,Divorced,41693,1,2,14-10-2014,45,20,194,15,170,72,129,3,10,0,13,1,0,0
2398,1998,Basic,Married,105256,2,1,15-04-2015,33,571,12,685,503,268,147,6,7,2,15,20,0,1
2399,1973,PhD,Widow,44585,0,2,14-06-2014,17,40,143,102,130,24,194,6,12,9,4,0,0,1
2400,1985,Basic,Widow,107152,0,1,05-06-2012,49,328,379,857,187,218,230,0,15,0,1,18,0,0
2401,1974,PhD,Divorced,28205,2,1,30-05-2015,2,254,136,97,128,27,107,1,0,7,5,12,0,1
2402,1958,Master,Divorced,143743,0,0,05-11-2012,100,607,314,455,648,77,573,3,4,7,1,12,0,0
2403,1970,Graduation,Married,118484,2,0,02-05-2012,80,1004,516,942,147,47,242,1,4,1,15,16,0,0
2404,1973,Basic,Divorced,63116,2,0,02-10-2012,83,91,263,504,54,81,120,6,5,0,5,14,1,1
2405,1950,PhD,Widow,26824,1,1,30-09-2013,47,189,113,198,20,15,5,9,15,6,13,5,0,0
2406,1973,Master,Married,71716,0,1,28-02-2015,95,33,7,109,211,111,203,8,11,5,10,10,1,1
2407,1949,Graduation,Widow,96182,2,1,17-07-2013,12,267,148,348,9,81,118,8,1,2,1,6,0,1
2408,1957,PhD,Single,94211,2,2,22-10-2013,72,149,1,403,146,36,271,5,11,0,12,18,1,0
2409,1991,Basic,Divorced,15834,0,0,04-10-2014,78,64,10,149,36,35,48,9,0,5,14,16,1,1
2410,1953,Basic,Single,24653,1,0,14-08-2013,84,64,1,180,115,52,12,10,8,5,0,6,1,1
2411,1946,PhD,Divorced,122789,0,0,08-06-2014,56,272,149,1190,405,359,106,9,0,6,9,12,1,1
2412,1967,Basic,Divorced,80244,1,0,15-09-2013,20,254,200,760,398,64,126,9,0,5,4,7,1,1
2413,1981,Basic,Single,129202,0,2,28-06-2014,1,1022,316,996,26,73,261,1,2,4,7,18,0,0
2414,1960,PhD,Divorced,57078,2,1,17-05-2012,67,526,156,75,224,147,216,9,3,2,8,13,1,0
2415,1974,Graduation,Single,33786,0,1,22-01-2012,29,174,56,130,141,95,103,1,6,0,1,4,1,0
2416,1962,Master,Divorced,66710,0,1,26-02-2014,6,295,248,34,201,55,143,4,14,10,7,0,1,0
2417,1986,PhD,Married,50800,2,2,17-12-2014,3,426,8,114,37,153,179,3,2,0,6,6,1,1
2418,1947,Basic,Divorced,66406,2,1,07-04-2013,36,326,237,64,198,120,86,6,0,4,4,14,1,1
2419,1943,Master,Divorced,129842,1,0,29-05-2012,12,628,321,947,626,193,201,7,10,5,15,16,1,1
2420,1966,Basic,Divorced,42426,2,0,18-06-2014,46,170,136,289,30,95,37,0,1,0,7,13,1,1
2421,1940,Basic,Widow,25485,1,2,26-07-2013,77,188,25,162,52,81,56,7,3,7,9,0,0,1
2422,1962,PhD,Widow,44150,1,1,18-12-2015,27,136,135,364,80,114,123,2,13,4,6,4,0,0
2423,1958,Master,Married,24243,1,1,26-02-2013,92,236,116,73,43,62,42,2,14,4,12,1,1,1
2424,1972,Graduation,Married,92513,2,1,16-05-2013,69,162,50,581,208,162,226,3,4,0,0,1,0,0
2425,1956,Basic,Widow,86096,1,1,06-06-2013,18,146,425,795,281,129,146,3,13,3,15,14,0,0
2426,1971,Basic,Widow,65913,1,1,20-04-2014,22,420,49,188,214,42,96,9,11,7,3,8,1,1
2427,1965,Graduation,Widow,74226,1,2,26-11-2012,58,287,221,582,18,148,271,5,5,3,6,13,1,1
2428,1942,PhD,Married,147274,1,2,15-06-2013,28,412,540,1021,734,488,654,0,6,4,1,5,1,0
2429,1996,Basic,Divorced,80126,2,2,28-12-2015,42,387,112,512,353,70,243,8,13,3,7,18,0,0
2430,1987,Master,Single,28484,2,2,31-03-2012,31,169,15,104,30,6,29,6,9,3,8,13,1,0
2431,1949,PhD,Single,144760,2,2,30-08-2012,62,766,679,340,367,137,76,2,4,9,4,13,1,1
2432,1948,Graduation,Single,24635,2,2,06-03-2012,10,132,95,24,12,17,47,0,2,3,4,16,0,1
2433,1956,Graduation,Single,140861,1,0,17-07-2014,92,765,221,407,68,53,341,1,1,2,0,4,1,1
2434,1993,Basic,Single,128848,0,1,18-03-2013,39,1054,436,1059,641,290,267,0,9,8,9,2,0,0
2435,1953,Master,Married,11576,2,1,03-12-2014,28,48,33,22,45,34,10,9,14,10,4,7,1,1
2436,1984,Master,Single,114716,2,0,30-04-2013,68,814,503,425,297,115,479,0,1,0,8,1,0,1
2437,1986,Basic,Married,41009,1,0,04-07-2013,26,382,171,64,89,37,23,6,6,0,3,14,1,1
2438,1961,Basic,Widow,143906,0,2,01-05-2013,88,1043,374,823,396,241,608,6,9,5,3,13,0,0
2439,1952,PhD,Divorced,138319,1,0,06-09-2012,43,572,539,1345,631,80,644,4,0,9,4,20,1,0
2440,1953,Master,Single,135526,0,0,09-04-2012,92,558,617,173,314,433,290,7,13,1,0,8,1,0
2441,1994,Master,Divorced,36533,0,1,25-08-2013,8,2,24,39,4,97,137,4,15,4,10,10,1,1
2442,1953,Graduation,Widow,13709,2,1,06-12-2012,89,6,68,29,35,37,21,7,7,10,3,15,0,0
2443,1952,PhD,Widow,48545,1,0,14-01-2013,89,369,241,480,43,5,14,5,6,10,14,10,1,0
2444,1971,Basic,Married,19783,1,2,03-04-2015,64,34,90,128,80,20,50,10,10,6,10,5,1,0
2445,1957,Basic,Widow,10694,2,1,11-07-2012,38,40,42,78,40,32,19,10,11,2,8,11,1,0
2446,1942,Graduation,Divorced,124363,0,1,16-12-2015,15,38,574,255,187,325,271,10,12,7,1,6,1,0
2447,1946,Graduation,Married,144887,0,1,15-04-2015,31,1262,415,1171,611,352,70,2,7,7,0,1,0,0
2448,1972,Graduation,Widow,91606,2,0,09-07-2014,76,771,141,296,82,48,319,10,5,7,13,7,0,0
2449,1981,Master,Married,46364,0,2,16-06-2013,81,408,157,242,112,53,13,0,12,2,6,17,0,0
2450,1969,Basic,Married,146991,2,2,25-07-2014,39,1216,197,858,589,479,186,9,7,0,10,17,1,0
2451,1980,Basic,Married,65844,2,0,17-08-2015,17,316,224,604,22,173,207,3,3,5,2,3,1,0
2452,1984,PhD,Divorced,123000,1,2,13-03-2013,64,298,196,1176,65,389,227,5,1,9,11,3,1,1
2453,1959,Basic,Divorced,134036,0,1,31-03-2012,93,53,548,419,169,213,181,9,13,1,10,5,1,0
2454,1972,Master,Widow,88236,2,2,17-02-2013,41,453,147,535,318,5,209,4,0,2,3,17,0,0
2455,1942,Basic,Single,147699,0,2,27-03-2013,74,907,582,152,642,85,335,9,13,10,3,4,1,1
2456,1943,PhD,Widow,139758,2,1,01-07-2015,17,828,489,1236,389,269,155,8,8,8,1,15,0,1
2457,1953,PhD,Married,67190,0,1,21-05-2013,16,288,109,184,330,156,142,10,5,0,4,11,1,0
2458,1945,Master,Widow,60416,2,2,18-02-2013,58,53,38,510,143,139,28,4,11,3,4,6,1,0
2459,1988,Graduation,Widow,106763,2,0,01-03-2014,61,1029,337,1063,40,169,133,9,13,0,1,7,1,0
2460,1961,PhD,Widow,40398,2,1,19-06-2014,10,120,146,120,86,48,147,4,7,1,4,0,1,1
2461,1977,PhD,Divorced,20174,0,1,10-04-2012,49,186,83,83,55,67,72,3,10,5,6,18,1,0
2462,1945,Basic,Married,48293,2,1,31-10-2013,29,437,157,15,120,28,107,4,2,8,15,7,0,0
2463,1951,Basic,Divorced,78070,2,2,20-12-2014,7,403,46,767,361,219,45,6,5,8,8,6,0,0
2464,1945,Basic,Married,15852,1,2,01-08-2015,17,47,13,36,0,48,63,4,2,1,15,5,0,0
2465,1990,Basic,Divorced,21545,2,0,08-11-2013,9,213,24,88,9,22,58,2,14,10,10,2,1,1
2466,1976,PhD,Single,116486,2,2,28-12-2012,28,811,284,71,200,231,291,10,10,9,3,20,1,1
2467,1985,Master,Widow,121587,0,0,13-09-2013,22,1200,314,101,323,223,565,8,9,0,10,6,1,0
2468,1955,Graduation,Widow,127176,2,0,17-09-2015,42,641,339,241,6,330,119,10,10,0,3,0,1,0
2469,1982,Master,Married,134538,1,2,15-11-2012,100,155,528,687,188,351,367,8,6,6,3,17,1,0
2470,1979,Graduation,Widow,117066,0,0,24-04-2012,69,1070,191,336,238,12,56,6,2,6,15,5,1,0
2471,1971,Graduation,Divorced,111512,2,1,18-01-2013,17,294,174,613,495,32,177,8,11,10,13,11,1,0
2472,1971,Basic,Married,17840,1,0,22-07-2015,35,118,19,140,45,20,63,6,11,1,13,0,1,1
2473,1945,Basic,Widow,94583,0,1,04-03-2012,36,284,447,597,28,103,236,10,8,2,15,9,1,0
2474,1977,Master,Married,22367,1,1,29-11-2013,14,140,55,5,7,59,17,9,8,10,8,6,1,0
2475,1993,PhD,Married,86797,2,0,21-02-2013,40,243,363,579,134,167,268,10,2,8,6,16,1,0
2476,1972,Graduation,Widow,21673,2,0,23-08-2013,78,188,10,140,104,57,106,4,10,7,5,4,0,1
2477,1956,Master,Married,101925,1,1,23-03-2013,16,210,105,804,90,298,488,10,4,10,11,9,0,1
2478,1995,Master,Widow,78807,1,1,23-11-2015,34,383,196,447,18,261,100,7,4,9,8,16,0,0
2479,1976,Basic,Widow,40925,1,0,01-09-2013,13,326,157,261,83,65,187,7,9,4,3,9,1,0
2480,1959,PhD,Divorced,62859,0,2,28-10-2012,55,239,210,536,160,166,119,5,12,6,5,12,1,1
2481,1954,Master,Widow,116521,0,1,07-03-2014,14,325,107,1150,78,204,98,6,0,6,10,1,1,0
2482,1947,PhD,Divorced,29238,0,2,22-09-2012,42,62,21,51,122,78,87,0,3,5,9,15,0,0
2483,1962,PhD,Married,92980,0,2,18-03-2014,33,234,178,74,71,206,140,5,12,6,12,2,1,0
2484,1998,Graduation,Single,94475,0,0,25-02-2014,46,773,49,231,414,40,220,0,1,9,0,1,1,0
2485,1997,Graduation,Single,98023,1,0,02-04-2012,45,649,208,65,187,54,414,4,8,6,13,9,0,0
2486,1940,Master,Divorced,146361,2,2,29-01-2012,10,117,369,333,713,49,512,6,6,1,14,7,1,1
2487,1951,PhD,Widow,78501,1,1,12-11-2015,38,290,106,72,254,80,239,5,14,0,14,17,0,1
2488,1966,Basic,Divorced,13857,2,2,28-04-2013,71,31,60,87,66,16,63,1,2,0,14,13,0,1
2489,1971,Basic,Widow,30855,2,2,21-02-2012,25,188,147,232,102,47,142,9,8,10,4,20,0,1
2490,1953,PhD,Widow,104966,0,1,19-01-2014,37,557,17,449,255,250,55,8,1,1,11,6,0,1
2491,1991,Master,Widow,25741,1,0,30-04-2014,34,158,28,105,92,80,36,8,9,3,1,12,1,0
2492,1988,PhD,Married,84255,1,1,08-01-2015,56,762,91,94,383,35,6,8,7,3,2,19,0,0
2493,1978,PhD,Divorced,132255,0,2,13-08-2015,22,1235,103,84,647,320,510,5,15,8,0,12,0,0
2494,1952,PhD,Widow,75877,0,1,21-10-2013,84,4,199,682,373,38,190,3,12,5,8,10,1,0
2495,1978,Basic,Widow,89070,0,2,03-05-2014,79,512,316,851,34,134,420,1,13,6,10,20,1,0
2496,1991,Basic,Single,106115,0,0,21-08-2015,49,1000,194,1018,490,260,530,4,5,8,8,8,1,1
2497,1963,Basic,Widow,109030,2,1,02-04-2014,65,293,83,546,480,252,498,7,6,3,14,14,1,0
2498,1954,Basic,Divorced,40018,1,0,03-03-2012,43,194,55,31,14,9,160,8,7,1,6,2,1,0
2499,1954,PhD,Widow,45441,0,2,18-09-2012,26,112,50,390,120,22,168,2,9,7,13,2,0,0
2500,1976,Basic,Single,138367,1,0,21-01-2014,36,168,486,241,48,368,253,0,9,3,9,17,0,0
2501,1978,Master,Divorced,66930,1,2,11-07-2014,17,136,155,434,313,13,162,5,15,2,6,19,1,0
2502,1982,Basic,Divorced,77470,1,1,24-08-2014,94,295,372,203,147,75,156,1,1,8,7,9,0,1
2503,1953,Basic,Widow,30580,1,2,01-11-2012,65,234,17,297,28,97,130,5,4,10,3,15,0,1
2504,1958,Master,Married,88787,1,0,14-09-2012,61,827,208,209,354,270,131,3,9,8,9,15,1,0
2505,1986,Master,Married,135817,0,0,11-08-2013,20,1164,160,1198,59,425,134,6,5,3,7,14,0,0
2506,1989,Basic,Married,71577,1,0,09-10-2013,72,656,147,650,54,7,108,0,7,9,3,5,1,0
2507,1981,Basic,Divorced,99891,0,2,12-09-2014,73,589,35,123,206,163,476,9,2,9,12,12,0,0
2508,1991,Graduation,Divorced,32286,1,1,24-09-2012,9,174,48,41,148,96,159,7,14,6,7,14,1,0
2509,1977,Master,Divorced,63793,1,1,22-02-2013,57,182,266,367,250,60,7,8,7,9,4,18,1,1
2510,1947,PhD,Divorced,32098,0,0,12-10-2015,73,294,37,159,64,2,58,6,9,10,8,18,0,0
2511,2000,PhD,Married,84578,1,0,07-10-2012,39,675,235,591,164,241,84,6,9,4,9,11,0,0
2512,1950,Master,Widow,16681,1,0,02-02-2012,46,13,0,65,27,19,63,6,4,0,13,14,1,0
2513,1996,Master,Married,115463,1,2,15-03-2012,97,891,439,622,252,356,307,2,5,6,15,6,0,1
2514,1996,Basic,Married,12455,0,1,28-05-2012,90,121,38,88,55,14,52,1,11,6,2,9,1,1
2515,1994,Master,Divorced,117994,2,0,18-05-2013,58,224,445,142,484,205,104,1,2,7,2,9,1,0
2516,1968,Master,Married,35881,2,0,14-06-2012,28,107,51,48,132,84,15,1,6,2,8,0,0,0
2517,1941,PhD,Divorced,143178,0,1,28-08-2012,10,1075,618,1118,514,462,565,8,10,1,6,17,0,1
2518,1960,Basic,Widow,36115,2,0,24-12-2015,37,212,144,317,14,44,19,0,5,6,0,12,1,1
2519,1993,Graduation,Widow,114587,1,2,03-08-2015,40,99,310,871,220,53,401,0,8,2,10,13,0,1
2520,1993,Graduation,Single,64294,1,2,25-06-2012,11,452,292,570,140,13,163,1,4,10,10,14,0,1
2521,1991,Graduation,Widow,120478,0,2,07-06-2013,8,486,407,754,325,259,467,7,13,10,0,0,1,0
2522,1948,Basic,Single,139895,1,1,29-12-2015,88,1398,642,1163,386,133,129,5,7,9,12,16,0,1
2523,1953,PhD,Divorced,100087,2,1,11-02-2012,43,163,206,829,38,145,48,3,10,9,5,17,1,0
2524,1961,PhD,Single,20830,2,0,29-08-2013,50,88,97,42,27,11,8,5,7,0,12,17,0,0
2525,1940,Master,Single,112888,1,1,27-08-2015,38,1061,45,91,137,201,25,10,0,3,15,17,0,0
2526,1940,Basic,Widow,78901,2,0,03-06-2015,5,244,107,13,111,49,171,4,11,1,15,3,1,0
2527,1996,Basic,Single,103790,0,1,27-08-2015,99,857,99,743,71,314,371,2,10,4,10,0,0,1
2528,1954,Graduation,Divorced,86906,1,0,01-02-2013,46,52,270,531,193,103,147,8,6,9,2,13,1,1
2529,1978,Master,Divorced,89140,2,1,04-12-2013,49,649,355,425,89,203,392,4,2,10,7,8,0,1
2530,1942,PhD,Widow,42957,2,1,24-06-2012,48,383,18,369,42,50,214,6,4,0,2,18,1,1
2531,1944,Graduation,Widow,56707,2,1,06-06-2015,95,187,86,329,141,10,194,10,7,0,10,11,0,0
2532,1959,Basic,Married,52476,0,2,09-10-2012,2,157,77,369,252,171,199,7,11,2,3,5,1,0
2533,1942,Master,Married,69943,1,1,15-01-2015,99,510,118,208,140,229,119,4,13,2,10,16,0,1
2534,1965,Master,Divorced,44719,2,2,08-03-2014,93,396,192,181,109,5,223,7,12,1,14,14,0,1
2535,1980,PhD,Married,143561,2,0,10-12-2014,2,120,559,1337,59,447,376,8,14,5,14,9,1,1
2536,2000,Basic,Single,144356,0,0,17-11-2012,56,932,255,490,511,478,536,8,11,3,7,17,1,0
2537,1997,Basic,Widow,131806,1,0,18-02-2013,49,1133,416,50,541,146,110,4,4,10,8,10,1,0
2538,1968,Master,Divorced,38143,1,2,21-06-2014,77,73,31,96,83,12,66,6,8,9,4,0,0,1
2539,1974,Graduation,Divorced,112234,0,0,16-08-2013,71,18,485,384,6,342,544,1,14,4,4,19,1,0
2540,1977,Basic,Married,55263,2,1,25-12-2014,37,450,66,267,106,30,63,4,4,5,0,19,0,0
2541,1974,Graduation,Widow,95116,2,0,15-04-2012,83,123,265,507,320,127,236,9,8,6,13,9,1,1
2542,1948,Graduation,Single,124110,2,0,05-08-2015,100,894,372,215,308,3,400,6,2,2,5,17,1,1
2543,1948,Graduation,Married,84817,0,0,17-12-2014,18,223,418,429,148,119,31,9,2,1,1,17,1,1
2544,1956,Graduation,Divorced,93026,0,0,01-01-2014,16,647,361,652,91,0,375,8,14,5,10,1,1,1
2545,1945,Master,Married,11200,1,1,16-01-2015,71,30,48,67,10,16,41,5,1,8,3,17,0,1
2546,1972,Master,Married,12322,1,1,05-04-2012,19,53,61,15,61,33,47,10,5,8,2,16,1,0
2547,1982,Basic,Widow,60111,1,2,03-03-2015,80,127,227,113,286,52,243,10,6,10,0,18,1,0
2548,1965,Graduation,Divorced,128045,2,1,30-12-2015,79,1149,552,1087,215,327,98,9,0,4,3,11,1,0
2549,1947,Master,Divorced,109285,1,2,23-03-2012,41,398,515,393,377,212,7,8,12,3,13,18,1,1
2550,1959,PhD,Divorced,69791,1,2,05-05-2015,91,652,345,288,64,84,323,10,13,0,8,7,1,1
2551,1981,Master,Divorced,13743,1,1,08-01-2014,90,114,51,84,28,37,65,5,2,9,7,7,1,1
2552,1999,Basic,Single,69279,1,1,22-04-2013,61,18,307,537,79,86,297,10,8,4,8,2,1,1
2553,1955,PhD,Divorced,25383,1,2,24-11-2015,51,30,51,157,102,11,95,1,10,7,0,3,1,0
2554,1949,PhD,Married,100613,1,0,29-08-2013,56,694,377,863,209,139,405,0,8,0,9,2,1,0
2555,1958,Graduation,Widow,94405,1,2,17-09-2014,82,291,55,256,215,14,154,0,2,9,8,5,1,0
2556,1963,Master,Widow,149077,1,0,01-09-2012,61,872,389,986,580,365,376,10,6,6,10,0,0,1
2557,1996,Graduation,Divorced,94476,2,0,27-11-2012,87,682,132,797,110,116,284,4,7,0,6,20,1,0
2558,1975,PhD,Married,60683,1,1,23-10-2013,45,284,145,238,63,13,68,10,14,10,14,16,0,0
2559,1980,Master,Divorced,84961,0,1,17-06-2012,64,496,73,812,307,261,45,4,15,6,11,13,1,0
2560,1970,Graduation,Divorced,129103,2,2,04-06-2012,89,407,458,1041,38,335,13,6,5,6,1,9,1,1
2561,1987,Master,Married,109206,1,1,13-10-2014,65,699,284,1001,288,98,297,4,8,10,12,3,1,1
2562,1962,Master,Single,83690,2,1,05-06-2015,90,348,320,44,46,102,311,4,0,7,15,17,1,1
2563,1986,Graduation,Divorced,22221,2,1,01-06-2013,100,26,23,63,15,47,34,9,7,7,13,18,1,1
2564,1948,Master,Married,50382,2,0,05-11-2013,38,485,201,254,84,137,152,0,14,9,9,0,1,0
2565,1957,Master,Single,120745,0,1,02-09-2013,88,106,516,1052,109,353,12,7,2,8,11,6,1,1
2566,1984,Basic,Divorced,10812,2,2,31-10-2014,60,10,46,72,0,3,23,7,14,4,0,13,1,1
2567,1967,Basic,Single,137173,0,1,24-11-2012,6,952,650,372,501,439,310,3,2,6,11,17,1,1
2568,1969,PhD,Divorced,41880,2,2,17-12-2013,96,100,53,88,102,91,202,0,2,3,1,16,1,0
2569,1995,Basic,Widow,118553,1,0,14-12-2012,22,1010,519,232,258,230,231,9,1,4,2,12,1,0
2570,1977,Graduation,Married,146291,2,2,05-04-2013,42,209,187,1176,511,308,417,10,11,8,2,14,0,1
2571,1977,PhD,Divorced,66263,0,2,31-12-2012,51,579,18,323,115,59,60,5,7,8,15,17,1,1
2572,1986,Basic,Married,40059,2,2,04-07-2014,12,73,118,286,33,122,174,5,11,1,8,5,0,0
2573,1976,Graduation,Widow,19539,0,0,09-02-2012,44,63,82,68,19,52,39,9,15,3,8,7,1,0
2574,1992,Master,Single,124939,1,1,24-07-2013,40,1186,97,912,351,382,190,8,6,8,10,7,1,0
2575,1968,Graduation,Single,89147,1,0,05-07-2013,88,372,374,761,357,136,245,2,13,4,2,10,1,0
2576,1955,Basic,Widow,60512,0,2,26-10-2012,92,302,198,534,55,6,120,2,0,4,7,15,1,0
2577,1999,PhD,Single,64738,0,1,25-04-2014,52,494,275,298,232,39,311,8,12,1,12,15,1,0
2578,1956,Master,Single,71477,0,1,30-07-2013,61,157,314,452,105,191,262,8,5,10,2,16,0,1
2579,1955,PhD,Single,129090,2,2,16-08-2012,22,147,507,70,452,364,183,7,10,5,3,7,0,0
2580,1956,PhD,Single,16916,2,0,01-10-2014,10,8,73,101,49,32,3,2,6,0,1,16,0,0
2581,1982,Basic,Widow,100196,0,0,22-12-2012,62,63,412,395,310,256,396,8,10,8,1,0,0,1
2582,1979,Basic,Divorced,17854,2,1,14-07-2012,15,89,12,124,21,59,41,3,9,3,0,4,1,1
2583,1969,PhD,Single,62917,1,0,25-07-2013,45,378,217,40,245,105,172,9,3,1,5,2,1,1
2584,1951,Graduation,Widow,93095,0,0,06-04-2013,56,70,378,471,313,128,53,4,11,3,6,20,1,1
2585,1995,Basic,Divorced,100066,2,0,09-12-2014,83,273,314,34,266,140,359,7,5,1,7,0,1,0
2586,1958,Basic,Widow,106336,2,1,17-11-2014,54,849,77,268,173,213,60,6,2,10,12,10,0,1
2587,1944,Basic,Single,66876,0,0,17-03-2015,45,573,214,291,283,118,241,5,14,0,5,13,0,1
2588,1955,Graduation,Single,99819,0,0,05-01-2012,83,824,81,82,388,72,269,4,8,5,9,17,1,0
2589,1979,PhD,Widow,14350,2,2,17-11-2013,56,30,49,15,4,47,14,7,11,4,7,1,1,1
2590,1957,Graduation,Single,65096,1,1,07-05-2013,77,113,84,284,93,215,82,4,8,7,0,7,1,1
2591,1980,Basic,Single,43721,1,0,10-09-2012,40,51,164,307,19,38,158,0,10,7,15,7,1,1
2592,1941,Basic,Divorced,73659,1,0,27-07-2015,31,626,91,298,334,107,83,9,12,7,7,5,1,1
2593,1940,Master,Single,29101,0,1,29-01-2014,14,246,96,240,71,30,89,3,2,1,9,7,1,0
2594,1945,PhD,Single,33368,2,2,06-03-2012,61,173,127,221,136,60,17,10,1,10,5,9,1,1
2595,1958,PhD,Widow,61840,0,1,07-05-2013,72,56,178,203,109,56,195,10,1,7,13,13,1,0
2596,1986,Master,Single,138576,2,1,24-03-2013,45,566,402,1380,621,330,368,9,15,4,8,11,0,1
2597,1969,Master,Married,140445,0,2,01-04-2012,15,917,339,1303,278,351,683,4,8,1,15,17,0,0
2598,1988,Master,Widow,64488,1,1,05-08-2015,18,415,320,566,264,191,7,8,5,10,7,7,1,0
2599,1991,Basic,Divorced,143100,0,1,10-03-2015,3,383,387,640,558,334,331,3,5,7,10,13,0,1
2600,1988,Basic,Divorced,92577,1,0,21-06-2012,90,227,327,762,349,245,313,4,14,1,12,9,0,0
2601,1954,Basic,Widow,63974,1,0,07-01-2013,28,619,19,571,181,149,269,4,11,3,15,19,0,1
2602,1958,PhD,Married,26610,0,1,18-05-2015,47,114,110,50,52,73,120,3,1,1,15,3,1,1
2603,1995,Graduation,Divorced,106592,0,1,02-01-2014,22,1035,410,975,215,146,117,8,4,3,4,13,0,1
2604,1997,Master,Widow,68492,0,1,01-03-2012,80,30,74,548,132,51,285,8,12,9,12,12,1,0
2605,1998,Basic,Divorced,27069,0,1,13-02-2014,85,107,55,182,14,44,69,6,8,8,1,17,1,0
2606,1975,PhD,Widow,140981,0,1,15-04-2014,51,934,328,1030,40,367,90,0,11,9,8,8,1,1
2607,1974,PhD,Widow,110734,0,1,27-12-2015,60,430,259,448,133,287,361,2,5,0,14,15,0,1
2608,2000,PhD,Widow,74514,2,0,23-09-2012,7,125,190,499,367,60,34,2,13,6,13,11,0,0
2609,1965,PhD,Widow,26762,2,0,25-05-2013,51,129,6,229,126,68,46,3,1,10,5,15,0,0
2610,1970,Master,Divorced,61776,0,0,20-06-2015,80,280,110,111,9,107,46,7,7,6,8,17,1,0
2611,1976,Master,Married,12477,1,0,06-10-2012,47,60,43,24,14,9,57,5,2,6,4,1,1,0
2612,1946,Master,Married,77116,1,1,05-04-2014,24,325,306,543,147,78,104,10,6,9,12,0,0,1
2613,1986,Master,Divorced,99555,2,2,06-06-2012,91,809,226,534,11,271,212,4,6,4,5,6,0,0
2614,1977,Master,Married,105255,2,2,25-05-2012,56,773,492,93,139,251,447,4,14,10,3,7,0,0
2615,1969,PhD,Married,60274,1,2,25-05-2012,82,202,138,170,51,3,240,7,2,2,11,19,0,1
2616,1943,Basic,Single,51456,0,0,02-04-2014,82,395,176,144,129,42,224,5,15,5,5,7,1,0
2617,1981,Graduation,Divorced,136766,1,1,09-03-2013,2,551,666,1241,209,233,373,8,11,2,3,6,0,0
2618,1941,Basic,Single,41378,1,2,30-12-2015,91,66,129,227,114,40,5,0,3,4,14,12,0,1
2619,1964,Basic,Single,74411,1,2,09-06-2012,5,137,282,501,67,106,245,7,8,1,8,15,0,1
2620,1996,Master,Widow,32137,1,2,22-04-2013,21,249,19,148,7,62,25,0,7,10,15,4,1,0
2621,1960,Graduation,Divorced,135232,0,2,07-04-2014,43,744,303,515,272,175,179,6,8,4,15,15,0,0
2622,1993,PhD,Divorced,11623,1,1,24-01-2014,44,105,25,49,2,37,35,1,15,3,11,9,1,1
2623,1991,PhD,Married,92417,0,0,03-02-2012,8,393,293,359,24,133,76,1,2,7,9,17,0,0
2624,1993,Basic,Single,27021,2,2,24-02-2014,15,39,33,13,35,11,121,4,6,6,2,13,1,1
2625,1998,Graduation,Single,27885,0,0,01-03-2012,51,44,113,229,103,74,40,9,3,8,12,17,1,1
2626,1998,PhD,Widow,63178,0,0,11-10-2013,91,486,228,311,155,155,44,5,11,10,10,6,0,1
2627,1958,Basic,Married,50305,2,2,13-09-2014,45,147,105,343,245,89,132,10,8,5,1,3,0,0
2628,1976,Master,Widow,56665,0,0,02-12-2014,97,257,197,30,262,109,27,5,4,4,15,17,1,1
2629,1993,Graduation,Widow,34318,2,0,08-03-2013,12,4,167,47,44,94,57,0,10,6,13,11,0,1
2630,1968,PhD,Divorced,58539,2,1,01-08-2013,72,405,46,501,164,91,168,2,0,6,4,15,0,0
2631,1952,Graduation,Married,41622,1,1,18-02-2015,14,18,4,404,140,65,37,6,4,10,14,17,0,1
2632,1997,Master,Married,92409,1,2,21-11-2014,24,821,168,158,158,123,129,10,2,0,3,16,1,1
2633,1947,Graduation,Widow,44045,1,1,25-01-2013,65,175,27,105,88,131,94,4,10,1,1,15,1,0
2634,1967,PhD,Married,67509,0,1,20-10-2013,100,375,224,522,265,176,90,10,10,10,11,15,0,0
2635,1973,Master,Single,27957,0,1,10-04-2013,82,98,5,100,19,60,119,5,12,9,12,13,1,1
2636,1973,Master,Married,48595,1,2,03-11-2012,68,55,2,276,91,117,70,2,10,7,4,17,1,1
2637,1996,Graduation,Single,10668,1,0,04-10-2014,60,6,26,19,42,22,16,8,3,6,12,17,1,1
2638,1985,Master,Married,99165,0,1,08-03-2015,1,952,174,317,338,306,94,1,7,5,3,9,0,0
2639,1949,Basic,Single,48350,1,2,15-10-2012,5,68,187,389,13,11,175,10,8,5,4,0,0,1
2640,2000,Master,Single,11324,1,2,06-03-2014,66,86,18,77,33,35,17,8,11,4,10,15,1,0
2641,1963,Master,Married,24662,0,1,31-05-2013,12,92,103,53,112,60,119,8,13,5,5,3,1,1
2642,1971,Graduation,Divorced,66452,1,0,21-10-2012,86,250,142,542,24,89,233,5,13,1,1,1,0,1
2643,1952,Graduation,Widow,76206,1,1,30-04-2012,74,515,184,458,26,122,28,2,6,9,8,13,0,0
2644,1989,Graduation,Single,100937,2,1,28-04-2014,31,791,175,304,32,49,482,3,6,0,14,5,0,0
2645,1985,Basic,Married,35752,2,1,24-03-2015,27,269,152,337,142,114,76,10,11,3,14,1,1,0
2646,1979,PhD,Married,138814,2,1,15-08-2014,35,1080,176,1056,517,30,528,7,11,6,3,11,0,1
2647,1948,Basic,Single,123818,1,2,30-10-2013,54,242,280,847,348,114,377,0,2,1,0,2,1,1
2648,1970,Master,Married,13445,0,0,30-09-2013,68,19,58,76,25,18,46,9,15,4,0,9,1,1
2649,1997,Master,Divorced,21296,1,2,06-09-2012,79,73,33,27,94,62,12,8,0,8,10,1,0,1
2650,1941,Basic,Widow,79091,2,1,06-03-2013,5,631,134,744,346,96,157,4,14,3,10,13,1,0
2651,1950,Basic,Single,14897,0,2,08-02-2015,4,35,18,57,24,15,19,3,7,8,10,7,0,1
2652,2000,Basic,Single,81559,0,2,19-08-2012,25,778,53,97,221,41,210,4,11,10,3,5,1,1
2653,1982,Graduation,Divorced,89652,0,2,21-10-2013,94,606,199,834,70,60,289,9,6,0,10,9,0,0
2654,1986,Master,Divorced,78330,2,1,25-08-2012,12,543,225,460,218,209,187,8,7,6,15,18,1,1
2655,1988,Graduation,Widow,106466,2,1,18-03-2013,5,550,493,150,434,130,463,7,0,4,14,12,0,1
2656,1966,Master,Married,108929,0,2,02-03-2014,29,796,413,572,406,236,287,6,0,3,0,10,1,0
2657,1979,Graduation,Single,70697,2,0,20-04-2013,29,497,73,12,168,231,285,9,14,4,13,11,0,1
2658,1958,Basic,Widow,15669,1,0,15-06-2014,43,110,37,126,1,2,71,8,2,2,11,4,0,1
2659,1980,Basic,Widow,20075,0,1,14-12-2012,90,12,78,62,47,53,10,1,9,0,7,15,1,0
2660,1973,Master,Married,29739,2,0,14-03-2012,83,226,19,32,76,73,72,6,5,2,11,17,1,1
2661,1950,Master,Married,81880,1,2,12-09-2012,24,29,79,208,97,79,315,3,14,10,8,3,0,0
2662,1950,Graduation,Single,31643,2,1,10-02-2013,65,130,68,95,20,97,117,10,1,6,5,19,1,1
2663,1965,Graduation,Divorced,127172,0,2,06-01-2015,77,208,148,810,580,20,38,2,14,5,5,14,1,0
2664,1992,Graduation,Married,25633,0,2,22-12-2012,23,69,37,162,46,26,84,4,7,9,4,1,0,0
2665,1953,Basic,Widow,112094,1,1,23-08-2014,82,715,274,31,194,68,350,3,5,4,9,15,0,0
2666,1985,Graduation,Single,136354,2,2,11-07-2013,18,1144,381,905,113,373,393,4,8,4,15,6,0,1
2667,1962,Basic,Married,41316,0,0,13-04-2015,66,406,141,404,91,77,17,6,6,1,7,6,1,1
2668,1970,Master,Divorced,108470,1,0,19-06-2013,87,283,507,99,130,153,63,5,11,10,14,20,0,0
2669,1962,Basic,Widow,143339,0,2,13-11-2012,37,453,281,765,625,57,414,2,6,2,3,13,0,0
2670,1976,Master,Single,39555,2,0,18-01-2014,39,256,147,302,162,75,48,8,2,8,0,15,1,1
2671,1959,Basic,Married,53573,1,1,10-08-2014,14,435,78,230,95,79,236,10,11,9,2,19,0,0
2672,1965,Master,Divorced,11313,1,2,24-07-2013,11,97,53,86,3,25,51,1,0,10,4,16,0,1
2673,1965,Graduation,Widow,69279,2,0,14-08-2012,56,162,316,148,102,72,304,9,4,5,15,7,1,0
2674,1950,Basic,Divorced,142090,0,0,27-02-2012,98,602,142,967,426,169,703,7,0,5,4,9,0,0
2675,1944,Basic,Single,60308,1,1,11-08-2014,23,0,94,39,60,89,249,2,7,8,15,17,0,1
2676,1996,Basic,Divorced,26027,0,1,10-02-2013,6,93,35,238,29,37,113,9,8,5,14,5,1,1
2677,1955,Basic,Widow,42415,2,2,04-12-2014,5,421,67,59,38,49,34,8,12,6,14,9,1,1
2678,1956,Graduation,Married,66435,2,1,12-06-2013,65,139,86,593,207,61,81,0,2,8,12,15,0,0
2679,1976,Master,Widow,133461,0,2,01-10-2013,49,593,97,578,623,368,496,7,12,2,15,5,1,0
2680,1964,Basic,Married,35411,1,1,27-01-2015,39,108,146,80,175,115,126,3,7,4,12,18,1,0
2681,1966,Master,Widow,147426,1,0,12-04-2015,19,1292,304,400,170,173,541,5,3,1,9,17,0,0
2682,1967,PhD,Widow,109041,2,0,27-11-2013,11,24,498,867,233,310,77,4,3,0,4,6,1,0
2683,1958,PhD,Single,37803,1,1,03-01-2014,57,10,47,224,137,70,72,4,2,6,9,9,0,1
2684,1984,Graduation,Widow,98427,2,2,12-12-2013,80,893,95,902,458,224,169,8,11,10,14,8,0,1
2685,1977,Master,Married,123286,0,0,12-05-2014,100,431,128,647,138,396,106,9,5,2,0,12,1,0
2686,1984,Basic,Divorced,54673,0,1,22-08-2014,53,75,231,51,136,94,192,10,13,0,9,0,1,0
2687,1993,Graduation,Widow,94678,1,1,11-03-2012,70,755,300,186,459,125,127,2,10,8,9,3,1,0
2688,1969,Graduation,Married,116663,2,0,12-05-2014,18,1069,496,799,116,374,556,1,11,10,5,20,1,1
2689,1953,Graduation,Single,67845,1,2,09-06-2014,78,482,33,656,108,200,266,10,14,0,9,16,0,0
2690,1979,Graduation,Widow,24150,1,2,22-06-2015,67,159,73,163,10,74,34,4,4,1,13,8,0,1
2691,1984,Master,Widow,107229,1,0,17-08-2013,55,95,78,481,111,165,517,5,14,10,7,17,1,1
2692,1955,Master,Widow,63136,1,0,22-12-2014,79,479,306,110,310,25,197,5,8,3,6,10,0,0
2693,1955,Basic,Single,126436,0,0,05-08-2012,65,864,430,1187,383,317,538,6,9,1,11,8,0,0
2694,1997,Master,Divorced,26632,0,2,15-05-2013,25,244,54,22,36,74,102,10,3,1,14,13,0,0
2695,1968,Basic,Widow,100576,0,0,30-09-2013,99,313,417,795,39,246,445,0,4,5,3,8,1,0
2696,1962,PhD,Married,135396,1,0,05-11-2013,10,34,389,782,102,82,551,7,1,9,14,15,1,1
2697,1987,Master,Married,35248,2,1,27-03-2013,40,124,76,70,79,11,157,0,11,1,4,15,1,1
2698,1965,PhD,Married,89491,1,0,20-12-2012,28,488,60,35,219,282,94,6,11,7,7,18,0,1
2699,1941,PhD,Single,86869,2,1,22-04-2015,31,684,169,555,416,229,66,2,11,5,12,4,0,0
2700,2000,Master,Divorced,16924,1,0,27-09-2013,59,94,66,53,58,46,84,6,6,3,11,17,1,1
2701,1972,Master,Married,39411,1,2,15-02-2014,36,339,159,60,6,112,101,7,12,8,15,6,0,0
2702,1978,PhD,Divorced,134941,1,1,05-11-2012,32,601,300,352,26,277,31,10,1,9,2,10,1,0
2703,1967,Basic,Single,86959,2,2,22-05-2013,74,727,275,90,224,238,323,0,10,0,3,18,0,0
2704,1954,Basic,Married,102777,2,1,18-01-2013,26,242,62,778,3,64,317,3,0,0,11,16,0,1
2705,1960,Graduation,Single,27266,2,1,11-04-2012,9,51,94,7,100,14,16,7,6,0,14,2,0,1
2706,1997,Basic,Single,77974,1,2,23-09-2013,8,385,171,694,280,113,24,8,7,4,7,2,1,0
2707,2000,Master,Married,124613,0,0,16-11-2013,74,376,598,235,357,186,379,2,0,10,15,18,1,0
2708,1960,Master,Divorced,89919,0,1,16-07-2012,46,76,119,896,181,175,440,2,6,4,7,4,1,0
2709,1983,Master,Widow,105713,0,0,18-02-2015,13,678,66,539,282,79,45,7,14,4,8,13,1,1
2710,1944,PhD,Divorced,74307,2,1,26-06-2012,19,123,227,198,281,184,204,5,3,1,0,6,1,0
2711,1959,Basic,Divorced,66606,1,1,13-07-2014,32,605,198,194,116,33,302,4,6,9,3,8,0,0
2712,1950,Master,Divorced,132017,2,1,28-09-2013,61,1250,262,1154,655,290,236,8,0,5,10,9,0,1
2713,1986,Graduation,Widow,47769,2,1,22-10-2015,26,81,78,433,114,66,66,7,1,4,0,7,1,1
2714,1988,Basic,Widow,65857,1,1,26-05-2014,62,315,76,495,317,39,111,2,13,3,2,6,1,1
2715,1969,Basic,Married,21386,0,0,10-07-2014,71,203,93,166,90,29,20,5,5,9,2,2,1,0
2716,1962,Basic,Single,94189,2,0,19-06-2015,23,744,84,90,57,160,354,4,13,2,1,7,0,1
2717,1967,Graduation,Single,127339,0,2,16-04-2013,37,941,293,1163,274,372,17,0,5,6,14,7,1,0
2718,1994,Graduation,Widow,130967,1,1,08-05-2015,17,850,426,688,470,306,126,2,12,9,9,19,1,1
2719,1991,Basic,Widow,107102,1,1,31-12-2014,35,715,85,558,167,161,485,3,2,9,15,18,1,0
2720,1949,Graduation,Single,90725,0,0,26-04-2012,69,549,202,224,376,209,374,2,15,6,14,4,1,1
2721,1955,Graduation,Divorced,39615,0,0,03-10-2013,88,224,160,337,172,58,196,0,10,5,2,16,0,1
2722,1952,Graduation,Divorced,14238,0,1,15-01-2015,94,35,37,30,0,15,69,9,6,1,7,19,1,0
2723,1990,PhD,Widow,57586,0,1,08-09-2012,1,551,142,374,202,163,209,8,8,7,11,8,0,0
2724,1948,Master,Single,61443,1,0,16-02-2013,28,107,95,231,296,34,300,9,6,6,12,17,0,1
2725,1979,Basic,Single,17263,2,0,14-03-2012,35,50,49,54,47,50,45,9,3,1,15,18,0,1
2726,1965,Graduation,Married,137344,1,1,25-04-2015,28,1283,266,472,63,313,622,2,7,10,3,5,1,1
2727,1943,Master,Married,41871,1,0,31-10-2014,47,13,10,101,155,25,145,9,1,4,14,3,1,1
2728,1940,PhD,Divorced,108495,1,1,17-08-2015,17,628,200,1022,330,295,488,2,14,6,7,13,1,0
2729,1960,Master,Married,128687,1,2,28-03-2015,81,755,129,357,89,383,90,8,2,4,5,13,1,0
2730,1983,PhD,Married,129838,2,1,07-08-2015,51,330,495,131,160,17,53,3,0,8,14,4,1,0
2731,1975,PhD,Single,62350,2,0,18-10-2014,47,3,146,342,71,143,98,3,4,2,11,14,1,0
2732,1945,PhD,Divorced,74653,1,2,06-12-2013,55,360,100,278,245,219,204,7,4,0,15,2,0,0
2733,1963,Basic,Divorced,90455,2,2,23-09-2013,10,577,413,437,46,75,427,3,2,4,4,0,1,1
2734,1950,Basic,Single,89359,1,2,14-01-2012,33,841,140,550,38,1,353,5,10,5,5,8,0,1
2735,1955,Master,Widow,22915,1,1,17-08-2012,28,109,23,2,46,69,23,5,10,2,1,2,0,0
2736,1952,Graduation,Single,77223,1,1,12-04-2013,26,77,36,230,148,5,130,3,14,3,13,8,0,0
2737,1967,Master,Divorced,23110,1,1,27-02-2014,64,38,58,84,78,27,52,6,8,3,0,16,0,0
2738,1972,Graduation,Divorced,44154,1,2,20-06-2013,31,176,145,238,107,132,91,10,7,3,2,17,0,0
2739,1983,Basic,Single,139471,2,2,09-01-2014,15,1202,237,1321,191,81,267,3,14,5,4,0,0,1
2740,1965,Master,Widow,142458,1,2,14-05-2014,15,710,358,6,603,242,116,1,1,2,8,1,0,1
2741,1967,PhD,Married,15525,1,2,31-10-2014,18,8,37,69,5,49,20,6,5,7,10,17,0,0
2742,1985,PhD,Single,144544,1,1,28-12-2015,24,1442,704,574,247,411,156,3,14,6,12,3,1,1
2743,1980,Basic,Divorced,133208,2,1,21-07-2015,81,7,334,284,644,1,295,9,15,3,5,3,1,0
2744,1959,PhD,Divorced,92915,2,0,25-11-2012,18,777,403,44,239,209,63,6,6,7,6,10,0,1
2745,1949,PhD,Divorced,30617,0,2,02-03-2012,11,265,45,26,106,2,119,8,0,1,9,16,0,0
2746,1961,Master,Single,117181,1,0,11-12-2012,53,835,241,92,5,273,455,10,3,10,15,13,1,1
2747,1947,Master,Single,136584,0,1,12-09-2012,32,1365,490,494,201,128,505,1,8,2,0,7,0,0
2748,1945,PhD,Widow,55168,0,0,07-06-2014,54,298,221,134,234,105,128,7,1,2,13,9,1,0
2749,1994,PhD,Single,24343,0,2,10-06-2015,31,184,32,156,48,34,97,2,7,4,9,14,0,0
2750,1959,Basic,Single,145724,0,1,31-01-2015,53,587,531,930,604,127,426,5,12,4,9,14,1,1
2751,1960,Basic,Divorced,71869,2,2,28-06-2015,68,565,170,60,123,68,122,8,4,2,2,8,0,0
2752,1960,Master,Married,119417,1,2,07-09-2014,36,456,200,777,193,372,594,3,2,4,0,1,0,0
2753,1964,Graduation,Widow,23672,1,1,19-06-2013,43,76,88,17,53,42,73,5,10,6,5,3,1,0
2754,1969,PhD,Single,43214,2,1,07-04-2015,41,401,29,130,209,105,123,7,1,4,8,12,0,0
2755,1941,Master,Divorced,95818,2,1,22-06-2013,49,180,219,57,305,299,104,5,1,6,4,18,0,1
2756,1982,Graduation,Divorced,21943,0,1,17-10-2014,56,202,45,177,77,4,83,9,9,10,10,11,0,0
2757,1987,Master,Single,33587,1,2,29-04-2012,51,327,59,186,1,88,146,0,2,9,1,6,0,0
2758,1978,Graduation,Widow,21204,2,2,18-12-2015,63,140,61,154,38,45,96,6,0,0,1,11,1,0
2759,1993,PhD,Single,80355,0,0,03-05-2014,85,319,296,124,118,119,60,0,7,10,8,16,0,0
2760,1992,Basic,Single,118810,0,1,13-11-2015,27,629,243,110,309,143,368,0,2,2,15,13,1,1
2761,1962,Basic,Single,72356,2,0,15-12-2014,81,543,193,72,143,138,270,8,15,10,1,11,1,0
2762,1989,Master,Divorced,12886,0,2,29-08-2013,47,23,34,56,34,22,16,4,8,5,3,0,0,1
2763,1978,PhD,Divorced,106761,1,2,14-07-2013,86,37,469,790,52,84,354,2,14,8,13,8,1,0
2764,1953,Basic,Divorced,43135,0,1,27-06-2015,17,200,70,429,116,25,138,4,7,1,10,18,0,0
2765,1940,PhD,Married,148775,2,1,20-05-2014,37,936,715,627,456,488,314,10,8,2,1,17,0,0
2766,1974,Graduation,Divorced,44060,2,0,30-09-2012,69,126,207,426,51,46,102,6,13,1,1,16,0,1
2767,1992,Master,Divorced,42609,1,0,11-12-2013,20,255,186,87,10,34,172,6,11,2,14,6,0,1
2768,1961,Master,Widow,49899,1,1,11-02-2012,96,135,219,485,132,1,58,9,10,7,8,8,1,0
2769,1981,PhD,Married,76359,2,1,15-09-2012,24,554,78,262,333,150,176,7,11,2,7,4,0,1
2770,1993,PhD,Single,18970,2,1,02-04-2013,56,130,88,63,85,13,13,8,4,0,12,15,0,0
2771,1952,Master,Widow,89507,1,1,10-03-2012,29,115,318,831,351,34,395,9,15,7,11,18,0,0
2772,1977,Graduation,Widow,148791,0,2,10-04-2013,1,960,164,913,13,372,589,2,11,5,10,6,1,0
2773,1970,Basic,Married,34823,2,0,19-12-2013,1,303,16,202,55,51,158,8,8,10,1,9,1,1
2774,1942,Master,Single,15172,2,1,08-09-2012,76,5,7,140,41,17,18,2,10,1,0,10,1,1
2775,1990,Graduation,Divorced,22401,2,0,04-04-2015,55,14,75,160,55,16,49,9,1,2,12,2,1,0
2776,1963,PhD,Widow,126882,0,1,27-02-2013,51,405,392,172,64,417,504,3,12,3,6,16,0,1
2777,1971,PhD,Widow,139078,1,1,09-05-2015,53,79,180,1073,624,215,32,10,1,0,7,0,0,0
2778,1955,Basic,Single,99743,2,1,03-03-2015,98,574,200,335,475,219,235,4,6,4,0,2,0,0
2779,1946,Basic,Widow,14053,1,0,29-12-2013,8,94,15,94,7,46,13,6,6,0,8,5,1,1
2780,1953,Graduation,Divorced,12367,0,1,29-12-2014,11,72,24,96,59,8,40,6,15,7,7,19,0,0
2781,1957,PhD,Widow,113567,2,2,14-04-2014,31,122,307,646,432,323,226,8,14,10,15,6,1,1
2782,1964,Graduation,Widow,82189,1,0,28-05-2015,22,375,283,475,292,265,112,2,11,1,3,11,0,1
2783,1977,Master,Widow,51448,0,1,06-03-2012,1,279,61,232,138,159,222,7,10,0,8,10,1,0
2784,1963,PhD,Widow,21194,0,0,24-03-2014,53,8,6,9,72,45,76,9,10,7,1,9,1,0
2785,1959,Graduation,Married,144366,2,0,21-02-2012,49,952,381,565,634,47,352,0,2,9,1,8,0,0
2786,1995,Master,Married,16330,1,0,17-06-2012,82,159,16,28,37,47,25,8,13,4,8,7,0,0
2787,1949,Basic,Divorced,97406,2,0,30-03-2013,49,193,486,247,205,303,437,7,11,5,15,16,0,0
2788,1944,Basic,Single,88517,2,1,23-01-2015,24,711,27,620,371,92,145,0,9,8,4,15,0,0
2789,1981,Graduation,Widow,140046,1,2,30-06-2013,26,238,431,1023,658,36,678,6,15,2,9,6,0,0
2790,1981,Graduation,Single,129569,0,0,18-05-2014,43,225,110,241,256,385,509,6,2,1,5,19,0,1
2791,1979,PhD,Married,122016,0,0,07-12-2012,25,1074,560,646,182,332,416,6,3,1,12,9,0,1
2792,1998,Master,Divorced,96020,0,0,21-07-2013,49,528,399,767,347,96,47,6,14,7,9,18,0,1
2793,1966,Basic,Divorced,39325,2,2,13-01-2013,33,145,188,197,143,17,39,8,13,1,12,8,1,0
2794,1997,Basic,Divorced,104323,1,2,31-12-2014,77,941,339,700,175,21,128,8,9,10,10,20,0,0
2795,1994,Basic,Widow,144051,1,2,15-02-2015,89,1333,229,108,237,77,6,5,7,9,4,5,1,1
2796,1989,Master,Married,76997,0,1,05-06-2012,25,382,217,578,100,14,45,10,15,5,11,10,0,0
2797,2000,PhD,Divorced,117656,0,0,11-09-2014,49,880,99,294,213,97,442,4,15,8,0,12,1,0
2798,1962,Master,Divorced,128130,2,0,10-03-2013,76,1233,286,30,138,247,39,5,14,1,2,3,0,0
2799,1991,PhD,Widow,46246,0,1,23-02-2013,16,72,204,32,72,68,65,7,0,9,13,8,0,0
2800,1957,Master,Single,34218,1,2,16-12-2015,61,338,166,225,104,75,58,3,12,10,13,11,1,0
2801,1980,Basic,Widow,64832,2,1,31-07-2012,2,379,29,429,84,106,219,2,0,5,7,2,0,1
2802,1972,Basic,Widow,102210,0,2,04-03-2013,55,129,240,793,437,41,87,3,1,3,12,20,1,1
2803,1965,Basic,Divorced,120765,0,1,22-10-2013,52,1163,202,519,95,148,95,4,13,2,15,4,0,1
2804,1966,PhD,Married,101035,2,2,16-01-2014,38,844,407,496,90,67,344,0,8,2,15,8,0,0
2805,1994,Graduation,Married,29807,2,2,21-10-2014,7,226,24,297,139,43,21,10,15,9,4,7,0,1
2806,1961,Basic,Widow,45055,1,1,24-11-2014,21,443,207,313,212,142,141,0,6,5,4,20,0,0
2807,1951,Master,Divorced,128873,1,1,18-09-2015,60,206,576,1021,615,299,568,5,7,7,8,12,1,1
2808,1981,Graduation,Married,114272,0,1,03-08-2012,13,553,219,42,136,155,304,6,13,1,8,3,0,1
2809,1952,PhD,Divorced,95231,1,1,28-12-2014,38,718,341,909,21,109,139,9,1,3,0,19,0,0
2810,1996,Master,Divorced,83755,2,2,19-04-2013,85,408,89,716,356,75,326,8,0,0,3,1,1,1
2811,1963,Graduation,Divorced,15604,0,2,15-06-2013,16,20,9,43,75,45,10,6,2,1,0,10,0,1
2812,1996,Master,Widow,27644,2,0,26-09-2014,26,151,13,201,123,4,5,9,13,9,15,20,0,1
2813,1957,PhD,Widow,34837,1,2,02-05-2015,16,195,96,68,116,70,157,6,1,1,3,6,1,1
2814,1987,Basic,Married,11061,2,0,27-04-2014,73,31,30,83,33,3,34,3,3,10,7,2,1,1
2815,1992,Basic,Widow,16740,0,1,07-03-2013,2,86,31,63,56,41,71,6,12,0,5,20,1,1
2816,1943,PhD,Divorced,14706,0,1,21-03-2015,47,8,67,34,9,37,38,1,11,0,13,14,0,0
2817,1976,Basic,Single,110327,0,0,28-08-2013,59,321,505,372,538,294,454,5,10,1,2,0,1,1
2818,1967,Graduation,Divorced,18630,2,2,04-07-2015,54,67,33,59,76,38,91,1,2,0,13,13,1,1
2819,1964,PhD,Single,81035,2,0,12-02-2013,26,425,126,746,360,262,329,3,3,7,4,2,1,1
2820,1990,Master,Divorced,92860,1,0,24-12-2014,31,844,29,741,394,212,373,8,9,5,14,6,0,0
2821,1990,Basic,Divorced,103488,2,2,01-02-2015,37,996,308,902,160,225,62,4,7,1,4,8,0,1
2822,1962,Basic,Divorced,31718,2,0,29-11-2012,4,34,48,314,29,80,139,6,9,8,5,18,0,0
2823,1975,Master,Divorced,49812,1,2,19-06-2014,2,382,149,141,76,1,83,9,10,8,4,16,1,1
2824,1976,Basic,Married,22590,0,2,31-08-2013,86,18,42,172,106,10,54,0,3,0,15,16,0,0
2825,1968,Basic,Widow,132358,2,1,02-07-2013,85,897,609,1264,4,190,105,0,4,3,1,6,1,1
2826,1985,Basic,Single,136054,0,2,02-11-2014,88,310,429,773,210,140,157,3,4,0,4,11,1,0
2827,1941,Master,Single,95789,0,2,10-01-2015,94,907,219,544,91,240,420,2,8,10,7,14,1,0
2828,1943,Basic,Divorced,76938,1,1,29-06-2012,82,463,214,629,169,164,108,6,13,5,12,8,0,0
2829,1942,PhD,Widow,20064,2,1,03-11-2015,14,30,100,173,93,7,36,10,12,8,15,12,0,1
2830,1984,Master,Divorced,140239,2,0,01-04-2014,97,338,609,146,189,27,202,7,0,0,11,6,0,0
2831,1961,Basic,Widow,86173,2,2,09-11-2014,26,784,322,727,65,168,360,0,10,3,4,17,0,1
2832,1964,Master,Single,83121,0,1,16-12-2012,3,363,387,569,7,0,60,5,4,1,11,14,1,0
2833,1999,Master,Widow,120218,2,0,07-11-2015,46,1018,49,390,323,222,305,6,9,7,15,12,1,1
2834,1966,Basic,Divorced,72431,2,2,13-05-2014,31,653,326,258,143,140,108,7,5,6,0,0,1,1
2835,1987,Graduation,Divorced,118897,0,1,11-06-2012,44,666,336,357,50,335,231,7,14,1,0,13,0,1
2836,1944,Basic,Single,27609,0,1,27-11-2013,34,90,100,3,130,61,131,0,7,4,8,8,0,1
2837,1979,Graduation,Divorced,53396,0,0,30-03-2014,82,32,95,454,51,11,214,3,15,3,13,14,0,1
2838,1982,Graduation,Single,50569,1,0,05-09-2013,58,347,57,126,67,50,205,3,4,4,7,16,1,0
2839,1975,Graduation,Married,133182,2,1,12-07-2015,29,212,581,731,36,246,229,7,10,0,2,9,1,0
2840,1942,Graduation,Divorced,145407,0,0,21-01-2014,66,1293,526,737,85,241,311,7,3,3,4,6,1,0
2841,1979,Graduation,Married,48870,0,2,23-05-2013,7,357,13,288,176,132,140,7,13,9,7,0,1,1
2842,1947,PhD,Married,57928,0,1,03-03-2012,26,517,218,141,268,79,260,7,11,0,11,10,1,1
2843,1945,Graduation,Divorced,123504,0,2,27-04-2013,30,372,0,517,295,159,246,3,5,7,15,11,1,1
2844,1988,Basic,Widow,79299,2,1,10-08-2015,96,666,35,28,6,211,376,0,8,7,12,18,0,1
2845,1986,PhD,Married,143361,1,0,31-07-2013,64,764,232,566,56,26,81,2,7,2,12,7,0,1
2846,1942,Graduation,Married,58584,2,1,14-08-2014,88,529,69,8,129,131,54,6,3,7,2,14,0,1
2847,1942,Basic,Single,65560,0,1,12-06-2014,94,337,243,13,202,16,47,8,10,9,3,9,1,0
2848,1981,PhD,Married,20340,0,0,06-09-2012,83,172,72,188,70,65,45,10,10,9,11,6,1,0
2849,1959,Basic,Single,77198,1,1,28-07-2012,83,164,289,399,62,174,158,0,15,6,5,1,0,0
2850,1988,Graduation,Married,63727,1,0,20-03-2015,20,74,159,189,247,109,36,3,15,0,15,7,0,1
2851,1994,PhD,Widow,22830,2,2,15-12-2012,71,134,68,31,79,47,109,1,5,8,7,11,0,1
2852,1958,Master,Single,58266,0,0,22-01-2014,27,487,36,394,222,155,121,10,14,5,10,5,0,1
2853,1940,PhD,Widow,66515,2,2,13-07-2013,75,420,85,495,99,23,194,0,13,3,8,11,1,1
2854,1953,Graduation,Widow,80466,2,2,26-06-2013,13,35,36,753,135,34,210,2,6,8,3,3,0,0
2855,1976,Graduation,Married,126171,0,0,04-05-2014,49,457,155,738,51,311,297,10,1,7,3,0,0,1
2856,1984,Graduation,Single,41265,1,2,25-07-2013,74,46,61,330,141,42,100,8,0,4,5,4,1,1
2857,1983,Graduation,Married,142510,2,1,18-11-2014,35,744,192,762,74,174,164,9,13,3,15,0,0,1
2858,1994,Graduation,Divorced,106803,2,1,17-07-2012,28,980,17,82,247,111,275,8,11,1,5,15,1,0
2859,1966,Basic,Divorced,46751,1,2,28-01-2015,62,156,72,279,99,89,41,10,2,8,9,12,0,1
2860,1993,Graduation,Widow,50362,1,0,27-09-2015,63,240,132,97,189,65,71,9,14,8,7,16,1,1
2861,1956,Master,Divorced,35562,2,2,22-04-2015,99,87,149,62,125,42,59,5,1,5,9,13,1,0
2862,1943,Master,Widow,100981,0,0,27-11-2013,68,842,119,68,12,73,240,5,13,0,10,9,0,1
2863,1981,Graduation,Widow,12389,2,0,26-09-2015,62,25,16,119,18,1,3,5,3,9,11,20,1,0
2864,1975,Master,Divorced,16267,2,0,16-05-2015,66,82,20,99,13,22,14,10,6,1,15,2,0,1
2865,1967,Master,Married,63728,1,0,06-06-2015,38,75,175,548,176,29,298,10,8,5,6,11,0,1
2866,1979,PhD,Married,140392,0,1,13-02-2013,94,1191,250,415,238,429,612,1,9,3,10,2,1,0
2867,1955,PhD,Divorced,71126,2,0,18-12-2015,41,700,96,641,127,103,70,8,15,6,8,14,1,0
2868,1952,Basic,Widow,110708,0,0,16-03-2015,21,202,546,49,159,166,213,10,2,10,8,3,0,0
2869,1958,Master,Single,128889,0,1,12-11-2014,98,72,219,165,431,312,252,6,0,5,13,18,1,0
2870,1943,Basic,Widow,90220,2,0,18-02-2012,51,29,396,784,260,150,298,10,3,2,12,10,0,0
2871,1946,Basic,Divorced,12180,0,1,09-02-2013,81,114,39,111,10,7,10,9,10,9,2,6,0,1
2872,1983,Graduation,Widow,85040,1,1,21-10-2015,20,128,32,1,213,89,4,6,12,0,2,3,1,0
2873,1974,PhD,Married,37860,1,1,05-02-2012,99,340,98,205,173,80,33,4,2,9,11,0,0,0
2874,1996,Basic,Widow,68223,1,1,15-07-2012,14,4,141,119,258,189,319,7,13,10,7,13,0,1
2875,1999,PhD,Divorced,59260,1,1,12-03-2012,4,537,114,258,143,93,191,8,7,3,1,19,1,0
2876,1984,Basic,Widow,107573,2,2,22-01-2014,26,141,89,514,530,135,107,8,5,9,14,12,1,0
2877,1944,Graduation,Married,54878,0,1,20-03-2015,13,458,267,75,157,169,4,0,8,10,4,3,1,1
2878,1948,Master,Married,83279,1,2,22-09-2015,86,360,191,371,246,130,52,2,11,10,10,6,1,1
2879,1958,Graduation,Divorced,10809,0,1,05-07-2012,63,29,6,37,6,29,27,4,11,9,12,5,0,0
2880,1940,Basic,Widow,52887,1,2,08-08-2012,100,30,190,91,27,43,59,6,7,6,15,3,1,0
2881,1940,PhD,Divorced,45364,2,0,28-04-2013,45,405,36,45,140,112,75,4,14,0,9,1,1,1
2882,1999,Master,Married,21018,0,0,18-02-2013,21,115,62,128,78,25,25,9,5,7,7,3,0,0
2883,1955,PhD,Married,117993,0,1,16-12-2012,90,979,264,561,23,317,310,10,6,1,3,1,1,1
2884,1990,Master,Married,88203,2,0,14-06-2012,96,706,195,608,300,55,42,4,11,5,1,17,0,1
2885,1995,PhD,Widow,31509,2,2,18-07-2012,56,78,116,235,117,105,120,4,12,0,9,15,1,1
2886,1964,Basic,Married,115001,0,0,02-06-2013,45,497,531,807,101,311,330,3,12,4,10,2,1,0
2887,1956,Master,Married,88547,1,2,31-07-2013,84,762,54,207,186,262,148,7,13,10,15,5,0,1
2888,1976,Graduation,Married,111804,2,2,27-11-2014,20,983,439,74,5,48,127,6,13,10,3,9,0,1
2889,1963,PhD,Divorced,69018,2,2,09-12-2014,74,211,294,234,58,141,303,4,13,3,15,5,0,1
2890,1992,Master,Married,93048,0,0,29-09-2015,96,445,26,790,254,23,322,9,3,7,13,10,1,1
2891,1973,Basic,Single,42991,1,2,24-08-2015,12,204,163,232,196,1,10,6,2,3,2,18,1,0
2892,1970,Basic,Widow,70146,0,2,15-06-2012,50,527,327,683,234,136,316,4,1,1,15,15,0,0
2893,1978,Basic,Single,88008,0,0,27-02-2012,79,810,207,85,166,203,357,2,1,3,12,6,0,0
2894,1964,Graduation,Married,142128,1,2,04-12-2014,76,604,255,1244,456,398,682,7,9,7,3,1,1,0
2895,1998,Basic,Divorced,31712,0,0,01-03-2014,86,165,125,299,38,35,32,6,12,1,7,9,0,1
2896,1948,Basic,Single,113528,0,2,09-11-2013,25,897,86,660,49,18,409,10,8,9,10,4,1,1
2897,1964,Basic,Married,65227,1,0,28-08-2014,90,140,202,190,100,213,111,8,3,7,0,9,1,0
2898,1953,Basic,Married,19403,2,0,03-11-2014,60,44,19,4,76,56,95,9,11,0,0,18,0,0
2899,1999,Basic,Married,134973,2,0,28-04-2013,58,1143,586,372,173,189,414,1,12,6,0,15,0,0
2900,1957,Basic,Widow,54024,2,0,11-06-2012,53,424,205,167,22,1,170,0,3,4,9,14,1,1
2901,1957,Graduation,Married,84958,2,1,20-07-2014,33,652,398,751,320,114,161,9,15,9,12,7,1,1
2902,1977,Master,Divorced,58762,1,2,31-05-2015,95,135,97,483,247,164,58,1,2,5,15,6,0,1
2903,1963,Master,Divorced,106787,0,2,21-08-2014,75,959,332,734,219,219,111,9,4,6,4,11,1,0
2904,2000,Master,Widow,20228,0,1,07-05-2015,41,87,60,118,50,61,15,0,2,4,7,13,1,0
2905,1964,Basic,Single,49089,0,0,21-01-2012,31,244,4,185,87,145,27,1,4,1,4,9,0,1
2906,1974,Basic,Married,90221,0,1,07-04-2014,95,702,3,210,341,271,207,10,1,2,3,19,0,1
2907,1945,Graduation,Widow,76220,0,2,29-11-2012,48,18,147,591,180,211,344,5,4,4,13,9,1,0
2908,1953,PhD,Divorced,133311,1,0,02-05-2015,40,1211,15,261,240,198,579,0,3,9,10,15,0,0
2909,1980,PhD,Married,112288,2,2,08-01-2015,49,791,239,315,404,223,39,4,10,1,14,9,1,0
2910,1962,Basic,Widow,130743,2,1,12-09-2012,100,227,465,443,261,41,38,2,0,8,1,19,0,0
2911,1946,Master,Widow,147300,2,1,31-01-2013,73,967,377,1472,22,16,545,3,9,1,5,19,1,1
2912,1948,Graduation,Divorced,61719,1,0,05-03-2012,28,594,218,309,17,8,152,8,4,1,2,9,0,0
2913,1979,Basic,Divorced,113758,2,0,06-02-2014,36,662,71,261,551,215,437,4,13,7,8,4,1,0
2914,1960,PhD,Married,77759,2,1,16-06-2013,59,611,271,720,164,93,344,10,3,9,7,19,1,1
2915,1984,Basic,Divorced,102654,1,2,22-08-2015,77,180,513,915,309,326,100,7,6,9,10,7,0,0
2916,1969,Basic,Married,18221,2,1,24-07-2013,98,164,8,86,88,21,41,6,5,9,1,16,1,1
2917,1988,Basic,Widow,79552,2,0,20-02-2015,23,642,68,50,158,10,288,5,3,7,14,20,0,1
2918,1991,Graduation,Single,11849,0,0,15-11-2014,21,107,37,103,29,29,38,0,7,1,3,1,1,1
2919,1961,Graduation,Divorced,72622,0,2,18-12-2015,23,39,12,148,240,168,48,6,5,3,10,11,1,1
2920,1973,PhD,Married,116763,0,0,09-05-2013,20,322,519,1046,209,338,305,3,11,2,10,8,1,0
2921,1985,Master,Single,139272,2,2,31-03-2015,2,269,19,536,661,95,262,6,10,6,13,10,1,0
2922,1973,Basic,Widow,59459,0,1,29-07-2014,3,429,180,95,170,6,175,10,2,6,4,15,1,1
2923,1962,Graduation,Widow,33886,2,2,04-05-2012,61,304,120,136,93,30,61,3,2,2,11,12,1,1
2924,1965,Graduation,Single,14899,2,0,05-03-2013,33,138,71,108,34,19,34,5,15,0,8,7,0,0
2925,1944,PhD,Married,48266,1,2,11-11-2012,30,481,77,339,105,19,64,6,3,4,6,1,0,0
2926,1978,Graduation,Single,69310,0,0,21-10-2015,22,197,6,329,95,104,216,4,10,5,9,7,0,1
2927,1961,Graduation,Married,72904,0,2,25-07-2015,78,172,291,301,143,95,234,8,15,8,15,8,1,0
2928,1991,Master,Divorced,90218,2,1,04-11-2013,2,6,220,401,245,67,355,8,10,2,0,6,0,0
2929,1982,Master,Married,64386,2,0,25-09-2015,96,340,101,388,288,26,249,2,9,7,3,10,1,1
2930,1993,Master,Widow,13902,0,2,25-06-2012,90,130,64,18,23,19,47,8,7,6,7,19,0,0
2931,1969,Basic,Single,139787,0,1,23-12-2014,7,691,348,1143,579,245,630,1,11,5,9,17,1,1
2932,1964,Basic,Divorced,62671,2,1,01-02-2012,64,598,224,138,100,10,195,10,6,6,2,17,1,1
2933,1971,Graduation,Married,139925,2,2,09-03-2012,99,1150,122,433,365,160,33,7,5,5,7,0,0,1
2934,1963,Graduation,Single,93382,0,2,17-10-2014,4,118,420,764,397,70,355,8,9,10,3,18,1,1
2935,1945,Master,Widow,28644,1,2,14-10-2012,21,145,119,132,143,5,85,5,12,6,3,0,0,1
2936,1953,Master,Divorced,95621,2,2,28-05-2013,59,314,5,689,313,177,291,3,4,2,4,6,1,0
2937,1946,PhD,Divorced,60850,1,2,11-05-2012,6,62,133,281,286,30,134,6,1,0,2,19,1,0
2938,1990,Graduation,Divorced,74083,2,1,25-01-2012,84,272,163,278,202,185,150,1,5,10,12,0,0,0
2939,1987,Master,Divorced,95671,0,1,05-06-2014,42,518,100,756,345,98,443,9,14,10,1,5,0,1
2940,1943,PhD,Single,138447,1,1,02-07-2014,9,146,347,1236,523,163,493,2,7,2,13,0,1,0
2941,1942,Graduation,Married,89169,2,0,21-11-2012,44,305,349,674,101,189,28,2,15,2,8,3,0,0
2942,1989,Master,Married,81168,0,2,14-09-2012,87,124,214,250,278,141,0,6,3,0,10,5,1,1
2943,1940,PhD,Married,109435,0,2,11-05-2014,7,68,407,675,233,90,445,10,5,7,5,0,1,1
2944,1960,Basic,Divorced,115086,2,0,04-07-2015,54,503,362,319,193,72,251,5,1,5,2,13,0,1
2945,1980,Master,Married,128404,1,2,16-02-2014,62,530,249,236,297,383,121,9,5,8,1,10,0,0
2946,1986,PhD,Divorced,99371,2,1,30-04-2012,54,659,238,321,160,312,70,10,10,10,13,18,0,1
2947,1960,Master,Married,14906,0,1,06-10-2012,65,21,36,86,45,32,19,6,2,1,9,13,1,1
2948,1963,PhD,Single,55040,2,1,23-07-2014,13,156,206,46,273,0,172,10,15,9,12,1,1,1
2949,1957,Basic,Married,114211,1,1,03-01-2014,89,985,554,401,463,130,60,0,8,8,11,20,1,0
2950,1940,Master,Married,23884,2,2,26-11-2012,39,121,41,222,40,39,74,3,10,10,15,14,0,0
2951,1946,Basic,Single,55112,1,2,27-05-2013,51,404,256,468,4,43,190,2,12,1,13,12,1,0
2952,1988,Master,Married,24989,0,1,18-06-2014,13,134,63,65,115,64,64,6,12,10,13,4,0,1
2953,1940,PhD,Married,96537,1,2,28-08-2012,89,397,74,637,455,321,346,0,14,6,9,0,1,0
2954,1964,Basic,Widow,124601,1,0,21-02-2015,22,384,580,279,591,182,461,5,12,6,15,10,0,0
2955,1954,Graduation,Married,79789,2,2,27-06-2013,64,689,142,11,88,58,285,4,13,8,9,5,0,0
2956,1972,Graduation,Married,140877,1,1,30-04-2013,41,66,165,400,105,355,176,1,7,9,2,3,1,0
2957,1977,Graduation,Single,40790,0,0,28-02-2014,4,141,143,2,143,103,3,6,10,10,11,16,1,1
2958,1950,Master,Widow,21541,1,1,28-06-2012,54,45,16,5,47,32,96,3,1,10,5,0,0,1
2959,1995,PhD,Divorced,87783,0,2,15-09-2012,85,286,339,238,41,233,100,4,10,5,6,19,1,0
2960,1993,PhD,Divorced,19072,0,2,24-04-2012,45,88,15,15,73,6,0,0,6,1,4,11,0,0
2961,1950,Master,Single,88351,0,2,18-10-2015,17,502,75,394,350,22,53,7,7,2,7,16,0,1
2962,1942,Master,Divorced,106641,0,1,23-11-2012,54,312,347,297,430,81,36,7,11,5,15,5,1,1
2963,1958,Basic,Single,59737,0,2,14-06-2014,34,107,49,180,202,54,142,5,9,5,7,3,0,1
2964,1978,PhD,Widow,69249,0,1,15-08-2013,16,156,236,271,140,107,191,10,15,5,12,10,0,1
2965,1943,Master,Married,140537,0,0,02-01-2012,83,883,442,375,243,253,446,4,9,3,3,2,0,1
2966,1951,Basic,Widow,17757,0,1,18-04-2012,43,177,84,157,55,54,85,0,5,8,6,1,0,1
2967,1942,PhD,Single,64707,1,0,06-05-2014,1,88,88,606,55,132,305,5,8,10,11,7,1,1
2968,1952,Graduation,Single,131630,1,2,31-12-2012,68,1012,307,678,428,392,447,0,10,5,2,9,1,1
2969,1956,Master,Widow,33494,0,1,20-07-2014,50,268,143,99,150,108,52,1,12,5,7,6,0,0
2970,1971,Graduation,Single,140746,2,2,25-12-2013,42,593,391,106,108,334,480,3,2,2,0,6,1,0
2971,1970,Basic,Widow,58466,2,2,01-06-2012,57,228,128,426,171,57,201,4,15,4,12,10,0,1
2972,1960,Master,Married,93110,1,2,04-10-2013,70,666,378,841,359,115,465,3,14,0,6,12,0,0
2973,1952,PhD,Widow,120494,2,1,22-11-2014,61,615,70,735,335,396,138,3,15,4,15,7,1,0
2974,1987,Basic,Widow,72769,1,1,16-10-2012,6,358,112,71,62,53,307,4,7,2,14,1,1,1
2975,1981,Master,Married,50999,0,0,04-06-2014,77,146,25,104,150,147,107,0,6,8,7,12,1,1
2976,1957,PhD,Single,92364,0,2,27-11-2012,26,678,243,726,239,243,213,4,3,5,13,1,1,0
2977,1998,Graduation,Widow,56718,0,2,12-11-2014,69,266,261,139,202,184,167,7,8,10,0,18,1,1
2978,1977,Master,Widow,61091,1,0,01-10-2014,89,86,232,24,47,132,67,4,2,9,7,6,0,1
2979,1970,PhD,Single,143134,1,2,19-02-2013,37,142,359,589,317,95,453,3,13,1,2,9,0,1
2980,1980,Basic,Divorced,43997,1,0,09-10-2012,19,408,140,374,130,112,15,6,7,8,6,13,1,0
2981,1951,Basic,Widow,47286,2,2,29-03-2012,71,177,36,108,145,90,55,8,2,3,2,18,1,0
2982,1989,Graduation,Married,53841,0,2,02-10-2012,10,178,92,165,208,162,15,2,13,3,11,1,0,0
2983,1950,Master,Widow,45483,0,2,12-06-2015,88,179,116,162,53,35,15,7,9,8,8,19,1,0
2984,1947,Master,Married,137687,2,1,27-06-2012,59,699,8,980,404,34,310,8,6,6,3,4,0,0
2985,1964,Master,Divorced,93454,2,0,23-01-2015,86,643,73,837,57,149,374,6,5,8,13,9,1,1
2986,1980,PhD,Divorced,68198,2,1,09-10-2013,81,90,259,175,24,188,150,9,10,2,7,12,0,1
2987,1962,Graduation,Divorced,83060,0,1,26-12-2014,89,424,396,551,44,159,218,9,7,3,15,3,1,1
2988,1988,Basic,Single,70401,1,2,06-02-2014,89,670,136,604,96,73,241,6,14,5,1,11,1,1
2989,1960,Master,Single,120101,1,0,22-10-2013,88,1034,188,172,276,312,501,3,2,4,12,4,0,1
2990,1993,Basic,Single,17046,0,2,09-09-2015,22,165,80,165,16,0,81,4,13,3,11,2,1,0
2991,1961,Basic,Widow,58095,2,2,06-05-2013,88,347,247,142,260,38,77,0,4,1,14,2,0,0
2992,1970,Graduation,Single,85633,0,2,23-02-2012,92,176,363,41,102,4,63,4,3,2,8,0,1,0
2993,1993,Graduation,Married,65411,0,0,20-09-2014,45,622,312,443,297,179,194,10,7,2,8,17,0,1
2994,1982,Master,Married,63981,1,0,16-02-2015,56,211,126,409,54,16,177,10,5,10,9,17,1,0
2995,1986,Master,Single,149219,0,2,25-03-2015,42,1445,636,1350,503,83,711,6,15,4,4,19,0,1
2996,1978,Graduation,Divorced,144586,0,1,05-10-2015,92,709,566,346,110,449,598,1,10,9,3,1,1,1
2997,1994,Graduation,Divorced,54369,0,2,09-10-2015,38,511,268,68,54,99,51,9,1,6,14,3,1,1
2998,1976,PhD,Widow,120173,1,0,30-03-2014,11,729,287,494,40,142,142,10,0,0,9,6,0,1
2999,1984,Master,Married,110357,1,2,09-10-2012,99,320,377,859,214,47,259,6,11,9,9,0,0,0
3000,1988,Graduation,Married,78577,1,0,21-11-2015,8,711,321,140,117,149,279,6,7,8,4,16,1,1
3001,1970,Master,Widow,116629,0,0,10-12-2012,4,199,27,631,314,56,85,5,4,6,12,18,0,1
3002,1988,Graduation,Married,112215,1,2,09-10-2015,24,9,274,664,73,80,426,0,5,0,10,7,1,0
3003,1951,Graduation,Divorced,37579,0,2,17-12-2012,74,171,116,294,151,73,155,8,15,3,0,9,1,1
3004,1968,Basic,Single,127055,0,1,30-08-2012,55,355,494,550,620,192,410,2,9,8,1,13,0,1
3005,2000,Graduation,Divorced,124989,0,0,21-08-2012,8,776,380,136,163,364,72,1,6,5,4,6,0,0
3006,1985,Graduation,Married,105181,1,1,26-06-2014,8,889,418,592,50,302,406,8,8,7,6,3,0,0
3007,1997,Master,Single,122157,2,2,08-05-2012,63,765,605,1053,190,29,71,8,5,6,8,10,1,0
3008,2000,PhD,Widow,14729,2,2,31-07-2012,74,113,51,24,13,19,56,4,3,4,2,19,0,1
3009,1976,Basic,Divorced,80182,1,2,15-08-2013,39,148,231,26,9,108,54,6,6,0,2,19,1,1
3010,1948,Master,Divorced,15093,0,2,25-02-2014,27,131,57,16,62,10,32,4,0,4,6,12,1,1
3011,1961,PhD,Married,68001,1,0,05-05-2014,39,296,137,411,26,76,97,5,13,4,4,10,0,0
3012,1992,Basic,Married,128834,1,0,13-12-2014,32,1277,79,205,585,254,628,2,12,0,14,0,0,1
3013,1950,Master,Single,49835,0,2,29-10-2015,33,275,9,173,108,60,71,5,14,6,5,6,0,1
3014,1975,Master,Married,94968,1,0,25-07-2015,39,597,149,69,458,253,9,9,0,6,10,13,1,0
3015,1997,Master,Married,138017,2,0,22-03-2015,31,1126,531,852,536,17,549,0,12,9,7,8,1,1
3016,1946,Master,Married,25676,2,2,28-02-2015,11,105,120,87,41,75,47,5,5,6,0,6,0,0
3017,1956,PhD,Divorced,139645,1,0,15-01-2012,60,969,370,973,535,214,586,7,3,4,2,20,1,1
3018,1959,Graduation,Single,57731,2,1,03-05-2014,88,270,182,4,126,188,86,1,5,5,4,9,0,0
3019,1951,PhD,Divorced,41632,0,0,26-09-2014,30,9,156,229,59,22,115,2,8,0,1,9,0,1
3020,1975,PhD,Divorced,76259,0,1,20-02-2015,90,53,96,88,277,248,312,7,10,6,8,11,0,0
3021,1987,Basic,Widow,100265,1,1,12-08-2014,4,183,449,674,151,194,155,5,6,7,1,17,1,0
3022,1968,Graduation,Divorced,143999,2,2,15-10-2014,91,414,577,166,241,170,106,5,10,0,0,6,0,1
3023,1956,Master,Married,56259,1,2,09-06-2013,36,290,160,492,281,86,63,2,6,7,15,16,0,1
3024,1996,Master,Divorced,25926,0,0,28-07-2012,60,89,87,128,109,1,23,6,8,9,15,18,1,1
3025,1965,PhD,Single,28197,0,1,28-11-2014,97,163,26,83,43,18,59,1,14,8,11,17,1,1
3026,2000,Basic,Married,137372,2,1,11-11-2014,4,886,246,945,364,267,332,2,3,1,4,2,0,1
3027,1974,Basic,Single,147020,0,1,12-01-2013,35,204,429,1060,173,467,181,7,11,5,14,6,1,1
3028,1946,Master,Single,63180,2,2,02-08-2015,6,77,259,375,181,30,284,3,2,8,11,7,0,1
3029,1992,Master,Widow,74045,2,0,18-10-2014,48,29,259,597,265,180,158,10,8,9,9,1,1,0
3030,1964,Master,Single,20318,0,0,22-03-2014,54,164,100,81,58,44,72,10,15,1,12,14,0,0
3031,1959,Basic,Married,16660,2,1,12-07-2013,26,109,79,5,23,21,21,5,10,3,12,18,0,1
3032,1958,Graduation,Divorced,23419,2,1,13-01-2014,90,107,39,7,53,28,45,5,7,4,2,2,0,0
3033,1998,Graduation,Single,10115,2,2,03-09-2015,30,64,22,55,4,20,1,4,15,10,4,13,0,0
3034,1944,PhD,Single,85040,1,0,26-11-2013,54,207,357,39,289,110,4,8,9,1,13,15,0,1
3035,1966,Graduation,Married,39296,0,2,26-09-2015,6,353,120,367,105,82,51,4,8,0,3,11,0,1
3036,1942,Basic,Single,66380,1,2,23-06-2014,84,633,95,509,233,78,199,10,5,3,11,10,1,0
3037,1967,Graduation,Widow,10376,0,1,06-10-2012,94,103,48,37,44,11,40,6,1,1,0,18,0,0
3038,1961,Master,Single,40380,2,2,15-03-2013,98,90,68,364,27,85,121,2,1,9,8,1,0,0
3039,1947,Basic,Widow,59841,1,1,18-02-2015,30,76,95,480,143,114,253,9,7,6,8,18,0,0
3040,1967,Master,Married,58690,0,2,24-05-2013,2,369,140,452,281,34,43,5,6,10,6,12,1,0
3041,1968,PhD,Widow,97341,1,1,30-12-2013,41,581,36,326,247,139,34,3,3,1,4,14,0,0
3042,1950,Master,Divorced,38923,0,2,17-08-2013,52,264,64,132,55,102,89,6,10,1,8,12,0,1
3043,1954,PhD,Married,46165,2,2,21-01-2012,60,287,172,399,47,3,65,1,14,5,12,10,1,0
3044,1945,Master,Single,100088,0,1,12-07-2013,44,96,457,463,285,111,160,10,7,9,9,6,1,1
3045,1949,Basic,Married,149674,2,2,18-05-2013,81,110,359,537,423,212,304,4,2,6,15,5,0,0
3046,1952,Graduation,Widow,89771,0,2,11-11-2013,58,379,367,182,303,254,30,6,14,1,6,2,0,0
3047,1962,Basic,Married,122444,2,0,23-05-2013,75,910,362,1061,510,47,602,0,14,4,0,18,0,0
3048,1961,Master,Widow,138155,0,2,10-04-2012,8,571,378,159,679,310,292,4,13,5,3,18,1,1
3049,1958,PhD,Single,52657,2,1,11-04-2012,28,69,46,498,215,96,249,8,7,8,4,1,1,0
3050,1955,PhD,Single,64934,2,2,22-06-2013,60,29,280,209,234,26,137,7,0,2,15,15,1,0
3051,1987,PhD,Single,63084,2,0,07-01-2015,4,471,263,484,9,148,214,2,13,5,11,17,1,0
3052,1973,Master,Single,97232,1,0,12-03-2013,9,790,451,46,218,128,355,0,4,5,9,12,1,0
3053,1966,Master,Divorced,60472,2,1,06-10-2013,15,526,153,165,99,121,9,8,7,4,13,6,0,0
3054,2000,Basic,Single,57147,2,0,24-01-2014,3,108,135,330,210,15,146,1,9,9,0,8,0,1
3055,1959,PhD,Single,37501,0,0,17-09-2012,25,77,104,325,115,119,1,5,12,10,8,4,1,0
3056,1948,Graduation,Married,132638,1,2,22-11-2012,24,634,368,47,582,55,58,6,7,2,11,15,1,0
3057,1993,Basic,Married,146352,1,1,09-08-2014,24,1172,63,1165,4,315,100,5,8,4,15,0,0,1
3058,1960,PhD,Married,91990,0,0,19-10-2015,3,528,0,441,315,294,162,4,11,6,6,18,1,1
3059,1974,PhD,Widow,125268,1,0,04-10-2013,37,1124,356,602,137,400,379,5,7,4,13,11,0,0
3060,1975,Basic,Single,111299,2,2,17-08-2013,16,796,455,555,408,320,434,10,9,5,11,19,1,1
3061,1944,Graduation,Married,109868,0,0,16-08-2013,18,395,465,735,176,341,372,3,6,7,11,0,0,1
3062,1976,Basic,Single,98069,0,0,01-07-2015,86,21,455,24,66,119,434,9,3,8,2,4,1,0
3063,1954,PhD,Married,20409,1,0,13-12-2012,43,94,101,35,77,38,69,4,4,10,4,12,1,1
3064,1991,Graduation,Single,31095,1,2,11-12-2014,25,280,142,56,136,58,37,5,3,10,14,18,0,1
3065,1978,Basic,Single,31721,2,0,30-09-2014,75,82,107,40,52,46,40,5,6,0,11,8,1,0
3066,1947,Graduation,Single,25637,0,0,20-01-2014,91,153,75,128,99,5,75,3,4,3,0,18,0,1
3067,1972,PhD,Single,70959,2,2,17-09-2012,57,242,345,696,114,92,295,10,14,7,15,16,1,1
3068,1989,Basic,Married,143031,0,1,30-03-2013,63,731,607,188,404,459,263,3,6,6,12,2,0,0
3069,1997,Master,Married,127335,1,0,05-03-2012,2,551,165,1211,215,402,606,0,12,2,0,20,0,1
3070,1985,PhD,Widow,88480,1,0,18-12-2012,50,359,11,833,384,235,78,4,12,7,1,9,1,1
3071,1964,PhD,Married,36591,0,1,19-06-2013,76,89,112,245,161,15,133,2,0,6,14,13,1,0
3072,1978,Basic,Single,60279,0,0,02-05-2014,95,87,73,277,38,75,199,5,12,8,0,9,1,1
3073,1947,Graduation,Single,40985,2,2,27-09-2015,96,387,49,372,188,124,97,10,4,2,8,11,0,0
3074,1999,Basic,Single,101057,2,2,12-06-2015,33,406,292,850,364,197,226,8,12,5,7,9,0,1
3075,1984,Graduation,Widow,114919,1,2,30-01-2013,3,1,262,26,145,217,296,2,5,2,4,0,0,1
3076,1941,Graduation,Divorced,101140,1,1,06-11-2014,79,895,498,147,392,214,93,3,11,4,15,0,0,0
3077,1953,PhD,Married,56231,0,0,25-10-2014,73,342,118,545,279,91,206,5,10,5,3,20,1,1
3078,1959,Graduation,Married,114494,2,1,17-10-2013,10,33,46,715,115,278,572,9,12,8,4,6,0,0
3079,1943,Graduation,Divorced,91888,2,0,29-06-2015,47,458,1,571,200,32,182,10,1,7,9,16,1,0
3080,1952,PhD,Married,143861,1,0,15-01-2015,29,630,94,1050,655,332,101,8,3,8,12,16,0,0
3081,1941,PhD,Single,107819,1,1,28-09-2015,6,103,498,427,158,303,447,8,11,6,14,14,0,0
3082,1986,Master,Single,35666,0,0,20-10-2014,72,65,137,291,27,64,52,6,14,3,13,1,1,0
3083,1977,Master,Widow,32601,2,1,22-05-2014,21,260,43,248,118,83,83,0,8,0,3,5,0,1
3084,1998,Basic,Widow,78655,1,0,14-03-2012,82,64,82,501,111,59,237,6,3,6,4,7,0,1
3085,1984,Graduation,Widow,100048,0,0,15-03-2013,86,593,320,658,87,308,237,2,13,4,3,20,1,0
3086,1948,Graduation,Married,14821,0,2,16-01-2013,64,84,0,111,63,37,66,1,11,10,8,12,0,0
3087,1997,Master,Widow,124759,2,1,01-05-2015,15,868,490,1190,428,122,140,1,6,7,13,3,0,0
3088,1969,Master,Married,39955,1,0,10-07-2015,94,139,44,156,7,75,114,10,0,1,2,6,1,1
3089,1972,Graduation,Divorced,58942,2,2,18-07-2013,84,189,166,246,128,66,278,7,1,7,15,8,1,1
3090,1967,PhD,Married,27710,2,2,02-12-2013,34,82,72,147,51,80,42,7,1,9,1,8,0,0
3091,1946,Graduation,Married,125141,2,2,23-08-2012,83,1206,252,993,237,375,409,0,13,8,13,20,0,1
3092,1995,Basic,Single,25285,0,0,05-03-2015,52,51,91,149,19,11,10,6,2,7,5,17,0,0
3093,1980,Basic,Married,146572,0,0,05-05-2015,4,946,91,1272,670,363,253,9,10,1,10,14,0,1
3094,1955,PhD,Divorced,31371,0,2,28-06-2015,80,96,125,80,79,21,118,9,9,1,15,4,1,0
3095,1984,Basic,Single,29133,0,2,31-10-2014,7,97,65,27,135,35,144,9,7,7,2,0,1,1
3096,1964,Basic,Married,140272,1,2,28-12-2014,35,638,508,17,366,44,285,1,12,5,9,14,0,0
3097,1984,PhD,Married,126983,1,1,16-09-2014,2,75,7,968,352,40,124,8,1,10,15,2,0,1
3098,1999,Graduation,Single,111678,2,1,18-11-2012,67,390,490,646,2,247,148,10,1,7,13,12,0,1
3099,2000,Master,Widow,118721,1,2,01-08-2012,71,112,507,2,527,274,565,7,12,6,12,3,0,1
3100,1975,PhD,Divorced,98988,2,1,03-06-2012,85,409,203,740,287,193,422,10,1,4,9,8,1,1
3101,1955,PhD,Single,18403,1,1,27-02-2013,79,124,2,138,72,24,72,0,2,9,15,0,1,1
3102,1954,Graduation,Single,68891,1,2,15-11-2012,2,239,105,45,278,120,88,6,15,1,4,6,0,1
3103,1997,Graduation,Single,134615,2,1,10-08-2013,55,1150,437,929,548,333,114,1,2,7,11,8,0,0
3104,1963,PhD,Single,75908,1,1,09-03-2013,81,438,250,440,193,3,24,3,9,10,0,2,0,1
3105,1986,Master,Widow,49189,2,0,02-06-2012,27,82,85,391,223,148,89,5,8,8,11,17,0,1
3106,1978,Graduation,Married,121562,1,2,20-11-2013,74,1058,593,84,393,140,244,0,8,2,9,9,1,1
3107,1981,Graduation,Widow,133063,2,0,12-09-2013,32,756,152,907,494,242,395,2,8,8,15,15,0,0
3108,1957,Basic,Widow,63879,0,2,20-08-2015,11,536,35,622,36,42,277,1,8,2,6,6,0,0
3109,1992,Master,Divorced,50373,0,1,05-01-2015,48,52,246,341,244,90,43,4,9,1,11,11,1,0
3110,1981,Graduation,Single,78361,0,1,18-02-2013,48,106,20,757,308,98,298,2,13,4,8,14,1,1
3111,1995,Graduation,Divorced,38430,2,2,14-04-2014,61,125,34,317,114,47,30,8,9,7,3,14,1,0
3112,1973,Master,Divorced,12352,0,2,20-05-2015,29,113,16,107,5,3,50,6,5,8,4,20,1,0
3113,1984,Master,Widow,94652,2,2,25-05-2015,7,649,340,153,199,279,133,5,14,5,10,7,0,0
3114,1969,Master,Single,146164,0,1,22-10-2013,89,1233,579,598,589,63,42,3,8,0,13,15,1,1
3115,1947,Graduation,Single,100777,2,1,20-09-2013,92,710,195,480,375,89,450,9,0,9,3,1,1,1
3116,1974,Graduation,Married,147102,0,0,21-06-2015,29,21,362,164,193,100,662,2,7,5,14,18,0,1
3117,1970,PhD,Divorced,54413,2,2,30-05-2012,23,143,243,475,246,54,236,5,14,8,7,19,0,1
3118,1992,Master,Married,132354,1,1,29-07-2014,25,465,130,1146,639,425,602,3,5,10,3,7,0,0
3119,1955,PhD,Married,68707,2,2,28-11-2015,100,255,37,572,252,199,26,0,4,10,14,0,0,0
3120,1996,Master,Widow,90284,0,1,07-09-2012,95,218,253,663,233,130,186,2,0,5,9,8,1,1
3121,1989,Master,Single,91323,1,0,14-05-2013,75,513,90,531,103,282,49,3,5,0,12,20,1,1
3122,1972,Basic,Single,66803,0,1,01-06-2012,20,552,303,664,178,218,88,5,1,5,8,12,0,0
3123,1954,Master,Widow,15624,1,2,13-04-2014,37,15,23,156,61,33,13,6,11,6,11,20,1,0
3124,1943,Master,Divorced,19484,2,0,19-12-2015,40,185,10,56,8,38,34,6,1,4,1,17,1,0
3125,1977,Basic,Single,99789,1,1,20-03-2013,48,464,219,584,130,76,149,9,8,7,7,6,0,1
3126,1998,Master,Widow,137958,1,0,19-06-2012,78,303,196,1336,218,175,123,3,1,4,4,15,0,1
3127,1945,Graduation,Married,126077,2,2,08-05-2014,49,83,68,1067,264,316,515,1,15,5,10,18,0,1
3128,1941,Master,Widow,119840,1,2,31-01-2012,64,51,216,1128,343,124,110,9,1,6,1,9,0,1
3129,1977,Graduation,Divorced,37794,0,1,13-08-2012,66,284,82,356,16,110,15,4,0,9,13,7,0,1
3130,1992,PhD,Married,26317,1,1,13-06-2013,78,8,62,117,30,84,122,10,2,0,1,18,0,0
3131,1955,Graduation,Widow,53390,0,1,12-05-2015,26,458,194,520,96,1,90,1,6,3,13,7,1,1
3132,1941,Basic,Single,22162,0,1,18-09-2014,72,114,78,111,107,47,96,9,11,2,5,19,0,1
3133,1984,PhD,Divorced,82252,1,0,21-06-2012,48,776,347,611,341,46,268,7,4,10,13,7,1,1
3134,1952,PhD,Widow,15877,2,2,30-09-2014,12,69,54,139,17,10,20,3,0,1,0,2,1,0
3135,1960,Basic,Divorced,134819,1,0,02-09-2013,57,793,394,1219,408,82,74,2,15,5,7,4,0,1
3136,1964,PhD,Married,59320,2,0,12-04-2013,82,29,179,103,107,33,132,4,14,5,10,20,1,1
3137,1943,Basic,Married,120451,1,2,08-06-2015,8,362,0,377,467,194,483,5,0,0,0,15,1,1
3138,1955,Graduation,Single,53871,0,1,22-06-2014,33,157,244,311,40,62,83,4,4,1,7,20,1,0
3139,1980,Basic,Single,148265,1,2,01-02-2014,62,281,343,305,678,336,334,4,15,9,3,2,0,0
3140,1953,PhD,Widow,50339,1,2,10-07-2013,17,414,179,417,77,112,102,4,1,8,8,20,1,1
3141,1967,PhD,Married,112625,0,2,01-04-2015,85,470,280,1087,559,329,440,2,15,9,15,17,1,1
3142,1941,PhD,Single,69812,0,0,31-08-2013,3,1,57,631,52,45,311,6,8,2,0,19,1,1
3143,1959,Basic,Widow,141522,1,1,28-12-2013,50,1189,690,38,249,116,549,0,8,1,6,8,1,1
3144,1942,Master,Married,93445,1,0,13-04-2014,18,388,84,190,184,103,452,5,6,5,13,1,1,1
3145,1942,Master,Divorced,92722,2,1,08-08-2014,85,462,191,104,364,262,285,6,7,10,12,6,1,1
3146,1971,PhD,Single,49482,0,1,10-11-2014,85,302,25,0,126,92,121,2,10,8,13,0,0,1
3147,1957,Basic,Widow,109460,0,0,12-11-2014,46,519,45,217,464,104,236,3,11,7,10,18,0,0
3148,1975,Basic,Married,92652,2,2,22-10-2014,33,316,435,190,443,159,377,6,7,8,13,3,0,1
3149,1948,Graduation,Widow,38987,0,1,04-04-2013,28,47,11,36,117,128,147,6,13,3,5,10,0,0
3150,1946,Basic,Married,141758,1,0,19-10-2014,23,898,627,1256,73,194,564,4,3,3,6,13,1,1
3151,1970,Master,Divorced,51335,1,0,02-12-2013,61,395,60,362,24,166,124,8,13,1,10,10,0,1
3152,1988,Basic,Divorced,148967,0,2,26-09-2012,52,285,157,1110,277,278,615,5,6,9,13,17,1,1
3153,1966,Basic,Divorced,95808,0,0,13-10-2014,9,127,352,920,13,101,39,9,12,6,4,3,1,0
3154,1952,Graduation,Widow,62530,0,0,05-09-2015,20,175,244,264,279,57,111,9,12,1,1,11,1,0
3155,1956,Master,Single,119710,0,0,09-04-2014,76,286,567,661,539,307,258,6,15,6,13,6,1,0
3156,1945,Master,Divorced,29183,1,2,21-01-2013,33,131,98,131,19,26,103,1,2,1,7,4,1,0
3157,1979,Graduation,Divorced,80195,0,1,13-06-2015,46,563,271,776,204,240,121,0,3,2,9,14,1,0
3158,1972,PhD,Divorced,104389,1,2,24-04-2012,15,722,275,725,425,241,108,7,3,1,2,12,1,1
3159,1954,Graduation,Married,65764,1,1,19-10-2015,40,601,62,601,24,47,65,7,2,9,2,13,0,0
3160,2000,Master,Married,93804,0,0,03-03-2013,4,544,269,609,248,167,30,9,9,5,1,19,1,1
3161,1941,Graduation,Widow,23908,2,0,05-10-2013,55,151,43,128,76,19,118,5,7,5,12,2,0,1
3162,1978,Master,Married,71574,0,2,28-03-2015,7,166,214,577,277,0,254,8,14,1,12,10,0,1
3163,1964,Master,Married,46162,1,0,03-12-2015,71,364,77,425,41,33,44,4,15,3,1,10,1,0
3164,1948,Basic,Widow,86980,2,2,05-02-2012,40,785,55,842,118,1,66,7,9,2,10,10,1,0
3165,1966,Master,Widow,98442,2,1,08-08-2013,17,334,284,587,42,26,196,2,1,2,13,14,1,1
3166,1991,Basic,Divorced,92879,1,1,01-06-2012,83,314,221,472,48,127,320,8,2,3,7,20,1,0
3167,1972,Basic,Widow,37819,1,0,07-03-2015,100,141,2,371,182,86,86,4,15,5,12,6,0,1
3168,1964,Master,Divorced,87771,1,1,03-06-2013,86,247,384,185,22,165,56,9,9,2,12,12,1,0
3169,1951,PhD,Married,95618,2,0,03-08-2013,44,199,206,694,334,78,128,1,3,7,14,7,1,0
3170,1958,Basic,Divorced,93457,2,2,27-08-2015,57,654,377,205,249,108,374,10,4,0,4,7,1,0
3171,1954,Master,Married,70943,0,1,09-08-2012,25,394,78,523,58,126,7,7,8,5,11,11,0,0
3172,2000,Master,Married,100147,1,2,28-09-2015,15,775,334,133,452,316,500,9,9,6,13,7,1,1
3173,1953,PhD,Divorced,18784,2,1,21-05-2012,78,72,62,121,2,60,35,0,1,1,6,4,1,1
3174,1958,PhD,Married,25074,2,0,31-07-2013,85,170,104,87,41,16,51,7,10,3,5,5,1,1
3175,2000,Master,Widow,88588,2,1,12-06-2015,48,861,173,290,417,86,69,4,0,0,0,15,1,1
3176,1969,Master,Married,143951,1,0,18-12-2014,83,115,304,172,386,143,167,1,8,8,7,8,1,1
3177,1941,Basic,Single,42222,0,2,16-01-2012,33,335,202,98,42,2,36,6,12,3,5,20,0,1
3178,1988,Basic,Married,46352,1,1,08-04-2015,59,103,108,204,104,65,178,9,10,7,2,4,0,0
3179,1969,Graduation,Divorced,17322,0,0,26-12-2015,88,168,70,65,42,21,16,5,8,9,12,0,0,1
3180,1948,Master,Married,49570,0,0,05-10-2013,43,429,30,101,35,120,74,6,9,1,13,18,1,0
3181,1985,Graduation,Single,56137,1,1,16-04-2014,23,498,83,450,196,29,70,8,12,7,14,7,0,0
3182,1977,PhD,Divorced,32612,0,0,01-12-2015,7,223,150,315,152,27,91,8,2,0,6,14,0,1
3183,1985,Basic,Single,18937,0,0,05-04-2013,12,85,91,189,44,45,1,5,15,6,7,0,0,1
3184,1967,PhD,Divorced,114808,1,1,17-10-2015,52,204,497,1111,68,55,469,9,9,7,13,8,0,1
3185,1954,Master,Divorced,149351,1,1,15-11-2015,0,823,627,1189,368,48,316,0,8,4,2,1,0,0
3186,1969,Graduation,Divorced,88316,0,2,14-11-2013,46,637,384,846,365,126,79,9,1,7,3,12,0,0
3187,1961,Basic,Divorced,42028,2,2,26-04-2013,88,215,100,308,199,22,31,0,2,8,6,20,1,0
3188,1970,Basic,Single,108177,1,2,25-06-2013,63,991,168,584,43,133,84,3,7,3,14,0,1,1
3189,1990,Graduation,Divorced,145684,1,0,25-11-2014,21,818,591,895,194,423,422,6,9,8,1,3,1,0
3190,1999,Graduation,Single,20384,1,2,01-09-2012,88,49,75,47,43,18,12,0,4,8,2,17,0,1
3191,1945,PhD,Single,81712,0,2,06-02-2012,81,6,304,649,240,0,93,9,12,2,3,13,1,0
3192,1956,Master,Widow,13886,2,2,11-09-2014,88,51,30,76,25,27,32,2,2,6,1,6,0,0
3193,1964,Master,Married,143494,0,2,08-09-2013,43,970,315,989,333,217,198,10,0,1,13,5,1,1
3194,1947,PhD,Married,132963,0,1,13-10-2012,26,154,599,544,646,309,431,6,12,6,10,13,1,1
3195,1977,Master,Widow,122263,1,2,31-07-2012,27,349,422,461,63,134,164,10,3,6,9,14,1,1
3196,1953,Basic,Single,81847,1,2,29-08-2012,71,195,191,425,350,267,41,4,7,8,14,5,0,1
3197,1979,Master,Widow,122112,1,1,23-09-2015,36,1192,559,938,271,0,144,3,9,8,2,11,1,1
3198,1991,Master,Single,65943,0,2,20-07-2012,85,240,236,181,268,104,232,7,7,1,2,11,1,1
3199,1958,Master,Divorced,98104,1,0,05-02-2014,65,842,91,241,115,53,216,9,15,2,1,18,1,0
3200,1973,Basic,Divorced,126178,0,2,25-10-2015,43,1003,536,440,548,350,320,5,8,3,6,2,1,0
3201,1995,PhD,Widow,64147,1,2,09-09-2012,88,162,146,390,225,208,92,0,4,2,6,15,0,0
3202,1997,Master,Widow,37694,1,1,12-11-2014,93,298,48,49,45,80,30,9,13,5,10,14,0,0
3203,1980,Master,Divorced,91215,0,2,06-04-2012,78,357,310,466,422,272,310,10,11,4,7,5,1,0
3204,1948,Graduation,Married,29918,2,1,27-04-2013,79,121,141,201,15,16,74,9,1,3,0,16,1,1
3205,1985,PhD,Widow,32112,0,2,16-10-2015,68,257,151,250,53,19,11,3,11,6,7,20,1,0
3206,1986,Graduation,Divorced,142618,1,2,13-01-2015,46,1417,487,747,203,135,209,5,15,4,2,5,1,0
3207,1952,PhD,Single,123568,0,2,07-08-2014,17,137,157,1157,123,400,549,9,6,4,8,13,1,0
3208,1965,PhD,Single,41302,2,2,17-08-2013,32,85,112,259,36,125,18,9,12,2,14,19,1,1
3209,1966,Basic,Widow,72576,1,2,10-06-2012,59,509,155,417,35,7,266,8,5,3,7,20,0,1
3210,1981,Graduation,Married,146803,2,2,25-07-2012,71,33,681,1420,470,304,638,5,14,9,14,12,1,0
3211,1948,Master,Single,139298,2,2,30-06-2015,69,176,396,1358,222,400,428,10,10,9,1,12,1,0
3212,1963,PhD,Single,67124,0,0,05-12-2015,22,661,193,255,123,53,297,10,2,1,10,5,1,0
3213,1947,Basic,Widow,117410,2,0,08-07-2015,32,390,516,586,105,108,101,4,11,8,1,7,0,1
3214,1988,Basic,Widow,49297,2,0,29-07-2013,41,192,228,388,42,20,211,4,3,4,0,2,1,0
3215,1983,Basic,Widow,139255,2,0,09-10-2013,92,861,522,1306,158,158,680,3,7,5,5,8,0,0
3216,1996,Basic,Married,12792,1,0,10-06-2014,45,100,41,110,49,23,24,2,10,9,13,10,1,0
3217,1941,Graduation,Single,89743,1,1,02-04-2014,88,613,241,324,286,274,425,4,13,7,11,18,1,1
3218,1984,Master,Divorced,103489,2,1,26-07-2015,17,505,92,1012,83,26,151,9,1,6,3,0,0,0
3219,1951,Graduation,Widow,82585,1,1,08-11-2015,41,803,44,15,113,104,340,3,15,1,15,2,1,1
3220,1975,Basic,Married,96233,2,1,25-04-2012,50,673,345,548,340,30,340,9,13,5,2,16,0,0
3221,1990,Basic,Widow,112450,0,0,17-05-2012,99,918,457,857,295,347,68,8,9,4,8,2,1,1
3222,1973,Graduation,Widow,21913,1,1,27-08-2014,88,218,15,55,47,18,0,7,8,4,12,12,0,0
3223,1965,Basic,Widow,94506,1,0,01-06-2013,56,542,381,450,421,207,208,0,15,6,6,8,1,0
3224,1970,Basic,Single,78809,2,0,15-04-2014,59,423,345,773,87,47,298,6,3,10,0,12,1,1
3225,1984,PhD,Widow,51321,0,1,12-10-2013,77,219,115,135,152,123,138,9,7,1,12,1,1,1
3226,1952,PhD,Single,127796,1,0,17-03-2012,36,769,333,1273,377,122,135,2,6,3,14,0,0,0
3227,1992,Master,Widow,36825,2,1,05-07-2015,12,29,165,146,83,101,148,0,9,0,5,17,1,0
3228,2000,Graduation,Married,103684,2,2,20-09-2014,44,926,495,946,131,281,137,10,7,2,0,20,1,1
3229,1948,Basic,Single,131736,2,0,19-11-2012,67,754,98,1307,304,136,70,9,12,7,10,13,0,0
3230,1987,Master,Widow,55305,0,2,07-05-2012,35,169,176,205,200,75,245,10,14,9,10,18,0,1
3231,1984,PhD,Married,91030,1,1,25-08-2015,8,685,339,80,438,222,407,6,2,8,5,15,1,1
3232,1992,Graduation,Widow,102246,1,0,15-07-2012,70,682,402,104,18,290,28,6,1,10,5,20,0,1
3233,1962,Graduation,Married,73321,2,0,11-11-2012,81,243,81,497,194,69,117,1,5,6,3,16,0,1
3234,1990,PhD,Widow,99735,2,1,28-06-2012,97,126,178,628,13,130,128,4,6,1,13,12,1,0
3235,1950,Basic,Widow,38005,1,0,25-07-2012,40,295,41,263,177,11,49,6,10,1,12,7,0,0
3236,1953,Basic,Single,125148,0,1,07-04-2013,7,8,108,1192,191,112,254,6,9,5,3,11,1,1
3237,1946,Master,Single,87566,0,2,09-03-2015,6,117,46,34,218,179,313,9,12,10,4,0,0,1
3238,1964,PhD,Widow,148219,1,1,01-06-2015,97,33,41,418,106,300,604,3,8,8,13,1,0,0
3239,1943,Master,Single,77492,1,0,08-03-2012,66,647,330,566,150,155,331,2,3,5,7,6,1,1
3240,1987,PhD,Divorced,79284,0,2,04-06-2013,24,202,373,153,289,231,137,1,4,0,0,1,0,1
3241,1996,Basic,Widow,62057,2,2,03-11-2015,99,137,164,205,287,107,7,8,10,7,2,15,0,1
3242,1958,Graduation,Divorced,65430,0,1,10-07-2014,7,48,6,500,72,218,162,0,2,7,13,11,0,1
3243,1949,Basic,Divorced,137480,1,2,24-04-2014,33,1270,484,660,62,237,6,6,11,7,12,11,0,1
3244,1974,Graduation,Single,26358,0,2,26-04-2015,13,153,125,100,86,68,120,0,8,7,9,16,1,0
3245,1965,Graduation,Divorced,89491,1,0,29-05-2015,74,166,357,471,261,279,248,6,1,1,10,18,1,1
3246,1948,Basic,Single,104533,0,2,13-04-2015,68,562,233,329,440,241,512,8,6,7,0,5,0,0
3247,1963,Basic,Widow,95786,2,0,05-11-2012,77,651,100,786,234,9,68,9,9,2,1,18,1,0
3248,1992,Graduation,Single,40002,2,1,26-06-2014,59,315,114,356,141,55,0,2,11,1,11,5,0,1
3249,1977,Graduation,Single,105765,0,0,09-01-2012,59,2,81,901,186,184,285,3,9,3,14,8,1,0
3250,1956,Master,Divorced,114671,0,0,20-07-2014,40,106,201,19,539,38,24,0,13,6,15,20,1,1
3251,1989,Graduation,Widow,77078,0,0,14-06-2014,51,153,369,734,278,227,261,3,10,5,9,14,1,0
3252,1956,Graduation,Widow,117189,2,1,29-09-2012,82,111,275,423,296,181,122,4,2,3,9,11,0,0
3253,1962,Master,Single,54279,2,0,01-05-2012,32,13,148,233,250,143,55,7,11,1,9,20,0,1
3254,1975,PhD,Divorced,69092,1,2,23-12-2014,94,504,287,122,219,190,159,4,5,0,15,0,1,1
3255,1975,Graduation,Widow,92330,1,2,31-10-2013,20,878,146,543,181,231,313,5,7,3,8,12,0,0
3256,1983,Graduation,Single,110319,2,1,30-08-2014,2,841,263,500,172,226,148,6,9,3,15,10,0,0
3257,1982,Graduation,Married,99286,0,0,09-08-2015,51,273,368,601,117,269,477,4,6,0,13,14,0,0
3258,1944,Master,Single,36457,2,0,28-12-2014,5,258,152,233,24,111,164,6,12,0,13,14,1,1
3259,1990,Basic,Divorced,36980,1,1,06-06-2014,78,87,83,232,182,123,110,10,14,3,7,10,0,0
3260,1964,Master,Widow,125362,2,0,20-06-2013,95,1215,307,802,62,357,126,1,11,2,15,7,0,1
3261,1949,PhD,Married,14860,1,1,14-06-2014,33,38,32,47,21,34,48,4,12,3,7,14,1,0
3262,1997,Basic,Single,86411,1,0,03-06-2014,45,247,105,687,296,207,115,6,14,6,12,15,0,0
3263,2000,Basic,Divorced,105994,1,1,02-04-2013,55,718,401,705,424,221,102,8,1,9,15,3,0,1
3264,1978,Basic,Divorced,37436,0,1,14-07-2015,58,162,28,71,141,84,42,3,10,1,3,10,0,0
3265,1944,PhD,Divorced,123440,2,2,04-12-2014,70,864,333,1085,565,27,514,2,7,0,1,18,0,0
3266,1965,Basic,Widow,26501,1,2,01-03-2015,42,133,24,186,103,3,35,2,12,9,12,17,0,1
3267,1988,PhD,Widow,33797,0,2,18-05-2013,19,58,22,124,167,104,160,4,3,10,11,6,1,0
3268,1965,Basic,Single,97484,0,2,08-10-2014,66,863,360,268,118,301,189,0,8,4,10,5,1,0
3269,1959,Master,Widow,149808,2,0,29-07-2014,47,1115,53,437,369,178,600,5,0,3,7,7,1,0
3270,1953,PhD,Married,95425,1,2,26-03-2015,84,105,109,361,22,207,388,0,1,10,5,3,0,1
3271,1996,Graduation,Married,35914,2,1,25-07-2013,21,63,114,51,51,24,157,1,0,10,2,20,1,0
3272,1943,Graduation,Divorced,24554,0,0,24-04-2014,11,201,70,213,39,30,49,6,15,5,7,20,1,0
3273,1968,Basic,Married,35541,1,2,28-09-2014,60,348,44,0,148,105,122,2,5,1,13,14,1,0
3274,1979,Master,Divorced,133203,0,0,10-11-2014,3,5,501,230,359,49,101,2,8,3,3,13,1,0
3275,1962,PhD,Widow,142150,0,0,12-01-2012,2,46,129,648,675,9,629,6,5,8,0,2,1,0
3276,1948,PhD,Widow,26251,2,1,04-03-2013,29,79,125,92,77,82,88,0,3,2,10,18,0,0
3277,1947,Graduation,Married,130812,0,0,15-11-2012,100,851,308,46,548,278,354,6,4,5,15,15,0,0
3278,1955,PhD,Divorced,78814,1,1,12-06-2014,47,258,229,120,50,178,264,3,3,0,6,14,1,1
3279,1960,PhD,Divorced,97576,1,2,28-04-2012,95,845,380,541,181,110,30,1,7,5,8,17,0,0
3280,1994,Basic,Married,37452,2,0,28-08-2012,20,87,21,91,48,100,70,7,15,7,8,8,1,0
3281,1999,PhD,Single,29276,2,0,21-12-2014,4,128,36,252,7,26,8,0,12,5,13,2,0,0
3282,1961,PhD,Married,87354,0,0,05-09-2013,11,418,319,142,411,207,51,1,4,6,10,6,1,1
3283,1991,Graduation,Divorced,131438,0,0,11-11-2013,78,516,365,72,375,137,429,4,14,10,2,16,0,0
3284,1942,PhD,Divorced,54481,1,1,11-01-2015,61,541,89,112,22,114,101,0,8,5,9,10,1,0
3285,1943,Master,Divorced,10754,0,1,28-08-2012,27,59,12,78,29,1,0,0,13,0,13,16,0,1
3286,1966,PhD,Married,58887,1,0,29-09-2013,52,309,91,210,63,121,125,7,0,1,8,17,1,0
3287,1981,PhD,Widow,46689,0,2,04-03-2015,16,45,166,6,160,17,111,4,12,5,10,3,1,1
3288,1951,Master,Widow,120893,2,1,16-07-2013,76,975,61,1041,586,312,5,3,10,5,8,9,1,1
3289,1980,Master,Divorced,19820,1,0,28-01-2013,30,21,94,194,19,41,19,0,8,9,2,0,0,0
3290,1998,Basic,Widow,15013,2,0,11-12-2013,87,129,36,90,17,39,49,3,10,7,13,3,0,0
3291,1977,Basic,Widow,72411,1,2,02-12-2014,10,654,275,676,325,33,213,4,7,3,3,12,1,1
3292,1962,PhD,Divorced,103761,2,0,20-10-2013,27,884,340,978,433,47,262,1,1,3,4,1,0,0
3293,1986,PhD,Married,57955,1,2,26-04-2014,62,489,154,489,206,75,264,6,14,1,10,9,1,1
3294,1997,Graduation,Single,102143,1,2,25-03-2012,99,958,151,753,489,195,321,4,15,1,1,20,1,0
3295,1977,Master,Single,46674,2,1,25-10-2014,74,358,169,315,157,65,212,10,9,5,3,17,0,1
3296,1994,PhD,Single,89102,0,0,11-09-2015,17,197,423,137,404,28,120,2,12,9,6,8,1,0
3297,1972,Basic,Married,109883,1,2,30-04-2012,44,569,80,309,339,366,262,7,3,4,15,6,1,1
3298,1991,PhD,Married,55551,2,0,20-06-2013,65,101,96,109,29,87,143,9,13,4,11,16,0,1
3299,1986,Master,Married,118572,2,0,07-03-2014,27,1114,27,403,498,255,96,0,14,6,12,4,0,0
3300,1991,Graduation,Widow,142961,0,0,29-11-2012,78,796,644,1225,338,10,467,8,14,9,13,15,1,0
3301,1957,Basic,Single,44049,0,0,02-02-2015,79,312,132,179,192,50,217,7,10,2,3,15,1,1
3302,1975,Basic,Married,100410,0,1,17-06-2015,85,380,131,973,254,82,383,0,2,9,14,6,1,0
3303,1959,PhD,Single,11030,0,0,19-05-2014,62,91,50,16,35,26,4,7,15,7,0,19,1,0
3304,1990,Master,Divorced,126080,2,2,26-07-2014,93,550,442,1170,182,183,216,1,0,10,11,0,0,0
3305,1956,PhD,Single,30426,2,0,23-09-2014,51,266,104,204,21,26,55,6,13,7,14,6,0,1
3306,1995,Master,Widow,103004,1,0,07-04-2014,73,330,477,602,452,298,460,8,15,1,4,15,0,1
3307,1999,PhD,Single,61965,0,1,29-05-2015,67,126,239,93,33,108,170,8,13,10,13,17,1,1
3308,1986,Basic,Married,57004,0,1,12-08-2014,93,300,47,73,279,48,182,4,11,2,6,16,0,0
3309,1949,PhD,Widow,13789,1,2,19-09-2015,85,137,65,42,22,36,57,2,3,6,6,0,0,0
3310,1942,Graduation,Married,114352,1,1,07-09-2015,47,995,360,735,192,65,366,7,0,1,14,14,1,0
3311,1980,Master,Married,80822,0,1,02-08-2015,55,190,66,94,14,210,377,2,3,4,11,15,1,0
3312,1988,PhD,Widow,124081,2,2,28-11-2015,71,208,16,1185,493,183,508,4,1,9,1,17,1,0
3313,1974,Basic,Divorced,139524,2,1,07-12-2013,64,1245,110,1305,386,202,28,3,11,9,1,14,0,1
3314,1983,Basic,Divorced,84887,0,0,07-11-2015,89,330,81,699,396,202,151,3,10,6,10,6,0,1
3315,1955,PhD,Widow,48480,2,2,24-07-2014,14,374,119,207,40,3,154,8,14,3,11,15,0,1
3316,1964,Master,Married,35420,2,0,03-02-2014,2,165,34,23,70,15,26,2,13,2,9,3,1,0
3317,1974,Basic,Widow,123149,1,2,06-05-2013,15,393,278,437,266,211,201,3,4,9,5,6,0,1
3318,1986,Basic,Married,124202,1,1,18-09-2013,22,619,408,677,522,256,472,7,0,6,15,6,1,0
3319,1953,PhD,Widow,144274,0,2,21-03-2015,96,701,132,1106,447,290,493,0,12,8,6,1,1,0
3320,1998,Graduation,Divorced,52530,0,1,01-02-2014,84,490,117,260,143,41,129,10,6,10,2,16,0,0
3321,1950,PhD,Married,31885,2,1,04-02-2014,1,267,65,52,55,78,105,5,5,4,12,13,0,0
3322,1997,PhD,Married,79241,2,1,29-06-2012,45,376,101,303,60,79,153,1,3,5,6,7,1,0
3323,1996,Basic,Married,135052,2,1,19-07-2013,24,451,480,1146,626,95,627,0,3,9,10,7,1,0
3324,1941,Basic,Married,51422,0,1,23-03-2014,73,42,20,50,69,31,236,5,4,9,1,7,1,1
3325,1992,PhD,Single,74891,2,2,21-06-2012,89,162,371,377,40,223,342,7,1,3,1,15,0,0
3326,1998,Basic,Widow,50077,1,1,15-06-2015,6,139,120,34,219,66,108,1,1,7,2,6,1,0
3327,1990,PhD,Single,140177,1,2,22-02-2012,97,48,576,1057,219,263,171,1,5,7,7,15,1,1
3328,1945,Basic,Widow,39182,2,2,08-05-2015,79,303,124,254,139,104,151,10,14,8,7,6,0,1
3329,1990,Master,Married,139332,0,0,14-01-2013,60,408,415,879,476,353,345,2,15,3,11,15,0,1
3330,1991,Basic,Divorced,14752,0,2,23-02-2014,10,30,28,54,61,11,72,7,10,8,2,3,1,1
3331,1975,Master,Widow,105911,1,0,01-08-2012,57,782,28,938,432,53,151,2,10,5,2,2,1,1
3332,1981,Master,Divorced,72696,2,0,13-07-2013,38,476,336,521,62,58,334,8,11,5,5,10,1,0
3333,1962,Master,Married,76047,0,2,25-11-2014,5,391,56,340,374,32,270,3,5,7,15,14,1,0
3334,1988,Master,Widow,42208,2,1,15-05-2014,50,223,166,326,0,4,28,2,7,0,15,12,0,0
3335,1997,PhD,Divorced,33520,2,2,29-07-2015,61,64,58,74,90,10,38,6,1,3,0,7,1,0
3336,1984,Graduation,Divorced,68855,2,1,18-11-2015,3,291,87,409,29,15,30,7,13,8,10,11,1,0
3337,1996,Master,Divorced,15664,2,1,24-07-2013,6,16,1,156,67,33,18,0,9,8,7,19,0,0
3338,1941,Graduation,Widow,39162,1,0,28-05-2013,90,80,46,46,86,43,14,1,1,5,12,9,0,0
3339,1943,PhD,Divorced,147968,2,0,27-11-2015,30,690,532,659,508,388,325,3,15,4,3,3,0,0
3340,1947,Graduation,Single,30529,1,1,06-05-2015,84,157,51,147,81,1,70,1,13,4,5,5,0,1
3341,1996,Graduation,Single,22655,2,1,03-06-2015,29,108,6,209,54,50,95,1,8,2,0,18,0,0
3342,1987,Basic,Married,125448,1,1,23-09-2012,57,34,388,50,473,347,574,7,9,2,1,19,1,0
3343,1992,Graduation,Widow,104170,1,1,22-04-2012,81,756,361,377,136,20,499,8,6,3,7,14,0,1
3344,1959,Graduation,Single,48836,2,2,14-12-2012,67,81,147,355,102,57,225,0,11,10,3,0,0,1
3345,1958,Graduation,Divorced,55450,2,2,26-11-2014,35,523,194,209,135,0,151,0,12,7,10,18,0,1
3346,1960,Graduation,Single,126639,2,0,13-01-2013,61,1121,610,1150,55,249,123,4,9,3,2,16,1,0
3347,1963,Basic,Single,132785,1,2,22-10-2013,94,1068,512,167,309,227,137,2,5,6,8,11,0,1
3348,1950,Basic,Widow,77347,0,0,18-03-2012,23,353,183,191,308,101,229,3,9,10,1,16,1,0
3349,1998,Master,Married,144307,1,0,30-07-2012,97,1182,367,41,483,169,269,10,5,5,14,7,0,1
3350,1966,Master,Single,22993,2,2,14-06-2012,54,18,28,135,113,5,104,0,2,10,11,13,0,1
3351,1954,Master,Widow,82810,0,2,01-01-2013,15,34,106,234,33,182,408,10,10,4,5,16,1,1
3352,2000,Basic,Single,40722,2,1,19-03-2014,40,204,146,112,20,64,40,10,0,9,6,4,0,0
3353,1994,PhD,Divorced,78596,1,2,30-09-2013,1,96,129,477,233,32,151,0,4,2,13,20,0,0
3354,1981,Master,Single,99751,2,1,01-10-2015,67,54,109,664,41,306,210,5,7,3,1,8,0,1
3355,1987,Master,Married,24408,1,1,17-11-2014,93,139,14,164,81,13,37,2,8,1,9,20,0,1
3356,1959,PhD,Divorced,139505,0,1,25-09-2015,40,900,255,389,359,90,343,2,3,5,14,7,0,0
3357,2000,Basic,Single,116068,0,0,24-09-2012,15,546,213,539,282,213,492,9,15,8,1,3,0,0
3358,1987,Graduation,Widow,100099,2,2,31-12-2014,79,575,16,419,161,272,166,0,1,8,14,2,0,1
3359,1994,Master,Single,15870,2,0,25-10-2013,4,149,49,95,63,29,30,1,13,4,10,16,1,0
3360,1984,Basic,Divorced,135510,2,1,22-05-2012,97,471,272,235,448,47,605,0,0,5,6,13,1,1
3361,1964,PhD,Divorced,119750,0,1,09-02-2014,18,727,134,804,257,114,192,5,4,7,1,16,0,1
3362,1961,Basic,Single,36696,2,2,21-01-2015,39,203,49,14,29,1,79,0,5,6,5,10,0,1
3363,1992,Basic,Widow,146873,2,0,21-04-2014,24,760,321,1125,416,24,280,3,5,1,10,20,1,0
3364,1982,PhD,Divorced,31459,0,2,01-05-2012,2,172,93,247,76,50,66,6,11,4,11,20,0,0
3365,2000,Master,Single,82639,2,1,07-10-2015,89,804,349,289,114,113,248,1,12,3,3,9,0,0
3366,1987,Master,Single,69626,2,1,11-02-2012,66,642,113,510,320,64,322,4,2,3,2,4,1,0
3367,1966,Basic,Widow,120886,0,1,23-10-2013,4,793,355,913,491,48,386,6,5,5,12,17,1,1
3368,1992,Master,Widow,86314,1,1,11-03-2012,22,675,349,101,255,129,34,10,5,9,6,1,0,1
3369,1965,Graduation,Widow,41534,0,0,17-04-2013,75,193,157,113,6,58,23,9,5,6,2,3,1,1
3370,2000,Graduation,Married,66117,0,1,02-05-2014,11,363,257,56,116,110,35,2,4,1,15,9,1,1
3371,1954,Basic,Divorced,54107,1,2,27-05-2014,81,151,261,477,152,51,90,0,12,3,6,1,0,1
3372,1990,Graduation,Single,113610,0,2,07-12-2014,64,124,114,987,375,102,233,1,13,7,12,18,1,1
3373,1973,Master,Single,113850,1,0,22-02-2012,72,989,511,121,86,371,506,5,8,9,2,15,1,1
3374,1965,Basic,Divorced,49067,1,1,15-10-2014,62,460,161,100,7,135,198,10,12,4,0,6,1,0
3375,1948,PhD,Married,17699,1,1,10-09-2013,50,94,53,172,44,10,35,10,15,4,4,8,0,0
3376,1980,Basic,Divorced,94641,1,1,03-03-2013,75,208,424,46,144,247,35,2,14,0,1,2,1,0
3377,1946,Basic,Married,50220,1,1,25-12-2015,47,86,187,100,246,127,90,4,14,8,9,20,1,1
3378,1972,PhD,Widow,139732,1,2,09-10-2012,66,1117,533,919,567,232,109,8,1,4,15,5,0,1
3379,1964,Basic,Married,127866,2,1,26-10-2012,45,788,495,323,253,334,350,9,1,4,15,19,1,0
3380,1959,Master,Single,66403,1,1,06-01-2013,78,450,69,531,262,46,197,2,2,10,11,10,0,1
3381,2000,Master,Married,23769,2,1,11-07-2015,100,236,109,231,69,3,28,8,1,4,2,13,1,1
3382,1979,PhD,Divorced,108602,1,1,17-01-2012,34,201,520,1040,489,314,482,7,2,2,7,5,0,0
3383,1982,Master,Widow,31708,2,0,15-06-2013,94,24,4,168,109,52,76,9,14,4,3,3,0,0
3384,1995,PhD,Widow,53726,2,2,22-05-2013,59,208,48,387,118,9,118,8,8,6,13,12,1,0
3385,1985,Basic,Widow,70115,0,2,09-01-2013,66,38,275,476,255,171,48,2,10,4,5,10,1,0
3386,1944,Master,Widow,96919,0,2,20-01-2015,80,127,167,160,99,318,113,7,9,10,15,13,1,1
3387,1991,Master,Divorced,56776,2,2,09-07-2015,4,567,20,154,136,47,264,7,15,3,11,11,1,0
3388,1998,Master,Single,46451,1,2,06-08-2013,67,280,156,99,57,147,224,2,4,6,1,19,1,0
3389,1988,Master,Single,37580,1,0,07-01-2013,82,52,158,373,177,34,74,9,14,6,13,8,1,1
3390,1974,Master,Married,97722,1,1,20-06-2013,94,391,110,143,242,175,472,10,7,5,15,16,1,1
3391,1977,Master,Single,88817,0,2,16-02-2012,28,807,27,615,255,170,441,4,15,7,1,11,1,1
3392,1985,Graduation,Widow,142341,0,2,23-02-2015,9,865,421,481,505,285,293,3,3,3,3,20,0,0
3393,1967,Master,Divorced,111004,2,1,21-03-2013,45,370,279,92,517,129,356,4,8,9,13,1,1,0
3394,1951,PhD,Divorced,104164,1,2,09-06-2013,29,377,500,394,516,251,312,3,8,6,0,18,0,0
3395,1986,Master,Widow,118573,0,1,16-08-2015,35,424,261,897,379,179,87,1,1,10,15,4,1,0
3396,1961,Graduation,Single,76931,0,2,13-04-2014,69,616,124,306,234,77,274,9,6,10,13,3,1,1
3397,2000,PhD,Widow,112712,1,2,25-12-2012,32,575,84,583,424,258,65,0,14,4,3,1,1,0
3398,1940,Basic,Divorced,86181,1,1,02-06-2014,27,700,209,162,358,104,80,0,14,6,11,12,1,1
3399,1985,Master,Single,57005,2,1,04-01-2015,18,509,106,60,39,23,193,8,13,10,3,3,0,1
3400,1972,Master,Married,145192,2,0,23-03-2014,18,131,683,1124,320,296,340,5,1,5,13,10,1,1
3401,1950,Basic,Widow,75743,1,1,01-06-2013,90,738,274,576,316,187,281,8,7,8,13,2,1,1
3402,1955,Master,Single,106715,0,1,23-07-2015,47,550,190,425,74,18,178,6,5,7,8,12,0,0
3403,1951,PhD,Divorced,26505,2,0,25-10-2012,32,7,53,24,48,73,7,8,4,4,8,5,1,1
3404,1967,Graduation,Divorced,37277,2,0,30-05-2013,77,217,94,344,0,84,104,10,15,0,14,3,0,1
3405,1945,Basic,Widow,66579,1,0,28-02-2013,17,617,5,608,129,213,16,8,4,0,10,20,1,1
3406,1960,Master,Widow,84418,0,2,07-12-2015,75,88,324,281,102,197,28,2,5,4,2,18,1,0
3407,1965,Master,Married,91391,1,2,08-11-2015,67,68,357,876,22,30,216,7,6,5,5,0,0,1
3408,1969,Graduation,Widow,148833,2,0,05-04-2013,43,13,239,1418,106,255,96,10,6,0,6,20,1,1
3409,1984,Master,Divorced,13957,1,2,26-07-2012,50,46,22,81,2,6,35,1,8,8,7,8,0,0
3410,1988,Basic,Divorced,129323,1,0,23-12-2014,67,608,609,500,292,316,620,8,6,9,15,2,0,1
3411,1993,PhD,Married,140751,1,2,06-12-2012,82,51,2,591,261,469,160,4,15,2,5,8,1,1
3412,1982,Basic,Divorced,95524,2,0,09-02-2015,35,461,310,946,197,295,269,4,1,1,8,9,0,1
3413,1988,Graduation,Divorced,13619,0,1,30-04-2014,79,109,7,109,51,34,8,5,0,7,1,9,0,1
3414,1999,Master,Married,52188,0,0,15-07-2014,46,352,238,199,150,55,139,1,3,4,6,11,1,1
3415,1954,Graduation,Single,89157,1,0,07-09-2014,19,82,92,635,46,42,164,7,2,3,15,6,0,0
3416,1988,Master,Married,88167,0,1,02-03-2013,37,711,69,839,85,13,102,7,4,9,12,11,1,0
3417,1999,Basic,Divorced,64593,2,1,03-10-2013,14,330,78,393,257,99,280,5,5,4,3,0,1,0
3418,1975,PhD,Single,104633,1,0,16-12-2013,65,40,191,366,309,28,237,9,15,6,9,0,0,1
3419,1950,Graduation,Single,108370,2,0,26-01-2013,17,287,336,708,438,25,70,6,8,7,0,0,1,1
3420,1957,Basic,Widow,131756,0,0,26-02-2014,68,181,295,1033,73,297,481,6,7,8,12,12,1,0
3421,1999,Graduation,Single,41174,2,2,30-11-2015,99,78,62,332,50,37,80,1,11,4,1,13,1,1
3422,1960,PhD,Married,19634,1,0,29-12-2013,73,108,62,146,82,52,42,4,0,8,10,11,1,0
3423,1998,PhD,Married,148653,0,2,01-11-2013,37,492,372,481,424,24,91,4,4,5,9,5,0,1
3424,1958,Graduation,Single,30702,1,1,11-05-2013,40,242,126,180,94,72,42,4,1,5,9,11,1,0
3425,1965,PhD,Single,138993,2,1,21-09-2013,49,182,650,1357,154,206,351,7,9,4,11,17,0,1
3426,1953,Graduation,Single,27613,1,1,09-06-2014,88,241,111,140,129,0,79,6,7,0,1,8,1,1
3427,1993,Graduation,Widow,134978,1,1,05-07-2015,45,1152,603,1161,49,288,529,4,13,8,12,11,1,1
3428,1948,Basic,Widow,122948,2,0,17-02-2013,60,595,263,1009,50,406,90,5,11,9,3,9,0,1
3429,2000,Graduation,Divorced,110848,1,2,05-10-2013,54,500,282,216,531,348,421,4,13,9,0,16,1,1
3430,1990,Graduation,Widow,15242,2,1,13-10-2013,30,3,51,142,8,16,0,1,4,2,1,3,1,0
3431,1973,PhD,Single,144022,0,0,13-01-2013,93,484,253,1179,324,200,299,9,0,9,11,17,1,1
3432,1994,Basic,Divorced,12745,1,1,15-11-2015,8,86,47,80,37,42,8,2,7,10,7,0,1,1
3433,1995,PhD,Single,148819,2,2,05-09-2013,94,1251,643,328,223,259,714,0,6,4,15,14,1,0
3434,1950,PhD,Single,39614,2,1,30-04-2015,45,34,62,72,151,82,161,8,8,3,14,19,1,0
3435,1957,Graduation,Married,141319,1,1,28-03-2015,25,875,433,258,354,162,378,2,5,5,12,14,0,0
3436,1947,PhD,Married,85070,1,2,31-03-2013,62,161,132,203,245,189,268,6,1,7,10,20,1,1
3437,1961,Basic,Divorced,147119,0,0,26-06-2014,66,663,177,737,221,5,700,10,5,4,5,20,1,1
3438,1998,Basic,Divorced,102947,0,0,03-07-2014,52,371,488,872,210,63,261,2,1,4,14,19,1,1
3439,2000,Graduation,Married,22941,2,2,08-10-2014,59,113,37,145,89,71,8,0,14,5,15,8,0,1
3440,1983,Basic,Divorced,43498,1,1,22-04-2013,2,144,91,374,9,75,156,5,9,3,14,8,0,0
3441,1980,Basic,Married,43672,1,0,04-10-2014,24,359,103,137,172,15,116,0,5,7,8,20,1,1
3442,1977,Graduation,Widow,75674,2,0,03-03-2014,13,707,3,376,191,82,344,3,9,3,1,10,0,1
3443,1986,Master,Single,33072,0,2,07-08-2014,83,156,45,234,51,15,41,5,6,3,5,15,0,1
3444,2000,Graduation,Divorced,21975,2,2,05-03-2013,21,45,39,185,109,58,1,10,13,1,14,19,1,1
3445,1993,Master,Married,51910,1,2,19-09-2012,88,149,114,422,42,157,157,7,12,5,10,17,0,1
3446,1993,PhD,Divorced,117017,0,2,26-01-2015,80,419,429,803,450,113,73,9,11,7,2,15,1,0
3447,1979,PhD,Widow,104460,2,0,16-10-2014,81,235,109,683,309,217,380,8,1,5,7,9,1,1
3448,1956,Master,Married,131367,1,1,13-11-2012,70,448,435,249,131,51,310,4,13,6,4,9,0,1
3449,1955,PhD,Widow,132632,1,1,17-05-2013,91,924,184,517,386,76,525,5,7,5,2,10,0,0
3450,1974,Basic,Married,102358,2,1,08-06-2013,6,933,264,786,312,241,281,1,7,7,8,19,1,0
3451,1998,Graduation,Divorced,100846,1,0,24-03-2012,8,212,455,41,321,185,296,5,5,8,2,12,0,1
3452,1966,Master,Single,134824,1,0,18-08-2013,0,177,542,1180,400,260,468,4,9,10,11,9,1,1
3453,1998,Master,Divorced,29513,0,2,03-03-2015,3,8,21,186,99,0,35,10,0,0,8,18,1,0
3454,1989,Graduation,Divorced,128541,2,2,22-02-2012,3,51,637,893,319,51,350,2,14,5,6,17,0,0
3455,1943,Graduation,Divorced,38356,1,2,19-04-2012,73,190,60,298,32,60,132,9,7,5,1,8,0,0
3456,1963,PhD,Married,133050,2,1,17-12-2014,46,99,26,309,433,324,519,1,0,9,10,10,1,0
3457,1991,Graduation,Divorced,118200,2,1,09-11-2012,56,864,520,1045,503,18,383,9,9,5,3,18,1,1
3458,1983,Basic,Widow,100924,0,2,31-03-2014,13,556,438,1,172,40,313,5,7,3,2,10,1,1
3459,1951,Basic,Divorced,41756,2,0,17-02-2015,68,355,182,113,90,30,151,0,7,7,14,8,1,1
3460,1997,Master,Married,19800,0,0,14-04-2015,3,68,67,111,86,39,85,4,6,1,2,16,1,0
3461,1974,PhD,Divorced,13340,1,0,05-11-2015,29,106,23,32,41,32,9,3,6,3,10,20,1,0
3462,1955,Basic,Widow,107960,2,0,02-03-2013,0,454,505,247,399,154,116,0,9,10,8,19,0,0
3463,1943,PhD,Divorced,30782,0,0,25-03-2013,8,251,135,255,85,93,130,2,5,0,15,4,1,1
3464,1976,Graduation,Married,12785,0,1,30-05-2015,86,86,48,37,20,19,31,1,4,5,8,4,0,0
3465,1981,Master,Widow,123414,0,1,27-09-2015,48,207,128,888,82,168,441,0,10,1,14,3,0,0
3466,1999,PhD,Single,39791,0,1,14-11-2013,49,246,143,79,120,131,92,3,7,3,12,17,1,1
3467,1995,Master,Married,47081,2,2,21-03-2014,48,178,41,121,72,54,174,10,8,4,14,18,1,1
3468,1983,Master,Widow,48221,1,1,21-04-2014,47,201,138,429,219,138,99,3,1,5,13,9,1,0
3469,1974,Basic,Single,22649,0,2,14-01-2012,15,97,109,75,88,37,11,1,4,5,11,10,0,0
3470,1955,Basic,Single,26076,2,0,12-07-2012,59,98,79,105,59,14,85,1,7,0,9,8,1,0
3471,1970,Basic,Divorced,94409,0,2,02-07-2012,10,217,184,609,72,103,433,2,7,8,2,2,0,0
3472,1998,Master,Divorced,134078,0,2,20-08-2013,97,279,444,1127,500,364,613,5,11,4,5,8,0,1
3473,1974,Master,Single,96304,2,2,29-08-2012,68,874,20,75,63,42,240,4,14,10,8,11,0,0
3474,1954,Basic,Divorced,100279,2,1,12-07-2012,47,594,42,771,435,260,114,8,9,0,5,18,1,0
3475,1997,Basic,Widow,126901,1,2,15-03-2013,100,1136,54,994,352,280,261,3,5,9,10,10,1,1
3476,1947,PhD,Divorced,102475,1,2,12-04-2014,84,962,235,738,409,217,46,4,0,2,4,11,0,1
3477,1954,Basic,Married,43823,1,2,07-05-2014,6,260,146,217,116,41,187,7,8,1,6,3,1,1
3478,1956,Basic,Single,23232,0,0,27-12-2012,44,178,105,211,85,62,48,6,8,7,7,15,0,1
3479,1991,Basic,Married,51072,1,2,07-01-2014,40,394,132,173,205,130,152,6,4,9,9,13,1,0
3480,1979,PhD,Divorced,44509,1,2,12-06-2012,18,235,182,225,159,115,155,8,5,2,11,5,0,0
3481,1949,PhD,Married,149397,0,0,12-10-2013,24,942,8,1227,473,15,141,1,5,0,15,19,1,0
3482,1970,Graduation,Widow,48195,1,0,11-03-2014,57,446,168,62,7,151,224,4,13,8,2,10,0,1
3483,1958,Basic,Single,139347,0,1,16-03-2014,83,328,511,1055,437,225,510,9,10,7,15,6,1,1
3484,1981,Master,Single,131466,1,1,07-01-2012,32,1129,131,878,426,340,420,1,13,5,0,8,1,0
3485,1999,PhD,Married,50307,0,2,24-02-2012,73,363,112,40,236,73,112,2,15,2,6,10,0,0
3486,1967,Master,Divorced,143099,1,1,02-03-2013,78,264,153,43,220,49,422,3,6,7,6,1,0,1
3487,1945,Basic,Single,126230,0,0,27-02-2014,88,210,523,271,562,38,98,5,13,3,13,2,1,1
3488,1976,Basic,Married,55629,0,1,14-04-2015,26,414,233,16,251,92,137,6,4,8,12,7,1,1
3489,1947,Basic,Widow,57011,0,1,22-08-2012,2,255,240,3,202,72,272,0,11,1,1,15,0,1
3490,1943,Master,Single,114387,1,2,11-03-2012,11,702,12,329,33,298,465,10,10,7,9,14,1,0
3491,1958,Master,Widow,138636,2,1,05-02-2012,29,1080,486,515,640,352,524,5,12,9,9,6,1,0
3492,1993,Graduation,Married,28318,1,1,12-07-2012,96,59,103,134,36,59,59,5,9,8,15,6,1,1
3493,1954,Graduation,Divorced,44096,2,0,01-07-2014,29,256,137,71,144,131,34,10,9,9,11,0,1,1
3494,1977,Graduation,Widow,57681,0,0,05-11-2015,93,527,118,574,93,64,54,0,13,2,6,8,1,0
3495,1998,Basic,Divorced,94498,2,0,30-03-2015,85,726,106,933,135,300,88,8,7,5,4,17,0,0
3496,1995,Basic,Widow,62014,1,1,11-07-2015,25,498,221,225,137,196,23,9,3,4,12,6,0,0
3497,1944,Graduation,Married,89341,0,1,17-12-2013,99,400,5,286,430,47,265,1,4,10,10,3,0,1
3498,1995,PhD,Single,140082,0,1,14-01-2013,98,1389,250,41,201,149,254,6,8,8,14,17,0,1
3499,1949,PhD,Married,27702,2,0,30-04-2015,28,53,0,95,56,24,48,8,3,10,0,14,1,0
3500,1968,Basic,Married,87239,1,2,12-04-2015,16,396,34,633,121,190,90,8,11,3,4,16,1,1
3501,1983,Basic,Widow,52456,2,1,11-07-2015,33,514,206,189,192,67,29,0,1,3,12,12,1,1
3502,1970,Basic,Widow,73878,1,1,14-02-2013,29,457,314,632,126,136,89,5,14,7,6,14,1,1
3503,1965,PhD,Single,126663,1,2,02-12-2013,42,651,120,688,143,209,423,8,2,1,3,6,0,0
3504,1949,Basic,Divorced,115622,2,0,29-07-2012,84,1012,295,885,164,27,544,10,6,0,3,4,0,0
3505,1958,Master,Single,26822,2,2,24-12-2014,16,225,84,42,55,32,128,9,9,7,5,20,1,0
3506,1976,Basic,Married,98128,2,2,17-05-2015,84,35,50,556,210,94,388,0,4,8,12,13,0,0
3507,1969,Graduation,Single,94592,0,1,15-05-2014,89,335,434,432,45,26,134,7,1,5,12,20,0,1
3508,1955,Master,Widow,18793,2,2,30-12-2014,95,6,6,131,38,40,80,5,0,5,14,2,1,0
3509,1977,Basic,Married,100358,0,0,06-08-2013,29,953,382,543,208,283,138,5,15,1,11,5,1,0
3510,1988,PhD,Single,89860,1,0,11-05-2013,55,87,48,227,104,280,130,10,7,7,9,11,0,0
3511,1953,Graduation,Married,93851,1,0,03-01-2015,39,461,327,191,295,209,106,5,15,7,14,3,1,1
3512,1944,PhD,Single,121547,1,2,11-11-2012,29,684,537,860,541,400,437,10,6,4,8,7,1,1
3513,1990,Master,Married,35613,0,2,06-10-2013,96,156,51,234,12,64,82,3,4,4,14,9,1,1
3514,1979,Graduation,Married,37336,2,0,22-12-2015,95,319,13,78,78,48,94,1,9,5,8,8,0,1
3515,1999,Graduation,Divorced,27664,2,2,31-10-2013,96,274,89,230,73,29,62,0,15,7,11,1,1,1
3516,1999,PhD,Divorced,77108,1,0,22-04-2012,15,2,69,32,246,41,224,6,8,7,6,8,1,0
3517,1953,Graduation,Widow,103349,2,2,12-12-2015,99,13,16,594,15,192,151,3,4,3,2,16,1,1
3518,1948,PhD,Divorced,57702,2,1,01-10-2014,31,206,254,307,169,147,113,1,13,1,9,12,1,0
3519,1941,Master,Single,129913,2,2,31-07-2013,26,610,67,1047,187,269,174,9,2,0,3,4,1,0
3520,1954,Master,Widow,119973,0,0,16-10-2015,37,139,189,713,20,147,476,1,3,6,4,5,1,0
3521,1962,Master,Divorced,35987,0,2,08-01-2012,93,235,110,19,34,116,5,6,14,3,14,4,0,1
3522,1999,PhD,Single,53456,0,0,06-09-2013,83,139,246,231,173,143,1,7,2,4,13,11,1,1
3523,1948,PhD,Divorced,116762,2,2,18-08-2014,42,67,385,664,105,119,311,3,7,1,11,20,1,1
3524,1944,Basic,Widow,80872,0,1,02-05-2014,56,83,57,681,141,103,268,3,5,4,15,3,1,0
3525,1991,Master,Married,30275,2,1,14-06-2015,72,161,9,41,97,99,97,6,13,2,3,12,0,1
3526,1989,Basic,Divorced,56988,1,1,11-09-2012,10,43,242,138,172,108,164,7,3,0,15,11,0,0
3527,1982,Graduation,Widow,59937,0,0,03-08-2014,5,234,67,491,275,174,0,5,15,7,7,6,0,0
3528,1948,Graduation,Widow,79317,1,0,21-11-2013,34,328,272,376,233,130,54,1,6,7,1,11,1,0
3529,1985,Graduation,Married,33932,1,0,03-12-2012,5,93,167,263,93,104,165,1,6,10,6,5,1,0
3530,1976,PhD,Single,20534,1,2,19-11-2014,74,90,6,67,88,23,25,5,5,6,11,3,0,0
3531,1964,Master,Married,25563,1,0,23-12-2015,50,86,107,177,91,37,52,1,4,6,13,3,1,0
3532,1953,Basic,Single,92237,1,1,24-01-2013,23,470,277,660,313,57,191,3,0,0,4,12,1,0
3533,1988,Master,Divorced,11842,0,0,05-05-2015,84,74,56,36,29,27,27,6,7,7,2,4,0,0
3534,1992,PhD,Married,56900,0,0,05-12-2015,28,404,266,559,222,61,50,2,1,10,0,1,0,0
3535,1982,PhD,Widow,37402,1,1,03-04-2014,20,79,112,178,19,43,179,0,3,0,9,11,1,0
3536,1960,Master,Widow,111431,0,0,20-09-2014,88,903,148,214,1,239,335,3,11,10,7,2,1,1
3537,1992,Master,Married,140840,0,1,25-09-2015,18,114,607,286,355,192,603,9,13,4,1,13,0,0
3538,1976,PhD,Single,68674,0,0,01-09-2015,100,347,209,617,331,15,157,6,3,0,5,5,1,1
3539,1960,Graduation,Married,90656,0,0,22-01-2014,47,447,244,344,93,47,151,7,9,5,13,1,0,0
3540,1972,Graduation,Single,111381,0,1,24-02-2014,54,851,280,899,181,171,534,5,14,7,13,18,0,1
3541,1986,Basic,Married,82875,0,0,10-03-2013,86,736,47,690,6,36,281,10,8,3,4,1,0,0
3542,1943,Basic,Single,32284,1,2,14-05-2015,44,55,73,126,118,107,122,1,9,10,6,17,1,0
3543,1992,PhD,Single,137852,1,0,28-09-2013,69,664,324,615,109,157,368,2,11,7,11,4,1,1
3544,1987,Master,Divorced,118352,1,2,13-12-2012,23,636,95,213,359,272,336,10,12,9,10,14,0,1
3545,1941,Graduation,Single,42126,2,1,19-06-2013,97,52,141,269,173,97,89,2,6,5,0,13,0,0
3546,1969,Graduation,Divorced,21789,0,1,13-11-2014,80,111,35,82,104,42,4,0,0,8,7,17,1,1
3547,1973,Basic,Single,29177,0,1,27-08-2014,9,179,59,258,113,37,128,5,13,9,4,2,0,1
3548,1961,Basic,Married,120568,0,2,18-01-2013,10,3,395,1039,172,366,4,2,7,9,11,9,0,0
3549,1969,Basic,Divorced,96054,1,1,02-10-2012,66,670,344,84,42,310,197,7,4,10,9,6,0,0
3550,1959,PhD,Divorced,112965,0,2,20-01-2014,69,417,382,701,375,43,244,2,5,10,6,12,1,1
3551,1991,Basic,Married,96670,1,2,28-01-2013,92,615,158,331,385,258,443,10,7,4,9,4,1,0
3552,1969,Graduation,Widow,14447,1,2,04-12-2012,37,129,21,67,39,9,63,4,11,7,6,1,1,0
3553,1951,Master,Married,148537,2,1,16-02-2012,7,8,613,1058,35,237,588,6,1,9,5,8,1,1
3554,1983,Graduation,Married,68912,2,2,10-02-2014,5,223,136,468,126,212,78,2,12,9,0,18,1,0
3555,1944,Graduation,Divorced,98305,2,1,29-11-2014,39,534,45,60,221,31,269,10,4,4,14,12,1,1
3556,1975,Basic,Married,25419,2,2,30-07-2015,60,143,51,156,55,44,84,2,2,5,2,7,0,1
3557,1946,Master,Divorced,146365,1,0,24-12-2013,98,1291,161,420,543,57,687,10,12,3,15,20,0,1
3558,1952,Master,Single,10340,1,2,09-06-2014,40,34,48,34,2,1,11,2,0,4,3,9,0,0
3559,1971,Graduation,Widow,102432,1,2,17-03-2014,15,190,501,938,313,97,188,5,15,9,14,11,1,1
3560,1970,Basic,Divorced,11485,2,2,29-01-2012,8,98,23,101,5,26,9,1,4,1,5,12,1,1
3561,1974,Basic,Widow,62739,2,1,05-08-2012,95,480,64,209,312,185,199,10,10,4,15,0,0,1
3562,1978,Graduation,Widow,90084,0,2,13-01-2015,17,633,155,259,0,141,350,5,8,8,12,12,0,0
3563,1972,Master,Married,100418,0,1,04-05-2013,93,603,24,594,198,196,59,9,8,1,9,3,0,1
3564,1970,Graduation,Single,114239,1,0,09-08-2015,2,44,237,762,209,270,280,6,11,0,5,13,1,0
3565,1994,Master,Divorced,88400,1,1,19-11-2012,29,602,213,393,305,120,91,1,4,1,1,11,0,1
3566,1986,Graduation,Divorced,38038,2,1,22-04-2014,77,136,75,328,182,114,20,0,10,8,12,2,0,1
3567,1984,Basic,Widow,20154,2,2,08-06-2014,74,14,49,129,66,20,92,4,15,2,14,5,1,0
3568,1946,Basic,Divorced,45440,2,1,10-12-2012,28,233,88,205,184,111,198,10,7,7,11,16,1,1
3569,1944,Graduation,Divorced,103104,2,1,06-08-2012,97,922,211,378,149,337,272,5,7,4,2,10,1,1
3570,1962,Basic,Divorced,98966,2,1,19-04-2013,10,304,48,214,183,87,135,7,0,7,12,4,0,1
3571,1969,PhD,Divorced,22375,0,1,19-02-2015,72,142,85,176,88,16,104,5,7,6,12,19,0,0
3572,1984,Graduation,Divorced,147575,2,2,25-11-2014,6,342,127,1298,303,86,386,9,6,8,0,11,0,1
3573,1992,Graduation,Divorced,42156,1,0,04-07-2015,83,304,52,73,107,57,199,8,10,9,3,19,1,0
3574,1945,Graduation,Single,72860,0,0,24-06-2013,41,600,132,696,291,182,363,2,1,3,10,9,1,1
3575,1993,Basic,Single,107331,2,2,27-10-2012,70,516,32,651,96,59,217,5,0,10,13,8,1,1
3576,1957,Graduation,Widow,117420,1,1,05-04-2013,75,103,361,449,549,202,205,1,4,5,7,8,0,0
3577,1992,Basic,Divorced,66068,0,0,11-11-2012,2,25,114,109,133,14,305,5,6,3,0,14,1,0
3578,1990,Master,Divorced,104015,2,0,28-04-2013,2,200,508,639,488,172,325,3,1,7,3,12,1,0
3579,1966,Master,Single,48117,0,0,09-08-2013,29,241,1,133,204,21,196,1,13,3,2,10,1,0
3580,1984,Master,Married,98907,2,1,10-11-2012,44,195,368,601,28,70,319,6,3,9,8,0,0,0
3581,1995,Master,Widow,143753,2,2,12-02-2013,80,912,336,114,512,161,692,5,0,10,3,6,0,0
3582,1941,PhD,Married,65748,2,0,16-05-2015,59,12,26,444,296,37,203,8,10,2,15,15,0,0
3583,1961,Master,Married,48317,2,2,29-07-2015,94,293,188,331,127,24,107,9,10,0,3,4,1,0
3584,1997,PhD,Divorced,140129,1,2,14-01-2015,75,631,405,762,359,96,178,0,10,1,9,7,0,1
3585,1940,Graduation,Single,51276,2,2,08-04-2012,12,405,173,292,11,123,130,3,2,9,2,12,1,1
3586,1962,Master,Divorced,27189,1,0,22-05-2012,81,188,123,45,113,74,101,2,2,8,11,0,1,1
3587,1963,Graduation,Widow,127589,2,0,18-07-2012,23,480,301,886,286,301,178,7,11,8,1,1,1,0
3588,1955,PhD,Divorced,56202,2,1,08-10-2014,23,274,190,384,15,116,11,2,14,9,9,14,0,0
3589,1999,Graduation,Single,34767,1,2,09-02-2014,66,272,124,128,136,8,127,4,15,3,11,16,0,1
3590,1976,PhD,Divorced,85249,0,0,08-10-2013,28,256,69,72,73,98,81,8,6,9,0,2,0,1
3591,1968,Basic,Widow,128220,0,1,26-07-2012,4,525,85,326,395,91,397,2,2,9,2,14,0,0
3592,1959,PhD,Widow,125468,0,1,29-04-2013,57,725,277,730,303,349,130,1,14,3,11,14,1,1
3593,1960,PhD,Single,54796,2,1,02-02-2014,22,536,2,356,201,84,16,6,7,9,1,16,1,1
3594,1971,Graduation,Single,128067,1,2,09-07-2012,70,480,347,197,566,116,279,2,10,3,4,13,0,0
3595,1998,Basic,Divorced,47476,2,1,22-06-2015,98,351,187,26,234,101,175,5,3,0,6,7,1,0
3596,1986,Master,Single,39508,2,2,17-06-2014,64,104,135,32,74,92,10,2,2,4,4,1,1,0
3597,1951,Basic,Divorced,31746,1,0,28-01-2013,90,237,103,231,47,84,71,9,11,10,2,17,0,1
3598,1968,Graduation,Single,118249,1,1,02-10-2015,67,883,351,1024,97,238,478,8,15,9,6,17,1,0
3599,1988,Graduation,Widow,134269,0,0,06-02-2012,62,107,160,195,495,36,310,6,10,10,5,18,0,1
3600,1948,Master,Married,75449,1,2,01-10-2013,12,324,114,282,236,114,59,0,10,4,5,20,0,0
3601,1965,Basic,Divorced,100032,2,0,01-04-2014,24,562,172,135,464,163,248,9,8,6,2,4,1,1
3602,1959,PhD,Divorced,64109,0,0,24-09-2012,73,509,181,263,17,162,195,1,10,7,2,15,0,0
3603,1943,Master,Married,148392,1,1,15-01-2015,22,283,446,417,537,268,66,10,2,4,13,11,1,0
3604,1951,Master,Divorced,49795,0,2,18-10-2012,17,180,78,247,168,69,233,10,8,6,9,14,0,1
3605,1983,PhD,Divorced,93026,0,1,03-09-2013,90,516,257,415,95,48,281,0,1,8,5,0,1,0
3606,1995,PhD,Married,67091,0,1,06-10-2012,56,160,190,639,134,71,69,8,14,5,4,5,1,1
3607,1971,Basic,Widow,81537,0,0,23-04-2013,76,51,220,403,7,209,204,8,11,4,11,7,0,0
3608,1980,Graduation,Divorced,121106,2,1,12-01-2014,53,753,497,336,6,233,438,6,10,2,15,12,1,1
3609,1971,Basic,Single,82597,0,2,28-03-2012,98,383,12,584,6,116,13,10,4,10,11,9,0,1
3610,1951,Graduation,Single,14201,1,2,07-11-2013,99,132,15,111,42,1,27,0,9,2,7,3,1,0
3611,1978,Basic,Divorced,102821,0,2,10-06-2014,4,149,125,435,507,286,394,8,11,5,2,19,0,0
3612,1992,Master,Single,24786,0,2,17-07-2014,6,26,25,149,98,52,79,4,13,0,8,13,1,1
3613,1959,PhD,Divorced,131788,1,2,16-03-2014,56,1023,528,739,163,213,407,9,11,0,0,4,1,0
3614,1953,Basic,Single,146452,0,1,03-02-2015,67,983,380,770,37,302,306,2,11,8,4,2,1,0
3615,1956,Graduation,Married,84634,1,2,19-04-2012,47,229,214,283,178,229,396,8,15,0,13,18,0,1
3616,1979,Master,Married,87090,1,2,11-03-2015,8,55,191,328,435,280,420,4,1,3,7,6,1,0
3617,1988,Master,Single,70099,2,0,30-11-2012,31,175,144,395,292,158,305,10,15,3,4,14,0,1
3618,1941,Basic,Single,139785,0,2,24-01-2014,0,181,217,558,27,155,545,7,9,2,6,14,1,0
3619,1965,PhD,Married,57013,0,0,13-07-2013,1,516,63,95,24,108,41,8,9,8,11,3,1,0
3620,1974,PhD,Married,134497,1,2,12-08-2013,1,697,283,1232,317,114,658,5,9,5,2,10,0,0
3621,1975,Basic,Widow,49358,0,1,17-09-2015,56,352,76,451,141,135,220,2,3,5,12,16,0,1
3622,1973,PhD,Married,101539,2,0,11-02-2015,98,82,404,898,199,36,102,8,3,5,2,18,1,0
3623,1968,Basic,Married,124465,2,1,09-08-2012,85,939,144,896,361,217,443,10,11,2,3,19,0,1
3624,1952,Basic,Single,120538,2,2,03-03-2015,29,535,68,834,112,354,526,9,14,3,2,18,1,1
3625,1956,Master,Single,56569,1,2,20-06-2012,9,73,86,176,219,16,53,2,7,6,2,0,1,1
3626,1949,Basic,Widow,77586,1,2,03-07-2012,23,353,74,78,137,12,380,6,6,7,0,0,0,0
3627,1954,Basic,Divorced,30091,0,1,17-08-2015,19,79,33,66,66,62,118,3,6,6,9,17,0,0
3628,1988,Graduation,Divorced,119985,1,1,18-09-2013,26,1003,73,122,468,209,535,7,15,0,6,11,1,0
3629,1983,Graduation,Divorced,99142,1,2,12-05-2014,35,656,431,439,50,95,24,10,6,10,8,15,1,0
3630,1994,Master,Divorced,60309,2,2,12-07-2015,35,519,181,258,37,197,209,0,8,4,2,13,1,1
3631,1954,Basic,Married,32681,1,2,14-11-2013,30,27,15,109,126,45,134,10,15,1,3,8,1,1
3632,1975,PhD,Widow,13395,2,0,11-06-2012,29,0,13,44,16,23,0,0,12,2,12,7,0,1
3633,1971,Master,Divorced,104069,0,1,06-10-2014,49,973,486,1030,271,14,29,3,15,5,14,7,1,0
3634,1985,PhD,Divorced,44081,2,2,11-01-2012,20,192,183,222,214,116,210,0,1,8,14,18,0,0
3635,1973,PhD,Single,62142,2,2,18-02-2013,37,226,204,523,9,77,64,7,6,0,10,6,1,0
3636,1989,Master,Widow,120403,1,0,08-07-2015,78,421,586,847,14,280,365,1,10,5,4,13,1,0
3637,1975,PhD,Single,144200,1,0,24-11-2014,27,750,368,720,478,177,627,5,10,1,15,10,1,0
3638,1976,Master,Married,144693,2,1,05-11-2013,8,534,182,866,276,364,500,1,2,0,3,15,1,1
3639,1944,Basic,Married,146519,0,2,12-12-2015,95,290,175,94,641,437,61,9,9,8,12,8,0,1
3640,1950,Basic,Widow,129259,0,2,28-12-2015,100,279,193,337,643,233,160,4,11,5,11,6,0,1
3641,1954,Basic,Married,41144,1,0,02-02-2015,4,134,90,103,103,60,140,8,15,5,15,10,0,0
3642,1952,Basic,Divorced,16159,1,1,24-04-2014,20,35,71,125,33,23,56,6,1,9,5,20,0,0
3643,1991,Graduation,Widow,49882,1,1,05-04-2014,31,356,193,325,137,42,174,9,9,8,8,11,0,1
3644,1948,PhD,Single,149249,0,2,05-07-2013,29,766,529,469,227,391,519,1,8,0,12,5,1,0
3645,1978,Master,Single,89639,2,2,09-11-2014,32,6,98,129,404,122,115,9,15,10,12,6,0,1
3646,1951,Master,Married,103430,2,2,27-04-2012,68,396,302,396,71,131,368,2,4,8,3,12,1,1
3647,1988,PhD,Divorced,63226,0,0,26-11-2012,64,448,156,552,128,97,248,8,3,8,5,2,0,0
3648,1957,Graduation,Divorced,134649,0,1,02-12-2014,67,82,248,357,240,224,234,5,1,5,0,7,1,0
3649,1986,Basic,Divorced,67708,2,0,17-07-2012,45,119,293,191,88,125,82,2,0,0,14,7,0,1
3650,1995,Graduation,Widow,92720,0,0,21-10-2013,99,628,355,882,226,186,405,3,2,7,13,8,1,0
3651,1948,Basic,Divorced,33498,0,0,27-10-2015,66,1,22,257,45,92,99,9,14,7,2,20,1,0
3652,1983,Master,Married,70555,0,0,18-01-2013,18,439,98,530,183,80,73,6,15,0,3,11,1,0
3653,1996,Basic,Married,90309,0,2,25-10-2014,56,462,357,757,450,181,68,9,1,1,8,15,1,1
3654,1942,Graduation,Widow,90263,2,0,21-05-2014,17,663,140,645,112,135,159,5,12,10,8,15,1,0
3655,1969,Graduation,Married,66407,0,0,08-03-2013,51,13,82,364,313,203,200,10,15,2,7,19,1,0
3656,1978,Master,Single,28088,2,0,03-11-2015,15,220,111,133,111,58,59,4,5,9,0,10,1,1
3657,1980,Graduation,Divorced,72099,1,0,03-05-2012,14,515,178,255,122,64,310,10,14,0,9,7,1,0
3658,1968,Master,Married,94600,0,2,08-06-2015,65,692,116,552,130,127,179,4,6,5,14,9,1,0
3659,1944,Graduation,Single,60524,1,1,05-11-2015,47,38,79,196,79,106,287,4,2,7,15,1,1,1
3660,1961,Graduation,Divorced,32079,0,0,29-03-2014,49,286,7,294,83,3,136,10,14,8,4,2,1,0
3661,1941,Basic,Single,58838,1,0,01-01-2013,49,276,92,162,164,182,46,7,13,7,13,10,0,1
3662,1945,Graduation,Widow,19609,1,0,04-08-2012,16,34,78,182,80,18,57,1,5,8,0,14,0,0
3663,1982,Basic,Single,39293,1,2,07-08-2014,45,323,171,100,112,8,110,1,13,5,6,19,0,1
3664,1946,Basic,Married,122514,2,1,05-06-2013,69,691,337,697,515,253,88,2,12,9,7,4,1,1
3665,1971,Basic,Single,126999,2,0,06-05-2012,12,940,368,236,223,407,81,4,15,3,9,8,1,0
3666,1962,Master,Married,90544,1,2,30-05-2013,19,509,116,53,202,111,390,6,6,0,6,0,1,1
3667,1949,Master,Widow,104536,0,0,27-11-2013,85,446,48,604,117,309,21,1,12,8,11,12,0,0
3668,1949,Basic,Widow,14167,1,1,14-04-2014,85,73,1,109,15,44,60,0,2,5,5,11,0,1
3669,1971,Master,Widow,121299,2,2,06-09-2014,45,958,62,1047,40,364,448,7,1,0,6,14,0,0
3670,1964,Master,Widow,64044,1,0,29-12-2015,10,253,224,408,7,65,128,0,14,5,1,0,0,0
3671,1948,Master,Widow,46238,0,2,31-01-2013,67,344,160,316,113,151,36,6,1,3,11,10,1,0
3672,1961,Basic,Married,13168,2,0,07-12-2014,68,2,12,58,7,7,51,9,8,5,1,7,1,1
3673,1969,Master,Widow,85660,2,0,20-09-2014,45,614,5,853,212,29,148,2,11,6,10,9,0,1
3674,1971,PhD,Widow,129655,2,2,03-09-2012,13,219,195,1151,586,274,513,9,13,5,8,14,0,1
3675,1974,Basic,Widow,67094,2,1,22-09-2015,57,631,160,312,25,43,232,3,6,4,1,9,0,0
3676,1947,Basic,Married,44712,0,0,31-07-2014,13,439,79,136,204,41,59,4,0,4,12,17,0,0
3677,1942,Basic,Divorced,141914,2,1,15-05-2012,41,1356,167,237,67,169,393,5,8,4,7,7,0,1
3678,1976,Graduation,Divorced,55015,0,2,12-06-2014,31,0,43,367,145,11,18,8,14,0,0,15,0,1
3679,1956,Graduation,Married,49944,2,0,03-02-2012,59,202,11,11,198,131,247,4,4,7,13,18,1,0
3680,1945,Basic,Divorced,147393,2,0,04-12-2013,72,1074,168,288,566,301,619,8,8,8,3,12,0,0
3681,1996,Basic,Married,24057,0,0,17-06-2012,38,12,83,142,6,11,12,3,12,4,2,12,0,0
3682,1960,Basic,Widow,102654,2,2,13-10-2013,21,345,147,491,19,257,481,2,2,2,4,10,1,1
3683,1991,PhD,Single,67146,0,0,30-10-2015,10,529,261,309,125,23,306,2,6,0,4,5,1,1
3684,1989,PhD,Widow,10889,1,1,25-08-2014,32,35,47,24,22,31,41,7,5,1,0,20,1,0
3685,1987,PhD,Single,68947,0,2,31-03-2014,23,307,200,90,139,84,245,4,13,0,4,11,1,1
3686,1989,PhD,Widow,35717,1,0,04-12-2014,9,171,148,229,46,73,134,8,4,9,9,2,1,0
3687,1992,PhD,Single,38376,0,1,11-04-2015,27,324,179,167,38,47,143,0,6,2,5,2,1,0
3688,1955,Master,Divorced,71216,1,2,29-11-2012,65,98,337,551,256,210,233,8,13,10,5,2,0,1
3689,1986,Master,Married,105869,2,1,23-09-2012,70,500,163,138,511,237,384,9,12,8,13,16,0,0
3690,1962,Basic,Widow,83979,0,1,28-10-2014,57,409,293,469,396,171,16,7,7,4,10,8,1,0
3691,1953,PhD,Widow,20807,0,2,01-10-2012,88,66,82,40,43,42,81,0,3,6,8,5,0,0
3692,1958,Graduation,Married,33599,0,1,01-09-2014,29,138,142,66,116,56,124,5,7,2,7,17,1,0
3693,1943,Master,Married,82241,1,1,23-07-2015,35,414,332,698,305,129,271,4,13,6,5,16,0,1
3694,1962,Master,Single,47806,2,2,11-11-2015,48,227,166,307,114,155,98,1,7,0,3,12,0,1
3695,1969,PhD,Married,87468,1,0,22-11-2015,70,388,306,20,167,58,31,1,14,3,15,10,1,0
3696,1953,Basic,Divorced,46892,2,1,19-08-2014,51,328,110,350,215,121,45,8,11,10,13,11,1,0
3697,1962,Master,Widow,12511,2,0,16-12-2015,89,21,31,99,13,18,11,6,9,3,2,17,1,1
3698,1990,Graduation,Divorced,52058,0,0,04-06-2015,73,509,122,110,180,79,29,0,9,2,2,0,0,0
3699,1950,Graduation,Single,135773,1,1,18-07-2013,81,619,262,85,536,407,81,0,0,10,2,16,0,1
3700,1961,Graduation,Widow,108615,0,0,15-05-2015,84,780,392,1065,412,129,217,0,15,9,5,14,1,1
3701,1954,Master,Married,44237,0,2,18-04-2013,1,271,189,270,205,99,150,1,9,6,13,16,1,0
3702,1998,Master,Widow,62666,0,0,13-11-2015,90,61,117,315,190,166,234,5,3,8,5,17,1,0
3703,1982,Graduation,Widow,26477,0,1,01-04-2015,36,89,99,148,14,71,129,0,4,0,0,1,1,0
3704,1971,Graduation,Single,31370,0,0,25-12-2012,76,106,27,306,53,9,132,8,11,8,10,7,1,0
3705,1976,Master,Widow,16892,0,1,14-05-2013,14,33,11,21,65,4,24,9,4,4,8,3,0,1
3706,1943,Basic,Single,97675,0,2,16-03-2012,72,775,209,20,427,90,203,6,10,4,1,13,0,1
3707,1969,Basic,Widow,106829,0,1,19-06-2014,24,550,48,199,218,126,54,9,15,1,3,20,0,1
3708,1958,Graduation,Single,111407,0,0,24-12-2012,55,414,496,224,382,362,85,9,0,3,8,8,1,0
3709,1972,PhD,Widow,68393,0,2,29-02-2012,29,682,131,661,1,15,303,0,2,4,13,4,0,0
3710,1996,Basic,Divorced,139925,1,2,05-02-2013,73,1225,293,977,14,427,64,6,11,1,2,16,1,0
3711,1947,Basic,Married,144677,2,0,14-06-2013,27,192,706,561,31,376,92,6,8,9,12,11,0,1
3712,1963,Basic,Divorced,101359,1,0,22-05-2015,83,171,113,177,165,286,473,6,11,7,2,19,0,1
3713,1946,PhD,Widow,35825,2,2,17-06-2014,32,349,57,156,106,110,90,3,11,3,4,9,0,1
3714,1947,PhD,Married,73464,0,0,04-04-2015,3,355,296,650,99,85,179,7,8,5,13,12,1,0
3715,1962,Master,Married,39712,0,1,05-06-2012,83,345,24,341,195,130,192,5,0,10,6,1,1,1
3716,1971,Master,Married,97580,0,0,27-12-2015,21,737,216,593,131,164,174,1,13,10,15,9,1,0
3717,1998,Basic,Divorced,101323,1,2,10-07-2015,13,342,464,827,114,261,392,8,6,10,2,8,0,1
3718,1952,Graduation,Married,34521,1,1,06-11-2012,14,74,6,322,150,13,5,8,0,2,0,3,1,0
3719,1968,Basic,Divorced,103714,0,2,15-12-2014,47,314,10,197,255,33,231,7,15,6,12,9,1,0
3720,1997,Master,Married,145045,1,1,09-07-2014,3,1164,203,187,92,223,200,9,7,0,5,15,1,0
3721,1956,Basic,Divorced,129550,1,0,08-12-2012,8,283,11,22,456,98,496,4,8,8,1,8,1,0
3722,1977,Master,Single,85785,0,2,02-07-2012,100,790,244,3,127,163,401,5,7,7,0,20,0,0
3723,1972,Graduation,Divorced,108603,2,2,26-09-2013,59,349,288,9,90,148,33,5,1,6,1,5,0,0
3724,1964,Graduation,Single,23042,1,1,30-12-2015,95,201,101,153,81,30,46,8,9,6,8,16,0,0
3725,1977,Master,Divorced,69500,2,2,29-04-2012,43,498,236,206,199,176,303,0,4,3,15,8,1,1
3726,1990,PhD,Divorced,20297,1,2,01-03-2014,32,88,61,152,82,54,76,9,3,9,1,9,0,0
3727,1956,Basic,Widow,133420,2,1,26-11-2012,50,250,154,412,605,235,309,4,9,3,9,0,1,0
3728,1994,Graduation,Divorced,69416,2,2,31-05-2012,96,355,5,93,234,136,23,2,8,6,8,19,1,1
3729,1959,Basic,Single,87117,2,0,14-11-2012,48,610,340,353,400,157,52,0,15,10,12,4,0,1
3730,1964,Graduation,Divorced,45616,2,2,27-02-2014,84,18,217,139,169,75,67,1,13,10,0,7,1,0
3731,1952,Basic,Widow,53477,0,1,22-09-2015,74,405,136,341,191,14,150,6,9,9,7,11,0,0
3732,1992,PhD,Married,115307,0,0,08-01-2012,29,373,556,1054,86,129,133,4,0,1,4,3,0,1
3733,1960,Graduation,Married,27036,0,2,17-11-2013,89,97,129,211,9,20,91,2,0,2,11,16,1,1
3734,1986,Graduation,Divorced,58308,2,2,23-05-2012,65,126,106,469,137,157,55,10,0,3,6,14,1,1
3735,1945,Graduation,Married,125918,2,0,24-07-2013,49,754,574,167,626,179,245,2,13,6,5,11,1,1
3736,1999,PhD,Single,84641,1,1,17-09-2014,16,50,256,15,166,265,391,1,3,2,13,14,0,1
3737,1993,Basic,Divorced,63349,2,2,19-10-2013,54,323,290,454,57,26,27,2,10,8,15,3,0,0
3738,1991,Master,Widow,68227,0,2,21-12-2012,98,38,85,533,211,10,299,8,4,7,0,0,1,0
3739,1970,Master,Widow,56648,0,2,26-06-2013,28,566,19,309,171,138,124,7,8,1,10,3,1,0
3740,1951,Master,Divorced,140367,0,1,20-11-2013,21,355,177,476,457,397,545,7,2,8,0,17,1,0
3741,1956,PhD,Widow,136144,2,2,08-02-2015,41,1149,332,782,573,65,346,8,9,1,6,18,0,1
3742,1978,PhD,Married,105739,2,2,20-02-2015,72,60,343,937,11,348,32,2,14,5,5,5,0,1
3743,2000,Basic,Single,112127,2,1,31-08-2013,21,1104,395,759,231,275,137,4,14,9,0,1,0,1
3744,1983,Master,Single,26472,2,2,29-01-2015,61,37,56,46,51,24,37,10,15,10,12,3,1,1
3745,1981,Master,Married,109602,0,2,25-06-2012,9,353,461,54,298,236,416,0,9,7,6,15,0,1
3746,1945,Basic,Married,29898,2,0,06-01-2012,31,40,26,254,88,54,83,8,10,7,10,1,0,0
3747,1945,Graduation,Single,67023,0,0,30-06-2012,21,132,70,259,62,222,229,2,9,1,12,18,0,1
3748,1984,PhD,Widow,54940,2,1,01-07-2013,8,512,90,62,4,119,211,8,6,0,7,18,1,0
3749,1948,PhD,Single,93663,2,2,06-11-2012,0,839,32,333,439,82,308,6,5,0,4,8,1,1
3750,1951,PhD,Single,72796,2,1,14-06-2015,9,173,154,416,139,44,302,7,2,7,13,16,1,0
3751,1980,Basic,Married,133197,2,2,02-06-2012,37,612,331,284,241,309,603,0,12,1,11,15,0,1
3752,1992,Graduation,Single,117133,0,1,29-06-2014,32,1126,141,279,48,32,281,9,11,6,7,13,1,1
3753,1969,Master,Divorced,65670,0,1,13-10-2013,8,153,91,440,2,49,242,4,3,6,7,16,1,0
3754,1957,Basic,Widow,143266,1,2,11-07-2014,82,1092,94,254,4,201,351,7,7,8,11,7,1,1
3755,1986,Graduation,Married,61386,1,2,30-05-2014,51,150,261,500,142,85,79,5,3,7,7,16,0,1
3756,1952,Graduation,Widow,110353,2,2,28-12-2012,63,305,241,759,131,75,106,9,4,3,6,10,1,1
3757,1972,Basic,Married,70973,1,1,16-01-2012,44,307,25,596,229,127,107,7,9,4,1,2,0,1
3758,1955,Basic,Married,35973,0,1,05-07-2012,46,267,94,262,38,92,165,9,8,8,4,6,0,1
3759,1946,Master,Divorced,98122,1,0,30-05-2015,24,576,253,215,121,87,106,10,0,0,4,3,0,0
3760,1953,Graduation,Single,96631,0,2,14-10-2014,48,755,121,351,81,321,386,9,4,9,7,18,1,1
3761,1946,Basic,Divorced,16030,2,2,25-12-2014,96,130,67,82,35,25,36,4,1,6,2,0,0,1
3762,1990,PhD,Married,48084,2,1,13-10-2015,13,76,0,316,234,86,50,3,14,4,6,19,0,1
3763,1948,Graduation,Widow,92981,1,0,30-10-2014,4,54,121,411,462,109,87,5,6,0,8,6,0,0
3764,1955,Basic,Single,97097,2,2,11-11-2014,90,499,352,515,246,221,310,2,5,6,11,14,1,0
3765,1952,Graduation,Divorced,14233,2,2,22-07-2015,53,30,55,52,38,17,24,7,15,5,2,0,0,0
3766,1991,Basic,Married,44096,1,0,28-05-2012,63,412,151,414,160,25,203,0,7,7,5,11,1,0
3767,1984,PhD,Divorced,139240,1,0,06-05-2015,31,1205,228,913,243,360,287,5,11,9,5,14,0,0
3768,1952,PhD,Married,72614,2,0,11-06-2014,42,70,347,454,164,2,188,2,6,6,5,18,0,0
3769,1998,PhD,Widow,128509,1,2,08-05-2013,48,914,510,431,287,1,374,10,9,1,2,3,1,0
3770,1981,Master,Widow,138428,2,1,31-08-2014,83,467,191,1242,550,223,643,7,15,5,2,15,1,1
3771,1946,Basic,Married,88383,2,2,26-11-2014,6,273,263,225,303,190,350,1,2,0,3,19,0,0
3772,1946,Basic,Divorced,114888,2,1,30-05-2013,33,335,378,284,116,146,350,7,13,1,11,9,0,0
3773,1981,Master,Widow,37995,1,2,04-11-2015,82,254,176,1,11,31,147,4,4,7,2,11,1,1
3774,1949,Basic,Divorced,43598,2,2,04-01-2014,99,418,130,330,39,11,104,1,13,4,13,18,1,0
3775,1968,PhD,Single,149870,2,1,07-12-2013,62,747,368,209,664,94,593,6,1,3,4,20,0,0
3776,1970,Graduation,Married,33255,2,1,04-09-2013,100,138,81,145,97,70,6,6,12,1,5,12,0,1
3777,1951,PhD,Widow,128296,0,1,22-08-2012,6,68,509,1005,148,368,372,6,6,6,3,19,1,0
3778,1991,Master,Single,43429,1,2,31-05-2014,93,233,28,375,111,127,16,5,15,7,8,12,1,0
3779,1948,PhD,Married,83866,2,0,03-07-2012,74,473,19,269,394,141,52,4,1,3,5,10,1,0
3780,1951,PhD,Married,139498,0,1,15-02-2012,76,637,58,1339,75,83,475,8,6,4,12,0,0,0
3781,1999,Basic,Widow,62627,2,2,07-12-2012,47,186,23,358,114,95,211,8,0,4,6,13,1,0
3782,1945,Graduation,Married,56527,0,2,29-12-2014,36,316,247,396,60,82,9,5,3,6,13,5,1,1
3783,1999,Graduation,Widow,121540,1,1,19-11-2012,40,182,25,229,561,23,597,7,0,3,15,15,0,0
3784,1996,Basic,Single,103048,1,2,29-11-2015,14,724,214,958,293,60,166,8,11,8,12,12,0,1
3785,1969,Graduation,Married,54562,0,2,26-04-2015,16,295,202,252,262,139,85,4,13,10,5,0,0,0
3786,1998,Master,Married,144493,2,1,14-09-2012,55,1271,338,1351,551,254,307,8,4,4,7,3,0,1
3787,1947,PhD,Widow,20864,2,2,01-06-2015,51,109,18,198,39,51,29,4,3,1,13,0,1,0
3788,1975,Master,Single,37597,0,2,29-02-2012,3,29,119,18,122,54,177,9,3,4,3,4,1,1
3789,1946,Basic,Single,16962,0,0,22-06-2012,40,109,75,123,22,4,44,10,4,1,12,15,1,1
3790,1944,Graduation,Divorced,24420,0,2,23-01-2014,37,71,90,172,70,66,40,9,13,6,3,19,1,0
3791,1948,Graduation,Widow,28865,0,1,24-07-2015,98,136,106,49,86,30,49,4,3,8,3,17,0,0
3792,1956,Graduation,Widow,18381,0,0,02-06-2012,88,32,46,54,46,17,60,2,10,7,6,17,1,1
3793,1977,Master,Single,100624,2,1,22-12-2014,28,465,335,263,392,7,65,10,9,8,15,13,0,0
3794,1976,Master,Married,95189,2,0,08-05-2012,64,39,379,216,266,157,98,9,10,6,0,10,1,0
3795,1965,PhD,Divorced,69038,1,2,17-12-2012,55,322,271,375,3,122,312,2,3,7,3,8,0,0
3796,1942,PhD,Divorced,45309,1,2,07-03-2015,100,115,93,339,6,80,197,3,1,4,13,7,1,0
3797,1965,PhD,Single,75093,1,1,02-10-2014,67,645,3,89,25,126,336,0,3,2,15,0,1,1
3798,1997,PhD,Divorced,149029,0,2,13-06-2012,69,272,694,370,208,268,286,5,15,3,14,17,0,1
3799,1967,Basic,Widow,114686,2,2,28-09-2013,38,819,458,493,485,1,373,6,12,10,10,10,1,0
3800,1972,Basic,Divorced,134029,2,2,06-09-2015,49,1303,19,663,240,273,417,8,6,2,12,9,0,0
3801,1973,Master,Single,80761,2,1,16-08-2014,63,510,137,617,269,263,78,5,12,8,13,4,0,1
3802,1995,Graduation,Widow,72991,2,2,01-06-2013,8,395,230,613,364,63,58,7,4,9,1,0,0,0
3803,1971,Graduation,Married,101948,2,0,31-08-2015,99,612,462,826,105,78,473,6,12,8,5,9,1,0
3804,1965,Graduation,Single,26068,2,1,26-09-2015,88,118,42,236,97,55,57,3,5,4,7,4,1,1
3805,1999,Graduation,Widow,11153,1,1,19-08-2013,60,86,42,25,0,28,13,0,3,3,14,16,0,0
3806,1949,Master,Single,60704,2,1,03-04-2013,95,28,276,506,39,139,173,3,13,8,4,9,1,0
3807,1984,Master,Divorced,107609,1,0,10-11-2013,57,164,392,721,190,258,226,6,4,1,9,3,0,1
3808,1946,PhD,Widow,44204,1,2,15-06-2012,29,295,199,68,193,16,125,10,0,1,8,6,1,1
3809,1982,Master,Married,87279,0,2,11-10-2012,67,676,39,44,368,24,157,3,1,0,15,4,1,1
3810,1951,Basic,Widow,111981,0,2,22-02-2012,3,383,172,354,41,216,72,8,12,8,10,17,0,0
3811,1975,Basic,Married,98617,0,2,29-09-2014,49,713,430,278,185,22,121,9,1,8,2,13,0,0
3812,1970,PhD,Divorced,103986,0,2,26-01-2015,33,815,380,106,395,30,10,9,7,2,10,0,0,1
3813,1976,PhD,Widow,70321,2,0,10-12-2014,33,116,189,284,157,209,70,0,7,4,4,10,0,0
3814,1962,PhD,Divorced,139633,2,1,14-03-2014,95,846,259,1002,382,53,512,8,11,1,13,2,0,0
3815,1989,PhD,Divorced,14971,2,1,03-07-2013,87,110,8,117,16,5,50,1,9,2,6,13,0,1
3816,1969,Graduation,Widow,10524,0,1,12-11-2012,68,49,38,19,13,27,36,4,15,4,0,2,1,0
3817,1984,Master,Single,138672,1,2,30-08-2014,86,107,343,617,430,50,332,1,5,6,9,15,0,0
3818,1947,Graduation,Single,90745,0,1,26-08-2014,40,439,30,104,379,277,262,9,6,0,11,4,1,0
3819,1959,Graduation,Divorced,137405,2,0,14-10-2012,15,329,172,1176,445,43,381,10,12,9,5,15,0,1
3820,1954,Master,Widow,52312,2,1,04-08-2015,70,42,234,519,232,86,90,9,6,3,3,5,0,0
3821,2000,Master,Divorced,35597,0,1,09-11-2014,65,350,48,117,77,50,62,8,2,8,2,11,0,0
3822,1941,PhD,Single,59855,1,0,27-09-2014,31,162,276,273,253,164,63,3,11,8,2,11,1,0
3823,1955,PhD,Divorced,79249,1,2,08-09-2012,19,275,185,405,118,224,388,0,12,8,4,7,1,0
3824,1955,Master,Married,57839,0,0,22-10-2012,59,101,42,477,70,105,185,4,2,10,5,5,1,1
3825,1950,Graduation,Divorced,16242,0,2,25-01-2013,51,151,16,143,77,41,4,1,7,6,7,7,1,0
3826,1942,Basic,Divorced,118301,2,1,10-09-2012,73,95,466,288,412,211,114,7,9,1,4,3,0,1
3827,1980,PhD,Widow,107076,0,1,25-10-2015,22,790,95,751,449,178,531,5,13,7,14,10,1,1
3828,1980,Basic,Single,38478,0,2,30-11-2012,87,157,161,107,38,94,155,10,5,7,9,15,0,1
3829,1943,Basic,Widow,148829,0,1,10-01-2012,22,1405,645,338,732,175,246,5,2,3,13,16,1,1
3830,1943,Master,Married,89343,0,0,14-09-2014,48,467,261,359,97,62,98,10,12,2,5,13,1,0
3831,1948,Graduation,Single,20732,0,2,25-04-2012,42,115,81,78,91,31,52,3,9,8,13,16,0,1
3832,1990,Basic,Widow,18221,2,0,07-06-2015,9,145,81,76,54,0,12,9,7,4,6,16,1,0
3833,1993,Basic,Divorced,146709,0,0,28-11-2013,5,537,478,712,205,40,513,7,8,3,10,8,1,1
3834,1989,Basic,Married,125744,1,0,01-05-2014,78,150,145,37,543,15,536,1,11,6,1,14,0,0
3835,1973,Basic,Widow,122718,0,1,13-07-2012,90,163,590,522,459,59,478,4,6,0,11,1,1,1
3836,1962,Master,Single,63803,0,2,06-04-2014,99,597,185,3,60,32,311,1,15,9,13,11,0,0
3837,1948,Basic,Single,30839,2,2,07-10-2014,97,163,95,195,153,72,140,1,5,3,13,8,1,1
3838,1947,Graduation,Divorced,110792,1,1,22-03-2013,29,935,542,684,238,151,150,7,2,3,5,4,1,1
3839,1982,PhD,Single,14899,0,1,01-02-2015,98,8,60,83,58,48,15,6,11,7,3,19,0,1
3840,1959,Basic,Single,94807,2,0,21-04-2013,62,358,33,65,0,6,402,3,1,4,14,1,1,1
3841,1956,Basic,Widow,124562,2,1,08-12-2015,89,491,467,767,605,47,204,3,11,10,8,15,1,0
3842,1957,Basic,Married,68870,2,1,20-12-2015,37,474,156,237,98,13,124,7,14,1,7,6,1,0
3843,1950,PhD,Married,98849,1,0,02-06-2013,73,301,198,675,335,146,34,10,4,6,11,1,1,1
3844,1979,Basic,Widow,97564,0,1,28-09-2012,72,760,434,685,35,144,0,10,2,3,6,10,1,0
3845,1981,PhD,Single,18040,2,2,15-12-2015,97,43,63,131,68,50,10,0,1,5,4,18,0,0
3846,1948,PhD,Married,84548,2,2,23-09-2012,51,347,116,530,281,42,391,8,5,2,8,15,0,0
3847,1962,Graduation,Widow,47782,0,0,20-07-2012,30,375,143,299,137,153,107,4,4,10,3,6,0,1
3848,1997,Basic,Widow,138332,2,1,22-08-2015,35,1190,595,575,652,254,571,8,4,4,13,15,0,1
3849,1941,Graduation,Divorced,127920,1,0,03-03-2014,38,440,150,609,568,397,500,3,1,3,8,6,1,1
3850,1940,Graduation,Single,103184,0,1,04-07-2013,12,899,305,359,305,255,279,1,7,5,4,6,1,1
3851,1994,Basic,Widow,118940,0,0,06-02-2015,60,936,557,385,11,331,395,7,10,6,14,4,0,0
3852,1993,Basic,Widow,126554,1,2,15-10-2014,100,893,127,260,439,280,92,8,15,9,1,8,0,1
3853,1943,Basic,Married,116760,0,1,22-07-2013,89,1132,351,12,531,76,199,9,15,4,6,5,0,0
3854,1948,Basic,Divorced,135828,0,1,01-07-2013,59,808,452,1350,513,36,264,1,9,9,15,6,1,0
3855,1976,Master,Widow,73495,2,2,18-01-2013,5,211,324,369,152,134,71,8,6,4,10,6,0,1
3856,1964,PhD,Married,96076,2,2,02-02-2014,36,37,91,691,402,264,252,3,2,6,1,3,0,1
3857,1950,Master,Widow,19835,1,0,14-11-2012,67,47,23,96,91,66,0,8,12,1,14,6,0,0
3858,1951,PhD,Divorced,134223,1,2,25-02-2015,62,503,324,551,563,337,195,7,7,10,3,11,0,1
3859,1955,PhD,Widow,60418,0,1,11-04-2015,34,234,240,396,195,38,140,0,11,3,10,0,0,0
3860,1947,Graduation,Widow,27925,0,1,18-03-2012,3,133,3,249,137,75,69,10,4,0,3,12,0,0
3861,1980,Graduation,Married,10744,2,2,20-09-2012,30,46,29,8,5,25,16,10,12,1,12,20,1,0
3862,1980,Basic,Widow,52697,1,2,18-01-2014,90,373,82,309,236,169,62,2,12,4,8,3,0,0
3863,1985,Basic,Single,109942,1,2,26-02-2013,37,430,244,819,155,227,108,9,12,1,11,20,0,1
3864,1969,PhD,Widow,115633,0,2,19-04-2012,13,1124,289,832,367,145,517,10,15,10,13,19,0,1
3865,1999,PhD,Divorced,39053,2,0,10-10-2014,23,243,149,134,16,38,188,8,7,1,12,5,1,1
3866,1945,PhD,Married,145859,0,1,13-07-2012,77,428,100,1399,313,225,716,10,3,0,12,19,1,0
3867,1978,Master,Single,47416,0,0,28-09-2012,7,325,40,266,162,99,91,6,14,3,13,1,1,1
3868,1987,Master,Single,57145,2,0,08-04-2015,93,0,274,208,240,34,185,6,12,5,10,19,1,1
3869,1982,Graduation,Single,23146,1,2,09-10-2015,33,218,17,117,32,4,8,7,3,9,14,16,1,0
3870,1955,Basic,Divorced,81408,0,2,19-07-2014,63,798,318,671,7,221,298,9,8,3,7,5,0,0
3871,1984,Master,Single,41429,2,2,02-07-2014,15,255,66,305,164,7,138,9,14,1,7,9,1,1
3872,1985,Graduation,Divorced,111353,2,2,26-10-2012,8,327,481,897,546,320,121,1,10,6,10,4,1,1
3873,1965,PhD,Single,140178,1,0,21-06-2013,27,514,27,35,450,259,597,7,10,4,5,4,1,0
3874,1947,Basic,Single,135986,2,1,07-08-2014,47,1144,378,1209,77,9,136,5,2,2,0,2,0,1
3875,1979,Basic,Divorced,91840,0,1,23-10-2012,79,524,280,610,145,96,144,5,7,8,13,11,0,0
3876,1941,Basic,Single,142606,1,0,07-02-2014,5,304,541,185,693,418,387,8,2,7,2,8,0,1
3877,1983,Basic,Single,55765,0,0,20-05-2015,82,116,266,89,92,110,240,7,0,6,3,12,1,1
3878,1969,Master,Widow,32624,1,0,30-03-2014,81,306,58,247,127,73,124,7,4,10,6,1,0,1
3879,1956,PhD,Divorced,30976,0,1,04-04-2013,56,142,59,13,22,50,133,5,1,4,1,9,1,0
3880,1990,Basic,Widow,24701,0,0,25-07-2012,47,177,111,141,109,74,85,5,7,3,8,15,1,1
3881,1996,Graduation,Single,61088,0,1,02-03-2014,72,339,291,374,28,118,84,8,7,1,14,1,0,1
3882,1947,Basic,Widow,24525,2,1,10-03-2012,23,148,69,8,12,4,99,6,1,8,13,4,1,1
3883,1972,Graduation,Divorced,107770,0,0,16-07-2015,17,620,378,836,506,104,358,9,2,9,12,12,0,1
3884,1989,PhD,Divorced,108469,2,2,20-07-2014,65,483,339,349,272,303,509,4,7,10,13,14,1,1
3885,1972,Graduation,Married,16265,0,1,12-04-2015,85,83,41,97,8,22,77,6,6,8,13,16,0,1
3886,2000,Master,Widow,133016,2,2,24-10-2015,12,405,637,106,37,168,446,8,13,5,8,13,1,1
3887,1997,Graduation,Divorced,48403,1,1,06-02-2014,54,57,94,84,27,128,185,4,2,7,1,18,0,1
3888,1993,PhD,Widow,127550,1,1,02-03-2014,66,445,343,1094,302,307,248,2,1,1,13,3,0,1
3889,1948,Master,Married,140638,1,0,31-08-2012,66,525,333,596,65,363,576,3,4,4,11,3,0,0
3890,1998,Graduation,Divorced,122274,2,0,01-01-2012,85,225,455,744,311,321,45,1,0,3,7,13,0,0
3891,1956,PhD,Single,110671,1,2,10-04-2012,48,6,477,500,518,248,289,7,7,5,3,3,0,1
3892,1964,Basic,Divorced,78258,1,1,08-08-2015,72,200,253,510,3,206,94,2,5,2,0,9,0,1
3893,1943,PhD,Single,71791,2,2,11-10-2015,52,461,140,339,186,115,68,8,0,7,9,2,1,0
3894,1965,Master,Divorced,28832,1,2,08-07-2015,82,217,56,64,15,47,90,8,12,2,14,1,0,0
3895,2000,PhD,Divorced,126537,0,0,04-06-2014,70,1199,607,312,198,239,241,3,8,7,9,11,0,1
3896,1967,Graduation,Married,61037,0,0,06-10-2015,4,418,203,117,95,184,137,1,8,6,14,1,0,1
3897,1981,Graduation,Widow,42024,0,1,05-01-2012,62,63,82,21,130,38,52,2,1,0,4,15,0,1
3898,1976,Master,Divorced,23301,2,1,07-05-2012,44,185,66,74,87,27,104,7,11,10,10,4,1,1
3899,1974,PhD,Married,135347,2,1,27-09-2015,80,582,455,1048,440,2,602,10,11,10,4,7,1,1
3900,1987,Basic,Divorced,140011,0,2,13-06-2012,73,306,673,74,231,145,87,3,2,10,3,8,1,0
3901,1970,Master,Divorced,42146,1,2,11-11-2015,94,18,63,44,171,35,1,7,1,0,11,2,1,1
3902,1998,PhD,Widow,141257,1,0,13-12-2012,63,573,163,775,425,211,420,8,14,3,13,1,0,1
3903,1956,Basic,Married,94195,1,0,19-01-2015,44,212,158,803,72,298,255,7,15,6,0,8,1,1
3904,1960,PhD,Married,55910,2,0,12-09-2012,16,207,213,440,195,109,67,4,9,4,10,15,0,1
3905,1954,Master,Widow,33903,2,2,20-11-2013,25,161,42,307,159,93,164,7,13,3,11,15,1,0
3906,1947,PhD,Widow,130404,2,0,03-11-2012,86,918,156,1126,354,270,301,4,12,10,6,18,1,0
3907,1989,Basic,Married,31466,1,0,07-03-2014,16,44,102,230,141,20,57,4,11,7,11,1,1,0
3908,1975,Basic,Married,94216,2,0,30-01-2013,23,610,78,733,106,196,383,8,8,2,12,1,0,0
3909,1948,Master,Single,41055,2,0,19-05-2012,88,50,92,117,59,54,143,2,15,2,13,11,1,1
3910,1975,Graduation,Single,97153,0,0,07-10-2014,22,601,164,546,37,78,361,6,1,9,7,9,1,1
3911,1998,Graduation,Widow,14414,2,1,07-02-2014,85,76,42,59,11,13,17,6,5,5,7,0,1,1
3912,1946,Graduation,Divorced,129141,0,2,31-05-2015,0,88,293,549,274,70,131,4,12,6,14,18,0,0
3913,1945,Master,Single,93029,0,2,20-01-2014,64,490,456,268,179,223,22,1,3,0,1,15,0,0
3914,1991,Graduation,Divorced,38658,0,2,26-07-2012,18,236,131,263,183,113,23,6,15,8,13,11,1,0
3915,1959,Master,Married,126485,2,2,01-09-2015,81,339,50,696,306,245,170,3,13,7,0,9,0,1
3916,1973,Graduation,Single,134904,0,0,13-12-2014,53,901,271,723,282,250,4,0,13,4,0,8,1,0
3917,1993,Basic,Married,128938,1,0,11-08-2012,11,746,282,1132,42,422,20,3,2,3,7,14,1,1
3918,1982,Master,Married,127470,1,1,10-02-2014,43,548,209,801,600,67,616,3,8,6,14,1,0,1
3919,1945,Master,Divorced,100316,1,2,02-08-2013,85,553,22,846,420,52,148,6,2,0,5,14,1,0
3920,1972,Basic,Widow,24679,0,1,06-02-2013,90,128,24,13,88,76,60,4,8,6,5,1,0,1
3921,1988,Basic,Widow,97714,1,0,27-07-2015,89,231,39,742,311,174,99,1,0,9,7,15,1,0
3922,1977,Graduation,Married,61384,1,2,06-06-2015,6,351,51,175,233,31,3,10,12,5,8,17,1,0
3923,1950,Graduation,Married,94571,0,2,07-08-2015,29,488,53,635,40,59,170,1,13,5,13,11,0,1
3924,1954,Master,Divorced,89390,0,1,30-09-2012,29,682,151,790,195,20,374,3,5,10,12,5,1,1
3925,1973,Master,Widow,49765,1,0,12-07-2014,83,219,30,128,40,62,135,3,11,9,2,2,0,0
3926,1995,Master,Single,96712,0,2,21-09-2015,68,237,242,529,397,201,460,9,11,5,14,16,0,1
3927,1962,Basic,Single,60587,0,0,23-07-2013,71,102,256,4,159,198,133,5,14,7,2,14,1,1
3928,1982,Graduation,Widow,77697,1,2,18-09-2015,95,304,204,571,161,201,277,1,13,0,5,8,1,0
3929,1971,Graduation,Single,19309,2,2,27-06-2012,10,147,30,91,0,61,75,2,6,3,4,0,0,0
3930,1941,Graduation,Divorced,34410,1,0,21-06-2014,24,100,113,114,58,70,149,6,14,5,7,3,0,0
3931,1977,Graduation,Single,113150,0,0,12-03-2012,24,15,54,1011,34,98,206,2,14,10,2,7,0,0
3932,1983,Basic,Married,54450,0,0,28-11-2015,61,116,227,468,68,30,10,10,12,7,11,20,0,0
3933,1982,Graduation,Single,102300,1,1,18-04-2012,21,523,470,41,192,94,352,2,15,4,3,7,1,0
3934,1950,Graduation,Single,122823,2,0,09-10-2015,92,490,116,618,446,191,250,10,4,2,3,20,1,1
3935,1966,Master,Widow,134481,0,0,28-02-2012,37,638,184,934,595,379,556,10,2,8,1,2,1,0
3936,1983,Basic,Divorced,119387,2,0,05-12-2012,8,429,586,405,275,369,55,10,12,6,8,17,0,1
3937,1952,Master,Married,56102,2,2,16-01-2012,86,321,203,246,230,142,193,0,3,6,5,17,0,0
3938,1948,Graduation,Single,62751,1,0,21-10-2015,47,311,23,535,14,56,123,0,12,2,15,7,0,1
3939,1988,Basic,Married,69333,1,2,31-07-2014,42,582,269,661,237,164,237,5,3,10,1,9,0,0
3940,1996,Basic,Divorced,122882,2,0,24-11-2014,24,121,568,693,601,212,169,7,9,3,15,9,1,1
3941,1964,Graduation,Divorced,56593,0,0,08-01-2012,43,157,135,538,139,174,90,10,4,6,5,2,1,0
3942,1996,Master,Single,127734,2,1,31-01-2013,1,623,372,561,114,347,211,8,8,3,7,11,1,0
3943,1956,PhD,Married,44856,0,0,25-09-2012,31,162,80,108,74,25,49,10,13,3,1,0,0,0
3944,1967,Master,Widow,78298,1,0,17-07-2012,92,241,69,530,248,49,45,4,14,3,4,11,0,0
3945,1996,Master,Single,134565,0,0,02-06-2013,33,1297,277,876,225,401,660,7,15,8,2,18,1,0
3946,1961,Graduation,Widow,79011,2,0,23-03-2015,79,785,225,84,361,181,107,3,4,4,5,13,1,0
3947,1948,PhD,Widow,17017,2,1,30-06-2012,38,76,52,118,67,43,35,3,11,7,0,10,0,0
3948,1999,Graduation,Widow,124389,1,1,16-02-2012,6,434,384,680,112,112,15,7,3,0,2,9,1,1
3949,1995,Graduation,Married,40939,2,2,28-05-2015,71,299,131,288,59,135,19,0,1,3,6,10,0,1
3950,1999,Master,Single,53210,1,0,12-12-2013,82,290,223,513,77,131,160,1,0,2,8,18,0,1
3951,1948,Graduation,Single,65186,0,2,19-11-2015,28,616,93,21,165,64,323,5,4,10,8,6,1,0
3952,1989,Basic,Widow,130722,0,2,05-06-2015,44,44,240,1181,391,206,246,1,12,10,15,1,0,1
3953,1980,Basic,Widow,22074,1,1,20-09-2012,98,42,64,121,17,14,18,7,9,1,7,6,0,0
3954,1980,Master,Widow,114945,2,1,17-04-2014,72,492,504,166,237,58,247,4,0,0,7,0,1,1
3955,1971,Graduation,Single,112472,2,0,21-02-2015,66,917,115,441,39,77,185,6,12,1,12,8,1,1
3956,1988,PhD,Divorced,38737,0,2,08-12-2014,37,369,62,382,171,7,46,0,0,4,7,6,0,1
3957,1969,Basic,Divorced,54515,2,0,19-09-2015,40,250,272,52,231,99,43,9,12,7,6,9,1,1
3958,1963,Graduation,Divorced,90864,2,2,21-06-2012,23,456,246,118,414,104,163,1,10,2,12,5,0,0
3959,1997,Basic,Single,78732,0,0,07-10-2015,75,62,166,341,214,124,125,10,12,8,7,14,1,0
3960,1972,PhD,Single,82239,0,2,12-12-2012,18,620,341,28,80,157,336,10,13,10,5,11,0,0
3961,1956,PhD,Married,58041,0,0,13-06-2012,2,39,113,579,227,26,83,1,9,1,11,2,1,1
3962,1998,PhD,Divorced,148469,1,1,16-09-2013,32,202,163,499,293,276,29,3,12,10,15,9,1,0
3963,1965,Basic,Married,124998,0,2,09-08-2012,96,704,327,781,373,102,200,6,7,1,8,20,1,1
3964,1989,Basic,Married,142354,0,1,25-06-2015,77,1291,173,1159,123,413,590,1,11,5,4,5,0,0
3965,1954,Master,Widow,111711,2,1,30-12-2015,53,275,98,682,441,9,189,3,12,5,13,9,0,0
3966,1952,Graduation,Married,53370,2,1,09-07-2013,63,517,129,488,74,29,172,5,5,9,12,15,0,1
3967,1973,Basic,Married,38939,0,2,08-04-2012,59,32,103,9,190,48,12,1,14,0,2,15,0,1
3968,2000,Graduation,Divorced,133973,0,0,23-08-2014,39,367,615,944,588,367,124,2,8,4,2,10,0,1
3969,1960,PhD,Divorced,90116,0,2,04-05-2015,57,298,307,626,433,38,187,10,15,6,6,14,1,0
3970,1952,PhD,Single,91829,1,1,15-05-2013,47,581,188,362,173,87,293,2,3,8,15,20,1,1
3971,1957,PhD,Widow,70059,0,0,11-11-2012,25,638,213,72,163,218,291,0,5,9,0,11,1,0
3972,1956,PhD,Widow,145050,2,1,23-10-2013,23,18,295,187,306,398,272,5,9,7,14,8,0,1
3973,1990,Basic,Married,10029,0,2,18-11-2014,23,67,3,87,3,21,13,3,11,10,2,10,0,0
3974,1969,Basic,Single,37925,1,1,16-11-2015,12,263,95,231,61,115,97,8,3,8,11,8,0,0
3975,1984,Graduation,Married,75462,1,2,07-11-2013,64,588,90,621,173,224,178,1,11,10,7,1,0,0
3976,1943,Graduation,Widow,30056,0,1,15-08-2012,9,134,38,48,6,53,110,5,11,2,9,17,1,0
3977,1940,Basic,Married,52306,1,1,19-06-2013,4,67,232,46,253,49,191,0,15,9,1,13,0,1
3978,1952,Basic,Widow,17683,2,1,07-09-2013,58,68,81,60,84,45,54,10,5,6,2,2,1,0
3979,2000,PhD,Single,131039,1,1,27-02-2012,74,822,284,991,247,136,620,9,0,1,9,10,1,0
3980,1970,Graduation,Single,136425,1,2,04-11-2012,100,920,430,1080,486,373,602,1,12,4,4,13,1,0
3981,1984,Master,Single,57206,2,1,11-09-2013,1,557,103,473,126,132,43,0,1,6,11,2,0,0
3982,1985,Basic,Widow,93604,2,2,20-06-2015,7,689,157,593,47,65,213,4,13,3,3,10,1,1
3983,1995,Master,Divorced,25098,2,1,10-03-2013,91,245,44,137,17,80,101,4,9,7,10,5,1,1
3984,1992,PhD,Divorced,10135,0,0,05-05-2014,30,15,7,90,0,10,11,6,15,1,2,13,0,1
3985,1943,Graduation,Single,149467,1,1,19-10-2014,78,1,285,913,523,388,399,2,1,3,13,3,0,1
3986,1965,Master,Widow,86368,1,0,18-02-2014,74,542,376,803,244,102,172,7,1,10,15,18,0,1
3987,1991,Graduation,Divorced,59030,1,1,17-11-2015,68,86,248,583,155,105,44,5,10,4,3,13,0,0
3988,1999,Master,Divorced,128175,0,0,28-03-2015,65,939,90,1131,18,271,9,8,1,8,4,6,0,0
3989,1999,PhD,Divorced,142774,0,0,25-05-2014,72,1089,338,1217,437,387,309,10,13,0,1,9,0,0
3990,1996,Basic,Widow,45954,1,2,12-08-2012,16,347,164,233,95,141,162,4,13,7,13,13,0,1
3991,1969,Master,Divorced,42633,0,0,11-05-2015,92,208,33,59,180,62,55,8,4,5,15,15,0,0
3992,1981,Master,Married,127139,2,2,30-03-2015,97,493,127,1176,26,277,606,0,11,5,10,5,1,0
3993,1977,Master,Married,102059,2,1,17-03-2015,68,579,400,526,52,43,274,2,11,4,3,14,0,0
3994,1979,Graduation,Widow,53336,0,1,08-08-2014,97,446,82,70,166,154,201,1,14,7,14,19,0,1
3995,1940,Basic,Single,36896,1,1,10-03-2014,74,24,102,150,30,34,76,1,0,6,15,5,1,0
3996,1999,Basic,Widow,22758,2,0,08-09-2014,47,220,58,8,25,54,84,7,3,0,8,3,0,1
3997,1970,Graduation,Widow,107034,1,2,30-09-2013,35,770,221,768,238,251,257,4,13,4,2,4,0,1
3998,1967,Master,Single,140319,2,0,12-12-2012,83,761,295,1101,143,154,485,0,5,3,12,16,1,1
3999,1985,Graduation,Single,146552,1,1,26-05-2014,29,56,389,468,151,176,343,4,7,0,7,0,1,0
4000,1971,PhD,Widow,122124,1,0,23-10-2012,97,884,13,122,172,207,324,10,3,3,15,6,0,0
4001,1972,Master,Single,126589,1,0,06-07-2015,13,1020,329,847,283,13,299,9,8,4,4,0,1,1
4002,1964,PhD,Married,78174,1,1,17-07-2014,14,476,32,358,36,3,349,9,2,7,14,7,0,0
4003,1976,PhD,Single,35435,0,2,31-12-2012,49,126,62,275,117,3,124,7,14,7,12,19,1,1
4004,1948,PhD,Single,65945,2,2,15-08-2015,62,361,291,164,46,136,213,8,15,7,0,18,1,1
4005,1986,Master,Married,113725,0,0,05-03-2013,98,875,115,633,492,86,112,0,11,3,7,5,1,1
4006,1978,PhD,Single,18986,1,1,01-02-2012,16,25,40,153,94,1,52,8,14,8,1,8,0,0
4007,1985,Master,Single,25114,0,2,09-05-2012,47,193,102,18,105,77,92,4,14,1,7,16,0,1
4008,1984,Master,Widow,44847,2,0,29-02-2012,2,108,141,88,54,86,115,3,10,5,15,18,1,0
4009,1987,PhD,Divorced,73368,2,0,23-07-2015,77,499,142,690,192,169,334,6,4,2,2,10,1,1
4010,1982,PhD,Divorced,63757,2,2,09-12-2015,48,346,26,157,46,120,217,2,4,4,3,18,1,0
4011,1984,Graduation,Widow,59359,0,0,23-08-2015,57,1,74,579,12,193,233,8,1,4,5,2,0,0
4012,1989,Basic,Married,143976,0,1,25-01-2012,92,346,18,1171,286,134,165,2,7,1,7,11,0,1
4013,1952,PhD,Divorced,18818,0,1,16-05-2012,80,135,10,129,30,3,47,4,11,10,9,1,0,0
4014,1943,Graduation,Widow,81311,0,0,14-12-2015,30,696,113,327,54,265,363,1,0,7,10,12,1,0
4015,1991,Master,Married,137451,2,0,29-07-2014,92,243,615,549,441,8,167,8,9,0,7,7,1,1
4016,1974,Master,Single,146723,0,2,07-09-2013,9,1465,454,939,541,454,361,5,1,5,4,2,0,1
4017,1952,Graduation,Married,125319,0,2,11-10-2012,9,79,274,596,492,411,51,5,8,9,2,17,0,0
4018,1978,Master,Divorced,13745,0,0,16-02-2012,54,61,43,117,34,2,18,3,2,5,7,11,1,1
4019,1960,Graduation,Single,97080,1,2,28-02-2013,83,183,163,786,421,46,91,7,15,0,13,9,1,1
4020,1973,Master,Single,113260,2,1,24-03-2014,20,170,336,830,367,33,169,9,13,6,13,17,1,1
4021,1980,PhD,Widow,125400,2,0,21-07-2014,78,711,152,967,494,175,199,1,3,8,8,12,0,0
4022,1948,Master,Divorced,144475,2,1,26-06-2013,72,936,495,169,13,368,435,1,4,3,2,18,0,0
4023,1992,PhD,Divorced,38350,2,1,07-08-2015,50,113,120,219,34,29,92,4,7,3,9,7,1,0
4024,1997,Master,Divorced,125361,1,2,31-01-2015,9,139,110,261,317,39,605,10,7,10,13,2,0,1
4025,1965,Graduation,Married,141556,1,0,14-08-2013,39,709,63,879,37,41,603,2,2,0,7,8,0,0
4026,1967,PhD,Single,61015,1,2,06-11-2013,40,215,126,301,0,5,262,9,11,2,12,9,0,0
4027,1994,Master,Widow,89584,0,0,10-01-2014,98,627,59,821,284,221,344,0,3,9,8,1,1,1
4028,1944,Graduation,Married,39699,0,2,31-10-2014,32,105,156,34,42,19,42,4,10,6,11,19,0,1
4029,1953,Master,Divorced,62364,2,2,11-07-2015,28,108,168,253,275,29,4,1,1,6,8,10,1,0
4030,1978,Master,Divorced,138721,2,2,16-09-2012,60,946,608,197,489,112,257,10,5,4,2,19,1,0
4031,1979,PhD,Divorced,24018,0,2,08-09-2015,2,151,105,8,93,63,10,2,2,9,10,6,1,0
4032,1987,PhD,Married,109480,1,2,25-03-2012,100,893,223,39,287,180,344,5,1,7,9,12,0,0
4033,1965,Basic,Divorced,127013,0,0,15-07-2015,62,436,494,5,171,19,148,3,3,6,3,10,1,1
4034,1989,PhD,Widow,39586,2,0,13-10-2014,42,356,161,109,145,101,156,5,7,5,14,11,0,0
4035,1961,PhD,Married,96905,0,0,30-12-2013,28,867,457,838,198,197,358,4,5,6,3,19,0,1
4036,1964,Master,Single,137913,1,1,09-06-2013,27,1136,282,729,281,246,328,1,0,4,12,10,0,0
4037,1972,PhD,Divorced,73838,1,1,13-06-2012,19,97,60,681,366,158,59,0,8,3,9,11,0,1
4038,1991,Basic,Married,133759,0,1,04-08-2013,90,400,596,436,434,376,618,1,1,2,9,12,0,0
4039,1950,Basic,Single,67619,1,2,03-07-2012,42,175,196,573,133,98,207,10,6,9,15,20,1,0
4040,1945,Master,Divorced,43982,0,0,26-08-2012,51,332,3,55,134,50,38,5,11,6,9,10,1,0
4041,1956,Basic,Married,147553,1,1,04-07-2013,89,170,160,113,323,458,131,6,15,5,14,2,1,1
4042,1971,Basic,Widow,76134,0,0,09-04-2015,44,588,61,722,313,162,315,2,12,6,13,10,0,1
4043,1957,Graduation,Divorced,106540,1,0,12-10-2012,69,1015,471,452,525,244,323,8,12,0,6,20,0,1
4044,1962,PhD,Single,106069,1,0,30-12-2015,92,266,128,193,181,109,231,0,0,6,0,8,0,1
4045,1942,Basic,Widow,31838,2,1,13-07-2013,44,245,20,35,35,94,118,9,12,5,3,19,1,0
4046,1948,PhD,Widow,92228,0,0,18-04-2015,45,492,15,773,273,8,296,9,8,6,15,19,1,0
4047,1995,Basic,Married,115843,1,1,01-12-2013,83,1148,134,988,118,16,550,8,14,4,8,16,0,0
4048,1983,Basic,Widow,44448,1,2,18-07-2012,66,167,81,209,179,118,171,4,2,7,4,18,0,1
4049,1951,Master,Widow,41332,1,1,24-08-2013,18,357,93,361,122,94,90,9,11,3,3,4,1,1
4050,1966,PhD,Widow,90717,0,0,10-04-2013,66,598,126,779,302,74,355,5,6,7,14,4,1,0
4051,1943,Master,Divorced,121685,2,1,19-10-2013,0,532,34,966,102,30,41,6,14,2,5,19,0,0
4052,1973,Graduation,Single,21504,2,2,17-10-2012,84,173,33,196,107,2,24,2,6,3,6,1,1,1
4053,1957,Master,Widow,34740,0,1,11-08-2014,52,190,170,188,158,18,106,1,1,5,11,1,0,0
4054,1940,Master,Married,19473,0,1,27-06-2013,5,159,90,110,94,37,71,2,9,9,9,16,0,0
4055,1952,Master,Divorced,136734,1,1,04-02-2013,25,138,403,920,610,109,423,9,7,8,0,18,0,0
4056,1991,PhD,Married,132573,1,1,16-11-2015,40,722,42,1279,521,237,159,10,4,0,6,0,0,0
4057,1981,Master,Married,61102,2,0,04-04-2015,23,46,258,258,195,97,99,0,12,4,9,14,0,1
4058,1942,Graduation,Single,60890,1,0,11-03-2014,4,512,23,297,124,126,275,3,5,8,7,14,0,0
4059,1968,Basic,Widow,79827,2,2,12-05-2013,48,609,323,603,31,26,366,10,5,10,7,16,1,1
4060,1991,Graduation,Single,111020,0,1,22-01-2014,62,877,465,84,206,277,479,7,3,2,15,7,1,0
4061,1956,Graduation,Divorced,62006,1,2,19-03-2015,34,548,103,195,119,39,271,0,2,7,4,20,1,1
4062,1970,PhD,Single,98938,0,1,04-11-2015,62,233,208,462,243,110,179,1,4,6,8,9,1,0
4063,1958,Basic,Divorced,44717,1,1,16-12-2015,74,75,13,281,189,32,42,6,14,8,9,3,0,1
4064,1954,Graduation,Single,16261,1,2,27-02-2012,84,145,22,30,4,18,61,3,13,7,0,16,1,1
4065,1950,PhD,Widow,93120,0,0,07-02-2013,97,736,315,674,148,301,115,7,9,1,4,1,0,1
4066,1968,Basic,Widow,44105,1,1,29-08-2012,12,301,109,260,97,21,153,6,10,4,5,10,0,1
4067,1976,Master,Single,45683,0,0,22-08-2014,75,131,122,230,10,96,91,4,12,7,1,16,1,1
4068,1995,Master,Widow,50780,2,2,08-01-2012,60,17,65,338,143,62,196,7,8,8,0,16,0,0
4069,1989,Basic,Widow,83801,0,2,15-03-2012,7,822,33,581,287,267,94,4,12,4,4,16,0,1
4070,1947,Graduation,Widow,28714,0,1,27-11-2013,32,245,76,31,130,12,141,3,1,1,2,9,0,1
4071,1948,PhD,Divorced,11108,0,1,11-01-2015,1,111,11,97,10,30,14,1,11,10,10,0,0,0
4072,1945,Graduation,Married,85547,1,1,11-12-2013,46,648,265,119,376,127,29,4,9,10,3,0,0,0
4073,1999,Master,Married,143104,1,0,08-07-2012,97,282,204,54,262,324,702,5,4,7,12,1,0,0
4074,1968,PhD,Married,110610,2,1,16-09-2015,45,471,472,53,429,87,39,6,4,4,3,12,0,1
4075,1992,Master,Married,28370,0,2,16-11-2014,25,173,93,157,106,21,122,8,9,0,13,12,0,1
4076,1957,Graduation,Divorced,113081,2,2,15-06-2015,65,59,517,975,69,232,534,3,7,6,13,14,0,0
4077,1997,Graduation,Married,45535,0,2,28-02-2012,73,305,26,275,70,120,193,7,5,4,0,5,0,1
4078,1965,PhD,Married,50129,2,2,17-05-2015,63,264,100,346,203,102,123,6,9,6,3,10,0,1
4079,1994,PhD,Married,106493,2,0,13-12-2013,21,1043,70,989,212,238,186,5,3,8,4,6,1,1
4080,1984,PhD,Widow,37242,0,1,16-10-2014,46,9,123,363,175,84,77,4,0,2,8,17,1,1
4081,1957,Master,Single,69826,0,0,25-09-2012,18,9,293,457,187,174,333,1,9,7,4,19,1,1
4082,1966,Basic,Married,16391,0,1,13-07-2013,19,46,72,110,45,36,27,2,14,3,4,0,1,0
4083,1947,PhD,Widow,148657,1,2,21-09-2012,16,305,99,796,729,265,604,6,12,1,2,2,1,1
4084,1998,Graduation,Single,149803,1,0,01-03-2015,51,1136,167,121,650,297,90,6,5,5,13,9,0,0
4085,1947,PhD,Single,47786,0,2,05-03-2014,9,418,68,228,230,59,104,0,0,6,14,2,0,1
4086,1952,Basic,Divorced,84615,2,0,02-07-2014,35,405,3,32,39,1,49,3,12,8,4,15,1,0
4087,1990,PhD,Single,56240,2,1,23-05-2013,25,528,77,554,203,87,203,1,12,8,2,12,1,1
4088,1948,Basic,Married,113718,2,0,18-10-2012,77,575,40,265,58,24,0,5,7,0,7,19,0,0
4089,1994,Graduation,Divorced,10147,2,0,31-03-2012,99,12,35,39,40,0,28,5,12,2,1,20,1,1
4090,1961,Graduation,Single,16217,2,2,09-01-2013,85,0,71,25,1,17,53,7,13,7,2,13,1,1
4091,1949,Master,Married,78564,2,1,12-06-2015,98,526,258,561,39,223,205,9,6,7,0,15,0,0
4092,1941,Graduation,Single,51992,2,2,28-07-2012,84,125,228,297,119,134,160,0,4,2,13,15,0,1
4093,1943,PhD,Single,72768,1,0,22-11-2015,70,69,74,133,259,198,215,0,1,3,11,6,0,1
4094,2000,PhD,Single,38815,2,0,27-01-2014,19,74,134,128,182,77,66,8,14,2,13,5,1,0
4095,1964,Master,Widow,41079,2,1,02-10-2012,52,211,80,363,160,90,16,8,12,1,14,3,1,0
4096,1988,Master,Widow,137509,2,2,17-11-2014,50,434,470,993,129,40,142,2,11,9,7,10,1,0
4097,1972,PhD,Divorced,84061,0,1,25-08-2013,17,830,311,458,381,128,35,6,3,0,9,11,0,1
4098,1964,PhD,Single,105252,0,2,17-11-2015,73,704,135,261,448,154,149,10,10,0,11,1,0,1
4099,1998,PhD,Married,55520,0,1,02-02-2014,75,158,136,294,89,175,0,2,15,1,6,16,0,1
4100,1971,Master,Single,141888,0,2,22-02-2013,51,910,141,1159,584,46,639,3,4,1,5,20,0,1
4101,1946,PhD,Divorced,87036,1,2,10-10-2015,43,735,306,106,196,212,98,6,8,9,15,15,0,1
4102,1954,Master,Single,140461,2,1,10-06-2012,17,333,425,1078,525,122,699,5,4,1,5,6,0,1
4103,1987,Master,Married,114685,0,0,26-12-2015,70,1030,368,298,80,291,445,7,1,0,6,0,0,0
4104,2000,Graduation,Married,64081,0,1,25-03-2014,13,298,82,186,12,164,246,1,0,1,5,1,1,1
4105,1970,Graduation,Single,139662,0,2,05-04-2013,39,1018,351,439,376,372,418,10,6,4,15,16,1,0
4106,1990,Basic,Divorced,92226,1,2,27-01-2013,91,753,7,878,309,292,137,6,5,4,8,6,1,1
4107,1973,Graduation,Widow,73227,1,1,12-05-2015,1,200,331,339,128,73,295,5,14,5,3,8,1,0
4108,1963,Graduation,Divorced,146234,0,0,27-09-2014,53,48,401,427,407,15,285,6,2,1,6,9,1,0
4109,1981,Master,Widow,17107,2,1,26-05-2013,47,65,8,6,61,14,63,3,1,6,9,12,0,1
4110,1996,Basic,Divorced,49157,0,1,07-01-2014,96,17,15,133,153,2,199,4,0,5,7,2,1,1
4111,1986,Master,Divorced,24559,2,1,24-05-2015,41,11,107,241,111,9,40,5,14,8,5,11,0,0
4112,1989,PhD,Widow,68519,1,2,21-11-2012,79,7,54,596,312,97,254,10,11,1,5,4,1,0
4113,1982,Master,Single,47912,0,1,06-12-2013,30,57,3,142,13,81,216,9,1,10,3,15,0,1
4114,1963,Graduation,Single,137091,2,0,13-06-2015,38,437,24,290,284,359,483,8,7,7,12,13,1,0
4115,1972,Basic,Widow,32503,2,0,30-03-2015,7,57,28,159,43,63,80,10,1,8,11,10,1,0
4116,1979,PhD,Widow,124750,1,2,06-10-2012,70,407,146,349,395,77,105,1,12,1,3,20,1,1
4117,1995,PhD,Widow,22555,0,2,13-11-2015,51,125,77,173,11,29,3,0,6,4,5,7,1,0
4118,1997,PhD,Single,22392,0,2,17-03-2013,15,4,55,68,67,72,25,10,12,7,9,19,1,1
4119,1970,Basic,Married,79640,0,1,16-01-2014,96,424,274,581,13,88,237,6,3,5,7,1,0,0
4120,1972,Master,Widow,137637,2,1,16-07-2013,5,299,149,22,556,232,161,4,0,4,5,19,1,0
4121,1968,Basic,Married,90466,2,0,17-02-2012,56,898,252,237,103,99,334,10,10,9,13,19,1,0
4122,1955,Basic,Single,70205,0,2,06-07-2014,76,497,102,700,184,185,144,1,8,2,7,17,0,1
4123,1998,PhD,Divorced,107628,1,2,22-03-2015,8,1057,495,731,427,181,334,1,14,7,14,13,1,0
4124,1956,Master,Divorced,62415,1,2,10-06-2014,99,617,146,281,312,57,240,9,10,10,11,14,1,1
4125,1982,Basic,Single,82969,1,1,06-10-2012,41,398,19,774,299,51,150,1,12,10,9,2,1,1
4126,1957,Graduation,Single,84261,1,0,14-04-2013,21,470,74,444,184,162,391,10,10,10,15,2,0,1
4127,1958,Basic,Single,87827,1,2,29-01-2015,55,455,346,101,106,151,319,6,7,6,15,9,0,1
4128,1977,Master,Single,143806,0,2,20-05-2012,7,530,90,419,560,241,241,9,11,7,9,8,0,0
4129,1940,Basic,Single,111162,0,1,05-08-2015,85,52,552,35,380,332,522,5,14,1,3,5,0,1
4130,1954,Master,Single,87252,2,2,19-10-2015,78,331,134,73,323,7,300,8,9,0,11,11,1,0
4131,1958,Basic,Divorced,68556,2,2,11-02-2014,2,482,90,630,257,201,227,10,15,4,11,0,1,1
4132,1961,Basic,Single,92554,1,1,12-03-2012,89,94,340,777,160,4,225,9,15,8,5,14,1,0
4133,1980,Master,Widow,102543,2,0,16-10-2015,98,196,228,853,290,194,307,1,6,10,9,4,1,1
4134,1949,Basic,Widow,136812,0,1,31-01-2013,73,1138,579,23,486,407,506,10,5,4,9,18,0,0
4135,1971,Master,Single,28056,2,1,08-12-2012,24,211,2,56,127,39,130,10,3,4,1,4,0,1
4136,1950,Basic,Divorced,143643,2,2,08-05-2015,58,296,523,298,655,338,353,5,7,2,4,16,0,1
4137,1949,PhD,Single,136716,2,2,04-08-2012,21,751,610,1007,134,40,415,3,14,9,14,15,1,1
4138,1993,Basic,Widow,59697,1,2,15-03-2015,76,213,262,41,239,150,47,10,2,3,8,15,0,0
4139,1964,Graduation,Divorced,101316,1,0,08-06-2013,34,390,454,827,286,317,499,8,1,1,7,12,1,1
4140,1965,Master,Widow,85221,1,1,05-04-2013,23,223,359,45,286,77,246,7,11,1,8,18,0,1
4141,1981,PhD,Married,131233,0,1,16-04-2014,97,107,253,400,640,84,277,6,2,9,12,16,0,1
4142,1963,Graduation,Divorced,72028,1,1,09-05-2013,82,266,73,559,263,113,241,1,2,1,8,13,0,0
4143,1995,PhD,Single,14471,2,1,20-03-2014,0,43,6,86,25,20,9,5,15,7,3,8,0,1
4144,1966,Master,Widow,140833,1,0,12-08-2013,12,16,214,195,355,77,201,8,14,9,5,18,0,0
4145,1945,Master,Married,121117,0,0,10-05-2015,61,731,47,1056,319,113,582,10,7,8,6,14,1,0
4146,1944,PhD,Divorced,44787,1,0,18-02-2012,35,77,130,190,170,45,206,8,7,7,2,3,1,0
4147,1975,Master,Single,97364,1,1,01-05-2012,8,253,117,480,248,101,83,4,5,10,14,3,1,0
4148,1995,Master,Single,50348,0,1,25-06-2013,66,211,14,378,160,114,122,6,13,0,4,15,0,0
4149,1953,PhD,Married,139587,0,2,22-09-2012,8,916,678,730,679,181,294,3,7,1,4,4,1,0
4150,1980,PhD,Single,81821,1,0,05-02-2013,54,48,155,108,263,225,160,8,1,1,5,15,1,0
4151,1983,Master,Widow,84352,2,0,10-06-2014,55,254,10,787,274,220,192,9,1,7,7,6,1,0
4152,1964,Graduation,Single,125680,0,0,29-03-2015,9,1108,433,1106,72,254,89,10,9,0,1,11,1,0
4153,1942,Master,Single,143962,0,0,09-10-2012,76,1095,279,1363,169,253,262,0,2,6,10,3,1,0
4154,1959,Graduation,Married,27204,2,1,20-02-2012,61,39,116,53,108,68,90,4,11,8,14,14,0,0
4155,1950,PhD,Widow,90305,2,2,25-03-2015,47,117,201,771,110,123,94,6,7,9,5,14,1,0
4156,1967,Graduation,Widow,122435,2,1,25-04-2013,23,469,176,599,610,399,153,9,11,2,1,12,0,1
4157,1971,Basic,Single,128285,1,0,05-03-2012,36,904,610,317,477,400,245,2,14,7,4,15,0,1
4158,1950,Graduation,Single,103521,0,2,26-06-2015,46,654,234,87,174,313,377,9,11,7,1,4,0,1
4159,1995,Master,Married,90817,2,2,12-04-2014,28,720,66,785,109,275,120,7,13,7,0,8,1,0
4160,1950,Graduation,Single,92615,1,1,17-05-2013,28,59,144,88,460,201,213,1,10,3,5,17,1,0
4161,1965,Basic,Single,119140,1,1,27-12-2013,43,96,168,375,311,357,429,3,3,3,5,4,1,0
4162,1982,Basic,Widow,60567,0,1,14-06-2014,91,383,60,73,293,101,56,6,3,6,6,17,1,0
4163,1983,Basic,Divorced,47768,0,1,16-05-2014,73,134,176,409,236,79,49,7,4,6,14,18,1,0
4164,1983,Basic,Divorced,147039,0,0,03-01-2013,47,519,473,779,702,82,336,4,15,5,7,0,1,0
4165,1946,PhD,Married,94892,2,2,10-02-2014,91,1,19,542,273,125,361,10,1,3,4,9,1,1
4166,1949,PhD,Widow,140533,0,2,15-12-2014,94,340,566,206,297,116,40,9,1,6,5,16,0,1
4167,1982,PhD,Single,23829,1,0,14-03-2012,53,14,30,62,117,35,18,7,0,1,12,13,0,0
4168,1961,Basic,Widow,79447,2,2,20-06-2013,20,523,325,91,333,88,259,5,4,7,7,0,1,0
4169,1951,Master,Single,102698,2,0,09-10-2013,4,113,64,729,156,150,281,9,5,6,15,17,0,1
4170,1983,PhD,Married,74842,0,2,28-01-2014,95,114,369,239,336,197,197,2,2,3,13,15,1,1
4171,1983,Master,Divorced,22842,2,1,16-03-2012,48,121,52,86,112,14,66,1,14,3,5,13,1,0
4172,1946,Graduation,Married,116743,1,1,08-06-2012,99,22,154,934,216,11,203,1,8,3,5,11,1,0
4173,1959,PhD,Divorced,29328,0,2,13-04-2012,32,102,64,15,26,56,105,4,3,8,14,9,1,0
4174,1954,Graduation,Divorced,40350,2,0,18-06-2013,6,396,52,13,142,116,84,9,7,6,11,16,0,0
4175,1968,Graduation,Widow,63996,2,0,28-04-2014,23,177,122,188,146,49,179,3,1,5,13,2,0,0
4176,1962,PhD,Married,110639,1,0,17-06-2012,32,44,115,118,244,346,310,2,12,8,1,18,1,0
4177,1998,Graduation,Widow,58705,2,2,20-10-2014,33,534,139,407,93,136,2,6,11,6,3,1,0,0
4178,1974,PhD,Married,127307,0,1,09-07-2013,26,23,136,615,509,402,418,7,6,4,9,13,1,1
4179,1963,PhD,Married,143889,1,0,06-04-2015,59,1267,528,1374,132,338,225,3,5,2,7,19,0,1
4180,1982,Master,Widow,38025,1,1,10-07-2015,15,353,87,42,77,46,73,4,4,3,2,2,0,0
4181,1965,PhD,Divorced,118056,1,2,14-07-2015,12,550,110,661,76,387,126,9,15,10,9,5,0,0
4182,1954,Master,Widow,65745,2,2,11-10-2012,3,420,227,432,175,46,192,3,2,1,6,1,1,0
4183,1995,Basic,Single,30936,2,2,13-04-2012,4,107,9,180,20,86,36,6,0,0,11,10,0,1
4184,1992,PhD,Divorced,26941,0,2,17-08-2013,89,215,81,151,105,76,120,2,10,0,8,12,0,1
4185,1955,Graduation,Single,111664,1,1,09-09-2012,58,603,395,454,419,277,500,5,3,6,13,14,1,0
4186,1998,Basic,Married,20075,1,2,30-06-2014,45,4,56,114,48,37,83,2,12,10,2,18,1,1
4187,1984,PhD,Divorced,65790,0,0,01-06-2015,80,133,155,455,327,149,125,4,6,3,7,3,0,0
4188,1993,Master,Married,62219,2,0,13-11-2014,67,198,76,24,242,163,118,6,7,3,12,15,0,0
4189,1994,Master,Divorced,79616,0,2,07-02-2012,86,438,111,285,338,120,68,3,2,4,5,8,1,0
4190,1992,PhD,Widow,71212,2,0,13-07-2012,91,704,44,626,276,8,59,1,7,9,7,14,0,1
4191,1987,Master,Married,18690,1,0,27-01-2014,66,137,73,150,32,6,13,1,4,1,4,17,1,1
4192,1994,Master,Divorced,118804,2,2,12-05-2015,95,650,237,1100,354,312,394,10,3,2,9,5,0,1
4193,1953,Basic,Single,114492,2,2,25-04-2012,89,647,27,1062,191,194,496,9,8,10,13,12,0,1
4194,1947,Graduation,Widow,70420,0,0,15-08-2012,41,666,155,220,233,28,314,6,0,8,15,5,1,1
4195,1996,Graduation,Single,118009,2,1,22-06-2015,17,410,150,1085,28,388,298,8,2,4,0,17,0,0
4196,1997,PhD,Widow,86818,0,1,24-04-2013,46,593,52,121,432,268,267,0,1,1,3,0,1,1
4197,1995,Basic,Widow,62626,2,2,08-08-2015,95,1,9,504,290,50,134,6,14,5,6,10,0,1
4198,1941,Basic,Single,13130,1,1,31-05-2013,71,34,3,47,53,35,43,4,0,5,1,17,0,1
4199,1973,Basic,Divorced,141679,2,1,31-01-2015,55,1144,637,900,80,413,152,10,0,6,14,18,0,1
4200,1974,Master,Married,71488,0,0,10-09-2013,81,352,262,609,203,36,348,5,13,5,6,13,1,0
4201,1957,PhD,Divorced,113608,0,2,08-07-2013,28,746,282,602,345,275,301,2,4,4,6,20,1,0
4202,1951,Basic,Married,43353,1,0,19-08-2014,7,374,49,382,115,70,69,7,13,1,12,1,0,0
4203,1989,Basic,Divorced,28214,0,0,09-02-2014,5,181,17,263,87,6,105,7,5,7,11,4,1,1
4204,1953,Master,Married,55672,1,2,16-03-2013,26,101,97,466,193,57,258,2,4,6,4,2,1,1
4205,1999,PhD,Single,83847,0,1,14-11-2015,41,87,156,272,332,150,401,3,11,9,12,19,0,1
4206,1947,Graduation,Single,141689,2,2,05-05-2013,99,361,533,1411,458,79,384,3,13,3,1,10,0,0
4207,1967,Basic,Single,101596,1,2,07-10-2013,56,882,328,937,27,75,292,9,3,5,7,18,0,0
4208,1944,PhD,Divorced,114406,2,2,21-04-2015,84,1071,184,103,73,262,3,6,9,5,6,10,1,1
4209,1943,PhD,Married,10846,2,2,16-11-2014,63,12,44,61,14,33,18,1,11,8,8,0,0,1
4210,1988,Master,Widow,18628,0,2,03-05-2012,18,71,37,114,40,60,34,2,4,3,11,16,0,1
4211,1969,PhD,Married,134730,1,0,10-04-2014,48,158,334,489,70,353,464,10,8,7,11,4,0,1
4212,1949,Master,Divorced,84068,2,2,07-03-2013,60,436,132,679,211,178,3,0,8,9,9,8,0,1
4213,1997,Graduation,Divorced,59020,1,0,14-08-2012,47,590,272,521,211,10,254,6,14,3,0,3,0,0
4214,1945,PhD,Widow,134895,0,1,05-08-2012,58,600,205,373,435,155,66,1,3,9,5,13,0,1
4215,1996,Basic,Widow,139117,2,2,21-03-2012,77,361,46,937,234,81,425,4,13,4,12,0,1,0
4216,1988,Master,Widow,77782,2,2,15-02-2014,24,72,337,176,258,28,75,8,4,7,9,12,0,1
4217,1974,PhD,Married,130207,1,2,09-04-2014,80,1035,301,13,271,85,196,10,3,0,6,20,1,0
4218,1941,PhD,Widow,147470,2,1,30-11-2015,61,158,107,1464,606,209,684,9,6,10,10,19,0,0
4219,1974,PhD,Married,90541,0,1,06-12-2012,2,18,47,747,272,248,10,8,2,0,8,19,1,1
4220,1977,PhD,Married,10302,0,1,31-07-2013,59,94,33,71,39,25,31,5,11,5,4,3,1,1
4221,1952,Basic,Single,136956,0,1,05-10-2013,28,1296,333,1239,76,43,548,10,9,4,10,16,0,0
4222,1940,PhD,Single,21279,2,2,18-06-2012,40,176,73,200,106,6,63,8,15,6,4,0,1,0
4223,1989,Master,Divorced,140674,2,2,12-04-2014,35,614,175,161,242,293,191,3,12,8,6,17,1,0
4224,1980,Master,Single,111424,1,0,13-05-2013,21,511,542,913,159,7,550,2,4,6,4,17,1,1
4225,1943,Graduation,Married,22880,0,0,13-10-2012,97,78,0,96,39,63,85,4,4,1,1,12,1,1
4226,1950,PhD,Widow,18251,0,2,05-07-2014,76,175,25,142,47,36,91,5,12,0,11,6,1,0
4227,1970,PhD,Married,61261,2,0,09-02-2015,42,283,273,234,206,162,288,0,14,1,7,5,0,0
4228,1979,Master,Divorced,143256,2,2,12-08-2012,74,1002,189,393,636,9,406,1,8,10,8,1,0,0
4229,1990,PhD,Widow,136867,2,0,06-01-2015,68,194,221,492,116,49,290,1,0,3,1,0,0,0
4230,1966,Graduation,Single,35255,1,1,25-12-2015,22,242,82,232,176,36,3,0,7,3,8,1,1,1
4231,1973,Basic,Married,50495,1,1,14-07-2013,4,447,8,211,193,163,118,10,13,6,14,12,1,0
4232,1991,Master,Married,14500,1,1,12-02-2013,68,49,35,70,33,35,35,5,14,8,3,0,1,0
4233,1974,Graduation,Divorced,114855,0,2,21-02-2014,5,853,155,945,194,141,273,1,7,7,7,9,1,1
4234,2000,Graduation,Married,101624,1,2,28-04-2012,8,902,364,636,100,333,184,6,8,6,6,1,0,1
4235,1967,Graduation,Divorced,102339,0,1,16-05-2012,41,217,3,988,399,197,314,0,13,1,9,19,1,0
4236,1958,Graduation,Widow,78876,0,1,20-08-2012,14,366,12,454,170,230,297,1,9,0,10,20,1,1
4237,1943,Master,Single,64401,1,2,03-02-2013,40,572,195,637,243,65,82,9,14,9,8,1,0,1
4238,1976,Master,Divorced,69540,2,1,09-12-2013,14,533,245,299,339,13,121,7,6,3,10,6,1,1
4239,1955,Graduation,Married,132122,1,1,05-05-2013,3,923,425,169,158,146,12,5,3,9,6,4,1,0
4240,1963,Graduation,Divorced,54719,2,1,29-08-2015,96,148,215,209,79,10,32,2,2,8,13,2,1,0
4241,1980,PhD,Divorced,133956,2,2,05-10-2014,68,364,35,139,258,211,242,8,8,9,15,10,0,0
4242,1970,Graduation,Divorced,19249,2,0,03-01-2013,2,79,81,130,16,54,60,0,0,2,8,2,1,1
4243,1961,PhD,Single,10804,1,0,13-08-2013,6,106,19,105,41,8,40,0,4,8,13,12,0,0
4244,1970,Basic,Single,128621,2,2,01-11-2014,76,1127,66,90,408,346,354,3,2,1,8,18,1,0
4245,1993,PhD,Married,94656,2,2,09-09-2012,46,902,238,64,101,19,161,6,10,10,5,14,1,0
4246,1959,Basic,Single,77270,1,1,16-09-2012,64,737,259,740,86,123,371,8,5,6,3,15,0,0
4247,1969,Master,Married,143751,1,0,29-08-2015,8,0,362,933,637,239,546,4,0,10,7,12,1,1
4248,1971,Master,Divorced,53303,1,1,26-02-2012,28,156,59,145,197,134,234,6,11,2,2,6,0,1
4249,1951,Graduation,Widow,50981,2,2,21-12-2015,42,6,144,298,101,155,69,0,8,4,4,11,0,0
4250,1978,Basic,Single,75865,2,2,08-01-2012,62,582,342,732,25,40,294,4,12,7,11,14,0,0
4251,1969,PhD,Married,130992,0,0,20-09-2015,72,37,295,888,583,329,219,4,6,6,2,20,0,1
4252,1941,Master,Widow,44499,1,2,15-11-2013,38,293,79,393,154,26,156,10,6,9,1,5,1,0
4253,1977,Basic,Widow,86138,1,1,25-11-2015,27,643,149,308,424,165,18,6,2,7,13,7,1,1
4254,1945,Basic,Widow,46260,1,2,22-04-2014,92,130,90,318,143,59,68,0,13,6,0,3,0,1
4255,1990,Master,Widow,12012,2,2,24-02-2013,96,23,33,99,39,25,11,10,5,1,14,1,0,1
4256,1953,PhD,Divorced,76301,0,0,05-06-2014,46,222,100,127,70,249,185,7,14,10,14,2,0,1
4257,1973,Basic,Divorced,57514,0,0,26-10-2014,27,144,59,286,3,186,85,7,12,2,14,10,0,0
4258,1982,Graduation,Single,20820,1,0,26-12-2012,21,2,89,184,57,41,46,6,15,0,7,9,0,1
4259,1982,Graduation,Single,38617,1,1,22-02-2015,43,341,129,268,125,99,12,10,2,2,3,2,0,1
4260,1956,Graduation,Single,99053,2,2,03-05-2013,88,657,101,480,210,57,382,2,5,10,2,4,0,1
4261,1947,Master,Single,104240,2,1,15-02-2012,62,1019,444,628,56,102,203,3,7,1,14,7,1,0
4262,1977,Basic,Divorced,40780,2,1,22-06-2015,88,183,196,315,21,75,203,9,4,4,6,19,1,0
4263,1976,Basic,Divorced,129761,0,2,14-12-2013,94,628,65,1042,16,298,16,0,6,9,3,19,1,1
4264,1958,Graduation,Widow,140133,0,0,13-08-2014,11,1022,490,236,299,324,528,4,3,10,5,10,0,0
4265,1988,Basic,Widow,56508,2,1,06-05-2013,6,130,88,135,104,19,108,5,10,7,8,8,0,1
4266,1975,Basic,Divorced,102353,0,1,14-06-2012,27,177,162,768,506,221,198,2,3,1,4,10,0,1
4267,1952,Master,Divorced,72305,0,2,11-05-2012,18,722,88,189,248,115,255,10,10,3,12,11,1,1
4268,1986,PhD,Divorced,126908,0,0,07-12-2012,16,801,614,1264,517,350,89,0,2,0,4,10,0,0
4269,1988,Master,Widow,16003,2,2,13-12-2012,36,73,57,105,66,12,19,3,11,9,0,20,0,1
4270,1974,PhD,Married,35491,1,0,23-04-2014,40,177,100,354,170,75,59,10,9,3,9,1,1,1
4271,1986,Basic,Single,49744,1,2,01-08-2012,15,326,212,451,68,74,207,10,1,4,1,13,1,0
4272,1973,PhD,Single,124726,1,1,26-09-2013,72,716,266,202,459,336,295,6,2,0,3,15,0,0
4273,1987,Basic,Divorced,138182,1,0,12-02-2013,78,189,379,826,318,187,400,1,13,0,2,2,1,1
4274,1978,Basic,Single,24530,1,2,11-04-2012,11,95,48,40,39,13,3,6,5,7,0,10,1,1
4275,1994,Graduation,Divorced,30115,1,1,21-06-2012,34,291,123,206,98,20,119,1,5,6,8,3,1,1
4276,1976,Graduation,Widow,29317,1,2,18-01-2015,58,113,97,242,15,84,39,4,12,9,9,20,1,1
4277,1995,PhD,Single,101012,1,0,13-05-2014,96,903,159,938,492,24,491,10,0,8,14,1,1,1
4278,1992,Master,Single,71682,0,2,22-05-2015,4,252,195,445,55,171,200,2,7,2,8,10,0,1
4279,1956,PhD,Divorced,80287,0,2,14-07-2014,53,524,55,217,339,24,213,8,9,3,7,19,0,1
4280,1956,Master,Married,105400,0,1,02-01-2015,31,357,371,864,321,132,480,2,10,3,3,2,1,0
4281,1999,Master,Single,123066,1,2,05-04-2014,88,482,145,869,86,88,138,2,11,10,2,20,0,0
4282,1977,Basic,Single,98335,2,1,18-05-2012,88,807,411,50,423,230,235,6,14,5,14,9,1,1
4283,1951,PhD,Divorced,80258,2,0,06-05-2013,49,476,208,254,101,111,301,10,0,10,5,18,0,1
4284,1997,Master,Single,118996,0,2,26-11-2013,91,24,400,157,472,394,570,8,5,9,4,13,0,0
4285,1984,Basic,Divorced,22847,2,0,28-11-2014,60,224,96,194,32,11,84,8,1,7,10,13,1,1
4286,1949,Basic,Widow,23822,0,1,11-06-2013,35,68,66,123,70,74,118,2,3,6,9,7,0,0
4287,1953,Master,Divorced,76842,1,0,09-09-2012,11,422,214,190,210,67,383,9,15,10,8,11,0,1
4288,1970,Master,Single,115120,1,1,30-10-2015,14,995,229,719,146,133,322,1,11,5,6,0,1,0
4289,1947,PhD,Widow,140274,2,0,04-11-2012,45,900,618,668,573,339,543,4,7,5,8,12,1,1
4290,1943,PhD,Single,110076,1,2,05-09-2012,90,614,428,932,292,154,139,6,2,5,9,3,0,0
4291,1986,PhD,Divorced,134127,2,1,19-07-2012,39,1045,628,979,179,348,384,10,2,6,0,7,1,0
4292,1977,Basic,Married,19822,0,0,18-09-2013,82,123,64,195,76,25,43,10,8,10,2,12,1,0
4293,1972,Basic,Divorced,136017,2,0,29-04-2015,0,249,500,1322,480,247,253,1,7,7,1,12,1,0
4294,1989,Basic,Single,13858,2,2,01-03-2012,86,22,52,110,46,22,5,5,4,6,12,9,1,1
4295,1982,Basic,Divorced,93955,1,1,23-01-2013,65,737,455,517,438,25,408,9,14,1,4,1,0,1
4296,1981,Basic,Widow,127423,0,0,12-05-2015,76,698,350,1124,261,19,276,2,14,5,7,0,0,1
4297,1967,Graduation,Widow,65206,1,2,27-05-2012,77,475,268,505,92,183,324,7,1,7,3,0,1,1
4298,1966,Graduation,Single,147081,0,0,23-12-2012,6,921,146,238,702,268,448,9,3,1,6,3,1,1
4299,1977,PhD,Married,26279,0,1,13-02-2012,69,90,16,62,19,54,56,2,4,7,6,12,0,1
4300,1949,Basic,Married,22398,2,2,01-04-2015,25,180,85,162,36,14,79,6,2,1,10,11,0,1
4301,1982,Graduation,Married,36428,1,0,15-11-2015,87,8,177,16,14,119,131,10,9,8,6,12,1,0
4302,1979,Basic,Divorced,26109,0,1,16-12-2014,47,110,99,38,0,13,128,6,5,9,2,18,1,1
4303,1997,Graduation,Divorced,102401,2,2,14-08-2015,4,687,55,860,121,192,117,5,11,9,13,10,0,1
4304,1983,Basic,Divorced,89186,1,0,15-11-2012,92,488,408,787,104,160,157,8,0,9,14,10,0,1
4305,1976,PhD,Widow,140231,2,2,15-05-2014,6,901,527,253,190,374,349,6,9,1,4,11,1,0
4306,1982,Master,Married,147708,0,0,10-05-2012,74,1126,323,682,510,183,575,4,11,10,1,19,0,0
4307,1976,PhD,Divorced,81375,1,1,13-12-2013,13,786,365,221,343,199,314,10,1,9,13,7,1,1
4308,1974,Graduation,Married,67801,0,1,05-02-2013,59,612,333,345,243,196,278,4,6,6,7,15,1,0
4309,1965,Basic,Single,55058,0,2,13-06-2012,73,371,242,467,167,166,210,1,4,3,4,19,1,0
4310,1947,Graduation,Married,105916,2,0,29-08-2013,59,123,146,409,203,55,0,7,8,2,13,13,0,1
4311,1987,Basic,Widow,77360,2,2,17-07-2015,68,129,78,637,61,248,88,4,10,6,0,12,0,1
4312,1995,Master,Widow,20683,1,2,03-02-2014,93,80,21,156,43,59,25,2,12,9,12,16,1,0
4313,1993,PhD,Single,115122,0,2,07-05-2012,39,339,472,745,323,197,210,1,0,3,6,5,1,0
4314,1970,PhD,Divorced,43994,1,1,03-04-2015,31,431,49,62,151,43,74,0,8,5,2,0,0,0
4315,1958,Graduation,Married,32525,0,1,01-05-2014,46,202,146,222,0,85,21,2,4,6,7,19,1,1
4316,1997,Graduation,Widow,69648,0,2,27-02-2013,79,557,346,101,144,161,172,6,4,4,9,1,1,0
4317,1976,Basic,Divorced,115585,2,0,07-06-2013,81,1134,129,587,285,10,121,0,14,4,12,6,0,1
4318,1977,PhD,Widow,54328,1,0,13-05-2014,66,422,22,329,52,78,39,10,10,2,2,10,1,0
4319,1963,Master,Divorced,53278,1,0,18-04-2014,11,314,167,417,156,159,239,2,13,4,9,17,0,0
4320,1967,Basic,Single,109521,2,1,02-06-2013,89,973,22,108,298,4,51,3,2,2,8,0,0,1
4321,1970,PhD,Widow,29853,1,1,27-04-2015,39,132,140,183,148,96,145,5,9,0,12,8,1,0
4322,1966,Master,Widow,80762,1,1,27-07-2012,83,565,268,715,215,36,320,5,0,0,9,6,0,1
4323,1949,Graduation,Single,88036,0,1,28-12-2014,82,478,381,43,300,43,413,6,8,1,8,4,0,0
4324,1984,Graduation,Divorced,59097,2,0,29-08-2015,64,554,237,280,152,41,51,4,12,9,9,18,1,0
4325,1994,Graduation,Divorced,23289,0,2,23-02-2014,57,171,63,106,92,28,94,10,2,6,8,19,0,1
4326,1995,Master,Married,50672,1,2,20-08-2013,53,100,197,406,140,74,34,1,3,10,12,15,0,0
4327,1956,Master,Married,100684,0,1,04-01-2012,100,876,72,950,312,62,295,6,7,3,7,11,1,0
4328,1951,Graduation,Single,104454,2,0,09-10-2013,89,96,33,261,487,182,180,7,12,6,6,2,1,1
4329,1977,Master,Widow,136563,2,0,17-07-2015,19,192,142,1176,188,161,369,5,15,8,8,4,1,1
4330,1998,PhD,Widow,38252,2,0,15-07-2015,34,65,85,161,5,40,191,1,13,3,0,2,1,1
4331,1989,Graduation,Married,83912,2,2,31-01-2013,6,102,402,549,158,17,112,2,13,6,7,4,0,1
4332,1961,PhD,Married,85606,1,2,05-09-2014,83,320,290,391,58,150,283,7,4,1,6,11,1,1
4333,1973,Graduation,Married,24495,2,1,04-01-2013,35,49,109,128,110,62,20,9,11,8,14,9,0,0
4334,1991,Graduation,Widow,39287,0,1,23-03-2014,62,62,106,329,38,10,117,2,4,3,9,4,1,0
4335,1988,Graduation,Widow,16209,0,2,23-10-2014,68,117,40,67,51,20,21,5,2,5,7,16,1,1
4336,2000,Basic,Divorced,133742,2,1,01-08-2015,39,1077,448,1028,193,109,14,3,4,9,4,3,0,1
4337,1999,Master,Married,101926,2,2,15-02-2012,34,638,24,682,82,191,498,7,8,4,6,10,0,1
4338,1949,PhD,Widow,59412,1,0,11-07-2012,13,521,290,507,171,161,273,6,13,5,10,14,0,1
4339,1944,PhD,Married,91142,0,0,14-09-2015,33,201,382,467,68,57,184,0,11,6,4,12,0,1
4340,1970,PhD,Married,35082,2,2,15-08-2012,51,16,79,191,152,60,120,8,8,4,13,5,1,1
4341,1958,Master,Married,28617,1,1,11-05-2013,70,111,14,14,140,26,128,6,0,7,0,7,1,0
4342,1965,Graduation,Married,100387,2,0,26-04-2013,43,993,354,162,345,332,246,1,7,5,7,17,1,0
4343,1943,Graduation,Married,73445,2,1,31-03-2012,7,615,317,193,324,30,13,1,14,7,10,15,1,0
4344,1956,Master,Widow,54625,1,2,08-07-2012,45,422,4,348,200,105,152,3,0,8,1,1,1,0
4345,1963,Basic,Divorced,69635,0,1,25-03-2012,52,165,166,170,236,100,57,0,8,6,0,10,1,1
4346,1957,Basic,Widow,14084,1,0,17-11-2013,49,109,55,15,3,10,27,1,8,1,9,11,1,1
4347,1978,PhD,Single,62311,0,1,19-01-2014,94,326,25,39,282,38,277,2,13,7,14,20,0,1
4348,1960,Master,Divorced,147096,0,2,30-09-2013,90,1001,97,1399,380,360,484,10,11,10,12,2,1,1
4349,1985,PhD,Widow,134959,1,1,03-11-2012,99,952,598,495,226,439,145,9,13,4,2,2,0,1
4350,1986,Graduation,Widow,141011,2,2,08-12-2014,97,1011,274,894,81,224,340,10,8,5,7,3,1,1
4351,1980,Basic,Divorced,141644,0,1,29-06-2015,46,246,401,302,188,98,599,5,15,9,10,10,1,1
4352,1962,Master,Married,112393,1,1,25-03-2012,66,671,21,806,323,117,302,6,9,1,13,4,1,1
4353,1978,Master,Single,143153,0,0,27-02-2015,19,197,198,1062,183,441,471,7,0,0,14,17,1,0
4354,1959,Master,Divorced,88583,2,0,08-07-2015,33,594,421,493,122,143,239,9,2,9,7,20,1,0
4355,1987,Graduation,Widow,139340,0,1,09-03-2012,40,551,633,714,435,168,55,0,6,2,15,7,0,1
4356,1946,Graduation,Married,130054,0,2,08-08-2014,79,1013,363,327,530,317,40,10,12,1,14,2,0,0
4357,1954,Master,Widow,101814,1,2,17-09-2014,31,975,147,934,280,263,302,2,5,9,6,1,0,1
4358,1963,PhD,Married,84307,0,1,31-05-2012,38,3,142,492,236,229,272,10,11,1,10,18,0,1
4359,1998,Master,Single,114658,1,0,15-02-2012,64,443,50,693,107,249,281,9,5,10,1,15,0,0
4360,1993,Basic,Single,35155,1,0,19-12-2015,67,247,19,134,145,3,81,7,14,2,4,15,1,1
4361,1957,PhD,Widow,81919,2,0,20-06-2012,14,573,350,346,318,96,259,0,2,1,7,1,1,0
4362,1943,Graduation,Single,113414,0,0,20-02-2012,64,133,302,1017,102,91,149,8,1,8,12,4,1,1
4363,1996,Graduation,Divorced,129467,2,0,21-12-2013,6,1011,44,1275,643,185,37,1,15,2,7,16,0,1
4364,1952,Graduation,Widow,23807,2,0,07-09-2015,18,50,44,136,9,68,78,7,13,3,9,12,0,0
4365,1987,PhD,Married,113253,1,0,11-03-2014,55,996,480,1093,143,196,452,4,5,4,15,10,0,1
4366,1989,Master,Married,83558,1,1,26-01-2013,26,341,192,516,74,4,249,1,12,6,12,8,0,0
4367,1999,Master,Divorced,39664,2,0,27-04-2015,78,326,2,283,133,107,196,8,2,4,6,0,0,0
4368,1975,Graduation,Single,107318,2,0,24-05-2014,21,209,302,1006,81,313,154,2,1,6,12,0,1,1
4369,1973,Graduation,Widow,143903,2,0,03-05-2014,75,585,335,1389,2,282,700,3,5,3,12,14,1,0
4370,1965,PhD,Widow,80781,2,2,16-07-2013,24,58,196,118,143,266,221,5,13,4,2,5,0,0
4371,1987,Basic,Widow,55634,2,0,27-03-2015,4,97,25,67,191,4,123,3,13,1,5,8,1,0
4372,1958,Basic,Widow,145989,2,1,04-02-2014,50,178,201,514,702,372,163,3,12,6,10,9,0,1
4373,1964,Master,Widow,55114,2,0,28-03-2012,27,519,152,485,53,67,248,6,9,10,3,6,1,0
4374,1965,Master,Divorced,123529,2,1,30-11-2012,40,905,262,1125,70,227,591,4,10,1,13,3,1,0
4375,1940,Master,Divorced,136494,1,0,14-01-2014,48,811,92,13,60,161,130,5,5,1,6,13,1,1
4376,1943,Basic,Divorced,28088,1,1,17-11-2014,9,77,4,210,81,68,8,5,10,0,15,13,1,0
4377,1983,PhD,Married,137376,0,2,08-07-2013,30,691,210,66,129,352,523,3,5,7,15,1,0,0
4378,1940,Graduation,Single,64153,2,1,28-02-2014,83,462,97,130,242,49,271,1,9,8,12,14,1,1
4379,1951,Master,Married,89150,1,0,15-06-2015,72,94,384,705,152,268,261,8,5,5,1,4,0,1
4380,1957,Basic,Widow,85086,1,2,27-04-2015,91,105,73,817,103,247,31,0,3,10,8,1,0,1
4381,1982,Graduation,Divorced,89047,2,2,16-12-2012,61,438,426,73,439,210,363,8,15,2,9,10,1,0
4382,1968,Master,Widow,91889,2,0,29-07-2014,74,720,155,785,399,160,179,4,12,7,14,2,1,0
4383,1987,Basic,Married,78427,1,2,30-07-2013,90,372,70,77,237,53,80,5,13,4,8,18,1,0
4384,1991,Master,Widow,97398,0,2,30-07-2012,80,867,75,520,450,81,196,7,12,10,15,12,0,0
4385,1959,Basic,Single,128957,2,2,23-04-2012,35,1203,271,990,167,409,580,6,13,3,5,5,0,0
4386,1990,Basic,Divorced,103062,1,2,18-05-2014,62,54,41,178,120,67,435,8,7,8,13,3,0,0
4387,1993,Basic,Widow,105754,2,0,28-11-2014,78,995,172,1046,510,158,88,0,2,4,8,20,1,0
4388,1964,Master,Single,85387,0,2,09-06-2012,10,155,280,780,241,62,285,1,13,2,2,7,0,1
4389,1978,PhD,Married,22054,1,0,22-05-2013,16,2,45,11,2,41,68,10,2,5,15,1,0,1
4390,1978,Basic,Single,111977,1,1,13-05-2014,50,231,205,1105,62,299,382,1,14,8,4,16,0,1
4391,1993,Graduation,Single,138404,1,0,13-12-2013,18,919,553,1171,490,10,165,4,12,9,1,15,0,1
4392,1941,Basic,Single,88117,0,2,24-03-2013,26,365,200,858,320,53,427,6,14,4,2,3,0,1
4393,1967,Master,Single,92074,2,1,24-07-2012,79,246,173,724,441,224,63,6,14,2,8,8,1,0
4394,1953,PhD,Divorced,10966,1,2,16-09-2013,36,95,6,102,16,2,11,5,14,9,10,8,1,0
4395,1970,Basic,Single,36115,0,2,21-07-2012,60,170,119,80,49,5,86,0,15,9,6,11,1,0
4396,1984,Graduation,Divorced,100880,0,2,06-11-2013,36,771,14,808,440,311,126,0,3,2,7,16,1,1
4397,1974,Basic,Widow,46440,1,0,28-01-2013,66,335,2,96,73,7,47,5,4,3,4,5,1,1
4398,1965,Graduation,Widow,25955,1,1,03-04-2014,78,208,113,85,125,86,89,9,2,8,11,6,1,0
4399,1949,Graduation,Widow,69008,1,0,20-08-2012,71,668,219,120,299,114,50,0,13,6,13,17,1,0
4400,1954,Master,Single,111446,0,0,05-07-2013,52,827,131,624,159,57,332,8,15,3,12,4,0,1
4401,1954,PhD,Single,59255,1,1,04-04-2012,29,479,72,376,113,116,11,7,15,8,14,8,1,1
4402,1964,Basic,Widow,14269,0,1,22-04-2012,25,125,7,9,38,22,45,3,8,7,9,16,1,0
4403,1966,Graduation,Widow,104076,1,1,22-11-2014,23,277,399,867,263,167,324,1,6,6,15,5,1,1
4404,1958,PhD,Married,29884,0,1,11-10-2012,69,112,24,265,35,98,129,7,11,2,10,12,0,1
4405,1963,Master,Widow,31095,1,0,30-05-2015,39,279,151,21,116,64,19,5,5,6,0,5,0,0
4406,1963,Graduation,Married,91547,1,0,11-11-2015,84,825,274,664,203,215,178,4,9,3,6,0,0,1
4407,1983,Master,Widow,126673,0,0,28-03-2015,38,1104,332,66,302,413,61,5,10,6,15,2,1,0
4408,1970,Graduation,Divorced,71137,1,1,14-02-2013,54,38,352,678,204,144,210,7,8,4,4,0,0,1
4409,1967,Graduation,Widow,81342,1,2,02-12-2015,34,71,197,363,80,144,79,5,15,3,14,7,1,0
4410,1984,Basic,Married,130586,2,1,17-10-2013,5,25,244,469,40,98,565,3,11,9,12,3,0,1
4411,1994,PhD,Divorced,10184,0,0,06-11-2012,69,48,42,27,13,11,7,9,9,2,12,10,1,0
4412,1996,PhD,Divorced,116125,0,2,04-03-2012,65,385,472,401,55,59,502,8,9,9,10,4,0,0
4413,1962,Master,Divorced,56288,0,1,19-12-2012,17,51,33,461,175,4,103,5,11,6,6,7,1,0
4414,1992,PhD,Divorced,45422,2,2,11-12-2014,1,174,109,184,5,107,33,5,2,1,15,2,0,1
4415,1984,Master,Single,75242,0,2,27-12-2015,0,177,81,157,372,105,197,0,12,4,12,10,0,1
4416,1962,Master,Widow,70498,2,2,04-05-2015,24,455,325,336,341,64,251,3,6,3,11,17,1,1
4417,1990,Master,Married,47424,2,1,28-05-2013,7,381,44,428,188,56,122,4,15,5,12,12,1,0
4418,1975,PhD,Divorced,67725,1,2,03-01-2013,65,200,212,466,108,20,84,3,13,0,9,10,1,0
4419,1942,PhD,Widow,32640,1,0,17-06-2012,55,156,89,12,123,104,6,7,12,10,9,6,1,0
4420,1976,Graduation,Divorced,21439,0,2,19-11-2013,22,177,33,105,104,53,72,7,8,6,4,0,0,1
4421,1944,Graduation,Divorced,31262,1,1,13-06-2012,13,43,32,69,56,87,27,9,12,7,4,8,0,0
4422,1958,PhD,Widow,77689,1,0,21-01-2015,24,484,56,510,327,198,248,0,14,9,5,20,0,1
4423,1961,Master,Widow,61339,1,1,11-10-2013,74,481,7,215,204,198,172,5,3,1,12,11,1,1
4424,1981,PhD,Single,71949,1,1,17-12-2014,48,189,89,663,21,71,179,5,14,9,10,3,0,1
4425,1986,Master,Married,132929,0,0,21-04-2015,66,180,243,903,268,297,537,8,8,3,8,1,0,0
4426,1979,Basic,Single,114195,2,2,02-10-2014,27,1099,247,1136,437,310,206,4,12,7,9,5,1,1
4427,1997,Master,Widow,87275,1,0,17-11-2012,88,116,367,679,98,57,252,0,4,9,5,19,0,0
4428,1983,PhD,Married,34667,1,2,03-02-2012,37,196,123,221,70,24,159,7,10,5,6,0,1,1
4429,1955,PhD,Widow,101477,1,0,20-05-2013,2,337,299,389,119,158,110,10,0,10,4,14,0,0
4430,1966,Graduation,Divorced,128288,1,2,07-11-2014,46,1141,311,1004,236,382,306,9,5,9,13,14,0,0
4431,1973,Graduation,Married,117251,2,1,30-04-2012,77,768,190,1020,142,208,581,3,6,4,0,17,1,0
4432,1964,Basic,Married,85698,2,1,30-04-2012,76,466,131,753,414,220,379,8,14,7,2,2,1,0
4433,1974,Master,Single,90100,1,0,19-08-2013,55,141,385,403,205,155,183,6,12,10,1,20,0,0
4434,1973,Graduation,Widow,85927,0,1,25-08-2013,22,826,200,284,203,121,292,2,13,5,13,14,0,1
4435,1980,Master,Single,117360,2,0,16-04-2012,7,785,522,268,269,353,409,9,7,0,12,17,1,0
4436,2000,Basic,Widow,133123,2,1,08-08-2015,58,226,212,547,605,378,195,4,9,3,15,6,1,1
4437,1997,Graduation,Married,130394,0,1,20-07-2015,76,761,550,805,519,90,219,10,10,10,10,18,0,1
4438,1985,Basic,Divorced,72531,1,1,21-02-2015,81,394,333,225,293,151,248,6,8,9,10,13,0,1
4439,1996,Master,Divorced,14884,2,0,11-05-2013,47,72,7,33,40,32,29,0,10,8,8,19,1,0
4440,1947,Basic,Single,98681,1,0,09-10-2015,82,792,247,384,179,78,415,7,1,9,13,4,1,1
4441,1977,PhD,Married,64463,1,0,11-07-2013,22,45,247,508,288,159,266,6,6,8,3,19,1,1
4442,1944,Graduation,Divorced,33374,2,2,04-04-2014,25,141,90,259,108,94,86,4,11,7,11,14,1,0
4443,1999,Master,Married,61924,0,0,10-03-2015,64,616,283,297,229,80,165,7,14,4,4,15,0,1
4444,1967,Graduation,Widow,83280,2,2,14-03-2014,100,359,213,651,288,137,78,0,13,2,7,19,0,0
4445,1941,Graduation,Divorced,85211,1,0,12-04-2014,28,67,156,82,374,271,219,3,3,9,9,13,1,0
4446,1967,Basic,Married,43903,2,0,26-11-2013,21,231,125,80,83,100,108,1,15,2,6,17,1,0
4447,1943,Graduation,Single,148316,1,2,04-05-2014,44,928,387,1039,221,17,6,5,4,6,6,13,1,1
4448,1959,Graduation,Widow,129479,1,2,01-12-2015,35,1020,347,549,84,75,278,7,4,9,9,12,1,0
4449,1970,PhD,Single,40483,2,1,01-03-2013,17,81,107,34,109,10,142,1,11,5,12,19,1,0
4450,1961,Graduation,Married,67740,1,2,13-02-2013,4,159,222,59,53,185,293,10,6,1,11,16,0,0
4451,1959,Master,Married,25951,0,2,01-07-2013,72,70,22,217,71,81,18,8,14,2,4,6,0,1
4452,1955,Basic,Single,83236,1,1,19-08-2013,76,58,214,276,43,195,91,1,10,9,10,10,1,0
4453,1985,PhD,Widow,122912,2,2,02-07-2012,75,105,224,105,83,63,518,5,4,5,11,13,1,0
4454,1998,Basic,Divorced,125885,0,1,26-11-2013,74,279,621,1155,1,373,3,2,13,4,2,7,0,1
4455,1941,Graduation,Single,27268,1,2,27-07-2013,53,85,81,193,26,7,9,10,0,9,12,20,0,1
4456,1965,Basic,Married,56006,2,0,29-10-2015,93,252,110,383,125,76,245,2,0,5,12,0,1,0
4457,1959,PhD,Single,131658,1,1,07-05-2015,82,999,90,1238,365,153,182,6,0,10,15,0,0,1
4458,1980,Graduation,Single,32830,0,1,15-05-2012,7,188,77,0,80,92,70,0,8,2,14,17,0,0
4459,1955,Basic,Married,74331,1,0,23-05-2013,5,564,76,507,248,175,75,1,2,7,0,1,0,0
4460,1997,Basic,Divorced,45669,0,2,12-07-2015,27,10,67,253,154,58,58,6,1,2,13,1,1,1
4461,1995,Basic,Divorced,23632,2,2,25-05-2012,18,215,88,156,94,67,55,5,15,6,4,17,0,1
4462,1992,Graduation,Married,97120,1,1,29-08-2015,36,576,65,783,64,170,478,5,3,0,0,13,1,0
4463,1968,PhD,Widow,37790,0,0,30-08-2012,49,138,156,323,176,78,97,0,13,10,11,2,0,0
4464,1951,Graduation,Single,50159,1,2,19-01-2014,39,297,193,465,51,150,4,10,14,6,7,20,1,0
4465,1960,Graduation,Divorced,66010,0,2,18-06-2013,77,138,58,599,58,45,227,7,14,6,0,17,0,0
4466,1958,PhD,Divorced,24775,1,2,08-01-2012,100,90,108,140,93,24,91,3,0,10,7,18,0,0
4467,1968,Basic,Widow,73002,2,2,24-05-2015,76,212,240,475,227,207,219,7,10,4,5,5,0,0
4468,1968,PhD,Single,109795,0,1,27-04-2013,87,400,220,312,23,128,179,8,4,2,15,8,0,0
4469,1946,PhD,Married,131763,2,2,28-11-2014,90,1177,68,632,227,87,34,0,0,7,3,19,1,1
4470,1974,Master,Married,92027,0,1,02-01-2015,22,421,121,881,165,177,42,5,13,9,10,17,0,1
4471,1968,Basic,Divorced,69566,0,2,04-04-2013,96,440,304,480,143,123,308,7,7,1,6,8,1,1
4472,1986,Basic,Divorced,84633,0,0,12-01-2015,8,216,234,538,24,60,360,8,14,0,8,13,0,0
4473,1998,Basic,Divorced,131892,0,0,06-03-2015,70,443,88,245,23,280,329,0,4,8,14,16,0,1
4474,1947,Basic,Single,68530,1,1,29-08-2014,17,234,283,93,309,117,50,3,8,5,2,8,0,1
4475,1974,Master,Divorced,61153,0,0,21-07-2014,1,534,215,337,149,171,23,5,9,4,11,20,1,0
4476,1941,PhD,Married,115849,2,1,19-12-2014,21,725,107,1080,23,244,268,5,14,7,4,20,0,0
4477,1943,Master,Single,70436,2,0,24-01-2012,62,90,28,246,104,49,221,3,2,5,1,18,0,0
4478,1976,Basic,Single,67795,0,1,27-10-2014,71,607,286,333,248,56,34,5,0,9,13,0,0,0
4479,1972,PhD,Widow,10654,1,1,03-11-2013,9,40,3,22,31,18,50,6,5,9,2,14,0,0
4480,1963,PhD,Widow,44945,2,0,18-05-2013,59,418,182,216,29,108,102,3,4,2,9,3,1,1
4481,1951,PhD,Divorced,128424,2,2,11-01-2013,82,101,437,1143,229,254,600,0,14,2,13,8,1,1
4482,2000,Graduation,Divorced,130337,1,2,05-03-2015,52,252,572,522,584,417,359,5,5,3,15,9,0,1
4483,1949,Graduation,Divorced,20603,0,0,03-11-2013,40,3,23,115,63,34,76,4,9,3,0,15,1,0
4484,1955,Master,Married,141520,0,0,27-12-2015,21,1065,524,28,634,293,465,1,1,3,0,5,1,0
4485,1968,Basic,Widow,62535,1,1,17-01-2013,14,97,153,65,310,204,206,8,12,5,14,1,1,1
4486,1944,Basic,Widow,40863,1,1,04-04-2013,62,317,85,46,81,101,100,8,6,0,0,7,1,0
4487,1964,Master,Widow,110086,0,2,27-03-2012,74,521,113,780,463,42,228,1,3,7,12,0,1,0
4488,1958,Basic,Married,74423,2,0,14-01-2015,32,607,186,161,23,78,127,8,14,8,4,12,0,1
4489,1999,Basic,Single,65471,0,2,04-06-2014,95,34,67,92,216,85,193,7,9,0,2,8,1,0
4490,1980,Master,Divorced,123279,1,2,11-01-2012,100,134,475,647,465,315,38,6,10,0,14,11,1,0
4491,1997,Graduation,Married,65735,0,0,11-06-2013,33,442,175,466,151,107,182,10,15,9,3,4,0,0
4492,1981,Basic,Married,114117,2,2,17-04-2012,61,1029,353,345,350,324,367,6,1,3,10,10,0,1
4493,1995,Master,Single,13137,1,2,04-12-2015,31,94,65,15,1,17,60,2,14,0,5,12,1,1
4494,1956,Master,Widow,23828,1,0,27-02-2012,34,28,0,22,92,23,109,10,13,8,12,13,0,0
4495,1994,Basic,Married,133258,1,0,24-07-2013,63,501,258,704,53,170,151,4,2,6,6,14,0,1
4496,1980,Basic,Single,68237,2,1,18-12-2015,38,650,65,405,23,220,98,8,12,4,0,11,0,0
4497,1963,PhD,Single,69429,1,2,28-10-2013,63,517,221,31,278,157,281,4,4,1,3,8,0,0
4498,1984,Basic,Single,10292,2,2,13-12-2015,45,74,12,85,51,22,6,5,5,7,3,13,1,1
4499,1941,Master,Married,58536,2,1,27-06-2014,98,350,136,252,205,34,130,4,6,1,3,0,0,1
4500,1942,Graduation,Divorced,100042,2,0,29-12-2013,64,347,444,58,260,296,91,3,8,5,7,15,1,0
4501,1972,Basic,Single,61427,0,1,27-10-2015,51,458,138,157,78,38,269,8,10,3,7,7,1,0
4502,1981,Graduation,Single,104947,2,0,05-04-2012,88,688,177,641,397,276,433,0,15,7,10,4,0,0
4503,1997,PhD,Divorced,133291,1,2,11-03-2015,33,338,203,1137,393,108,1,1,2,0,9,15,1,1
4504,1978,Master,Single,67272,0,1,06-11-2013,71,50,325,218,131,197,104,10,14,7,11,8,0,1
4505,1981,Master,Widow,65143,1,2,23-01-2014,15,346,190,595,264,190,216,5,5,5,13,17,1,0
4506,1991,PhD,Married,70164,1,0,17-11-2012,11,224,220,424,71,50,292,1,6,0,8,8,1,1
4507,1951,Basic,Single,85585,1,1,17-07-2014,29,786,338,131,139,156,359,9,8,7,11,14,1,1
4508,1948,Graduation,Married,136912,2,1,23-08-2015,2,1005,95,491,447,158,193,0,6,0,13,13,1,1
4509,1954,Graduation,Married,109827,0,2,12-06-2014,84,444,75,1048,248,352,163,9,1,7,4,2,0,1
4510,1982,Master,Single,80922,0,1,16-04-2012,4,381,149,130,86,235,183,3,2,0,5,20,1,0
4511,1995,PhD,Single,111099,2,0,27-11-2012,51,66,233,1071,325,323,58,1,7,10,2,14,0,0
4512,1940,Graduation,Divorced,45989,0,2,02-03-2014,26,195,58,324,180,23,181,7,8,4,15,3,1,0
4513,1977,Graduation,Married,102757,1,2,24-12-2015,31,385,400,243,106,21,476,3,4,10,14,16,0,1
4514,1963,Graduation,Divorced,46457,2,2,20-01-2015,5,454,186,62,4,48,2,7,0,2,12,11,0,0
4515,1962,Graduation,Widow,50110,2,0,28-10-2012,53,1,242,207,213,61,225,10,9,1,13,13,0,0
4516,1972,PhD,Married,67669,1,1,26-12-2012,39,348,129,625,173,35,197,2,2,10,2,12,0,0
4517,1964,Basic,Divorced,22865,0,0,06-07-2012,4,180,91,22,42,57,28,1,3,2,6,2,1,0
4518,1990,Master,Married,106186,2,2,05-09-2015,95,701,529,340,139,124,267,8,14,1,5,7,1,0
4519,1947,PhD,Widow,74480,1,0,08-08-2014,55,389,46,350,180,190,111,1,0,0,12,7,1,0
4520,1951,Basic,Married,109880,1,0,17-12-2015,80,999,546,747,11,18,331,5,12,7,5,3,0,1
4521,1988,Graduation,Divorced,100445,1,2,12-10-2013,92,8,28,495,324,131,486,9,13,5,3,7,0,1
4522,1948,PhD,Divorced,77620,1,2,27-12-2015,34,276,299,23,379,97,202,9,14,3,7,15,1,0
4523,1987,Basic,Widow,130305,0,2,13-05-2014,68,367,47,605,269,319,2,0,10,2,8,4,0,0
4524,1972,Master,Married,141920,2,2,27-06-2015,98,922,370,1327,430,254,129,7,6,10,10,15,1,0
4525,1975,Basic,Divorced,43267,0,2,29-11-2014,48,410,27,105,103,14,187,6,2,2,14,7,1,1
4526,1989,PhD,Single,27502,1,2,05-05-2014,62,69,80,4,136,73,109,1,7,7,11,16,0,0
4527,1940,PhD,Divorced,131177,0,2,03-06-2013,32,565,117,575,472,251,187,8,12,10,8,7,1,0
4528,1971,Master,Divorced,109794,2,0,13-11-2015,72,386,542,267,164,143,409,6,8,3,7,5,1,1
4529,1994,Graduation,Married,109263,0,2,20-09-2014,33,452,340,699,361,353,336,1,3,2,14,14,0,1
4530,1977,Graduation,Divorced,26467,0,1,29-09-2015,22,44,90,215,23,80,6,10,15,0,14,14,1,0
4531,1995,Basic,Single,41415,1,0,22-01-2015,36,281,160,32,179,14,103,9,11,0,10,6,0,1
4532,1987,Master,Married,75785,1,2,07-03-2013,48,78,160,283,211,225,176,1,1,6,13,3,0,0
4533,1992,Master,Widow,63605,1,0,04-02-2013,88,633,152,54,178,81,78,0,12,9,0,20,0,0
4534,1976,PhD,Widow,16406,0,1,09-04-2014,31,56,46,93,8,25,48,0,6,5,13,3,1,0
4535,1949,Master,Married,104840,2,0,18-04-2012,71,207,44,505,500,233,385,0,13,6,15,1,0,1
4536,1961,Graduation,Married,81060,1,2,16-06-2013,52,747,314,634,212,155,163,1,3,5,0,1,1,0
4537,1967,Master,Married,115986,2,2,29-09-2014,50,870,9,1055,270,205,430,0,5,7,8,16,1,0
4538,1941,PhD,Widow,14729,2,1,06-06-2013,67,90,57,69,32,0,4,3,0,2,4,17,1,0
4539,1962,Master,Divorced,128816,2,2,28-10-2013,100,1082,539,683,20,330,342,8,5,1,2,9,1,0
4540,1949,Basic,Married,45292,1,2,26-07-2012,19,365,24,132,116,64,92,4,0,4,14,10,0,0
4541,1984,Basic,Widow,98805,2,1,30-06-2015,5,975,380,750,493,286,173,9,6,0,3,11,1,0
4542,1941,PhD,Single,99110,1,2,24-04-2015,86,211,485,858,238,150,488,5,13,3,12,6,1,1
4543,1973,PhD,Single,131111,0,2,07-01-2012,79,282,419,1240,350,280,252,7,10,3,11,4,0,0
4544,1948,PhD,Married,25278,0,0,01-08-2012,33,230,19,114,82,9,39,5,0,4,14,15,0,0
4545,1944,Graduation,Single,80404,1,1,26-04-2013,43,602,226,639,26,184,122,3,8,9,15,13,1,0
4546,1959,Master,Married,42514,2,0,11-08-2015,42,321,194,82,95,88,136,5,10,5,6,9,1,0
4547,1987,Graduation,Divorced,58736,0,1,13-05-2015,35,523,242,94,20,177,130,6,11,9,5,18,1,0
4548,1972,Master,Widow,85327,1,1,27-05-2012,87,172,403,219,415,245,86,10,12,6,4,10,1,0
4549,1956,Master,Single,91812,1,0,27-04-2012,75,355,56,747,280,295,220,4,15,2,9,1,1,1
4550,1998,Graduation,Single,23169,1,0,29-11-2012,68,82,19,63,65,22,6,5,3,6,5,1,1,1
4551,1987,Graduation,Single,77749,2,0,18-11-2015,20,597,318,471,39,84,86,7,11,10,2,10,0,1
4552,1969,Master,Married,43442,2,2,30-09-2014,31,253,170,416,204,79,25,6,7,7,6,14,0,0
4553,1949,Master,Married,27435,1,0,08-02-2015,62,5,41,89,60,20,136,8,15,3,11,0,1,1
4554,1989,Graduation,Widow,12875,2,1,20-06-2015,34,125,14,118,30,38,3,3,12,6,8,3,1,0
4555,1992,PhD,Married,10730,1,0,18-05-2013,69,31,52,46,9,19,36,3,6,2,14,5,1,0
4556,1985,PhD,Married,125320,2,0,09-02-2013,97,372,582,227,522,156,222,9,13,8,14,20,0,0
4557,1988,Graduation,Married,113242,1,1,15-04-2015,61,709,187,1120,550,284,474,10,14,4,10,8,0,0
4558,2000,Graduation,Widow,124681,2,0,09-03-2013,35,63,461,597,391,355,233,4,9,4,6,19,1,1
4559,1954,PhD,Married,61423,1,2,08-11-2012,53,546,87,273,54,178,70,1,3,8,1,1,1,0
4560,1952,PhD,Single,57701,2,1,05-03-2013,96,152,143,192,245,27,271,2,0,5,13,7,1,0
4561,1969,Master,Divorced,85733,1,2,31-05-2012,39,65,104,668,315,141,25,3,9,6,11,3,1,0
4562,1944,Basic,Divorced,87219,1,1,11-09-2013,81,422,69,829,379,65,433,2,4,3,15,15,1,1
4563,1949,Master,Divorced,136102,0,0,03-07-2015,30,416,656,1235,40,81,657,7,15,5,7,3,1,1
4564,1974,Master,Widow,21353,2,2,06-08-2015,22,162,69,65,58,36,33,10,0,5,9,15,0,0
4565,1980,Master,Widow,61057,2,0,22-09-2013,91,189,237,223,272,164,126,5,8,0,8,12,0,1
4566,1984,Graduation,Married,90029,2,2,25-11-2012,92,613,270,156,382,264,144,3,4,10,10,12,1,0
4567,1989,Graduation,Single,15575,1,1,24-02-2014,14,50,10,53,55,40,47,3,9,0,13,3,0,1
4568,1985,Basic,Married,106971,1,2,04-02-2015,79,717,443,364,52,119,440,9,8,5,1,9,1,0
4569,1972,Graduation,Single,43772,0,2,01-12-2012,31,382,216,4,123,31,201,0,3,8,14,10,0,0
4570,1958,PhD,Single,57838,1,2,11-10-2014,64,273,91,260,123,130,169,4,6,10,1,0,0,1
4571,1971,PhD,Divorced,81875,2,0,01-03-2012,59,450,302,585,389,114,281,8,0,7,15,2,0,1
4572,1980,Master,Married,35413,0,2,31-10-2014,12,92,107,214,102,41,168,8,0,7,3,2,1,1
4573,1966,Basic,Divorced,89069,1,2,19-08-2015,99,486,393,438,39,122,180,3,7,2,10,16,0,0
4574,1975,Graduation,Widow,46905,1,0,15-04-2013,21,344,73,353,88,72,13,1,1,5,7,19,1,0
4575,2000,Graduation,Divorced,106289,1,2,20-03-2012,31,287,71,445,50,244,490,4,3,5,5,17,0,0
4576,1963,Graduation,Married,18346,0,2,15-02-2015,35,179,82,78,38,21,80,3,0,3,6,18,0,0
4577,1998,Basic,Divorced,99492,0,0,20-04-2015,45,14,110,741,317,245,174,2,9,4,7,12,0,0
4578,1980,Graduation,Single,131781,0,1,25-11-2013,43,115,23,123,243,27,467,7,0,1,3,0,1,0
4579,1977,Master,Single,134519,1,2,14-02-2014,68,93,126,372,279,112,646,8,6,4,2,15,1,0
4580,1989,Graduation,Widow,140413,0,1,14-08-2014,58,328,568,319,159,285,509,4,5,6,14,3,0,0
4581,1941,Graduation,Divorced,69567,2,1,11-11-2013,55,255,269,645,208,148,295,1,5,7,13,8,0,0
4582,1958,PhD,Widow,64734,2,2,12-06-2012,56,611,33,19,47,68,285,8,0,6,3,2,0,1
4583,2000,Master,Married,80393,2,0,20-11-2012,38,577,367,721,341,105,200,9,2,9,11,5,1,0
4584,1941,PhD,Widow,136038,1,2,02-03-2013,85,15,251,1330,497,361,459,1,11,10,10,18,1,0
4585,1965,Graduation,Divorced,108285,2,0,21-01-2013,71,102,290,93,481,277,462,7,4,2,5,7,1,0
4586,1957,PhD,Widow,67385,0,0,12-01-2014,41,371,259,539,67,178,138,8,5,5,8,16,0,0
4587,1952,Basic,Married,52968,0,2,13-08-2015,30,277,180,66,35,14,168,1,3,9,11,3,1,1
4588,1963,PhD,Widow,149866,2,2,02-02-2015,75,412,448,1418,213,444,359,8,12,7,9,12,0,1
4589,1955,Graduation,Divorced,28541,0,1,20-01-2014,54,216,97,99,80,69,139,7,9,9,12,14,1,0
4590,1956,PhD,Divorced,96021,2,1,26-09-2014,51,493,202,126,403,217,92,2,9,2,1,1,0,1
4591,1942,PhD,Divorced,139396,1,1,21-06-2015,83,850,421,232,60,416,254,1,12,2,14,4,0,0
4592,1954,Basic,Single,25761,1,0,02-09-2015,71,222,9,179,104,4,5,5,8,0,14,4,1,1
4593,1986,Basic,Single,24156,2,2,26-06-2013,55,118,53,82,117,16,87,3,15,6,7,8,0,1
4594,1970,PhD,Single,140529,2,2,20-05-2014,53,425,574,662,501,192,37,6,15,10,6,5,0,0
4595,1952,Basic,Married,112016,1,0,09-06-2012,0,855,56,859,392,331,216,7,14,3,14,19,0,0
4596,1974,PhD,Divorced,113921,2,2,16-02-2013,86,43,62,778,147,155,556,7,6,6,11,4,0,1
4597,1966,Master,Single,138340,2,0,10-08-2012,34,586,320,27,355,436,479,9,10,5,3,3,0,0
4598,2000,Basic,Widow,55202,2,1,15-02-2013,13,48,160,248,248,143,214,5,0,4,1,18,1,1
4599,1976,PhD,Divorced,59998,1,2,12-07-2014,11,270,285,562,183,26,27,1,9,7,9,13,1,1
4600,1969,Master,Divorced,60959,2,2,18-02-2015,39,388,48,74,16,132,267,3,14,8,9,16,0,1
4601,1967,Basic,Divorced,138317,1,0,04-08-2014,98,637,409,735,395,389,586,3,2,4,3,5,0,0
4602,1947,Master,Widow,104360,0,0,15-05-2014,76,302,132,565,401,164,127,8,12,8,3,14,0,1
4603,1986,PhD,Divorced,30471,0,0,19-07-2012,44,156,119,147,63,86,104,6,8,6,2,13,0,0
4604,1940,Basic,Single,54930,1,2,10-03-2015,29,32,160,497,26,27,49,2,9,0,7,6,0,1
4605,1946,Basic,Married,52333,0,0,19-03-2015,14,357,177,226,47,110,194,9,8,4,14,16,0,1
4606,1997,Basic,Single,61690,0,1,11-08-2014,86,431,249,435,223,86,44,1,1,1,2,2,1,1
4607,1960,Graduation,Married,32545,1,0,19-03-2012,81,253,17,29,95,29,19,6,12,1,15,4,0,1
4608,1988,PhD,Divorced,126275,1,0,04-05-2012,26,982,615,750,456,66,289,9,12,10,14,4,0,0
4609,1950,Graduation,Widow,106638,2,0,23-02-2012,29,819,298,4,390,216,373,0,10,9,7,11,1,0
4610,1969,Basic,Married,118055,2,2,19-05-2014,98,407,33,581,454,205,321,4,12,2,7,15,1,0
4611,1973,Master,Single,115840,0,1,16-09-2013,31,497,370,846,23,167,188,10,5,8,4,9,1,0
4612,1954,Graduation,Married,105887,2,2,05-03-2013,23,56,8,62,190,12,271,10,15,3,1,6,1,0
4613,2000,Basic,Married,120895,1,2,01-02-2012,86,455,267,604,103,81,187,5,7,7,12,6,1,0
4614,1958,PhD,Single,87869,0,2,15-10-2013,92,132,339,205,325,111,0,7,8,2,3,10,1,0
4615,1959,Basic,Widow,86877,1,2,23-08-2013,92,764,35,680,117,237,148,1,1,7,5,18,0,1
4616,1998,Master,Divorced,71881,2,1,21-10-2015,2,270,8,308,155,129,160,9,9,6,2,3,1,0
4617,1968,Graduation,Divorced,133016,1,0,07-12-2012,32,392,655,500,618,181,370,9,3,8,5,9,0,1
4618,1977,Basic,Divorced,149016,0,2,31-03-2014,38,832,349,1069,658,488,615,3,3,10,10,14,1,1
4619,1944,Basic,Married,57076,0,1,06-03-2015,72,21,216,346,73,170,52,1,11,9,2,14,0,0
4620,1973,PhD,Divorced,82857,0,0,28-09-2013,63,293,258,798,340,226,0,2,7,10,3,18,1,0
4621,1962,Basic,Married,18161,1,2,03-03-2012,22,30,80,96,54,24,50,1,6,8,12,2,1,1
4622,1979,Graduation,Widow,123077,2,2,06-01-2014,31,454,466,740,222,134,274,7,1,5,6,14,0,0
4623,1981,PhD,Widow,15445,2,0,29-07-2012,30,42,59,37,6,10,46,2,9,5,3,15,1,1
4624,1961,PhD,Widow,118264,0,2,02-03-2014,8,1025,260,1144,568,393,432,3,13,0,8,3,0,1
4625,1970,Graduation,Single,74809,0,2,23-11-2013,46,172,147,628,211,247,316,6,2,5,0,2,0,0
4626,1964,Master,Single,77499,0,1,27-05-2013,52,481,314,61,124,4,381,0,12,1,4,7,1,1
4627,1958,Basic,Widow,98521,0,2,24-12-2012,57,283,319,182,204,231,302,7,6,10,13,16,1,1
4628,1944,PhD,Divorced,68855,2,1,30-12-2014,79,369,308,661,124,35,175,7,0,7,10,3,0,0
4629,1969,Graduation,Single,90606,0,0,13-02-2015,37,245,394,411,151,238,268,5,10,1,5,7,1,1
4630,1962,Master,Married,65579,1,2,05-12-2014,97,21,80,483,327,47,68,9,6,0,8,18,0,0
4631,1970,Basic,Widow,78175,1,1,05-08-2014,52,179,227,225,258,52,30,10,5,1,15,3,1,0
4632,1991,PhD,Single,53692,1,0,10-08-2012,97,64,65,192,92,133,38,7,13,9,12,5,0,0
4633,1955,Basic,Single,71386,2,1,03-11-2013,34,205,78,12,39,8,1,2,4,2,4,9,1,1
4634,1946,Master,Widow,22911,0,1,29-09-2015,46,34,27,83,73,34,109,6,10,6,10,14,1,0
4635,1956,Basic,Married,129531,2,2,28-06-2015,7,565,598,1109,194,261,68,7,4,2,11,8,1,1
4636,1962,Graduation,Divorced,132329,0,0,04-02-2013,95,824,624,995,291,218,50,6,6,2,4,1,1,1
4637,1945,Master,Widow,75651,2,1,14-03-2015,39,224,219,486,304,14,109,8,7,7,10,1,0,0
4638,1952,Basic,Single,104205,2,2,30-01-2014,13,79,228,94,88,202,251,9,1,2,10,6,1,1
4639,1994,Graduation,Married,134589,1,1,14-09-2013,22,623,266,1001,369,307,33,4,5,9,3,6,0,0
4640,1943,Basic,Single,139845,0,1,30-08-2013,0,664,211,850,511,415,368,9,11,10,11,2,0,1
4641,1952,Graduation,Married,23384,2,2,04-06-2014,65,107,75,183,25,65,30,1,1,1,1,11,1,0
4642,1993,PhD,Widow,107975,0,0,28-02-2015,67,1047,168,581,245,270,8,6,4,7,2,5,1,1
4643,1964,Basic,Widow,26562,1,0,19-01-2015,44,111,54,167,78,13,113,6,1,7,10,12,0,0
4644,1973,Master,Widow,117144,1,2,16-09-2015,78,205,397,1011,171,306,532,9,7,2,8,8,1,1
4645,1967,Graduation,Divorced,110109,1,1,20-05-2015,20,520,64,11,24,286,213,10,14,9,12,11,1,1
4646,1988,Master,Widow,105596,2,2,11-03-2014,100,379,173,614,382,133,184,9,4,6,7,20,1,1
4647,1990,PhD,Divorced,51769,1,1,30-12-2012,36,16,8,323,39,17,159,5,8,9,10,5,1,1
4648,1995,Basic,Widow,24574,0,1,22-05-2014,98,122,62,205,62,81,42,7,15,9,10,8,1,0
4649,1951,Basic,Divorced,76065,1,0,07-09-2013,74,397,332,513,339,60,282,3,8,9,10,1,1,1
4650,1980,PhD,Divorced,65945,0,0,19-10-2014,92,473,77,610,174,79,281,5,11,0,0,4,1,1
4651,1993,Basic,Single,37061,2,0,17-12-2012,74,172,145,351,45,110,182,1,0,4,3,1,1,1
4652,1945,PhD,Married,64662,2,1,16-12-2012,19,493,0,178,236,142,212,0,11,0,4,16,1,0
4653,1987,Basic,Single,36828,0,0,30-03-2014,99,11,178,276,11,36,103,4,5,1,1,15,0,0
4654,1945,Graduation,Single,115726,2,2,26-07-2013,54,923,201,444,317,93,249,0,6,4,8,6,1,1
4655,1945,Master,Divorced,63769,1,2,07-12-2014,71,627,1,336,113,191,274,2,14,10,9,19,1,1
4656,1949,Graduation,Widow,125499,2,1,27-06-2014,60,373,0,196,258,335,182,9,9,6,7,3,0,1
4657,1953,Master,Single,147976,0,2,14-11-2014,8,404,393,690,540,22,637,3,9,0,1,16,0,0
4658,1960,Master,Widow,14597,1,0,03-04-2015,56,145,10,144,56,4,27,1,10,4,11,12,1,1
4659,1981,Basic,Widow,23757,2,1,21-03-2012,80,50,95,130,11,59,23,6,3,9,11,3,0,0
4660,1945,Graduation,Single,135390,2,2,13-11-2013,56,1162,187,1074,353,300,128,0,14,0,4,19,1,1
4661,1971,PhD,Single,56681,1,1,25-10-2012,20,21,91,130,277,85,216,10,14,6,9,18,1,1
4662,1941,Graduation,Widow,94905,2,0,20-11-2013,5,642,287,825,202,26,147,4,14,4,14,9,1,1
4663,1941,PhD,Married,42537,0,0,10-05-2015,11,396,40,5,134,101,57,3,10,0,0,12,1,0
4664,1942,Basic,Married,115789,1,2,14-11-2014,91,820,503,1105,211,108,425,7,5,9,0,4,0,1
4665,1952,Basic,Married,92476,0,0,17-12-2015,9,289,344,226,116,55,179,5,0,2,12,15,1,0
4666,1996,Master,Divorced,71687,1,0,15-08-2013,94,230,242,415,192,90,221,8,14,3,12,18,0,0
4667,1957,Basic,Married,79580,2,2,27-08-2015,53,3,104,726,353,121,200,3,5,6,9,12,0,1
4668,1977,Basic,Single,125834,0,2,29-07-2014,99,409,439,1232,366,62,76,3,0,5,13,3,1,0
4669,1940,Graduation,Divorced,93825,2,0,14-12-2014,96,624,243,483,236,66,240,7,1,7,11,17,1,1
4670,1968,Graduation,Widow,112245,2,2,22-04-2012,97,404,115,576,31,89,385,0,9,6,7,20,0,1
4671,1965,Master,Widow,66649,1,1,05-01-2013,79,107,145,403,92,61,251,10,1,8,0,5,1,1
4672,1945,Basic,Married,119264,0,0,13-07-2014,63,1106,536,397,555,187,472,3,9,0,3,8,0,1
4673,1982,Master,Widow,94668,0,1,21-01-2013,36,887,374,494,404,239,465,8,13,9,1,7,1,1
4674,1963,Master,Single,48033,2,1,22-04-2015,42,61,122,69,51,34,35,7,12,1,10,0,0,1
4675,1942,Master,Divorced,92954,0,2,03-11-2015,55,623,359,553,379,40,291,1,9,3,10,3,0,1
4676,1995,Basic,Divorced,81805,1,0,13-02-2012,65,302,148,478,203,194,157,0,11,6,7,18,1,0
4677,1975,PhD,Single,58259,0,0,19-08-2015,28,157,207,56,234,139,56,6,10,4,3,10,1,1
4678,1955,Graduation,Divorced,101193,2,0,19-03-2012,46,950,177,677,199,159,29,10,11,7,8,6,0,0
4679,2000,Basic,Married,95786,0,1,18-01-2014,46,283,77,872,451,225,22,6,15,2,9,13,0,0
4680,1993,PhD,Married,96382,0,1,11-08-2015,13,814,439,121,61,19,3,6,6,2,0,6,1,1
4681,1961,Master,Married,63094,2,0,10-11-2013,87,35,157,305,112,153,159,4,2,2,2,19,1,0
4682,1971,PhD,Married,81923,0,1,03-02-2013,79,244,163,192,291,36,273,0,8,5,1,10,0,0
4683,1989,Master,Divorced,28423,2,2,17-06-2015,89,21,125,107,41,44,130,2,8,7,3,1,1,1
4684,1983,Master,Married,25541,1,1,19-01-2012,15,225,1,17,40,51,9,2,7,3,14,2,0,1
4685,1959,Graduation,Single,59157,2,2,06-09-2015,17,145,82,19,105,138,149,5,5,0,7,19,1,1
4686,1982,Master,Married,131351,2,1,14-02-2015,22,1103,32,955,415,365,582,5,2,0,1,6,1,0
4687,1970,Basic,Widow,79427,2,2,26-12-2015,81,45,14,101,234,264,187,0,13,5,0,13,1,0
4688,2000,PhD,Divorced,70560,1,1,21-04-2013,39,630,241,14,76,32,296,0,2,2,13,14,0,0
4689,1965,Basic,Single,105901,0,2,25-07-2013,76,759,459,726,244,226,453,1,7,8,2,10,1,0
4690,1986,Graduation,Widow,126969,1,0,15-07-2013,58,893,383,196,501,118,69,3,8,7,15,12,1,0
4691,1988,Graduation,Widow,111612,1,0,21-07-2014,48,447,462,806,539,137,133,4,5,3,8,3,0,1
4692,1967,Master,Single,63792,2,0,15-11-2012,20,89,235,250,143,162,17,10,1,6,6,6,1,0
4693,1987,Graduation,Widow,84800,0,0,07-05-2013,16,600,75,189,413,184,38,1,12,4,10,6,1,0
4694,1950,Master,Widow,14686,0,2,20-08-2013,20,144,46,67,63,25,69,6,10,7,12,15,1,0
4695,1980,Master,Married,111685,0,2,21-06-2012,82,622,462,937,402,351,499,3,1,4,14,10,0,0
4696,1969,Graduation,Widow,86188,0,0,31-10-2015,74,586,15,470,322,130,221,9,6,4,6,19,0,0
4697,1943,Master,Widow,123956,0,2,08-01-2015,81,410,15,273,220,155,240,9,15,2,4,9,1,0
4698,1998,Graduation,Divorced,92321,1,0,13-06-2015,23,338,31,327,124,263,187,2,9,9,3,6,1,0
4699,1980,Graduation,Married,146514,1,0,13-10-2015,56,944,244,1255,384,3,65,8,4,0,4,6,1,0
4700,1950,PhD,Divorced,17832,0,2,16-06-2015,63,112,23,153,88,54,66,0,11,4,10,0,0,0
4701,1992,Master,Single,136980,1,0,31-05-2014,31,979,681,133,137,51,370,0,1,8,14,0,0,0
4702,1974,Graduation,Married,148597,1,1,04-05-2012,63,1025,361,1122,572,403,220,9,7,0,11,0,0,0
4703,1959,Master,Widow,78969,1,0,21-06-2013,6,130,368,126,272,256,239,3,5,0,1,13,1,1
4704,1994,Graduation,Divorced,82632,1,1,17-09-2015,33,222,11,440,119,75,343,0,3,3,6,6,0,1
4705,1998,Basic,Single,56285,2,0,25-08-2015,96,498,234,2,38,120,129,8,14,9,13,15,1,0
4706,1962,Basic,Married,96258,1,2,21-03-2015,79,546,165,53,298,95,454,10,8,4,9,0,0,0
4707,1974,Master,Widow,134244,2,1,03-10-2013,35,838,429,681,378,276,637,6,2,1,8,19,0,0
4708,1965,Basic,Married,112278,1,2,14-07-2012,79,760,382,1045,314,135,222,8,1,0,0,20,1,1
4709,1942,PhD,Widow,135631,2,1,11-07-2013,89,309,477,524,445,202,286,1,6,4,13,8,0,1
4710,1970,Master,Widow,43636,1,2,20-01-2012,29,239,199,231,84,76,185,1,6,3,14,16,1,1
4711,1994,Graduation,Widow,25963,0,1,21-01-2012,23,180,41,172,5,57,13,2,9,10,3,6,0,0
4712,1994,Master,Widow,75831,1,0,04-05-2012,90,308,78,250,246,187,70,2,1,4,4,0,1,1
4713,1994,Master,Married,78299,2,2,19-12-2012,61,768,361,233,188,51,49,3,6,4,6,19,0,0
4714,1942,Graduation,Divorced,77434,0,1,15-12-2012,11,707,221,750,161,2,135,5,8,10,7,17,1,1
4715,1975,Graduation,Widow,135448,1,1,13-01-2012,35,1001,109,1106,45,412,470,1,0,10,4,1,1,0
4716,1991,Master,Single,18272,1,2,03-01-2015,93,55,71,40,51,53,67,4,10,9,12,18,0,0
4717,1973,PhD,Divorced,96038,0,1,07-07-2014,31,529,413,188,333,106,349,5,0,6,0,8,0,1
4718,1953,Master,Divorced,69411,0,0,02-05-2014,44,32,116,57,220,100,245,8,15,3,1,9,1,0
4719,1979,Basic,Single,90249,2,0,13-08-2014,62,611,171,692,293,246,183,7,7,4,6,15,1,0
4720,1966,Graduation,Married,34864,1,1,19-04-2014,5,288,80,68,116,101,75,4,2,10,4,19,1,1
4721,1975,Master,Single,95484,1,1,15-09-2012,9,669,119,611,426,197,15,0,12,5,11,17,1,0
4722,1970,Graduation,Divorced,109602,1,2,13-09-2014,86,393,411,69,25,222,338,7,8,3,12,9,0,1
4723,1968,Master,Divorced,70138,2,2,08-12-2013,39,63,111,520,180,221,78,9,12,5,1,20,0,0
4724,1984,Master,Single,29535,2,1,31-03-2013,13,174,68,81,126,76,146,0,9,10,13,9,1,1
4725,1991,PhD,Widow,93068,0,2,11-08-2014,18,565,399,25,423,154,438,0,8,5,0,19,1,1
4726,1966,Master,Single,104415,2,2,08-01-2015,83,234,417,315,27,46,200,2,15,5,1,6,0,0
4727,1988,Master,Widow,82505,2,2,22-04-2013,90,70,111,223,23,148,293,4,7,3,0,14,1,0
4728,1970,Master,Married,34507,0,2,21-05-2015,44,68,159,152,32,2,78,1,13,6,6,0,1,1
4729,1946,Basic,Married,96610,1,0,30-04-2014,1,864,396,955,234,182,379,3,1,2,8,12,0,0
4730,1980,Graduation,Widow,64769,1,1,06-06-2012,73,14,212,151,266,40,267,5,11,9,1,17,1,1
4731,1972,Graduation,Divorced,87895,1,1,28-12-2013,84,426,141,66,45,265,84,1,9,8,11,10,0,1
4732,1990,Master,Single,113424,1,2,21-04-2012,71,1118,564,1022,43,32,265,4,6,1,12,2,1,1
4733,1986,PhD,Single,86366,1,2,16-02-2014,86,122,289,433,44,224,215,3,0,7,2,8,0,1
4734,1980,PhD,Single,138240,1,0,07-10-2013,58,511,628,273,290,130,455,2,3,10,2,13,0,0
4735,1961,Basic,Divorced,38308,0,1,19-03-2015,41,277,65,49,127,64,124,2,4,6,8,20,1,1
4736,1997,Graduation,Single,124319,2,2,08-11-2013,18,679,285,183,419,385,557,2,14,8,7,18,1,0
4737,1958,PhD,Widow,55170,1,0,18-09-2013,56,328,25,424,219,179,102,4,10,0,9,20,0,0
4738,1986,PhD,Married,38568,1,0,27-08-2015,9,305,48,338,64,78,179,8,12,9,1,20,1,1
4739,2000,PhD,Widow,145305,2,1,01-07-2012,61,849,342,0,278,283,412,2,2,8,7,0,1,1
4740,1966,Basic,Widow,98615,0,2,09-12-2013,39,806,201,816,487,100,394,4,5,10,4,0,0,1
4741,1992,Graduation,Widow,91032,0,2,26-03-2012,95,262,147,401,132,156,420,6,12,6,1,10,0,0
4742,1957,Graduation,Married,111212,0,2,18-08-2015,52,145,523,794,229,43,465,2,15,8,1,9,1,0
4743,1958,PhD,Married,28481,1,0,20-08-2015,22,118,111,11,78,68,121,0,11,1,11,9,0,1
4744,1941,Basic,Married,143915,2,2,13-06-2014,39,1386,353,473,214,347,402,10,1,4,7,11,0,0
4745,1993,PhD,Married,81282,0,0,09-01-2013,92,111,88,667,399,44,34,7,1,4,5,0,1,0
4746,1943,Master,Divorced,134916,2,1,03-04-2015,58,355,447,216,509,435,17,9,3,6,14,18,0,1
4747,1973,Basic,Widow,111245,1,1,23-10-2014,47,263,457,334,232,75,540,3,1,4,12,9,0,1
4748,1969,Master,Divorced,79346,0,1,18-02-2012,0,731,3,629,139,226,393,7,11,9,10,5,1,1
4749,1980,Basic,Widow,139926,0,1,25-09-2013,24,883,362,1250,322,340,342,4,1,10,14,7,0,0
4750,1996,Master,Married,58405,0,2,18-06-2012,28,229,243,472,17,51,261,7,12,0,5,18,1,0
4751,1985,PhD,Single,109088,2,1,02-06-2015,11,714,458,456,446,350,32,0,13,3,8,8,0,1
4752,1987,Master,Married,133243,2,1,24-07-2012,65,867,416,1041,659,32,344,9,4,9,10,10,0,1
4753,1990,PhD,Widow,69290,0,1,27-11-2013,31,444,74,689,222,138,10,9,0,4,2,1,0,1
4754,1941,Graduation,Married,121369,2,2,12-07-2014,34,508,434,599,17,399,459,3,8,8,6,8,0,1
4755,1961,Master,Married,149536,1,2,02-05-2012,5,145,129,724,118,340,158,8,8,2,5,20,0,1
4756,1956,Graduation,Divorced,98966,1,0,06-03-2015,16,898,39,763,195,263,372,7,4,1,9,4,0,0
4757,1950,Graduation,Single,65758,0,0,27-04-2014,6,165,107,372,272,20,300,7,2,7,8,2,0,1
4758,1971,Master,Single,32160,0,1,21-10-2015,96,293,109,318,31,86,102,0,6,3,7,12,0,0
4759,1954,Master,Single,106367,2,2,13-05-2014,82,549,478,78,224,38,79,2,7,7,7,9,1,1
4760,1992,Master,Single,135313,2,2,22-06-2012,21,335,54,632,4,165,150,1,6,4,3,0,0,0
4761,1948,PhD,Married,112582,2,1,26-12-2012,82,497,201,153,468,134,158,5,9,2,14,8,0,0
4762,1980,Graduation,Divorced,83780,1,0,09-06-2013,47,589,240,351,303,104,329,0,10,0,9,15,0,1
4763,1945,Basic,Single,130081,2,1,24-01-2012,94,584,238,406,383,392,634,5,11,8,15,15,0,1
4764,1986,PhD,Married,78902,2,2,25-06-2014,58,389,152,565,42,2,26,9,5,10,1,0,0,1
4765,1962,PhD,Divorced,103847,0,0,02-08-2013,39,999,415,956,516,212,358,3,13,5,2,10,0,1
4766,1969,Basic,Widow,149723,0,1,14-08-2013,47,518,676,1093,538,204,158,3,1,7,7,7,0,1
4767,1945,PhD,Divorced,21645,0,2,28-12-2012,52,116,35,122,63,41,87,4,4,9,2,15,0,1
4768,1973,Basic,Married,148602,0,0,25-08-2015,32,299,212,1032,329,5,189,7,11,5,8,8,0,0
4769,1941,PhD,Single,95518,0,2,13-10-2015,96,348,102,644,242,94,420,6,10,2,10,15,0,0
4770,1987,Basic,Divorced,46716,0,2,27-10-2014,45,304,39,348,20,60,129,0,13,3,12,14,1,1
4771,1961,Graduation,Widow,47930,2,1,23-05-2013,66,398,191,60,3,63,213,1,9,3,5,20,1,1
4772,1980,Master,Married,17148,0,1,18-04-2012,74,84,55,16,72,48,37,0,9,2,10,1,0,0
4773,1958,PhD,Widow,106147,0,2,08-08-2012,58,510,297,354,304,249,437,9,8,3,4,11,0,0
4774,1972,Basic,Single,66052,2,1,21-01-2012,66,184,53,72,63,220,322,1,3,4,15,11,1,1
4775,1957,Basic,Widow,13221,1,2,20-09-2012,55,95,36,10,19,40,54,3,11,3,0,13,0,0
4776,1971,Master,Widow,113579,1,0,22-07-2012,35,69,219,458,365,57,26,4,0,3,13,5,1,1
4777,1989,Basic,Married,137433,2,1,30-06-2013,23,1224,461,1060,677,108,413,6,5,5,8,8,0,1
4778,1961,PhD,Widow,49335,0,1,01-08-2013,73,428,237,193,0,157,68,0,9,8,0,12,0,1
4779,1979,Basic,Single,91508,2,2,21-04-2014,21,790,293,482,228,95,114,1,0,10,12,17,1,0
4780,1978,Master,Divorced,60449,0,2,29-08-2012,22,254,229,558,57,95,189,1,12,6,11,11,1,1
4781,1966,Graduation,Single,28043,2,0,06-08-2014,94,77,104,141,60,5,116,9,6,2,8,14,0,1
4782,1980,PhD,Divorced,117289,0,1,31-05-2012,42,64,337,315,56,347,242,8,9,7,13,18,0,0
4783,1981,Graduation,Single,114528,2,2,16-04-2013,22,501,371,643,368,51,315,3,1,10,14,6,0,0
4784,1984,Master,Widow,83972,2,0,14-02-2015,53,23,14,427,231,123,162,7,5,9,5,7,1,1
4785,1958,Graduation,Divorced,143505,0,1,13-06-2015,14,784,46,1043,102,319,613,2,1,1,6,12,0,0
4786,1985,Master,Widow,118292,1,2,05-10-2014,66,458,388,265,302,276,406,8,5,2,11,9,1,0
4787,1995,Graduation,Divorced,130340,2,2,30-04-2015,13,762,501,602,15,142,284,5,5,2,5,16,0,0
4788,1949,Graduation,Single,46661,0,1,29-09-2013,66,109,150,149,158,113,55,3,12,7,13,7,0,1
4789,1982,PhD,Single,36384,2,0,21-03-2015,69,95,78,209,120,87,58,0,9,5,6,8,0,1
4790,1969,Master,Single,93185,1,2,26-12-2014,25,822,314,477,289,296,202,2,11,4,10,18,1,1
4791,1943,Master,Divorced,81312,2,0,21-01-2015,78,572,100,604,140,125,363,10,14,5,3,16,1,0
4792,1963,Basic,Divorced,62840,2,2,04-04-2013,94,622,10,433,137,98,259,0,5,9,15,17,0,0
4793,1983,Graduation,Divorced,124365,0,1,10-12-2015,45,110,16,1019,539,199,355,3,8,10,0,0,0,0
4794,1962,Basic,Single,40958,2,2,31-07-2013,27,256,169,391,155,4,12,3,12,6,9,3,1,0
4795,1979,Basic,Widow,22921,2,1,07-03-2015,6,21,95,178,58,21,10,7,4,10,13,0,1,1
4796,1977,Master,Married,27118,0,2,23-04-2014,64,253,62,246,111,79,45,5,4,0,10,13,0,0
4797,1984,Master,Divorced,10466,0,0,15-05-2012,16,57,20,72,9,10,32,5,11,8,11,19,1,1
4798,1996,Basic,Single,37011,0,1,25-12-2012,89,101,26,347,167,92,106,6,0,10,10,3,1,1
4799,1970,Graduation,Single,130378,1,1,18-09-2015,86,669,131,730,220,160,47,7,10,1,10,18,1,1
4800,1955,PhD,Single,34005,0,0,11-10-2014,95,139,157,195,91,9,87,9,10,9,12,1,1,1
4801,1956,PhD,Single,101192,0,2,25-07-2013,9,243,378,129,441,182,364,6,9,5,7,16,1,0
4802,1995,Basic,Divorced,37179,2,1,26-05-2013,25,181,39,200,26,30,155,2,3,8,10,15,0,0
4803,1940,PhD,Single,114508,0,1,22-09-2015,97,382,137,350,439,69,105,1,8,8,0,10,0,1
4804,1974,Graduation,Married,72252,2,2,27-07-2014,12,324,178,137,41,16,99,2,2,0,3,2,0,0
4805,1982,Basic,Divorced,138122,1,1,12-02-2012,95,604,338,762,686,268,560,6,12,1,3,14,0,0
4806,1940,Master,Single,72192,2,2,21-02-2015,27,584,230,698,117,187,1,7,12,1,4,19,0,0
4807,1968,Master,Widow,12174,1,2,12-11-2014,56,99,7,62,31,40,57,4,1,0,14,8,1,1
4808,1967,PhD,Single,97571,0,2,17-06-2014,88,820,171,879,131,186,261,8,11,8,10,6,1,0
4809,1994,Master,Single,118022,2,1,14-07-2012,87,283,532,286,424,90,102,1,1,0,15,16,0,0
4810,1960,Basic,Widow,136781,2,1,22-03-2013,33,727,141,176,460,420,317,5,4,2,2,17,0,0
4811,1942,Basic,Married,66156,2,0,07-07-2013,55,61,89,419,98,212,269,6,6,8,3,2,1,0
4812,1949,Basic,Widow,124129,1,1,20-05-2012,11,966,453,379,207,262,220,3,4,9,0,10,1,1
4813,1987,PhD,Married,15253,0,0,16-09-2013,24,53,36,125,34,12,30,9,6,2,3,13,1,1
4814,1967,Graduation,Widow,36951,2,0,15-01-2012,76,194,158,135,68,117,176,6,13,8,12,5,1,0
4815,1954,Graduation,Single,61811,0,2,04-02-2013,14,303,235,381,39,75,44,2,10,6,2,16,0,1
4816,1942,PhD,Married,79164,1,1,02-07-2013,26,237,302,316,65,110,313,7,7,2,6,17,1,0
4817,1954,PhD,Widow,75740,1,0,25-11-2013,85,186,116,605,53,29,18,1,10,6,15,6,1,1
4818,1948,Graduation,Single,139602,2,0,17-11-2012,80,11,269,582,154,448,416,1,11,10,2,16,1,0
4819,2000,PhD,Married,96007,1,0,09-10-2015,8,492,11,426,135,163,355,9,0,2,5,14,1,1
4820,1989,Master,Single,97956,1,0,27-10-2015,47,814,139,300,124,88,335,7,3,3,14,6,1,0
4821,1980,PhD,Divorced,116445,2,2,02-08-2012,99,1022,547,797,117,110,445,1,9,2,0,0,1,1
4822,1977,Graduation,Divorced,110413,1,0,13-01-2015,22,695,373,849,53,268,393,10,7,8,12,19,0,0
4823,1945,Graduation,Married,29781,2,0,03-03-2012,44,185,90,181,0,43,75,8,8,5,13,0,0,0
4824,1946,Basic,Married,120193,0,0,30-10-2015,27,868,260,374,366,375,515,6,15,3,10,8,1,1
4825,1970,Master,Divorced,112833,0,1,20-02-2015,78,936,141,462,15,323,2,10,5,10,9,11,1,1
4826,1977,PhD,Divorced,125029,0,2,30-06-2013,25,264,342,705,478,149,362,4,9,2,2,18,1,1
4827,1950,Graduation,Widow,23255,1,2,14-08-2013,19,26,4,190,19,61,70,7,9,8,5,20,1,1
4828,1983,Graduation,Married,59115,0,1,11-04-2013,2,365,37,325,76,149,71,8,6,3,13,15,1,1
4829,1984,Master,Widow,126301,0,2,18-02-2014,55,1255,540,843,604,193,531,9,12,2,2,17,1,1
4830,1967,Master,Widow,21305,0,0,31-12-2012,70,188,5,36,96,69,68,2,0,7,15,19,0,1
4831,1964,Master,Divorced,28109,1,0,16-01-2014,33,119,77,198,13,86,70,5,13,8,11,17,1,1
4832,1981,Basic,Widow,65525,0,2,03-06-2012,15,418,243,644,213,62,304,6,14,5,0,0,1,0
4833,1951,Basic,Divorced,98527,1,2,07-02-2012,27,799,128,694,406,241,140,1,3,5,15,3,0,0
4834,1957,Master,Single,14854,0,0,29-08-2014,74,88,70,69,45,5,27,5,3,8,9,7,0,0
4835,1953,PhD,Widow,92213,0,2,24-02-2014,7,794,67,673,36,27,368,6,3,7,15,2,0,0
4836,1945,Graduation,Widow,13105,0,0,11-04-2015,83,4,51,7,64,25,37,3,0,10,10,10,0,1
4837,1962,PhD,Divorced,76380,1,0,22-02-2013,32,672,68,539,320,168,30,9,5,0,0,8,0,1
4838,1992,Graduation,Married,115732,0,2,28-01-2012,0,249,265,755,138,46,563,2,13,8,8,3,0,0
4839,1948,PhD,Widow,30687,1,2,07-12-2015,88,262,34,238,96,33,40,9,3,5,2,0,0,1
4840,1995,Graduation,Married,136777,0,0,26-07-2013,66,1039,618,130,27,352,18,6,12,7,13,8,0,0
4841,1961,Master,Married,88484,0,0,24-06-2013,83,755,239,229,435,22,338,5,1,3,6,16,1,1
4842,1947,Basic,Widow,93766,1,1,11-01-2012,14,732,11,389,157,262,464,9,7,1,7,14,0,1
4843,1946,Graduation,Single,45557,1,1,02-07-2014,50,318,165,183,223,107,115,3,0,9,9,1,1,0
4844,1946,PhD,Widow,55823,2,2,27-04-2013,50,548,246,136,28,129,114,0,5,5,10,9,0,1
4845,1988,Basic,Widow,32067,2,1,06-11-2014,32,179,38,37,88,39,85,0,9,0,4,0,0,1
4846,1977,Master,Married,83520,1,2,15-03-2015,61,425,401,399,66,226,350,7,6,0,15,18,0,1
4847,1988,PhD,Married,137233,2,1,20-05-2012,80,1366,194,858,359,42,667,3,5,5,7,15,0,0
4848,1996,Basic,Married,125121,0,2,07-06-2012,68,583,311,525,353,16,381,7,6,0,9,15,1,1
4849,1945,Basic,Single,43154,0,2,29-09-2015,87,222,26,322,83,92,167,6,4,2,2,8,0,0
4850,1981,Master,Widow,127560,2,1,02-10-2014,13,337,125,10,597,320,481,1,4,8,7,18,0,1
4851,1996,Basic,Divorced,135694,0,2,20-10-2013,55,694,507,820,255,314,275,10,6,2,10,16,1,0
4852,1953,PhD,Married,33261,0,1,17-01-2013,11,269,46,189,36,32,43,0,6,0,1,17,1,0
4853,1951,PhD,Single,118178,2,2,10-09-2013,76,647,304,268,581,129,360,4,3,6,4,5,1,0
4854,1950,Basic,Single,41649,2,2,27-04-2012,97,118,66,38,82,0,36,4,6,6,0,7,1,1
4855,1975,Master,Married,59941,2,0,10-07-2012,65,481,265,203,97,74,66,5,5,1,12,5,0,1
4856,1984,Graduation,Widow,24362,1,2,01-12-2014,17,212,55,229,82,74,106,10,15,9,6,14,0,0
4857,1944,Basic,Widow,90010,1,0,19-10-2013,19,542,324,769,276,112,297,5,2,4,2,0,0,0
4858,1946,Basic,Married,11011,2,2,16-06-2012,98,66,7,13,5,31,31,3,8,10,0,16,0,0
4859,1940,PhD,Widow,114805,1,1,03-07-2012,91,704,52,305,28,367,105,7,13,8,7,0,1,1
4860,1942,PhD,Widow,124167,0,1,08-07-2013,51,575,374,998,383,23,64,0,3,0,3,15,1,0
4861,1972,Basic,Single,58100,1,0,22-07-2015,29,159,82,534,128,78,19,3,4,1,8,3,1,0
4862,1982,Basic,Married,117273,0,0,29-08-2012,97,1060,569,373,72,330,341,1,15,5,15,6,1,0
4863,1948,PhD,Divorced,38762,1,0,30-06-2015,99,320,123,323,152,28,16,7,4,8,2,19,0,1
4864,1949,Basic,Divorced,53034,0,2,02-12-2012,76,523,260,460,161,8,126,10,8,3,4,14,0,1
4865,1953,Basic,Single,79579,2,2,04-04-2014,51,652,286,318,1,24,274,2,12,2,15,7,1,0
4866,1974,PhD,Widow,145169,1,1,28-12-2015,28,545,707,1374,466,209,406,7,13,9,12,17,0,1
4867,1961,Basic,Married,71850,0,2,16-03-2015,71,199,173,536,234,218,269,9,15,10,13,7,1,0
4868,1957,Master,Widow,139994,2,2,04-04-2013,80,498,434,661,579,140,451,5,10,0,5,3,0,1
4869,1996,Graduation,Single,118921,0,1,03-07-2013,69,661,270,795,297,200,547,2,2,5,14,12,1,1
4870,1974,Graduation,Divorced,70035,2,2,02-10-2014,86,624,228,597,345,6,332,4,7,5,13,2,0,0
4871,1965,Graduation,Divorced,57152,1,1,07-09-2014,75,373,150,420,284,65,120,8,0,6,0,17,1,1
4872,1948,Basic,Divorced,132473,1,2,08-03-2014,4,1061,558,785,425,74,391,10,9,8,9,0,1,0
4873,1958,PhD,Single,136826,2,0,16-07-2012,90,321,363,1048,444,148,172,9,14,6,7,16,0,1
4874,1956,Master,Divorced,137429,0,1,29-04-2012,29,585,201,283,519,242,39,9,7,2,10,19,1,0
4875,1993,Graduation,Married,42623,2,0,21-09-2013,54,179,95,78,135,87,138,7,1,1,11,16,1,0
4876,1977,PhD,Single,118747,2,1,04-06-2013,28,959,54,1152,344,389,574,7,7,3,1,5,1,1
4877,1963,PhD,Single,26854,0,2,03-11-2013,36,37,90,206,75,21,134,9,4,4,8,15,0,0
4878,1951,Graduation,Married,136062,0,0,10-09-2013,28,1287,72,831,300,127,25,10,9,5,1,12,0,0
4879,1993,Master,Married,32488,0,1,13-12-2013,48,84,43,130,70,1,153,3,2,3,11,5,1,0
4880,1961,Master,Widow,134592,2,2,10-08-2012,47,798,619,516,502,126,602,5,10,5,7,8,0,1
4881,1946,Basic,Single,29594,0,0,23-12-2015,12,119,89,248,136,40,50,4,2,0,5,14,0,0
4882,1963,Graduation,Widow,12248,2,0,19-04-2014,85,20,3,113,33,8,39,8,14,0,14,17,0,0
4883,1988,Master,Married,71277,0,2,03-09-2014,6,610,207,26,192,33,231,3,4,6,6,19,1,1
4884,1958,Graduation,Married,41554,1,2,15-01-2012,10,280,137,224,119,118,166,5,15,5,6,8,0,0
4885,1964,Master,Widow,27774,0,1,11-11-2014,14,217,4,163,28,35,72,5,13,0,15,15,0,1
4886,1965,PhD,Single,109822,0,2,05-10-2014,97,843,129,169,49,223,250,4,14,7,2,13,0,1
4887,1992,Graduation,Single,136753,2,1,23-01-2014,46,878,330,31,125,440,31,2,5,4,15,4,0,1
4888,1940,Basic,Married,65109,1,0,09-01-2012,40,111,116,633,23,188,126,4,15,7,1,3,0,1
4889,1962,PhD,Married,54835,2,2,06-06-2014,28,459,229,333,73,0,204,0,14,5,4,15,1,1
4890,1959,Master,Divorced,11707,1,1,03-10-2014,25,72,30,62,38,32,14,10,10,6,12,11,0,1
4891,1969,PhD,Widow,88934,0,0,17-08-2014,55,674,221,729,441,148,199,0,14,7,10,4,0,1
4892,1942,Basic,Married,146759,0,0,09-08-2015,67,155,113,663,573,50,69,1,6,3,8,4,0,0
4893,1953,Master,Widow,76807,2,1,15-10-2014,4,77,196,475,326,10,146,0,13,10,14,10,0,1
4894,1949,Basic,Divorced,81364,2,2,24-08-2013,56,357,159,35,310,146,129,4,12,2,3,19,1,1
4895,1989,Master,Widow,48468,0,0,19-08-2014,43,178,29,248,221,97,78,10,6,5,12,1,0,1
4896,1967,PhD,Widow,33518,1,1,07-02-2015,74,323,2,229,111,24,44,8,3,1,5,11,1,0
4897,1954,Basic,Married,55859,0,1,05-12-2013,96,548,268,456,28,94,163,3,6,2,12,4,0,0
4898,1993,PhD,Widow,119626,1,0,29-10-2012,45,559,480,838,377,90,103,5,13,6,0,5,0,1
4899,1942,PhD,Married,61526,0,0,21-02-2015,77,108,30,258,35,137,87,4,14,2,8,19,0,0
4900,1957,PhD,Married,107478,2,0,16-04-2013,48,653,405,351,459,21,316,4,3,1,7,14,1,1
4901,1951,PhD,Divorced,112604,0,2,05-03-2012,96,278,519,125,441,82,461,1,6,6,12,14,0,1
4902,1969,Graduation,Divorced,70047,0,2,04-08-2013,63,686,91,457,182,214,223,2,1,8,8,15,1,1
4903,1988,PhD,Single,59535,0,2,23-04-2015,81,41,48,418,189,113,252,2,3,1,2,17,0,0
4904,1961,Graduation,Widow,86994,2,0,14-08-2014,15,434,246,658,336,276,191,6,8,10,10,20,1,1
4905,1957,Graduation,Widow,68550,2,1,23-01-2014,58,181,141,531,299,180,108,6,12,6,7,1,0,1
4906,1972,Graduation,Divorced,144689,1,1,13-10-2012,52,983,530,941,236,77,34,8,8,4,5,2,0,1
4907,1951,Graduation,Single,100870,1,1,27-04-2013,70,603,82,796,7,211,143,6,1,7,4,0,0,0
4908,1944,Graduation,Divorced,145569,0,2,11-09-2014,69,1308,80,847,259,17,147,9,2,9,0,15,0,0
4909,1945,PhD,Single,43755,1,0,13-06-2012,19,62,93,293,121,61,178,2,0,8,10,14,1,1
4910,1954,Master,Divorced,64369,2,1,13-08-2014,69,333,45,579,201,209,219,1,5,8,7,8,0,0
4911,1954,PhD,Single,62002,0,0,19-02-2013,90,349,104,309,233,135,263,3,14,10,15,17,0,0
4912,1965,Master,Divorced,27088,1,0,19-08-2015,59,20,24,165,37,73,45,2,2,6,7,9,0,1
4913,1947,Basic,Single,69772,1,1,31-03-2012,2,672,159,575,319,179,70,3,14,5,11,6,0,1
4914,1968,Master,Single,27543,1,2,06-11-2012,73,33,89,261,85,45,84,1,9,10,8,19,1,1
4915,1982,Basic,Divorced,55302,0,2,30-12-2012,45,58,166,257,118,16,121,4,9,5,3,11,1,1
4916,1995,Graduation,Widow,53067,1,0,13-05-2014,4,280,8,198,121,29,6,9,6,6,6,3,1,1
4917,1987,Graduation,Married,50788,1,1,31-03-2012,97,251,167,441,100,98,120,3,11,0,9,20,0,1
4918,1993,Graduation,Divorced,85908,0,0,02-11-2015,49,9,294,20,173,42,353,6,11,10,7,20,0,0
4919,1943,Master,Single,32921,1,1,06-11-2012,10,87,26,213,54,34,102,0,1,6,14,8,1,0
4920,1987,PhD,Divorced,67047,2,2,30-03-2015,45,82,163,340,172,167,145,8,12,5,7,5,0,1
4921,1958,Graduation,Widow,46917,1,2,03-12-2015,15,429,121,445,51,9,128,2,7,9,7,13,1,0
4922,1986,PhD,Divorced,121525,2,0,10-04-2014,85,38,438,795,375,67,568,1,13,0,0,2,1,0
4923,1975,Graduation,Single,68170,0,1,26-08-2013,18,343,62,391,209,123,257,10,2,4,5,11,0,1
4924,1977,Master,Married,143022,2,1,09-02-2015,36,144,660,876,249,469,445,10,11,8,7,3,1,1
4925,1971,PhD,Widow,65348,1,0,23-07-2015,33,626,325,76,77,140,260,7,14,1,4,4,1,0
4926,1984,Graduation,Widow,58156,2,0,14-07-2014,38,343,79,496,69,99,101,2,9,0,13,14,0,0
4927,1946,Graduation,Divorced,138997,2,0,05-04-2014,4,310,463,196,653,94,108,6,8,2,9,19,0,1
4928,1984,Master,Single,73008,2,2,19-07-2012,74,725,146,697,359,60,206,7,3,10,15,13,0,1
4929,1970,PhD,Widow,37643,2,2,03-09-2013,57,229,142,343,185,27,178,2,11,6,7,6,1,1
4930,1996,Basic,Married,134093,2,0,01-05-2013,9,150,105,517,225,55,413,9,14,0,2,9,1,0
4931,1968,Master,Widow,122264,0,1,10-07-2013,91,141,369,973,27,20,386,6,10,10,13,11,1,0
4932,1950,PhD,Single,122895,0,0,28-01-2012,85,660,178,476,59,229,313,10,11,10,14,18,1,1
4933,1986,Basic,Married,136136,0,0,11-03-2012,77,942,49,818,55,238,564,7,5,9,10,9,0,0
4934,1970,Master,Married,80075,0,2,13-07-2012,53,15,130,220,89,144,50,2,13,5,15,14,1,1
4935,1968,PhD,Married,70370,1,2,23-06-2013,56,619,346,189,44,197,299,9,2,1,6,14,1,1
4936,1973,Graduation,Single,148727,2,2,07-04-2014,17,680,702,1212,413,147,248,0,2,3,0,9,0,1
4937,1953,Graduation,Married,106200,2,0,14-05-2012,9,654,24,218,66,79,529,2,1,0,11,11,0,0
4938,1994,PhD,Widow,88278,1,1,25-01-2012,3,625,14,590,377,277,314,5,15,9,3,14,0,1
4939,1944,PhD,Widow,55999,2,2,20-07-2014,61,323,253,475,137,29,10,7,13,3,12,8,1,1
4940,1991,Master,Divorced,96023,2,1,06-02-2013,82,90,393,539,180,27,105,0,4,2,8,14,1,1
4941,1989,PhD,Widow,69817,1,1,19-11-2013,69,670,136,315,106,4,128,4,6,2,9,3,0,1
4942,1968,Graduation,Divorced,52450,1,2,10-09-2014,86,108,169,227,191,100,161,9,7,9,11,4,0,1
4943,1986,Graduation,Married,13888,1,0,04-08-2012,70,83,40,19,44,13,25,0,6,5,1,3,0,1
4944,1950,Basic,Married,62492,2,2,11-02-2012,2,567,39,45,152,64,275,7,6,1,14,0,1,0
4945,1940,Graduation,Single,130452,1,2,04-03-2013,32,1295,292,225,486,399,559,2,14,8,10,11,0,1
4946,1970,Graduation,Widow,113436,0,0,24-11-2013,34,495,70,1081,510,186,535,2,2,7,10,1,1,0
4947,1978,Master,Single,56074,1,2,21-09-2015,10,109,224,63,85,109,113,8,3,4,6,9,0,1
4948,1965,PhD,Single,11105,1,0,17-07-2014,70,76,1,109,11,28,21,6,13,7,6,19,0,0
4949,1976,PhD,Widow,31847,2,2,29-07-2015,54,277,81,164,61,16,107,9,12,10,12,3,0,0
4950,1955,Master,Widow,51296,1,0,12-01-2014,41,376,96,401,127,158,180,10,7,4,5,20,0,1
4951,1997,Graduation,Single,102734,0,0,10-08-2014,67,264,448,984,422,320,454,7,3,3,15,13,1,0
4952,1946,Graduation,Single,104743,0,1,23-08-2014,40,415,466,445,475,57,290,0,6,5,4,7,0,0
4953,1946,Basic,Single,49311,1,1,06-12-2014,8,193,220,346,120,152,189,3,2,3,6,10,1,0
4954,1999,Graduation,Married,123046,1,1,06-08-2015,24,349,207,1225,308,202,443,6,3,10,1,14,1,0
4955,1969,PhD,Married,147013,1,2,09-08-2013,26,1310,412,481,186,145,287,6,13,2,12,10,0,1
4956,1985,Basic,Widow,107246,0,0,21-12-2014,79,865,134,392,470,262,378,6,0,8,7,8,0,1
4957,1994,Basic,Widow,132255,2,2,10-12-2013,63,1185,570,413,210,29,370,0,8,0,0,6,0,0
4958,1990,Basic,Widow,57083,1,0,24-01-2013,5,567,133,132,44,73,265,9,6,4,4,8,0,1
4959,1960,PhD,Divorced,64759,2,1,26-01-2014,68,623,52,509,264,31,122,7,12,6,15,7,1,0
4960,1987,Master,Widow,18226,0,1,08-01-2012,53,85,6,37,80,46,47,5,2,9,4,6,1,1
4961,1948,Basic,Divorced,44702,2,2,08-08-2012,61,312,59,321,171,52,102,3,9,3,11,14,0,0
4962,1969,Master,Widow,128351,1,1,31-07-2014,64,1143,189,887,253,150,227,8,14,8,13,0,1,1
4963,1956,Master,Single,35776,1,1,07-09-2015,90,308,30,199,81,103,20,7,2,0,7,12,1,1
4964,1992,Graduation,Divorced,63624,2,2,06-06-2013,33,479,257,518,12,159,91,3,8,5,3,15,0,0
4965,1990,Graduation,Divorced,114779,1,0,18-02-2013,52,312,15,708,339,334,120,6,9,5,14,12,1,0
4966,1946,Graduation,Married,99635,2,0,21-02-2012,31,90,257,18,367,120,23,10,14,8,7,15,0,0
4967,1944,Basic,Married,69950,1,2,26-12-2012,80,308,43,404,228,140,128,0,10,9,5,4,1,1
4968,1973,Master,Divorced,102983,0,1,27-09-2013,85,943,503,974,16,257,259,9,8,6,14,16,0,0
4969,1967,Basic,Divorced,12987,0,0,30-04-2015,99,53,17,41,35,6,13,4,7,2,6,17,0,0
4970,1982,PhD,Married,88379,1,2,13-09-2014,10,658,54,760,7,274,202,1,6,9,7,5,0,1
4971,1965,Basic,Single,72857,2,2,20-01-2014,30,554,293,690,9,10,150,7,0,9,12,16,0,1
4972,1949,Master,Married,83960,2,2,11-02-2015,34,789,126,724,133,58,245,8,15,7,5,7,1,1
4973,1994,Graduation,Widow,59128,0,0,24-09-2015,44,73,106,344,142,53,130,6,0,5,1,7,0,1
4974,1973,PhD,Divorced,13299,0,2,07-05-2013,25,43,9,47,33,2,33,3,11,2,8,3,0,0
4975,1996,PhD,Single,55300,0,2,31-08-2013,91,542,63,522,10,0,263,0,8,0,2,0,0,0
4976,1975,Master,Divorced,145843,2,1,31-08-2013,77,1012,681,195,587,45,461,10,10,7,1,8,0,0
4977,1969,Basic,Married,38981,2,1,28-11-2014,48,301,189,204,59,14,46,3,9,1,11,13,0,0
4978,1982,Graduation,Widow,54305,2,1,25-11-2012,57,188,87,532,156,159,42,7,2,4,13,6,1,1
4979,1968,Basic,Divorced,58281,0,1,10-08-2012,17,282,35,40,116,115,161,8,0,1,5,20,1,0
4980,1960,Basic,Married,95796,0,2,14-07-2015,26,21,134,429,84,47,159,6,9,3,15,8,1,0
4981,1980,Graduation,Divorced,100609,2,0,14-04-2012,98,759,278,392,158,11,239,5,1,9,9,3,1,0
4982,1984,PhD,Widow,20306,1,2,23-11-2014,1,71,15,70,30,62,91,2,4,9,1,5,1,0
4983,1954,Basic,Married,33994,2,2,01-09-2012,89,272,113,99,81,74,121,2,6,1,11,17,0,0
4984,1953,PhD,Divorced,27647,1,1,28-10-2013,7,76,101,84,79,57,118,8,4,2,1,1,0,1
4985,1989,Master,Married,126232,0,0,09-06-2014,85,975,510,263,510,152,144,1,14,7,3,2,0,0
4986,1968,Graduation,Married,46850,0,1,27-02-2015,32,384,198,49,43,128,20,2,7,1,11,0,0,1
4987,1974,PhD,Single,103603,1,1,31-03-2013,19,505,458,53,83,318,139,1,4,5,12,6,0,1
4988,1964,PhD,Single,49642,1,2,16-06-2014,34,185,9,9,93,25,173,7,14,4,14,4,0,1
4989,1995,Basic,Married,132764,0,0,01-05-2012,91,1312,377,856,594,18,503,2,12,5,12,17,1,0
4990,1993,Graduation,Married,124754,2,1,15-08-2012,42,1144,1,702,304,217,3,2,14,1,1,12,0,0
4991,1985,Master,Divorced,106348,1,2,15-09-2012,10,14,375,533,255,187,402,6,14,2,5,20,1,0
4992,1956,Graduation,Widow,60459,1,2,07-11-2012,93,149,202,592,168,201,237,9,5,4,10,0,1,1
4993,1974,Master,Married,13489,0,2,28-11-2015,77,50,29,16,48,35,15,3,15,3,13,6,1,1
4994,1962,Graduation,Single,53615,1,2,02-12-2014,95,495,130,82,20,92,215,3,7,3,8,17,0,1
4995,1980,Graduation,Single,12447,1,1,21-11-2013,8,101,37,43,43,40,35,10,4,9,5,2,0,1
4996,1949,Graduation,Married,14290,0,2,26-04-2012,38,136,52,5,48,7,22,10,4,0,5,19,0,1
4997,1946,Master,Divorced,125080,1,2,15-12-2013,66,163,233,982,574,305,163,4,15,6,8,14,1,0
4998,1992,PhD,Divorced,73954,2,2,14-06-2014,68,596,306,515,189,63,280,0,14,4,13,20,0,0
4999,1979,Graduation,Married,129862,1,0,26-05-2015,32,346,70,880,26,179,562,6,0,4,3,9,0,1
5000,1974,Graduation,Single,145598,0,2,14-01-2013,89,1150,317,91,331,294,476,7,14,0,11,13,0,1
