Date,Product_ID,Product_Name,Quantity,Price,Revenue
2025-02-22,SKU-088,Product 88,8,65.71,525.68
2025-06-19,SKU-062,Product 62,24,40.67,976.08
2026-03-04,SKU-095,Product 95,12,77.08,924.96
2025-09-08,SKU-082,Product 82,20,82.39,1647.8
2025-09-23,SKU-043,Product 43,35,124.39,4353.65
2026-06-09,SKU-052,Product 52,52,79.76,4147.52
2025-04-27,SKU-041,Product 41,11,33.9,372.9
2026-04-29,SKU-053,Product 53,10,11.29,112.9
2026-05-05,SKU-059,Product 59,17,143.98,2447.66
2025-03-06,SKU-021,Product 21,3,71.49,214.47
2025-04-16,SKU-003,Product 3,9,70.92,638.28
2025-03-27,SKU-042,Product 42,15,42.29,634.35
2026-05-20,SKU-100,Product 100,14,56.59,792.26
2025-07-16,SKU-008,Product 8,28,38.61,1081.08
2025-11-23,SKU-035,Product 35,8,42.05,336.4
2026-05-28,SKU-004,Product 4,51,70.1,3575.1
2026-01-28,SKU-026,Product 26,18,66.33,1193.94
2025-12-19,SKU-088,Product 88,2,65.71,131.42
2025-01-24,SKU-089,Product 89,11,62.65,689.15
2025-08-02,SKU-028,Product 28,12,68.24,818.88
2026-05-25,SKU-009,Product 9,32,33.35,1067.2
2026-07-04,SKU-026,Product 26,38,66.33,2520.54
2025-04-26,SKU-023,Product 23,22,129.88,2857.36
2025-04-18,SKU-001,Product 1,18,133.59,2404.62
2025-04-19,SKU-096,Product 96,6,57.25,343.5
2026-02-27,SKU-037,Product 37,15,83.51,1252.65
2026-02-10,SKU-011,Product 11,31,77.13,2391.03
2025-01-16,SKU-086,Product 86,9,117.55,1057.95
2026-04-29,SKU-029,Product 29,42,43.36,1821.12
2025-02-04,SKU-068,Product 68,17,65.88,1119.96
2025-06-29,SKU-050,Product 50,25,42.38,1059.5
2025-06-23,SKU-097,Product 97,18,45.27,814.86
2025-09-17,SKU-069,Product 69,21,113.3,2379.3
2026-03-19,SKU-060,Product 60,32,70.14,2244.48
2026-07-09,SKU-011,Product 11,11,77.13,848.43
2025-04-15,SKU-044,Product 44,13,14.73,191.49
2026-02-17,SKU-018,Product 18,34,89.39,3039.26
2025-10-16,SKU-033,Product 33,4,53.43,213.72
2026-01-04,SKU-040,Product 40,40,20.93,837.2
2026-07-16,SKU-026,Product 26,7,66.33,464.31
2025-01-18,SKU-022,Product 22,9,59.25,533.25
2026-06-19,SKU-017,Product 17,33,88.02,2904.66
2026-01-20,SKU-044,Product 44,35,14.73,515.55
2026-02-10,SKU-040,Product 40,31,20.93,648.83
2025-04-25,SKU-055,Product 55,14,53.76,752.64
2025-12-14,SKU-064,Product 64,42,117.63,4940.46
2025-11-05,SKU-012,Product 12,20,112.29,2245.8
2025-12-23,SKU-034,Product 34,17,133.9,2276.3
2025-08-14,SKU-077,Product 77,23,62.14,1429.22
2026-02-21,SKU-042,Product 42,44,42.29,1860.76
2026-04-22,SKU-069,Product 69,13,113.3,1472.9
2025-08-09,SKU-017,Product 17,17,88.02,1496.34
2026-02-26,SKU-094,Product 94,19,25.25,479.75
2025-10-02,SKU-009,Product 9,12,33.35,400.2
2025-06-07,SKU-067,Product 67,12,99.67,1196.04
2025-11-09,SKU-037,Product 37,28,83.51,2338.28
2025-10-08,SKU-052,Product 52,24,79.76,1914.24
2026-06-06,SKU-012,Product 12,14,112.29,1572.06
2026-05-04,SKU-056,Product 56,31,140.51,4355.81
2025-07-28,SKU-062,Product 62,6,40.67,244.02
2025-03-29,SKU-017,Product 17,8,88.02,704.16
2025-05-11,SKU-095,Product 95,20,77.08,1541.6
2026-03-20,SKU-025,Product 25,3,126.63,379.89
2025-07-19,SKU-058,Product 58,22,122.59,2696.98
2026-03-16,SKU-085,Product 85,42,53.4,2242.8
2025-04-19,SKU-064,Product 64,15,117.63,1764.45
2025-02-14,SKU-010,Product 10,17,84.95,1444.15
2026-07-18,SKU-082,Product 82,27,82.39,2224.53
2025-11-18,SKU-076,Product 76,37,5.46,202.02
2026-07-24,SKU-031,Product 31,59,52.96,3124.64
2025-06-30,SKU-094,Product 94,5,25.25,126.25
2026-03-08,SKU-057,Product 57,3,27.94,83.82
2025-03-22,SKU-035,Product 35,18,42.05,756.9
2025-02-27,SKU-088,Product 88,19,65.71,1248.49
2026-05-19,SKU-016,Product 16,50,128.07,6403.5
2026-05-27,SKU-020,Product 20,7,89.85,628.95
2025-11-15,SKU-073,Product 73,31,120.54,3736.74
2025-02-17,SKU-025,Product 25,16,126.63,2026.08
2026-05-30,SKU-066,Product 66,40,50.43,2017.2
2025-02-22,SKU-077,Product 77,17,62.14,1056.38
2026-04-13,SKU-018,Product 18,51,89.39,4558.89
2026-06-15,SKU-099,Product 99,37,48.68,1801.16
2025-12-25,SKU-009,Product 9,42,33.35,1400.7
2026-06-17,SKU-025,Product 25,48,126.63,6078.24
2025-04-16,SKU-090,Product 90,3,41.98,125.94
2025-01-04,SKU-095,Product 95,9,77.08,693.72
2025-02-17,SKU-099,Product 99,3,48.68,146.04
2026-06-06,SKU-053,Product 53,22,11.29,248.38
2025-07-17,SKU-012,Product 12,24,112.29,2694.96
2026-05-13,SKU-024,Product 24,10,109.76,1097.6
2025-10-25,SKU-073,Product 73,35,120.54,4218.9
2026-04-04,SKU-084,Product 84,27,108.64,2933.28
2025-01-19,SKU-056,Product 56,14,140.51,1967.14
2026-06-18,SKU-091,Product 91,41,12.64,518.24
2026-07-27,SKU-042,Product 42,7,42.29,296.03
2026-05-20,SKU-045,Product 45,50,80.28,4014.0
2026-06-10,SKU-006,Product 6,33,16.92,558.36
2026-02-08,SKU-032,Product 32,6,97.86,587.16
2026-05-13,SKU-008,Product 8,3,38.61,115.83
2025-06-30,SKU-047,Product 47,5,38.43,192.15
2025-04-13,SKU-035,Product 35,7,42.05,294.35
2026-03-01,SKU-051,Product 51,48,104.22,5002.56
2026-02-17,SKU-096,Product 96,43,57.25,2461.75
2025-01-20,SKU-060,Product 60,4,70.14,280.56
2025-08-14,SKU-024,Product 24,6,109.76,658.56
2025-05-28,SKU-080,Product 80,5,14.32,71.6
2025-12-31,SKU-049,Product 49,26,6.44,167.44
2025-08-09,SKU-025,Product 25,6,126.63,759.78
2025-01-05,SKU-093,Product 93,4,41.04,164.16
2025-11-29,SKU-047,Product 47,24,38.43,922.32
2025-02-13,SKU-087,Product 87,2,123.31,246.62
2025-10-23,SKU-068,Product 68,27,65.88,1778.76
2025-01-21,SKU-078,Product 78,3,23.81,71.43
2025-12-25,SKU-019,Product 19,17,83.88,1425.96
2026-05-06,SKU-044,Product 44,17,14.73,250.41
2025-04-24,SKU-086,Product 86,1,117.55,117.55
2025-12-24,SKU-014,Product 14,31,51.74,1603.94
2025-03-17,SKU-030,Product 30,13,117.66,1529.58
2025-08-02,SKU-095,Product 95,23,77.08,1772.84
2025-10-10,SKU-065,Product 65,17,29.77,506.09
2025-02-20,SKU-048,Product 48,11,18.02,198.22
2025-03-11,SKU-050,Product 50,20,42.38,847.6
2025-02-27,SKU-016,Product 16,3,128.07,384.21
2025-08-14,SKU-032,Product 32,28,97.86,2740.08
2025-02-05,SKU-020,Product 20,2,89.85,179.7
2025-06-01,SKU-066,Product 66,19,50.43,958.17
2025-07-11,SKU-077,Product 77,17,62.14,1056.38
2025-09-02,SKU-006,Product 6,18,16.92,304.56
2026-07-18,SKU-006,Product 6,23,16.92,389.16
2025-05-12,SKU-063,Product 63,15,85.06,1275.9
2025-04-05,SKU-071,Product 71,20,41.39,827.8
2025-11-07,SKU-067,Product 67,10,99.67,996.7
2025-05-09,SKU-005,Product 5,9,112.77,1014.93
2025-06-27,SKU-001,Product 1,15,133.59,2003.85
2025-06-23,SKU-097,Product 97,15,45.27,679.05
2025-04-16,SKU-038,Product 38,18,30.86,555.48
2026-04-16,SKU-074,Product 74,17,102.79,1747.43
2025-04-21,SKU-003,Product 3,7,70.92,496.44
2025-02-25,SKU-004,Product 4,2,70.1,140.2
2025-10-30,SKU-049,Product 49,5,6.44,32.2
2026-02-05,SKU-025,Product 25,15,126.63,1899.45
2026-02-19,SKU-046,Product 46,6,105.52,633.12
2025-10-03,SKU-051,Product 51,36,104.22,3751.92
2026-05-25,SKU-052,Product 52,47,79.76,3748.72
2026-06-28,SKU-083,Product 83,53,134.11,7107.83
2026-01-07,SKU-089,Product 89,29,62.65,1816.85
2025-08-30,SKU-077,Product 77,18,62.14,1118.52
2025-05-02,SKU-033,Product 33,19,53.43,1015.17
2025-05-23,SKU-028,Product 28,1,68.24,68.24
2025-08-09,SKU-098,Product 98,10,5.2,52.0
2026-06-04,SKU-067,Product 67,44,99.67,4385.48
2025-10-23,SKU-059,Product 59,17,143.98,2447.66
2026-07-09,SKU-044,Product 44,7,14.73,103.11
2025-11-27,SKU-001,Product 1,27,133.59,3606.93
2025-07-28,SKU-092,Product 92,20,131.65,2633.0
2025-12-15,SKU-035,Product 35,11,42.05,462.55
2025-07-11,SKU-005,Product 5,19,112.77,2142.63
2025-08-05,SKU-056,Product 56,27,140.51,3793.77
2026-06-29,SKU-071,Product 71,7,41.39,289.73
2026-04-19,SKU-016,Product 16,10,128.07,1280.7
2026-02-21,SKU-074,Product 74,15,102.79,1541.85
2025-09-05,SKU-020,Product 20,18,89.85,1617.3
2025-09-24,SKU-056,Product 56,4,140.51,562.04
2026-01-07,SKU-085,Product 85,29,53.4,1548.6
2025-09-20,SKU-048,Product 48,14,18.02,252.28
2026-06-25,SKU-021,Product 21,15,71.49,1072.35
2025-04-25,SKU-078,Product 78,6,23.81,142.86
2025-11-14,SKU-073,Product 73,34,120.54,4098.36
2026-06-23,SKU-088,Product 88,53,65.71,3482.63
2025-03-25,SKU-040,Product 40,2,20.93,41.86
2025-08-01,SKU-078,Product 78,12,23.81,285.72
2025-12-18,SKU-004,Product 4,5,70.1,350.5
2025-08-19,SKU-055,Product 55,17,53.76,913.92
2025-05-12,SKU-028,Product 28,15,68.24,1023.6
2026-07-10,SKU-080,Product 80,34,14.32,486.88
2025-01-25,SKU-031,Product 31,3,52.96,158.88
2026-02-21,SKU-062,Product 62,22,40.67,894.74
2025-03-23,SKU-055,Product 55,7,53.76,376.32
2025-06-26,SKU-056,Product 56,13,140.51,1826.63
2025-02-26,SKU-026,Product 26,19,66.33,1260.27
2025-06-19,SKU-018,Product 18,26,89.39,2324.14
2025-06-14,SKU-008,Product 8,14,38.61,540.54
2025-03-28,SKU-032,Product 32,10,97.86,978.6
2025-02-08,SKU-025,Product 25,15,126.63,1899.45
2025-11-28,SKU-058,Product 58,13,122.59,1593.67
2026-07-17,SKU-036,Product 36,58,130.42,7564.36
2025-04-18,SKU-031,Product 31,14,52.96,741.44
2026-05-08,SKU-096,Product 96,53,57.25,3034.25
2025-04-27,SKU-074,Product 74,4,102.79,411.16
2025-07-13,SKU-084,Product 84,20,108.64,2172.8
2025-06-04,SKU-081,Product 81,21,66.67,1400.07
2025-01-10,SKU-037,Product 37,7,83.51,584.57
2025-01-22,SKU-071,Product 71,14,41.39,579.46
2025-11-04,SKU-068,Product 68,31,65.88,2042.28
2026-06-15,SKU-081,Product 81,41,66.67,2733.47
2026-01-21,SKU-035,Product 35,12,42.05,504.6
2025-06-09,SKU-044,Product 44,21,14.73,309.33
2025-03-20,SKU-070,Product 70,1,38.61,38.61
2025-01-02,SKU-011,Product 11,8,77.13,617.04
2026-01-02,SKU-010,Product 10,43,84.95,3652.85
2025-01-03,SKU-075,Product 75,7,13.71,95.97
2025-04-19,SKU-093,Product 93,7,41.04,287.28
2025-11-10,SKU-026,Product 26,5,66.33,331.65
2026-07-30,SKU-078,Product 78,19,23.81,452.39
2026-05-02,SKU-042,Product 42,38,42.29,1607.02
2026-04-20,SKU-080,Product 80,34,14.32,486.88
2025-10-26,SKU-044,Product 44,35,14.73,515.55
2025-10-18,SKU-035,Product 35,10,42.05,420.5
2026-03-21,SKU-029,Product 29,33,43.36,1430.88
2025-07-18,SKU-011,Product 11,6,77.13,462.78
2025-09-14,SKU-099,Product 99,27,48.68,1314.36
2026-06-22,SKU-020,Product 20,41,89.85,3683.85
2025-03-17,SKU-064,Product 64,4,117.63,470.52
2026-07-30,SKU-004,Product 4,51,70.1,3575.1
2026-04-28,SKU-060,Product 60,17,70.14,1192.38
2025-07-22,SKU-047,Product 47,20,38.43,768.6
2026-05-15,SKU-038,Product 38,50,30.86,1543.0
2025-09-12,SKU-067,Product 67,30,99.67,2990.1
2026-03-05,SKU-073,Product 73,45,120.54,5424.3
2026-02-06,SKU-044,Product 44,18,14.73,265.14
2026-07-19,SKU-024,Product 24,15,109.76,1646.4
2026-07-30,SKU-002,Product 2,43,116.06,4990.58
2026-06-26,SKU-023,Product 23,38,129.88,4935.44
2025-08-27,SKU-056,Product 56,24,140.51,3372.24
2025-09-15,SKU-039,Product 39,21,9.81,206.01
2025-11-30,SKU-084,Product 84,2,108.64,217.28
2025-05-03,SKU-015,Product 15,4,98.54,394.16
2026-07-18,SKU-057,Product 57,54,27.94,1508.76
2026-04-29,SKU-038,Product 38,49,30.86,1512.14
2025-11-19,SKU-068,Product 68,24,65.88,1581.12
2025-03-10,SKU-029,Product 29,17,43.36,737.12
2025-08-16,SKU-017,Product 17,4,88.02,352.08
2026-04-20,SKU-091,Product 91,34,12.64,429.76
2025-03-16,SKU-062,Product 62,5,40.67,203.35
2025-09-21,SKU-063,Product 63,4,85.06,340.24
2025-06-02,SKU-013,Product 13,1,106.67,106.67
2025-04-03,SKU-079,Product 79,5,39.06,195.3
2025-08-12,SKU-002,Product 2,15,116.06,1740.9
2026-05-29,SKU-042,Product 42,40,42.29,1691.6
2025-03-10,SKU-047,Product 47,17,38.43,653.31
2025-09-14,SKU-021,Product 21,30,71.49,2144.7
2025-01-27,SKU-051,Product 51,11,104.22,1146.42
2026-07-06,SKU-008,Product 8,54,38.61,2084.94
2026-07-09,SKU-040,Product 40,38,20.93,795.34
2026-05-31,SKU-044,Product 44,51,14.73,751.23
2025-02-13,SKU-094,Product 94,2,25.25,50.5
2026-03-22,SKU-066,Product 66,23,50.43,1159.89
2025-05-21,SKU-088,Product 88,3,65.71,197.13
2025-02-24,SKU-014,Product 14,16,51.74,827.84
2026-07-07,SKU-007,Product 7,38,81.18,3084.84
2025-09-13,SKU-006,Product 6,18,16.92,304.56
2025-08-15,SKU-026,Product 26,8,66.33,530.64
2025-09-03,SKU-049,Product 49,6,6.44,38.64
2026-06-01,SKU-045,Product 45,44,80.28,3532.32
2025-05-24,SKU-031,Product 31,8,52.96,423.68
2026-07-03,SKU-004,Product 4,11,70.1,771.1
2026-03-16,SKU-008,Product 8,32,38.61,1235.52
2025-02-25,SKU-019,Product 19,3,83.88,251.64
2025-01-07,SKU-057,Product 57,9,27.94,251.46
2025-10-06,SKU-079,Product 79,34,39.06,1328.04
2025-01-27,SKU-056,Product 56,6,140.51,843.06
2026-06-23,SKU-043,Product 43,45,124.39,5597.55
2025-05-24,SKU-091,Product 91,17,12.64,214.88
2025-02-10,SKU-030,Product 30,9,117.66,1058.94
2026-05-22,SKU-015,Product 15,43,98.54,4237.22
2025-03-30,SKU-086,Product 86,1,117.55,117.55
2025-07-08,SKU-068,Product 68,13,65.88,856.44
2025-02-28,SKU-002,Product 2,13,116.06,1508.78
2026-02-15,SKU-023,Product 23,15,129.88,1948.2
2025-02-05,SKU-090,Product 90,17,41.98,713.66
2025-08-14,SKU-088,Product 88,26,65.71,1708.46
2025-08-29,SKU-052,Product 52,15,79.76,1196.4
2026-05-03,SKU-054,Product 54,28,85.15,2384.2
2025-02-01,SKU-032,Product 32,17,97.86,1663.62
2026-02-06,SKU-029,Product 29,18,43.36,780.48
2025-05-09,SKU-051,Product 51,14,104.22,1459.08
2025-11-30,SKU-035,Product 35,32,42.05,1345.6
2026-07-26,SKU-061,Product 61,3,141.95,425.85
2025-05-11,SKU-009,Product 9,8,33.35,266.8
2025-01-12,SKU-086,Product 86,8,117.55,940.4
2025-07-20,SKU-034,Product 34,26,133.9,3481.4
2026-02-09,SKU-024,Product 24,3,109.76,329.28
2026-01-26,SKU-012,Product 12,33,112.29,3705.57
2025-07-27,SKU-090,Product 90,14,41.98,587.72
2025-04-13,SKU-097,Product 97,19,45.27,860.13
2025-03-23,SKU-009,Product 9,9,33.35,300.15
2025-01-09,SKU-001,Product 1,12,133.59,1603.08
2025-08-04,SKU-069,Product 69,8,113.3,906.4
2025-02-10,SKU-027,Product 27,3,15.58,46.74
2025-10-03,SKU-034,Product 34,31,133.9,4150.9
2025-03-14,SKU-063,Product 63,9,85.06,765.54
2025-04-05,SKU-019,Product 19,17,83.88,1425.96
2025-10-08,SKU-098,Product 98,9,5.2,46.8
2025-01-04,SKU-084,Product 84,10,108.64,1086.4
2026-04-11,SKU-005,Product 5,30,112.77,3383.1
2025-02-16,SKU-052,Product 52,11,79.76,877.36
2025-12-26,SKU-038,Product 38,42,30.86,1296.12
2025-11-21,SKU-069,Product 69,34,113.3,3852.2
2026-02-13,SKU-093,Product 93,43,41.04,1764.72
2026-07-14,SKU-081,Product 81,54,66.67,3600.18
2025-09-28,SKU-082,Product 82,4,82.39,329.56
2025-09-20,SKU-014,Product 14,25,51.74,1293.5
2025-03-03,SKU-037,Product 37,1,83.51,83.51
2026-07-14,SKU-068,Product 68,58,65.88,3821.04
2026-05-31,SKU-043,Product 43,36,124.39,4478.04
2025-08-28,SKU-094,Product 94,33,25.25,833.25
2025-01-22,SKU-059,Product 59,16,143.98,2303.68
2025-07-23,SKU-002,Product 2,22,116.06,2553.32
2025-12-05,SKU-075,Product 75,33,13.71,452.43
2026-01-23,SKU-008,Product 8,45,38.61,1737.45
2025-01-24,SKU-049,Product 49,11,6.44,70.84
2025-11-14,SKU-092,Product 92,5,131.65,658.25
2025-10-15,SKU-074,Product 74,22,102.79,2261.38
2025-08-22,SKU-098,Product 98,19,5.2,98.8
2025-04-29,SKU-039,Product 39,14,9.81,137.34
2025-11-09,SKU-090,Product 90,26,41.98,1091.48
2025-01-06,SKU-064,Product 64,9,117.63,1058.67
2026-01-02,SKU-048,Product 48,29,18.02,522.58
2025-04-06,SKU-086,Product 86,14,117.55,1645.7
2025-06-20,SKU-079,Product 79,20,39.06,781.2
2025-05-06,SKU-092,Product 92,4,131.65,526.6
2025-10-11,SKU-002,Product 2,34,116.06,3946.04
2026-01-28,SKU-086,Product 86,18,117.55,2115.9
2026-01-09,SKU-050,Product 50,23,42.38,974.74
2025-08-28,SKU-042,Product 42,13,42.29,549.77
2026-03-25,SKU-037,Product 37,19,83.51,1586.69
2025-01-11,SKU-092,Product 92,12,131.65,1579.8
2025-07-19,SKU-066,Product 66,28,50.43,1412.04
2025-06-10,SKU-028,Product 28,5,68.24,341.2
2025-09-05,SKU-072,Product 72,20,108.25,2165.0
2026-03-30,SKU-074,Product 74,43,102.79,4419.97
2026-04-28,SKU-056,Product 56,17,140.51,2388.67
2026-02-06,SKU-046,Product 46,3,105.52,316.56
2025-05-20,SKU-009,Product 9,24,33.35,800.4
2026-06-16,SKU-066,Product 66,15,50.43,756.45
2025-01-25,SKU-043,Product 43,15,124.39,1865.85
2026-04-11,SKU-069,Product 69,37,113.3,4192.1
2025-06-07,SKU-037,Product 37,14,83.51,1169.14
2025-11-17,SKU-047,Product 47,10,38.43,384.3
2026-02-15,SKU-095,Product 95,18,77.08,1387.44
2026-02-03,SKU-065,Product 65,3,29.77,89.31
2025-04-05,SKU-015,Product 15,1,98.54,98.54
2025-04-06,SKU-057,Product 57,8,27.94,223.52
2026-03-16,SKU-044,Product 44,13,14.73,191.49
2025-02-23,SKU-046,Product 46,12,105.52,1266.24
2025-03-23,SKU-011,Product 11,18,77.13,1388.34
2026-02-15,SKU-004,Product 4,21,70.1,1472.1
2025-08-14,SKU-095,Product 95,19,77.08,1464.52
2026-05-16,SKU-026,Product 26,43,66.33,2852.19
2025-09-24,SKU-021,Product 21,7,71.49,500.43
2025-04-18,SKU-066,Product 66,6,50.43,302.58
2025-11-18,SKU-020,Product 20,5,89.85,449.25
2025-07-15,SKU-077,Product 77,16,62.14,994.24
2025-03-14,SKU-091,Product 91,10,12.64,126.4
2025-10-29,SKU-071,Product 71,2,41.39,82.78
2026-04-03,SKU-059,Product 59,6,143.98,863.88
2025-11-11,SKU-003,Product 3,7,70.92,496.44
2025-03-12,SKU-003,Product 3,6,70.92,425.52
2025-02-25,SKU-010,Product 10,3,84.95,254.85
2025-06-23,SKU-075,Product 75,1,13.71,13.71
2025-08-04,SKU-099,Product 99,6,48.68,292.08
2026-02-20,SKU-086,Product 86,34,117.55,3996.7
2025-11-10,SKU-025,Product 25,31,126.63,3925.53
2025-07-04,SKU-037,Product 37,11,83.51,918.61
2025-02-21,SKU-091,Product 91,16,12.64,202.24
2025-04-28,SKU-071,Product 71,3,41.39,124.17
2026-05-02,SKU-066,Product 66,31,50.43,1563.33
2025-06-09,SKU-035,Product 35,1,42.05,42.05
2025-04-25,SKU-071,Product 71,7,41.39,289.73
2025-11-21,SKU-041,Product 41,2,33.9,67.8
2026-07-24,SKU-007,Product 7,27,81.18,2191.86
2025-11-08,SKU-079,Product 79,39,39.06,1523.34
2025-02-26,SKU-037,Product 37,6,83.51,501.06
2026-05-01,SKU-054,Product 54,14,85.15,1192.1
2025-11-10,SKU-045,Product 45,5,80.28,401.4
2026-04-18,SKU-067,Product 67,6,99.67,598.02
2026-02-21,SKU-044,Product 44,12,14.73,176.76
2025-08-17,SKU-027,Product 27,15,15.58,233.7
2025-07-14,SKU-084,Product 84,8,108.64,869.12
2026-07-31,SKU-043,Product 43,27,124.39,3358.53
2026-06-18,SKU-051,Product 51,3,104.22,312.66
2025-11-04,SKU-062,Product 62,25,40.67,1016.75
2026-04-29,SKU-047,Product 47,21,38.43,807.03
2025-12-05,SKU-086,Product 86,22,117.55,2586.1
2025-04-21,SKU-075,Product 75,7,13.71,95.97
2026-07-02,SKU-048,Product 48,3,18.02,54.06
2026-06-25,SKU-089,Product 89,19,62.65,1190.35
2025-05-10,SKU-073,Product 73,11,120.54,1325.94
2025-01-12,SKU-061,Product 61,15,141.95,2129.25
2026-07-19,SKU-099,Product 99,31,48.68,1509.08
2025-11-22,SKU-067,Product 67,13,99.67,1295.71
2025-06-01,SKU-023,Product 23,24,129.88,3117.12
2026-03-08,SKU-079,Product 79,19,39.06,742.14
2026-07-30,SKU-029,Product 29,47,43.36,2037.92
2025-03-27,SKU-063,Product 63,2,85.06,170.12
2025-08-12,SKU-028,Product 28,30,68.24,2047.2
2025-04-27,SKU-031,Product 31,11,52.96,582.56
2026-01-02,SKU-032,Product 32,29,97.86,2837.94
2026-06-30,SKU-013,Product 13,26,106.67,2773.42
2025-09-24,SKU-063,Product 63,23,85.06,1956.38
2025-11-01,SKU-046,Product 46,36,105.52,3798.72
2026-06-04,SKU-087,Product 87,29,123.31,3575.99
2026-07-06,SKU-078,Product 78,30,23.81,714.3
2025-12-23,SKU-100,Product 100,14,56.59,792.26
2025-04-07,SKU-033,Product 33,22,53.43,1175.46
2026-02-20,SKU-024,Product 24,3,109.76,329.28
2025-09-01,SKU-058,Product 58,15,122.59,1838.85
2026-06-05,SKU-062,Product 62,48,40.67,1952.16
2025-08-14,SKU-037,Product 37,32,83.51,2672.32
2025-08-25,SKU-002,Product 2,28,116.06,3249.68
2026-07-19,SKU-033,Product 33,55,53.43,2938.65
2025-07-03,SKU-071,Product 71,23,41.39,951.97
2026-06-08,SKU-099,Product 99,11,48.68,535.48
2025-12-22,SKU-003,Product 3,22,70.92,1560.24
2026-06-08,SKU-076,Product 76,48,5.46,262.08
2025-06-19,SKU-094,Product 94,22,25.25,555.5
2026-01-01,SKU-077,Product 77,20,62.14,1242.8
2025-01-24,SKU-088,Product 88,12,65.71,788.52
2026-01-25,SKU-088,Product 88,15,65.71,985.65
2026-03-10,SKU-077,Product 77,6,62.14,372.84
2025-11-24,SKU-097,Product 97,29,45.27,1312.83
2025-03-13,SKU-073,Product 73,13,120.54,1567.02
2026-02-25,SKU-057,Product 57,12,27.94,335.28
2025-11-21,SKU-047,Product 47,34,38.43,1306.62
2026-02-22,SKU-046,Product 46,6,105.52,633.12
2025-07-20,SKU-088,Product 88,16,65.71,1051.36
2025-12-27,SKU-048,Product 48,43,18.02,774.86
2025-07-04,SKU-074,Product 74,21,102.79,2158.59
2026-02-03,SKU-068,Product 68,6,65.88,395.28
2026-02-26,SKU-033,Product 33,47,53.43,2511.21
2025-08-04,SKU-075,Product 75,29,13.71,397.59
2025-05-13,SKU-078,Product 78,15,23.81,357.15
2026-06-29,SKU-041,Product 41,38,33.9,1288.2
2025-09-21,SKU-064,Product 64,7,117.63,823.41
2025-06-05,SKU-008,Product 8,12,38.61,463.32
2025-09-08,SKU-022,Product 22,11,59.25,651.75
2025-10-16,SKU-049,Product 49,37,6.44,238.28
2025-02-20,SKU-073,Product 73,6,120.54,723.24
2025-10-02,SKU-065,Product 65,4,29.77,119.08
2025-01-03,SKU-009,Product 9,12,33.35,400.2
2026-03-18,SKU-083,Product 83,42,134.11,5632.62
2026-07-09,SKU-025,Product 25,7,126.63,886.41
2026-04-04,SKU-008,Product 8,13,38.61,501.93
2025-03-27,SKU-047,Product 47,18,38.43,691.74
2026-05-03,SKU-090,Product 90,35,41.98,1469.3
2025-10-02,SKU-052,Product 52,16,79.76,1276.16
2026-01-16,SKU-005,Product 5,29,112.77,3270.33
2025-04-08,SKU-082,Product 82,4,82.39,329.56
2026-01-27,SKU-093,Product 93,24,41.04,984.96
2025-09-01,SKU-058,Product 58,6,122.59,735.54
2026-03-12,SKU-063,Product 63,48,85.06,4082.88
2025-03-18,SKU-059,Product 59,13,143.98,1871.74
2026-01-01,SKU-028,Product 28,34,68.24,2320.16
2026-04-29,SKU-029,Product 29,7,43.36,303.52
2026-01-23,SKU-078,Product 78,36,23.81,857.16
2025-07-20,SKU-079,Product 79,20,39.06,781.2
2026-03-13,SKU-023,Product 23,22,129.88,2857.36
2026-04-05,SKU-036,Product 36,23,130.42,2999.66
2025-07-22,SKU-099,Product 99,8,48.68,389.44
2026-03-28,SKU-070,Product 70,16,38.61,617.76
2025-01-23,SKU-095,Product 95,12,77.08,924.96
2026-02-15,SKU-003,Product 3,46,70.92,3262.32
2025-11-18,SKU-044,Product 44,13,14.73,191.49
2025-10-05,SKU-098,Product 98,14,5.2,72.8
2026-04-19,SKU-087,Product 87,27,123.31,3329.37
2025-05-17,SKU-094,Product 94,25,25.25,631.25
2026-07-20,SKU-086,Product 86,19,117.55,2233.45
2026-07-07,SKU-060,Product 60,34,70.14,2384.76
2025-02-04,SKU-083,Product 83,3,134.11,402.33
2025-10-23,SKU-062,Product 62,10,40.67,406.7
2026-01-15,SKU-051,Product 51,11,104.22,1146.42
2025-09-25,SKU-028,Product 28,33,68.24,2251.92
2025-08-12,SKU-091,Product 91,28,12.64,353.92
2026-02-13,SKU-086,Product 86,18,117.55,2115.9
2026-06-19,SKU-056,Product 56,52,140.51,7306.52
2026-01-31,SKU-066,Product 66,24,50.43,1210.32
2026-02-20,SKU-099,Product 99,28,48.68,1363.04
2025-03-01,SKU-015,Product 15,6,98.54,591.24
2026-02-11,SKU-033,Product 33,27,53.43,1442.61
2026-06-01,SKU-042,Product 42,18,42.29,761.22
2026-03-10,SKU-095,Product 95,19,77.08,1464.52
2025-04-17,SKU-026,Product 26,12,66.33,795.96
2026-07-08,SKU-020,Product 20,27,89.85,2425.95
2025-02-16,SKU-045,Product 45,2,80.28,160.56
2025-10-03,SKU-088,Product 88,21,65.71,1379.91
2025-10-21,SKU-074,Product 74,22,102.79,2261.38
2025-10-26,SKU-075,Product 75,35,13.71,479.85
2026-02-07,SKU-049,Product 49,37,6.44,238.28
2025-04-05,SKU-014,Product 14,4,51.74,206.96
2025-04-03,SKU-061,Product 61,22,141.95,3122.9
2025-11-22,SKU-044,Product 44,5,14.73,73.65
2026-05-08,SKU-071,Product 71,24,41.39,993.36
2025-01-16,SKU-026,Product 26,8,66.33,530.64
2026-01-14,SKU-072,Product 72,29,108.25,3139.25
2025-10-04,SKU-065,Product 65,31,29.77,922.87
2025-02-28,SKU-064,Product 64,1,117.63,117.63
2025-07-27,SKU-052,Product 52,24,79.76,1914.24
2025-05-29,SKU-097,Product 97,7,45.27,316.89
2026-04-15,SKU-098,Product 98,10,5.2,52.0
2026-03-10,SKU-093,Product 93,29,41.04,1190.16
2026-03-31,SKU-100,Product 100,43,56.59,2433.37
2026-04-09,SKU-043,Product 43,3,124.39,373.17
2025-06-15,SKU-018,Product 18,16,89.39,1430.24
2026-07-28,SKU-081,Product 81,31,66.67,2066.77
2025-08-29,SKU-024,Product 24,6,109.76,658.56
2026-07-28,SKU-026,Product 26,55,66.33,3648.15
2025-03-14,SKU-053,Product 53,2,11.29,22.58
2025-10-06,SKU-027,Product 27,31,15.58,482.98
2025-11-08,SKU-073,Product 73,26,120.54,3134.04
2025-10-03,SKU-003,Product 3,19,70.92,1347.48
2026-07-14,SKU-077,Product 77,58,62.14,3604.12
2025-06-08,SKU-070,Product 70,23,38.61,888.03
2026-04-25,SKU-020,Product 20,20,89.85,1797.0
2025-10-08,SKU-074,Product 74,31,102.79,3186.49
2025-09-01,SKU-090,Product 90,29,41.98,1217.42
2026-05-27,SKU-001,Product 1,36,133.59,4809.24
2025-01-22,SKU-037,Product 37,1,83.51,83.51
2026-04-07,SKU-018,Product 18,27,89.39,2413.53
2026-03-28,SKU-041,Product 41,26,33.9,881.4
2025-07-13,SKU-051,Product 51,26,104.22,2709.72
2025-03-31,SKU-026,Product 26,10,66.33,663.3
2026-04-20,SKU-069,Product 69,45,113.3,5098.5
2025-08-06,SKU-092,Product 92,14,131.65,1843.1
2025-12-08,SKU-060,Product 60,16,70.14,1122.24
2025-05-17,SKU-068,Product 68,8,65.88,527.04
2025-02-14,SKU-009,Product 9,15,33.35,500.25
2026-04-16,SKU-070,Product 70,51,38.61,1969.11
2025-11-15,SKU-055,Product 55,15,53.76,806.4
2026-02-12,SKU-016,Product 16,37,128.07,4738.59
2026-03-24,SKU-072,Product 72,46,108.25,4979.5
2026-06-05,SKU-097,Product 97,3,45.27,135.81
2026-06-04,SKU-085,Product 85,25,53.4,1335.0
2026-06-22,SKU-023,Product 23,7,129.88,909.16
2026-03-23,SKU-079,Product 79,19,39.06,742.14
2025-11-06,SKU-098,Product 98,15,5.2,78.0
2025-10-12,SKU-045,Product 45,24,80.28,1926.72
2025-12-13,SKU-062,Product 62,27,40.67,1098.09
2026-06-05,SKU-060,Product 60,37,70.14,2595.18
2025-01-28,SKU-068,Product 68,9,65.88,592.92
2026-05-31,SKU-061,Product 61,14,141.95,1987.3
2026-06-22,SKU-054,Product 54,3,85.15,255.45
2025-06-26,SKU-050,Product 50,28,42.38,1186.64
2025-05-07,SKU-080,Product 80,1,14.32,14.32
2026-04-14,SKU-002,Product 2,30,116.06,3481.8
2026-04-28,SKU-058,Product 58,31,122.59,3800.29
2026-07-05,SKU-087,Product 87,30,123.31,3699.3
2025-02-01,SKU-095,Product 95,5,77.08,385.4
2025-03-15,SKU-006,Product 6,16,16.92,270.72
2026-07-01,SKU-065,Product 65,19,29.77,565.63
2026-03-13,SKU-028,Product 28,49,68.24,3343.76
2026-02-01,SKU-042,Product 42,42,42.29,1776.18
2025-06-09,SKU-016,Product 16,14,128.07,1792.98
2025-01-16,SKU-008,Product 8,2,38.61,77.22
2025-10-09,SKU-019,Product 19,22,83.88,1845.36
2026-01-28,SKU-077,Product 77,36,62.14,2237.04
2025-07-15,SKU-032,Product 32,14,97.86,1370.04
2025-07-29,SKU-094,Product 94,27,25.25,681.75
2026-06-19,SKU-008,Product 8,22,38.61,849.42
2025-03-15,SKU-051,Product 51,12,104.22,1250.64
2026-06-26,SKU-093,Product 93,38,41.04,1559.52
2025-03-19,SKU-077,Product 77,18,62.14,1118.52
2026-07-29,SKU-083,Product 83,59,134.11,7912.49
2025-03-11,SKU-050,Product 50,2,42.38,84.76
2026-01-08,SKU-072,Product 72,29,108.25,3139.25
2025-02-08,SKU-007,Product 7,7,81.18,568.26
2025-03-31,SKU-067,Product 67,13,99.67,1295.71
2025-05-31,SKU-078,Product 78,5,23.81,119.05
2026-01-16,SKU-078,Product 78,26,23.81,619.06
2025-10-12,SKU-039,Product 39,24,9.81,235.44
2025-07-16,SKU-050,Product 50,20,42.38,847.6
2026-02-26,SKU-032,Product 32,3,97.86,293.58
2025-09-25,SKU-058,Product 58,19,122.59,2329.21
2025-09-15,SKU-088,Product 88,25,65.71,1642.75
2025-11-20,SKU-003,Product 3,2,70.92,141.84
2026-06-05,SKU-021,Product 21,44,71.49,3145.56
2025-02-17,SKU-028,Product 28,6,68.24,409.44
2025-07-11,SKU-084,Product 84,23,108.64,2498.72
2026-05-05,SKU-090,Product 90,53,41.98,2224.94
2025-03-17,SKU-046,Product 46,15,105.52,1582.8
2025-09-29,SKU-065,Product 65,7,29.77,208.39
2025-03-19,SKU-030,Product 30,2,117.66,235.32
2025-01-09,SKU-094,Product 94,4,25.25,101.0
2025-01-24,SKU-014,Product 14,14,51.74,724.36
2026-01-13,SKU-012,Product 12,35,112.29,3930.15
2026-02-02,SKU-050,Product 50,30,42.38,1271.4
2025-07-08,SKU-066,Product 66,7,50.43,353.01
2025-12-12,SKU-067,Product 67,8,99.67,797.36
2025-07-28,SKU-024,Product 24,8,109.76,878.08
2025-08-08,SKU-049,Product 49,27,6.44,173.88
2026-03-21,SKU-066,Product 66,46,50.43,2319.78
2025-06-26,SKU-057,Product 57,9,27.94,251.46
2026-02-20,SKU-046,Product 46,31,105.52,3271.12
2025-09-29,SKU-064,Product 64,26,117.63,3058.38
2025-03-21,SKU-001,Product 1,1,133.59,133.59
2025-07-02,SKU-081,Product 81,25,66.67,1666.75
2026-02-21,SKU-005,Product 5,22,112.77,2480.94
2025-02-28,SKU-098,Product 98,2,5.2,10.4
2025-12-04,SKU-100,Product 100,13,56.59,735.67
2025-07-29,SKU-075,Product 75,18,13.71,246.78
2025-07-20,SKU-091,Product 91,28,12.64,353.92
2025-10-17,SKU-066,Product 66,32,50.43,1613.76
2026-01-02,SKU-075,Product 75,23,13.71,315.33
2025-07-22,SKU-039,Product 39,8,9.81,78.48
2025-11-19,SKU-078,Product 78,37,23.81,880.97
2026-03-11,SKU-010,Product 10,16,84.95,1359.2
2025-11-05,SKU-100,Product 100,36,56.59,2037.24
2026-06-09,SKU-095,Product 95,3,77.08,231.24
2025-07-25,SKU-079,Product 79,22,39.06,859.32
2025-02-15,SKU-084,Product 84,17,108.64,1846.88
2025-11-21,SKU-002,Product 2,5,116.06,580.3
2026-06-11,SKU-016,Product 16,41,128.07,5250.87
2025-10-28,SKU-041,Product 41,10,33.9,339.0
2025-08-15,SKU-041,Product 41,26,33.9,881.4
2026-03-06,SKU-026,Product 26,35,66.33,2321.55
2026-02-12,SKU-036,Product 36,31,130.42,4043.02
2025-07-15,SKU-002,Product 2,14,116.06,1624.84
2025-03-24,SKU-081,Product 81,18,66.67,1200.06
2025-07-13,SKU-011,Product 11,2,77.13,154.26
2026-07-04,SKU-041,Product 41,42,33.9,1423.8
2026-07-10,SKU-022,Product 22,50,59.25,2962.5
2026-04-26,SKU-019,Product 19,34,83.88,2851.92
2025-07-26,SKU-083,Product 83,18,134.11,2413.98
2025-02-13,SKU-026,Product 26,3,66.33,198.99
2025-05-11,SKU-042,Product 42,20,42.29,845.8
2025-09-08,SKU-012,Product 12,34,112.29,3817.86
2025-09-18,SKU-003,Product 3,14,70.92,992.88
2025-05-05,SKU-068,Product 68,9,65.88,592.92
2026-01-17,SKU-009,Product 9,26,33.35,867.1
2025-09-09,SKU-061,Product 61,32,141.95,4542.4
2025-02-25,SKU-090,Product 90,11,41.98,461.78
2026-06-11,SKU-033,Product 33,7,53.43,374.01
2025-09-04,SKU-034,Product 34,4,133.9,535.6
2025-10-08,SKU-065,Product 65,17,29.77,506.09
2025-10-03,SKU-012,Product 12,36,112.29,4042.44
2026-07-30,SKU-038,Product 38,15,30.86,462.9
2025-10-10,SKU-084,Product 84,27,108.64,2933.28
2025-11-08,SKU-078,Product 78,34,23.81,809.54
2026-04-05,SKU-065,Product 65,13,29.77,387.01
2026-01-21,SKU-092,Product 92,15,131.65,1974.75
2025-01-12,SKU-081,Product 81,1,66.67,66.67
2025-05-24,SKU-048,Product 48,24,18.02,432.48
2026-07-04,SKU-081,Product 81,7,66.67,466.69
2026-07-03,SKU-005,Product 5,30,112.77,3383.1
2026-06-22,SKU-048,Product 48,7,18.02,126.14
2025-12-03,SKU-076,Product 76,41,5.46,223.86
2025-04-20,SKU-052,Product 52,21,79.76,1674.96
2025-07-05,SKU-001,Product 1,17,133.59,2271.03
2025-11-11,SKU-016,Product 16,7,128.07,896.49
2025-05-14,SKU-079,Product 79,11,39.06,429.66
2026-06-18,SKU-085,Product 85,22,53.4,1174.8
2025-08-22,SKU-077,Product 77,15,62.14,932.1
2025-02-08,SKU-053,Product 53,10,11.29,112.9
2026-02-28,SKU-040,Product 40,28,20.93,586.04
2025-01-14,SKU-016,Product 16,14,128.07,1792.98
2025-08-25,SKU-071,Product 71,13,41.39,538.07
2026-07-22,SKU-015,Product 15,11,98.54,1083.94
2025-01-31,SKU-006,Product 6,16,16.92,270.72
2026-02-28,SKU-058,Product 58,41,122.59,5026.19
2025-10-09,SKU-043,Product 43,2,124.39,248.78
2025-08-24,SKU-059,Product 59,28,143.98,4031.44
2025-06-28,SKU-049,Product 49,17,6.44,109.48
2025-04-11,SKU-067,Product 67,15,99.67,1495.05
2026-05-24,SKU-066,Product 66,25,50.43,1260.75
2026-02-25,SKU-079,Product 79,44,39.06,1718.64
2025-04-29,SKU-090,Product 90,22,41.98,923.56
2026-06-06,SKU-001,Product 1,55,133.59,7347.45
2025-04-25,SKU-017,Product 17,9,88.02,792.18
2026-02-01,SKU-002,Product 2,24,116.06,2785.44
2025-03-08,SKU-080,Product 80,12,14.32,171.84
2025-06-13,SKU-096,Product 96,3,57.25,171.75
2025-06-06,SKU-005,Product 5,27,112.77,3044.79
2025-10-20,SKU-049,Product 49,17,6.44,109.48
2025-10-26,SKU-076,Product 76,10,5.46,54.6
2026-03-14,SKU-027,Product 27,49,15.58,763.42
2026-01-27,SKU-057,Product 57,3,27.94,83.82
2025-01-03,SKU-008,Product 8,4,38.61,154.44
2025-10-24,SKU-073,Product 73,22,120.54,2651.88
2025-07-13,SKU-089,Product 89,6,62.65,375.9
2025-10-16,SKU-008,Product 8,17,38.61,656.37
2025-02-01,SKU-009,Product 9,5,33.35,166.75
2025-11-07,SKU-095,Product 95,2,77.08,154.16
2026-01-10,SKU-025,Product 25,11,126.63,1392.93
2026-06-09,SKU-094,Product 94,7,25.25,176.75
2025-02-23,SKU-007,Product 7,11,81.18,892.98
2025-08-24,SKU-087,Product 87,17,123.31,2096.27
2025-02-21,SKU-065,Product 65,10,29.77,297.7
2026-01-08,SKU-004,Product 4,41,70.1,2874.1
2025-10-02,SKU-006,Product 6,36,16.92,609.12
2025-05-22,SKU-021,Product 21,17,71.49,1215.33
2025-11-18,SKU-011,Product 11,40,77.13,3085.2
2026-04-07,SKU-054,Product 54,30,85.15,2554.5
2025-07-25,SKU-044,Product 44,18,14.73,265.14
2025-01-10,SKU-063,Product 63,15,85.06,1275.9
2025-10-07,SKU-024,Product 24,7,109.76,768.32
2025-10-24,SKU-050,Product 50,15,42.38,635.7
2025-05-02,SKU-036,Product 36,19,130.42,2477.98
2026-01-08,SKU-039,Product 39,2,9.81,19.62
2026-05-27,SKU-043,Product 43,29,124.39,3607.31
2025-10-10,SKU-095,Product 95,32,77.08,2466.56
2025-10-02,SKU-096,Product 96,29,57.25,1660.25
2025-12-16,SKU-026,Product 26,33,66.33,2188.89
2025-03-11,SKU-002,Product 2,19,116.06,2205.14
2026-06-23,SKU-013,Product 13,15,106.67,1600.05
2025-05-26,SKU-022,Product 22,1,59.25,59.25
2025-11-25,SKU-067,Product 67,37,99.67,3687.79
2026-07-21,SKU-089,Product 89,11,62.65,689.15
2025-02-14,SKU-064,Product 64,11,117.63,1293.93
2026-01-19,SKU-037,Product 37,44,83.51,3674.44
2025-12-14,SKU-058,Product 58,8,122.59,980.72
2026-02-16,SKU-056,Product 56,34,140.51,4777.34
2025-01-28,SKU-076,Product 76,2,5.46,10.92
2025-09-27,SKU-041,Product 41,2,33.9,67.8
2026-06-10,SKU-039,Product 39,33,9.81,323.73
2025-07-26,SKU-043,Product 43,12,124.39,1492.68
2026-04-25,SKU-002,Product 2,48,116.06,5570.88
2025-06-19,SKU-038,Product 38,5,30.86,154.3
2025-08-21,SKU-074,Product 74,15,102.79,1541.85
2025-03-24,SKU-041,Product 41,17,33.9,576.3
2025-04-14,SKU-079,Product 79,21,39.06,820.26
2026-01-10,SKU-024,Product 24,35,109.76,3841.6
2025-12-02,SKU-045,Product 45,19,80.28,1525.32
2025-12-02,SKU-010,Product 10,35,84.95,2973.25
2025-01-27,SKU-083,Product 83,13,134.11,1743.43
2026-05-26,SKU-003,Product 3,51,70.92,3616.92
2026-02-10,SKU-052,Product 52,18,79.76,1435.68
2026-07-03,SKU-038,Product 38,7,30.86,216.02
2026-06-05,SKU-001,Product 1,22,133.59,2938.98
2025-11-02,SKU-021,Product 21,18,71.49,1286.82
2026-03-15,SKU-060,Product 60,19,70.14,1332.66
2025-01-29,SKU-007,Product 7,16,81.18,1298.88
2026-06-09,SKU-019,Product 19,37,83.88,3103.56
2025-09-18,SKU-065,Product 65,4,29.77,119.08
2025-07-28,SKU-021,Product 21,18,71.49,1286.82
2025-01-28,SKU-019,Product 19,17,83.88,1425.96
2025-06-22,SKU-086,Product 86,3,117.55,352.65
2025-08-26,SKU-008,Product 8,31,38.61,1196.91
2025-10-11,SKU-090,Product 90,14,41.98,587.72
2026-01-31,SKU-007,Product 7,24,81.18,1948.32
2025-05-15,SKU-100,Product 100,1,56.59,56.59
2025-03-19,SKU-023,Product 23,21,129.88,2727.48
2025-05-26,SKU-021,Product 21,1,71.49,71.49
2026-03-29,SKU-095,Product 95,13,77.08,1002.04
2026-07-18,SKU-015,Product 15,58,98.54,5715.32
2025-03-23,SKU-061,Product 61,18,141.95,2555.1
2026-01-05,SKU-081,Product 81,11,66.67,733.37
2026-06-29,SKU-039,Product 39,42,9.81,412.02
2025-07-04,SKU-045,Product 45,3,80.28,240.84
2025-05-04,SKU-091,Product 91,11,12.64,139.04
2026-03-21,SKU-015,Product 15,36,98.54,3547.44
2025-04-15,SKU-018,Product 18,10,89.39,893.9
2025-04-29,SKU-047,Product 47,24,38.43,922.32
2026-06-13,SKU-094,Product 94,33,25.25,833.25
2026-05-30,SKU-066,Product 66,29,50.43,1462.47
2025-10-18,SKU-027,Product 27,17,15.58,264.86
2025-07-09,SKU-013,Product 13,7,106.67,746.69
2025-08-05,SKU-096,Product 96,27,57.25,1545.75
2025-02-01,SKU-080,Product 80,3,14.32,42.96
2025-05-01,SKU-019,Product 19,3,83.88,251.64
2025-07-30,SKU-072,Product 72,23,108.25,2489.75
2026-01-08,SKU-017,Product 17,23,88.02,2024.46
2025-12-29,SKU-057,Product 57,5,27.94,139.7
2025-06-19,SKU-018,Product 18,28,89.39,2502.92
2025-11-25,SKU-022,Product 22,32,59.25,1896.0
2026-05-27,SKU-036,Product 36,40,130.42,5216.8
2026-03-08,SKU-061,Product 61,16,141.95,2271.2
2025-09-30,SKU-017,Product 17,24,88.02,2112.48
2026-07-20,SKU-029,Product 29,23,43.36,997.28
2025-07-12,SKU-033,Product 33,5,53.43,267.15
2025-04-23,SKU-061,Product 61,22,141.95,3122.9
2026-04-02,SKU-042,Product 42,26,42.29,1099.54
2025-06-29,SKU-095,Product 95,27,77.08,2081.16
2025-05-30,SKU-046,Product 46,14,105.52,1477.28
2025-11-29,SKU-024,Product 24,32,109.76,3512.32
2025-09-20,SKU-010,Product 10,21,84.95,1783.95
2025-09-01,SKU-055,Product 55,31,53.76,1666.56
2025-12-06,SKU-007,Product 7,38,81.18,3084.84
2026-04-17,SKU-062,Product 62,51,40.67,2074.17
2026-07-29,SKU-027,Product 27,19,15.58,296.02
2026-03-20,SKU-076,Product 76,46,5.46,251.16
2025-08-15,SKU-016,Product 16,13,128.07,1664.91
2025-06-02,SKU-059,Product 59,12,143.98,1727.76
2025-06-29,SKU-099,Product 99,1,48.68,48.68
2025-06-25,SKU-012,Product 12,5,112.29,561.45
2025-04-25,SKU-078,Product 78,1,23.81,23.81
2026-07-10,SKU-053,Product 53,3,11.29,33.87
2026-03-04,SKU-003,Product 3,32,70.92,2269.44
2025-10-05,SKU-088,Product 88,17,65.71,1117.07
2026-05-21,SKU-008,Product 8,32,38.61,1235.52
2025-09-16,SKU-036,Product 36,11,130.42,1434.62
2025-03-15,SKU-061,Product 61,9,141.95,1277.55
2026-02-19,SKU-039,Product 39,28,9.81,274.68
2026-03-25,SKU-075,Product 75,6,13.71,82.26
2025-05-25,SKU-077,Product 77,26,62.14,1615.64
2026-04-09,SKU-005,Product 5,3,112.77,338.31
2026-01-12,SKU-076,Product 76,14,5.46,76.44
2025-06-01,SKU-001,Product 1,7,133.59,935.13
2025-02-11,SKU-077,Product 77,2,62.14,124.28
2025-07-22,SKU-002,Product 2,22,116.06,2553.32
2025-06-16,SKU-026,Product 26,11,66.33,729.63
2026-01-11,SKU-084,Product 84,38,108.64,4128.32
2025-02-10,SKU-089,Product 89,2,62.65,125.3
2025-02-01,SKU-075,Product 75,10,13.71,137.1
2025-12-20,SKU-092,Product 92,31,131.65,4081.15
2025-02-05,SKU-033,Product 33,9,53.43,480.87
2025-03-29,SKU-008,Product 8,17,38.61,656.37
2026-07-09,SKU-092,Product 92,38,131.65,5002.7
2025-02-10,SKU-079,Product 79,8,39.06,312.48
2025-11-29,SKU-006,Product 6,19,16.92,321.48
2025-05-12,SKU-085,Product 85,10,53.4,534.0
2026-07-27,SKU-057,Product 57,31,27.94,866.14
2026-04-25,SKU-028,Product 28,45,68.24,3070.8
2025-08-17,SKU-013,Product 13,13,106.67,1386.71
2025-01-10,SKU-063,Product 63,8,85.06,680.48
2026-03-11,SKU-088,Product 88,32,65.71,2102.72
2025-04-17,SKU-044,Product 44,20,14.73,294.6
2025-05-11,SKU-009,Product 9,21,33.35,700.35
2025-05-10,SKU-067,Product 67,5,99.67,498.35
2026-07-04,SKU-023,Product 23,26,129.88,3376.88
2025-10-10,SKU-045,Product 45,7,80.28,561.96
2025-06-24,SKU-055,Product 55,28,53.76,1505.28
2025-04-23,SKU-079,Product 79,22,39.06,859.32
2025-02-09,SKU-026,Product 26,8,66.33,530.64
2025-11-07,SKU-001,Product 1,13,133.59,1736.67
2025-11-12,SKU-005,Product 5,34,112.77,3834.18
2025-04-07,SKU-001,Product 1,1,133.59,133.59
2026-04-23,SKU-077,Product 77,20,62.14,1242.8
2025-03-26,SKU-058,Product 58,8,122.59,980.72
2026-01-27,SKU-031,Product 31,36,52.96,1906.56
2025-09-10,SKU-043,Product 43,4,124.39,497.56
2026-04-22,SKU-038,Product 38,13,30.86,401.18
2025-11-06,SKU-022,Product 22,10,59.25,592.5
2025-04-30,SKU-034,Product 34,14,133.9,1874.6
2025-06-23,SKU-082,Product 82,5,82.39,411.95
2025-04-03,SKU-061,Product 61,19,141.95,2697.05
2026-01-24,SKU-048,Product 48,33,18.02,594.66
2025-07-23,SKU-051,Product 51,20,104.22,2084.4
2025-03-29,SKU-003,Product 3,18,70.92,1276.56
2026-01-04,SKU-028,Product 28,32,68.24,2183.68
2025-11-20,SKU-094,Product 94,32,25.25,808.0
2025-07-16,SKU-044,Product 44,22,14.73,324.06
2026-06-09,SKU-045,Product 45,33,80.28,2649.24
2025-05-03,SKU-100,Product 100,24,56.59,1358.16
2025-09-05,SKU-010,Product 10,20,84.95,1699.0
2025-03-15,SKU-072,Product 72,16,108.25,1732.0
2026-02-08,SKU-069,Product 69,30,113.3,3399.0
2025-07-27,SKU-009,Product 9,22,33.35,733.7
2025-12-12,SKU-018,Product 18,36,89.39,3218.04
2025-11-26,SKU-070,Product 70,10,38.61,386.1
2025-10-29,SKU-065,Product 65,33,29.77,982.41
2025-02-14,SKU-023,Product 23,1,129.88,129.88
2026-05-25,SKU-086,Product 86,7,117.55,822.85
2026-03-29,SKU-069,Product 69,16,113.3,1812.8
2025-11-21,SKU-096,Product 96,34,57.25,1946.5
2025-01-02,SKU-059,Product 59,9,143.98,1295.82
2025-01-20,SKU-030,Product 30,9,117.66,1058.94
2025-11-17,SKU-084,Product 84,23,108.64,2498.72
2025-02-11,SKU-046,Product 46,14,105.52,1477.28
2025-05-31,SKU-032,Product 32,1,97.86,97.86
2025-07-08,SKU-090,Product 90,9,41.98,377.82
2025-10-29,SKU-061,Product 61,15,141.95,2129.25
2025-04-18,SKU-025,Product 25,1,126.63,126.63
2025-01-08,SKU-059,Product 59,3,143.98,431.94
2025-01-14,SKU-067,Product 67,14,99.67,1395.38
2025-10-23,SKU-021,Product 21,22,71.49,1572.78
2025-04-23,SKU-060,Product 60,23,70.14,1613.22
2025-03-28,SKU-031,Product 31,8,52.96,423.68
2025-12-29,SKU-064,Product 64,23,117.63,2705.49
2025-05-07,SKU-007,Product 7,11,81.18,892.98
2026-07-04,SKU-092,Product 92,30,131.65,3949.5
2025-04-20,SKU-077,Product 77,12,62.14,745.68
2025-08-03,SKU-062,Product 62,10,40.67,406.7
2025-12-26,SKU-098,Product 98,42,5.2,218.4
2025-10-11,SKU-043,Product 43,2,124.39,248.78
2026-03-22,SKU-093,Product 93,19,41.04,779.76
2025-01-13,SKU-020,Product 20,5,89.85,449.25
2026-05-25,SKU-089,Product 89,7,62.65,438.55
2025-09-04,SKU-084,Product 84,9,108.64,977.76
2025-02-16,SKU-006,Product 6,4,16.92,67.68
2025-12-31,SKU-018,Product 18,8,89.39,715.12
2026-05-21,SKU-014,Product 14,29,51.74,1500.46
2026-03-28,SKU-085,Product 85,43,53.4,2296.2
2025-10-24,SKU-055,Product 55,15,53.76,806.4
2026-04-02,SKU-098,Product 98,33,5.2,171.6
2025-04-21,SKU-072,Product 72,6,108.25,649.5
2026-05-01,SKU-028,Product 28,3,68.24,204.72
2026-02-23,SKU-016,Product 16,3,128.07,384.21
2025-03-02,SKU-086,Product 86,1,117.55,117.55
2025-01-19,SKU-027,Product 27,5,15.58,77.9
2026-01-09,SKU-098,Product 98,2,5.2,10.4
2026-07-13,SKU-040,Product 40,54,20.93,1130.22
2026-02-14,SKU-044,Product 44,31,14.73,456.63
2025-05-04,SKU-004,Product 4,18,70.1,1261.8
2025-07-10,SKU-075,Product 75,7,13.71,95.97
2026-03-15,SKU-078,Product 78,3,23.81,71.43
2026-07-09,SKU-043,Product 43,3,124.39,373.17
2025-05-11,SKU-098,Product 98,16,5.2,83.2
2026-06-27,SKU-075,Product 75,34,13.71,466.14
2026-04-13,SKU-011,Product 11,13,77.13,1002.69
2025-01-26,SKU-017,Product 17,10,88.02,880.2
2026-01-15,SKU-060,Product 60,41,70.14,2875.74
2025-09-03,SKU-056,Product 56,25,140.51,3512.75
2026-02-03,SKU-051,Product 51,33,104.22,3439.26
2026-04-05,SKU-085,Product 85,27,53.4,1441.8
2026-04-29,SKU-088,Product 88,17,65.71,1117.07
2025-03-05,SKU-021,Product 21,17,71.49,1215.33
2025-12-06,SKU-070,Product 70,13,38.61,501.93
2025-04-15,SKU-100,Product 100,20,56.59,1131.8
2025-03-16,SKU-078,Product 78,9,23.81,214.29
2026-02-16,SKU-004,Product 4,47,70.1,3294.7
2026-01-10,SKU-069,Product 69,41,113.3,4645.3
2026-01-11,SKU-081,Product 81,44,66.67,2933.48
2026-07-29,SKU-095,Product 95,47,77.08,3622.76
2026-04-09,SKU-018,Product 18,17,89.39,1519.63
2026-02-04,SKU-012,Product 12,39,112.29,4379.31
2025-11-21,SKU-015,Product 15,40,98.54,3941.6
2025-06-28,SKU-023,Product 23,25,129.88,3247.0
2025-08-03,SKU-084,Product 84,19,108.64,2064.16
2026-01-13,SKU-066,Product 66,44,50.43,2218.92
2026-04-27,SKU-029,Product 29,38,43.36,1647.68
2025-07-31,SKU-036,Product 36,18,130.42,2347.56
2025-12-30,SKU-064,Product 64,40,117.63,4705.2
2025-09-10,SKU-008,Product 8,25,38.61,965.25
2026-02-21,SKU-030,Product 30,25,117.66,2941.5
2025-01-09,SKU-079,Product 79,12,39.06,468.72
2025-04-13,SKU-094,Product 94,4,25.25,101.0
2025-10-30,SKU-053,Product 53,30,11.29,338.7
2026-06-23,SKU-058,Product 58,34,122.59,4168.06
2025-10-11,SKU-051,Product 51,19,104.22,1980.18
2025-05-04,SKU-100,Product 100,13,56.59,735.67
2025-05-29,SKU-078,Product 78,7,23.81,166.67
2025-05-03,SKU-040,Product 40,3,20.93,62.79
2025-07-16,SKU-060,Product 60,2,70.14,140.28
2025-09-30,SKU-076,Product 76,7,5.46,38.22
2025-04-01,SKU-067,Product 67,20,99.67,1993.4
2026-04-12,SKU-082,Product 82,13,82.39,1071.07
2025-02-04,SKU-023,Product 23,3,129.88,389.64
2026-04-14,SKU-003,Product 3,44,70.92,3120.48
2026-03-20,SKU-006,Product 6,49,16.92,829.08
2025-01-18,SKU-026,Product 26,7,66.33,464.31
2026-04-25,SKU-075,Product 75,24,13.71,329.04
2025-05-15,SKU-091,Product 91,3,12.64,37.92
2026-05-16,SKU-056,Product 56,43,140.51,6041.93
2025-06-23,SKU-053,Product 53,28,11.29,316.12
2026-01-06,SKU-001,Product 1,2,133.59,267.18
2026-05-15,SKU-024,Product 24,35,109.76,3841.6
2026-02-13,SKU-003,Product 3,18,70.92,1276.56
2025-02-16,SKU-049,Product 49,3,6.44,19.32
2025-09-27,SKU-095,Product 95,7,77.08,539.56
2025-03-19,SKU-039,Product 39,16,9.81,156.96
2025-07-29,SKU-049,Product 49,16,6.44,103.04
2025-09-16,SKU-050,Product 50,9,42.38,381.42
2025-01-14,SKU-070,Product 70,6,38.61,231.66
2026-03-02,SKU-098,Product 98,9,5.2,46.8
2026-03-21,SKU-074,Product 74,33,102.79,3392.07
2025-04-12,SKU-066,Product 66,12,50.43,605.16
2025-08-14,SKU-005,Product 5,13,112.77,1466.01
2025-02-05,SKU-043,Product 43,9,124.39,1119.51
2025-04-04,SKU-071,Product 71,8,41.39,331.12
2025-08-29,SKU-091,Product 91,13,12.64,164.32
2025-12-05,SKU-006,Product 6,41,16.92,693.72
2025-02-28,SKU-067,Product 67,15,99.67,1495.05
2025-02-28,SKU-006,Product 6,15,16.92,253.8
2026-05-18,SKU-048,Product 48,50,18.02,901.0
2026-04-28,SKU-055,Product 55,31,53.76,1666.56
2026-07-12,SKU-042,Product 42,58,42.29,2452.82
2025-05-21,SKU-038,Product 38,8,30.86,246.88
2025-11-06,SKU-041,Product 41,18,33.9,610.2
2026-01-29,SKU-002,Product 2,36,116.06,4178.16
2026-05-21,SKU-078,Product 78,29,23.81,690.49
2025-04-16,SKU-009,Product 9,3,33.35,100.05
2025-08-02,SKU-076,Product 76,10,5.46,54.6
2026-01-11,SKU-060,Product 60,11,70.14,771.54
2025-08-09,SKU-005,Product 5,27,112.77,3044.79
2025-05-13,SKU-012,Product 12,21,112.29,2358.09
2026-04-28,SKU-015,Product 15,24,98.54,2364.96
2025-04-28,SKU-036,Product 36,17,130.42,2217.14
2025-02-04,SKU-075,Product 75,14,13.71,191.94
2025-06-14,SKU-074,Product 74,3,102.79,308.37
2026-05-22,SKU-062,Product 62,7,40.67,284.69
2026-04-15,SKU-007,Product 7,34,81.18,2760.12
2025-10-02,SKU-094,Product 94,21,25.25,530.25
2025-04-16,SKU-023,Product 23,3,129.88,389.64
2026-03-19,SKU-064,Product 64,19,117.63,2234.97
2026-02-26,SKU-002,Product 2,38,116.06,4410.28
2025-10-21,SKU-045,Product 45,15,80.28,1204.2
2025-02-17,SKU-040,Product 40,4,20.93,83.72
2026-07-07,SKU-093,Product 93,58,41.04,2380.32
2025-01-04,SKU-080,Product 80,4,14.32,57.28
2025-04-29,SKU-014,Product 14,6,51.74,310.44
2025-05-25,SKU-083,Product 83,17,134.11,2279.87
2026-04-29,SKU-078,Product 78,49,23.81,1166.69
2025-06-29,SKU-076,Product 76,25,5.46,136.5
2025-09-14,SKU-038,Product 38,18,30.86,555.48
2026-05-29,SKU-072,Product 72,25,108.25,2706.25
2026-04-27,SKU-061,Product 61,17,141.95,2413.15
2025-12-21,SKU-060,Product 60,28,70.14,1963.92
2026-04-01,SKU-063,Product 63,16,85.06,1360.96
2026-03-10,SKU-057,Product 57,39,27.94,1089.66
2026-06-26,SKU-020,Product 20,45,89.85,4043.25
2025-05-07,SKU-026,Product 26,1,66.33,66.33
2026-03-13,SKU-094,Product 94,29,25.25,732.25
2025-03-14,SKU-055,Product 55,5,53.76,268.8
2025-04-29,SKU-031,Product 31,17,52.96,900.32
2025-09-21,SKU-092,Product 92,21,131.65,2764.65
2025-07-18,SKU-017,Product 17,16,88.02,1408.32
2025-01-19,SKU-092,Product 92,7,131.65,921.55
2026-04-02,SKU-070,Product 70,37,38.61,1428.57
2026-03-18,SKU-008,Product 8,13,38.61,501.93
2025-01-24,SKU-023,Product 23,8,129.88,1039.04
2025-08-12,SKU-076,Product 76,32,5.46,174.72
2026-04-20,SKU-069,Product 69,3,113.3,339.9
2026-06-16,SKU-012,Product 12,18,112.29,2021.22
2025-06-16,SKU-009,Product 9,1,33.35,33.35
2025-07-07,SKU-093,Product 93,15,41.04,615.6
2025-03-13,SKU-015,Product 15,19,98.54,1872.26
2026-01-25,SKU-091,Product 91,6,12.64,75.84
2025-05-23,SKU-062,Product 62,15,40.67,610.05
2025-09-16,SKU-009,Product 9,9,33.35,300.15
2025-11-20,SKU-016,Product 16,10,128.07,1280.7
2026-04-25,SKU-015,Product 15,31,98.54,3054.74
2025-09-19,SKU-017,Product 17,21,88.02,1848.42
2025-11-06,SKU-011,Product 11,10,77.13,771.3
2025-09-24,SKU-070,Product 70,16,38.61,617.76
2026-07-10,SKU-004,Product 4,50,70.1,3505.0
2025-10-16,SKU-072,Product 72,22,108.25,2381.5
2026-01-07,SKU-025,Product 25,8,126.63,1013.04
2026-04-29,SKU-022,Product 22,7,59.25,414.75
2025-07-20,SKU-082,Product 82,18,82.39,1483.02
2026-01-06,SKU-002,Product 2,2,116.06,232.12
2026-01-20,SKU-033,Product 33,32,53.43,1709.76
2025-10-23,SKU-049,Product 49,15,6.44,96.6
2025-09-08,SKU-010,Product 10,11,84.95,934.45
2026-03-17,SKU-038,Product 38,42,30.86,1296.12
2026-02-10,SKU-099,Product 99,37,48.68,1801.16
2026-06-20,SKU-080,Product 80,49,14.32,701.68
2025-05-01,SKU-088,Product 88,8,65.71,525.68
2025-09-23,SKU-069,Product 69,7,113.3,793.1
2026-03-14,SKU-003,Product 3,6,70.92,425.52
2025-10-31,SKU-096,Product 96,23,57.25,1316.75
2026-03-14,SKU-063,Product 63,3,85.06,255.18
2025-05-07,SKU-031,Product 31,6,52.96,317.76
2026-03-17,SKU-075,Product 75,13,13.71,178.23
2025-11-09,SKU-031,Product 31,10,52.96,529.6
2026-02-12,SKU-047,Product 47,28,38.43,1076.04
2025-04-03,SKU-085,Product 85,19,53.4,1014.6
2026-04-17,SKU-033,Product 33,24,53.43,1282.32
2026-05-07,SKU-080,Product 80,14,14.32,200.48
2025-04-07,SKU-063,Product 63,19,85.06,1616.14
2026-01-24,SKU-081,Product 81,18,66.67,1200.06
2025-03-08,SKU-060,Product 60,8,70.14,561.12
2025-05-04,SKU-035,Product 35,11,42.05,462.55
2026-06-21,SKU-086,Product 86,45,117.55,5289.75
2025-09-01,SKU-014,Product 14,20,51.74,1034.8
2025-01-09,SKU-025,Product 25,3,126.63,379.89
2025-11-23,SKU-088,Product 88,24,65.71,1577.04
2025-11-11,SKU-090,Product 90,23,41.98,965.54
2025-09-03,SKU-085,Product 85,25,53.4,1335.0
2025-01-06,SKU-030,Product 30,2,117.66,235.32
2025-09-28,SKU-086,Product 86,33,117.55,3879.15
2025-11-16,SKU-017,Product 17,2,88.02,176.04
2026-03-29,SKU-075,Product 75,23,13.71,315.33
2025-08-15,SKU-097,Product 97,21,45.27,950.67
2026-06-05,SKU-062,Product 62,11,40.67,447.37
2026-02-10,SKU-041,Product 41,31,33.9,1050.9
2026-06-26,SKU-088,Product 88,57,65.71,3745.47
2026-05-30,SKU-066,Product 66,47,50.43,2370.21
2026-06-07,SKU-012,Product 12,33,112.29,3705.57
2026-04-26,SKU-031,Product 31,13,52.96,688.48
2026-05-30,SKU-017,Product 17,14,88.02,1232.28
2025-07-09,SKU-097,Product 97,19,45.27,860.13
2025-09-08,SKU-063,Product 63,16,85.06,1360.96
2026-05-14,SKU-094,Product 94,28,25.25,707.0
2026-04-22,SKU-089,Product 89,20,62.65,1253.0
2025-08-22,SKU-014,Product 14,6,51.74,310.44
2025-01-16,SKU-005,Product 5,8,112.77,902.16
2025-12-31,SKU-008,Product 8,17,38.61,656.37
2026-07-08,SKU-069,Product 69,38,113.3,4305.4
2025-08-13,SKU-005,Product 5,8,112.77,902.16
2025-06-04,SKU-019,Product 19,25,83.88,2097.0
2025-07-03,SKU-018,Product 18,3,89.39,268.17
2026-07-12,SKU-033,Product 33,35,53.43,1870.05
2026-05-23,SKU-012,Product 12,3,112.29,336.87
2025-04-23,SKU-079,Product 79,12,39.06,468.72
2025-02-09,SKU-029,Product 29,13,43.36,563.68
2025-01-17,SKU-016,Product 16,8,128.07,1024.56
2026-07-25,SKU-054,Product 54,3,85.15,255.45
2026-04-09,SKU-051,Product 51,27,104.22,2813.94
2026-02-06,SKU-082,Product 82,30,82.39,2471.7
2025-07-10,SKU-079,Product 79,29,39.06,1132.74
2025-07-31,SKU-027,Product 27,20,15.58,311.6
2025-05-28,SKU-004,Product 4,7,70.1,490.7
2026-05-11,SKU-060,Product 60,17,70.14,1192.38
2025-11-29,SKU-069,Product 69,5,113.3,566.5
2025-06-04,SKU-089,Product 89,12,62.65,751.8
2026-06-10,SKU-069,Product 69,7,113.3,793.1
2025-10-11,SKU-034,Product 34,37,133.9,4954.3
2025-10-17,SKU-095,Product 95,15,77.08,1156.2
2025-05-11,SKU-080,Product 80,5,14.32,71.6
2026-07-03,SKU-090,Product 90,53,41.98,2224.94
2025-06-23,SKU-090,Product 90,17,41.98,713.66
2025-09-06,SKU-041,Product 41,13,33.9,440.7
2025-10-21,SKU-084,Product 84,22,108.64,2390.08
2026-05-11,SKU-012,Product 12,39,112.29,4379.31
2025-03-18,SKU-041,Product 41,8,33.9,271.2
2025-10-22,SKU-083,Product 83,27,134.11,3620.97
2026-06-24,SKU-047,Product 47,3,38.43,115.29
2025-05-18,SKU-073,Product 73,8,120.54,964.32
2025-05-23,SKU-038,Product 38,8,30.86,246.88
2025-12-11,SKU-095,Product 95,11,77.08,847.88
2026-07-29,SKU-096,Product 96,51,57.25,2919.75
2026-06-27,SKU-051,Product 51,53,104.22,5523.66
2025-06-26,SKU-081,Product 81,24,66.67,1600.08
2026-02-05,SKU-090,Product 90,40,41.98,1679.2
2026-07-15,SKU-012,Product 12,35,112.29,3930.15
2025-05-12,SKU-065,Product 65,3,29.77,89.31
2025-07-21,SKU-038,Product 38,18,30.86,555.48
2026-05-07,SKU-088,Product 88,39,65.71,2562.69
2025-02-22,SKU-063,Product 63,16,85.06,1360.96
2025-11-12,SKU-003,Product 3,7,70.92,496.44
2025-08-26,SKU-092,Product 92,24,131.65,3159.6
2025-02-15,SKU-075,Product 75,16,13.71,219.36
2026-07-25,SKU-063,Product 63,43,85.06,3657.58
2025-01-05,SKU-069,Product 69,2,113.3,226.6
2026-06-27,SKU-073,Product 73,19,120.54,2290.26
2026-02-06,SKU-046,Product 46,24,105.52,2532.48
2025-05-20,SKU-041,Product 41,13,33.9,440.7
2025-03-09,SKU-088,Product 88,8,65.71,525.68
2026-01-11,SKU-085,Product 85,20,53.4,1068.0
2025-06-27,SKU-014,Product 14,17,51.74,879.58
2025-05-05,SKU-025,Product 25,8,126.63,1013.04
2026-01-09,SKU-048,Product 48,23,18.02,414.46
2025-07-20,SKU-084,Product 84,8,108.64,869.12
2025-04-03,SKU-087,Product 87,2,123.31,246.62
2025-10-17,SKU-043,Product 43,22,124.39,2736.58
2025-02-22,SKU-063,Product 63,8,85.06,680.48
2025-04-07,SKU-032,Product 32,11,97.86,1076.46
2025-02-04,SKU-007,Product 7,8,81.18,649.44
2025-05-28,SKU-029,Product 29,5,43.36,216.8
2025-07-27,SKU-039,Product 39,18,9.81,176.58
2026-05-27,SKU-043,Product 43,43,124.39,5348.77
2025-03-31,SKU-052,Product 52,8,79.76,638.08
2026-07-05,SKU-061,Product 61,23,141.95,3264.85
2026-04-23,SKU-013,Product 13,24,106.67,2560.08
2025-08-04,SKU-068,Product 68,25,65.88,1647.0
2026-03-17,SKU-066,Product 66,32,50.43,1613.76
2026-02-12,SKU-044,Product 44,9,14.73,132.57
2025-08-10,SKU-017,Product 17,12,88.02,1056.24
2026-03-03,SKU-017,Product 17,25,88.02,2200.5
2025-04-18,SKU-052,Product 52,17,79.76,1355.92
2025-02-22,SKU-084,Product 84,1,108.64,108.64
2026-03-22,SKU-099,Product 99,19,48.68,924.92
2026-03-15,SKU-095,Product 95,36,77.08,2774.88
2025-08-30,SKU-073,Product 73,6,120.54,723.24
2026-02-06,SKU-090,Product 90,37,41.98,1553.26
2026-07-17,SKU-070,Product 70,3,38.61,115.83
2026-06-05,SKU-004,Product 4,44,70.1,3084.4
2026-02-01,SKU-038,Product 38,39,30.86,1203.54
2025-10-25,SKU-062,Product 62,12,40.67,488.04
2025-08-03,SKU-083,Product 83,31,134.11,4157.41
2025-01-16,SKU-006,Product 6,11,16.92,186.12
2025-04-06,SKU-088,Product 88,7,65.71,459.97
2025-05-01,SKU-015,Product 15,21,98.54,2069.34
2026-07-25,SKU-035,Product 35,47,42.05,1976.35
2025-04-19,SKU-082,Product 82,1,82.39,82.39
2025-11-07,SKU-065,Product 65,26,29.77,774.02
2025-02-13,SKU-058,Product 58,13,122.59,1593.67
2025-03-27,SKU-020,Product 20,10,89.85,898.5
2025-12-26,SKU-083,Product 83,34,134.11,4559.74
2026-05-07,SKU-018,Product 18,46,89.39,4111.94
2025-10-30,SKU-030,Product 30,23,117.66,2706.18
2026-01-12,SKU-006,Product 6,20,16.92,338.4
2025-02-04,SKU-036,Product 36,2,130.42,260.84
2026-03-22,SKU-081,Product 81,36,66.67,2400.12
2025-11-19,SKU-060,Product 60,8,70.14,561.12
2026-01-26,SKU-041,Product 41,15,33.9,508.5
2026-02-03,SKU-004,Product 4,30,70.1,2103.0
2025-07-11,SKU-004,Product 4,19,70.1,1331.9
2026-04-10,SKU-012,Product 12,3,112.29,336.87
2025-01-17,SKU-037,Product 37,15,83.51,1252.65
2025-03-20,SKU-086,Product 86,14,117.55,1645.7
2026-07-23,SKU-031,Product 31,15,52.96,794.4
2025-11-16,SKU-038,Product 38,7,30.86,216.02
2025-03-06,SKU-055,Product 55,3,53.76,161.28
2026-07-04,SKU-080,Product 80,19,14.32,272.08
2025-07-08,SKU-089,Product 89,29,62.65,1816.85
2025-06-22,SKU-075,Product 75,20,13.71,274.2
2026-01-11,SKU-023,Product 23,23,129.88,2987.24
2026-07-04,SKU-045,Product 45,11,80.28,883.08
2025-10-23,SKU-003,Product 3,20,70.92,1418.4
2025-11-12,SKU-098,Product 98,34,5.2,176.8
2025-01-30,SKU-091,Product 91,17,12.64,214.88
2026-05-31,SKU-017,Product 17,3,88.02,264.06
2025-10-22,SKU-055,Product 55,2,53.76,107.52
2026-03-08,SKU-075,Product 75,19,13.71,260.49
2026-06-01,SKU-004,Product 4,14,70.1,981.4
2025-05-15,SKU-061,Product 61,20,141.95,2839.0
2026-07-03,SKU-063,Product 63,26,85.06,2211.56
2026-01-23,SKU-007,Product 7,21,81.18,1704.78
2026-01-22,SKU-085,Product 85,15,53.4,801.0
2025-10-22,SKU-097,Product 97,35,45.27,1584.45
2025-10-01,SKU-085,Product 85,36,53.4,1922.4
2026-01-15,SKU-031,Product 31,29,52.96,1535.84
2025-01-03,SKU-076,Product 76,8,5.46,43.68
2026-05-30,SKU-048,Product 48,7,18.02,126.14
2026-01-04,SKU-056,Product 56,43,140.51,6041.93
2026-06-27,SKU-021,Product 21,26,71.49,1858.74
2026-05-24,SKU-099,Product 99,47,48.68,2287.96
2025-02-27,SKU-077,Product 77,18,62.14,1118.52
2026-01-23,SKU-084,Product 84,45,108.64,4888.8
2025-10-15,SKU-030,Product 30,4,117.66,470.64
2026-02-15,SKU-046,Product 46,18,105.52,1899.36
2026-07-29,SKU-100,Product 100,11,56.59,622.49
2026-01-02,SKU-031,Product 31,31,52.96,1641.76
2025-01-08,SKU-092,Product 92,12,131.65,1579.8
2025-06-28,SKU-034,Product 34,9,133.9,1205.1
2025-08-07,SKU-055,Product 55,14,53.76,752.64
2025-08-28,SKU-078,Product 78,26,23.81,619.06
2026-02-27,SKU-088,Product 88,28,65.71,1839.88
2026-04-29,SKU-009,Product 9,17,33.35,566.95
2025-07-20,SKU-072,Product 72,24,108.25,2598.0
2025-04-12,SKU-018,Product 18,16,89.39,1430.24
2026-06-18,SKU-100,Product 100,33,56.59,1867.47
2025-07-26,SKU-046,Product 46,10,105.52,1055.2
2025-01-19,SKU-016,Product 16,9,128.07,1152.63
2026-03-12,SKU-058,Product 58,42,122.59,5148.78
2025-04-11,SKU-034,Product 34,15,133.9,2008.5
2026-06-24,SKU-076,Product 76,53,5.46,289.38
2026-04-30,SKU-044,Product 44,35,14.73,515.55
2026-01-19,SKU-098,Product 98,5,5.2,26.0
2026-05-15,SKU-058,Product 58,50,122.59,6129.5
2025-05-16,SKU-077,Product 77,25,62.14,1553.5
2026-05-01,SKU-086,Product 86,21,117.55,2468.55
2025-07-03,SKU-026,Product 26,1,66.33,66.33
2025-06-02,SKU-008,Product 8,17,38.61,656.37
2026-03-31,SKU-067,Product 67,47,99.67,4684.49
2025-07-16,SKU-065,Product 65,16,29.77,476.32
2025-04-26,SKU-058,Product 58,11,122.59,1348.49
2026-06-08,SKU-099,Product 99,3,48.68,146.04
2025-09-10,SKU-029,Product 29,20,43.36,867.2
2025-02-21,SKU-008,Product 8,10,38.61,386.1
2026-02-23,SKU-054,Product 54,3,85.15,255.45
2026-04-18,SKU-016,Product 16,27,128.07,3457.89
2025-03-01,SKU-033,Product 33,15,53.43,801.45
2025-11-14,SKU-099,Product 99,21,48.68,1022.28
2025-07-20,SKU-050,Product 50,16,42.38,678.08
2025-04-09,SKU-073,Product 73,21,120.54,2531.34
2025-09-07,SKU-006,Product 6,6,16.92,101.52
2026-01-16,SKU-043,Product 43,23,124.39,2860.97
2026-02-24,SKU-022,Product 22,38,59.25,2251.5
2026-04-20,SKU-037,Product 37,17,83.51,1419.67
2025-06-14,SKU-074,Product 74,27,102.79,2775.33
2026-06-11,SKU-006,Product 6,7,16.92,118.44
2026-06-30,SKU-031,Product 31,34,52.96,1800.64
2025-02-07,SKU-030,Product 30,4,117.66,470.64
2025-12-06,SKU-023,Product 23,27,129.88,3506.76
2025-11-28,SKU-039,Product 39,40,9.81,392.4
2026-07-13,SKU-082,Product 82,3,82.39,247.17
2025-09-15,SKU-069,Product 69,18,113.3,2039.4
2025-10-15,SKU-042,Product 42,34,42.29,1437.86
2025-07-26,SKU-041,Product 41,8,33.9,271.2
2026-03-29,SKU-060,Product 60,26,70.14,1823.64
2025-02-10,SKU-065,Product 65,4,29.77,119.08
2025-04-01,SKU-023,Product 23,14,129.88,1818.32
2025-03-01,SKU-054,Product 54,14,85.15,1192.1
2025-02-05,SKU-005,Product 5,4,112.77,451.08
2026-05-16,SKU-022,Product 22,32,59.25,1896.0
2025-01-04,SKU-029,Product 29,9,43.36,390.24
2025-04-27,SKU-009,Product 9,20,33.35,667.0
2025-04-05,SKU-086,Product 86,10,117.55,1175.5
2026-06-11,SKU-057,Product 57,33,27.94,922.02
2026-06-16,SKU-005,Product 5,18,112.77,2029.86
2025-02-16,SKU-090,Product 90,11,41.98,461.78
2025-07-27,SKU-097,Product 97,8,45.27,362.16
2025-07-15,SKU-094,Product 94,24,25.25,606.0
2026-02-14,SKU-076,Product 76,21,5.46,114.66
2026-03-10,SKU-099,Product 99,32,48.68,1557.76
2025-06-29,SKU-018,Product 18,21,89.39,1877.19
2025-07-14,SKU-095,Product 95,16,77.08,1233.28
2025-05-21,SKU-089,Product 89,20,62.65,1253.0
2026-06-21,SKU-026,Product 26,15,66.33,994.95
2025-04-23,SKU-039,Product 39,7,9.81,68.67
2025-08-03,SKU-037,Product 37,12,83.51,1002.12
2025-04-30,SKU-075,Product 75,4,13.71,54.84
2025-09-27,SKU-031,Product 31,16,52.96,847.36
2025-06-03,SKU-067,Product 67,16,99.67,1594.72
2025-05-13,SKU-095,Product 95,1,77.08,77.08
2026-04-01,SKU-093,Product 93,33,41.04,1354.32
2025-05-11,SKU-087,Product 87,1,123.31,123.31
2025-09-27,SKU-085,Product 85,4,53.4,213.6
2025-04-13,SKU-046,Product 46,7,105.52,738.64
2025-09-24,SKU-091,Product 91,26,12.64,328.64
2026-02-18,SKU-038,Product 38,22,30.86,678.92
2026-06-16,SKU-067,Product 67,48,99.67,4784.16
2026-04-28,SKU-044,Product 44,21,14.73,309.33
2025-09-07,SKU-048,Product 48,6,18.02,108.12
2026-03-16,SKU-092,Product 92,13,131.65,1711.45
2025-02-11,SKU-063,Product 63,3,85.06,255.18
2025-04-02,SKU-094,Product 94,19,25.25,479.75
2025-10-31,SKU-034,Product 34,5,133.9,669.5
2026-07-30,SKU-027,Product 27,35,15.58,545.3
2025-07-02,SKU-029,Product 29,13,43.36,563.68
2025-06-08,SKU-095,Product 95,20,77.08,1541.6
2026-06-27,SKU-051,Product 51,3,104.22,312.66
2026-06-27,SKU-058,Product 58,26,122.59,3187.34
2026-06-19,SKU-053,Product 53,45,11.29,508.05
2025-07-27,SKU-013,Product 13,24,106.67,2560.08
2026-04-22,SKU-057,Product 57,52,27.94,1452.88
2026-02-24,SKU-074,Product 74,44,102.79,4522.76
2026-02-06,SKU-033,Product 33,27,53.43,1442.61
2025-02-07,SKU-003,Product 3,15,70.92,1063.8
2026-01-01,SKU-007,Product 7,28,81.18,2273.04
2026-03-11,SKU-004,Product 4,29,70.1,2032.9
2025-03-21,SKU-023,Product 23,7,129.88,909.16
2026-07-18,SKU-034,Product 34,58,133.9,7766.2
2026-06-09,SKU-072,Product 72,55,108.25,5953.75
2025-10-16,SKU-030,Product 30,12,117.66,1411.92
2025-04-05,SKU-031,Product 31,14,52.96,741.44
2025-10-08,SKU-067,Product 67,29,99.67,2890.43
2025-04-20,SKU-041,Product 41,21,33.9,711.9
2025-12-14,SKU-074,Product 74,19,102.79,1953.01
2025-03-01,SKU-028,Product 28,7,68.24,477.68
2025-02-20,SKU-021,Product 21,7,71.49,500.43
2026-07-22,SKU-088,Product 88,15,65.71,985.65
2026-06-13,SKU-055,Product 55,14,53.76,752.64
2025-12-27,SKU-085,Product 85,28,53.4,1495.2
2025-09-25,SKU-075,Product 75,19,13.71,260.49
2025-11-16,SKU-025,Product 25,13,126.63,1646.19
2025-03-07,SKU-023,Product 23,20,129.88,2597.6
2025-03-18,SKU-074,Product 74,12,102.79,1233.48
2026-01-30,SKU-034,Product 34,18,133.9,2410.2
2026-05-20,SKU-074,Product 74,18,102.79,1850.22
2025-08-07,SKU-100,Product 100,10,56.59,565.9
2026-05-05,SKU-027,Product 27,35,15.58,545.3
2026-06-03,SKU-069,Product 69,48,113.3,5438.4
2025-04-04,SKU-008,Product 8,7,38.61,270.27
2026-05-14,SKU-040,Product 40,14,20.93,293.02
2025-12-09,SKU-009,Product 9,5,33.35,166.75
2025-12-18,SKU-094,Product 94,19,25.25,479.75
2025-11-29,SKU-028,Product 28,8,68.24,545.92
2026-01-06,SKU-029,Product 29,40,43.36,1734.4
2025-06-05,SKU-077,Product 77,9,62.14,559.26
2025-02-03,SKU-034,Product 34,3,133.9,401.7
2025-11-13,SKU-061,Product 61,15,141.95,2129.25
2025-11-08,SKU-051,Product 51,7,104.22,729.54
2026-01-03,SKU-036,Product 36,17,130.42,2217.14
2025-02-18,SKU-066,Product 66,3,50.43,151.29
2025-07-31,SKU-069,Product 69,29,113.3,3285.7
2026-06-16,SKU-025,Product 25,22,126.63,2785.86
2025-06-17,SKU-009,Product 9,3,33.35,100.05
2026-02-06,SKU-040,Product 40,12,20.93,251.16
2026-03-02,SKU-076,Product 76,41,5.46,223.86
2026-05-25,SKU-053,Product 53,18,11.29,203.22
2025-08-01,SKU-024,Product 24,2,109.76,219.52
2026-05-01,SKU-033,Product 33,45,53.43,2404.35
2025-02-02,SKU-032,Product 32,10,97.86,978.6
2025-02-06,SKU-056,Product 56,5,140.51,702.55
2025-11-01,SKU-058,Product 58,30,122.59,3677.7
2025-05-15,SKU-069,Product 69,8,113.3,906.4
2026-02-20,SKU-009,Product 9,25,33.35,833.75
2026-02-12,SKU-017,Product 17,40,88.02,3520.8
2026-03-31,SKU-028,Product 28,6,68.24,409.44
2025-02-24,SKU-046,Product 46,7,105.52,738.64
2026-02-06,SKU-100,Product 100,46,56.59,2603.14
2026-04-26,SKU-028,Product 28,10,68.24,682.4
2025-03-27,SKU-070,Product 70,12,38.61,463.32
2025-10-17,SKU-095,Product 95,2,77.08,154.16
2025-12-22,SKU-033,Product 33,19,53.43,1015.17
2026-02-09,SKU-075,Product 75,34,13.71,466.14
2025-01-02,SKU-082,Product 82,2,82.39,164.78
2026-01-11,SKU-002,Product 2,38,116.06,4410.28
2025-09-04,SKU-098,Product 98,34,5.2,176.8
2025-12-02,SKU-097,Product 97,19,45.27,860.13
2025-12-13,SKU-093,Product 93,30,41.04,1231.2
2025-09-04,SKU-026,Product 26,13,66.33,862.29
2026-04-12,SKU-004,Product 4,34,70.1,2383.4
2025-04-08,SKU-031,Product 31,6,52.96,317.76
2025-03-26,SKU-015,Product 15,10,98.54,985.4
2026-06-08,SKU-077,Product 77,11,62.14,683.54
2026-05-24,SKU-082,Product 82,43,82.39,3542.77
2026-06-13,SKU-099,Product 99,18,48.68,876.24
2026-06-10,SKU-093,Product 93,29,41.04,1190.16
2026-05-23,SKU-077,Product 77,43,62.14,2672.02
2025-09-15,SKU-058,Product 58,4,122.59,490.36
2026-04-26,SKU-066,Product 66,27,50.43,1361.61
2025-10-22,SKU-075,Product 75,2,13.71,27.42
2026-01-07,SKU-077,Product 77,38,62.14,2361.32
2025-08-15,SKU-087,Product 87,30,123.31,3699.3
2026-02-07,SKU-087,Product 87,15,123.31,1849.65
2025-09-18,SKU-037,Product 37,28,83.51,2338.28
2025-07-19,SKU-071,Product 71,30,41.39,1241.7
2025-10-20,SKU-035,Product 35,5,42.05,210.25
2025-03-22,SKU-095,Product 95,12,77.08,924.96
2026-02-19,SKU-033,Product 33,9,53.43,480.87
2025-03-08,SKU-058,Product 58,20,122.59,2451.8
2025-10-02,SKU-097,Product 97,33,45.27,1493.91
2025-08-24,SKU-018,Product 18,19,89.39,1698.41
2026-03-01,SKU-085,Product 85,6,53.4,320.4
2025-03-31,SKU-039,Product 39,16,9.81,156.96
2025-11-28,SKU-078,Product 78,27,23.81,642.87
2025-01-16,SKU-066,Product 66,7,50.43,353.01
2026-02-28,SKU-029,Product 29,35,43.36,1517.6
2025-03-25,SKU-094,Product 94,17,25.25,429.25
2025-10-29,SKU-093,Product 93,7,41.04,287.28
2025-01-28,SKU-045,Product 45,10,80.28,802.8
2025-02-20,SKU-032,Product 32,2,97.86,195.72
2026-06-29,SKU-068,Product 68,3,65.88,197.64
2026-02-09,SKU-099,Product 99,37,48.68,1801.16
2026-03-20,SKU-060,Product 60,9,70.14,631.26
2026-01-07,SKU-035,Product 35,20,42.05,841.0
2026-04-27,SKU-063,Product 63,38,85.06,3232.28
2025-01-30,SKU-024,Product 24,10,109.76,1097.6
2026-05-25,SKU-078,Product 78,43,23.81,1023.83
2026-06-05,SKU-017,Product 17,11,88.02,968.22
2025-03-22,SKU-079,Product 79,12,39.06,468.72
2025-03-19,SKU-029,Product 29,1,43.36,43.36
2025-04-30,SKU-025,Product 25,6,126.63,759.78
2025-05-02,SKU-028,Product 28,1,68.24,68.24
2025-05-16,SKU-036,Product 36,15,130.42,1956.3
2025-09-17,SKU-016,Product 16,30,128.07,3842.1
2025-11-17,SKU-071,Product 71,18,41.39,745.02
2025-03-15,SKU-085,Product 85,9,53.4,480.6
2025-11-29,SKU-100,Product 100,27,56.59,1527.93
2026-01-18,SKU-014,Product 14,41,51.74,2121.34
2026-05-18,SKU-096,Product 96,7,57.25,400.75
2025-04-19,SKU-010,Product 10,4,84.95,339.8
2026-05-11,SKU-021,Product 21,3,71.49,214.47
2025-07-13,SKU-098,Product 98,10,5.2,52.0
2026-07-09,SKU-099,Product 99,42,48.68,2044.56
2025-10-16,SKU-050,Product 50,37,42.38,1568.06
2026-07-22,SKU-002,Product 2,19,116.06,2205.14
2025-09-05,SKU-084,Product 84,20,108.64,2172.8
2025-05-01,SKU-066,Product 66,21,50.43,1059.03
2026-05-03,SKU-004,Product 4,31,70.1,2173.1
2026-07-01,SKU-100,Product 100,15,56.59,848.85
2025-08-13,SKU-014,Product 14,23,51.74,1190.02
2026-07-30,SKU-012,Product 12,19,112.29,2133.51
2026-04-08,SKU-014,Product 14,20,51.74,1034.8
2026-06-23,SKU-057,Product 57,53,27.94,1480.82
2025-06-10,SKU-087,Product 87,25,123.31,3082.75
2025-12-23,SKU-005,Product 5,17,112.77,1917.09
2026-05-29,SKU-084,Product 84,14,108.64,1520.96
2025-03-18,SKU-062,Product 62,11,40.67,447.37
2025-01-30,SKU-054,Product 54,17,85.15,1447.55
2025-10-15,SKU-072,Product 72,4,108.25,433.0
2026-02-16,SKU-034,Product 34,40,133.9,5356.0
2025-04-22,SKU-008,Product 8,15,38.61,579.15
2025-10-02,SKU-058,Product 58,21,122.59,2574.39
2026-06-29,SKU-065,Product 65,53,29.77,1577.81
2025-06-01,SKU-035,Product 35,1,42.05,42.05
2026-06-10,SKU-004,Product 4,29,70.1,2032.9
2026-05-06,SKU-024,Product 24,31,109.76,3402.56
2026-03-28,SKU-053,Product 53,13,11.29,146.77
2025-06-22,SKU-074,Product 74,7,102.79,719.53
2026-04-27,SKU-056,Product 56,21,140.51,2950.71
2025-04-16,SKU-073,Product 73,10,120.54,1205.4
2026-03-14,SKU-053,Product 53,29,11.29,327.41
2025-01-14,SKU-061,Product 61,13,141.95,1845.35
2025-12-25,SKU-045,Product 45,8,80.28,642.24
2025-07-21,SKU-087,Product 87,28,123.31,3452.68
2026-03-28,SKU-024,Product 24,43,109.76,4719.68
2025-05-29,SKU-090,Product 90,7,41.98,293.86
2026-03-23,SKU-045,Product 45,46,80.28,3692.88
2025-10-17,SKU-072,Product 72,12,108.25,1299.0
2025-07-04,SKU-098,Product 98,11,5.2,57.2
2025-11-09,SKU-028,Product 28,34,68.24,2320.16
2025-10-29,SKU-022,Product 22,5,59.25,296.25
2025-01-22,SKU-018,Product 18,1,89.39,89.39
2025-12-09,SKU-078,Product 78,38,23.81,904.78
2025-08-18,SKU-069,Product 69,28,113.3,3172.4
2026-07-14,SKU-021,Product 21,54,71.49,3860.46
2026-07-30,SKU-038,Product 38,47,30.86,1450.42
2025-06-13,SKU-075,Product 75,18,13.71,246.78
2026-07-23,SKU-047,Product 47,23,38.43,883.89
2026-06-11,SKU-080,Product 80,7,14.32,100.24
2026-06-30,SKU-040,Product 40,46,20.93,962.78
2025-10-26,SKU-035,Product 35,30,42.05,1261.5
2025-07-14,SKU-016,Product 16,6,128.07,768.42
2025-09-29,SKU-081,Product 81,33,66.67,2200.11
2026-05-12,SKU-065,Product 65,7,29.77,208.39
2025-02-09,SKU-072,Product 72,4,108.25,433.0
2025-01-02,SKU-077,Product 77,7,62.14,434.98
2026-04-05,SKU-034,Product 34,23,133.9,3079.7
2025-03-21,SKU-050,Product 50,7,42.38,296.66
2025-10-17,SKU-039,Product 39,7,9.81,68.67
2026-05-07,SKU-013,Product 13,39,106.67,4160.13
2025-11-04,SKU-099,Product 99,31,48.68,1509.08
2026-05-01,SKU-031,Product 31,14,52.96,741.44
2025-12-20,SKU-001,Product 1,31,133.59,4141.29
2026-07-17,SKU-054,Product 54,3,85.15,255.45
2025-08-21,SKU-025,Product 25,33,126.63,4178.79
2025-10-23,SKU-027,Product 27,32,15.58,498.56
2025-02-20,SKU-028,Product 28,8,68.24,545.92
2025-09-26,SKU-007,Product 7,33,81.18,2678.94
2025-12-30,SKU-007,Product 7,20,81.18,1623.6
2026-05-03,SKU-004,Product 4,49,70.1,3434.9
2026-06-24,SKU-068,Product 68,30,65.88,1976.4
2026-07-06,SKU-055,Product 55,54,53.76,2903.04
2025-02-23,SKU-033,Product 33,8,53.43,427.44
2025-06-15,SKU-030,Product 30,20,117.66,2353.2
2026-04-06,SKU-085,Product 85,3,53.4,160.2
2026-02-19,SKU-058,Product 58,28,122.59,3432.52
2025-01-25,SKU-083,Product 83,14,134.11,1877.54
2025-08-28,SKU-071,Product 71,33,41.39,1365.87
2025-08-27,SKU-079,Product 79,4,39.06,156.24
2026-01-18,SKU-073,Product 73,35,120.54,4218.9
2026-03-07,SKU-074,Product 74,45,102.79,4625.55
2026-06-21,SKU-015,Product 15,56,98.54,5518.24
2025-04-05,SKU-053,Product 53,2,11.29,22.58
2026-05-29,SKU-097,Product 97,25,45.27,1131.75
2026-07-03,SKU-001,Product 1,23,133.59,3072.57
2025-12-30,SKU-041,Product 41,14,33.9,474.6
2025-04-23,SKU-083,Product 83,11,134.11,1475.21
2025-08-19,SKU-061,Product 61,28,141.95,3974.6
2025-06-27,SKU-022,Product 22,19,59.25,1125.75
2025-05-07,SKU-068,Product 68,6,65.88,395.28
2026-07-03,SKU-045,Product 45,19,80.28,1525.32
2026-06-27,SKU-036,Product 36,11,130.42,1434.62
2026-03-19,SKU-022,Product 22,26,59.25,1540.5
2025-07-23,SKU-025,Product 25,20,126.63,2532.6
2025-08-24,SKU-069,Product 69,8,113.3,906.4
2025-09-30,SKU-031,Product 31,2,52.96,105.92
2026-02-26,SKU-006,Product 6,31,16.92,524.52
2026-02-20,SKU-096,Product 96,25,57.25,1431.25
2026-04-13,SKU-056,Product 56,3,140.51,421.53
2025-12-29,SKU-039,Product 39,43,9.81,421.83
2025-01-21,SKU-077,Product 77,7,62.14,434.98
2025-01-04,SKU-049,Product 49,3,6.44,19.32
2025-12-08,SKU-100,Product 100,11,56.59,622.49
2025-01-15,SKU-077,Product 77,8,62.14,497.12
2025-10-17,SKU-093,Product 93,2,41.04,82.08
2025-11-15,SKU-098,Product 98,31,5.2,161.2
2026-03-03,SKU-076,Product 76,9,5.46,49.14
2026-01-13,SKU-070,Product 70,32,38.61,1235.52
2025-08-10,SKU-090,Product 90,12,41.98,503.76
2025-01-04,SKU-025,Product 25,6,126.63,759.78
2025-08-12,SKU-022,Product 22,21,59.25,1244.25
2025-12-11,SKU-007,Product 7,36,81.18,2922.48
2025-12-15,SKU-018,Product 18,22,89.39,1966.58
2025-06-06,SKU-097,Product 97,14,45.27,633.78
2025-05-06,SKU-087,Product 87,23,123.31,2836.13
2025-11-13,SKU-033,Product 33,13,53.43,694.59
2025-10-03,SKU-001,Product 1,36,133.59,4809.24
2026-03-05,SKU-044,Product 44,16,14.73,235.68
2025-03-18,SKU-096,Product 96,9,57.25,515.25
2026-05-10,SKU-052,Product 52,49,79.76,3908.24
2025-06-03,SKU-042,Product 42,8,42.29,338.32
2026-06-23,SKU-039,Product 39,34,9.81,333.54
2025-10-09,SKU-100,Product 100,27,56.59,1527.93
2025-04-29,SKU-051,Product 51,11,104.22,1146.42
2025-07-14,SKU-084,Product 84,26,108.64,2824.64
2026-01-31,SKU-053,Product 53,42,11.29,474.18
2025-02-05,SKU-061,Product 61,11,141.95,1561.45
2026-07-15,SKU-022,Product 22,23,59.25,1362.75
2025-03-01,SKU-072,Product 72,2,108.25,216.5
2025-08-10,SKU-073,Product 73,23,120.54,2772.42
2025-11-14,SKU-011,Product 11,13,77.13,1002.69
2025-10-27,SKU-079,Product 79,38,39.06,1484.28
2026-02-05,SKU-086,Product 86,3,117.55,352.65
2025-02-24,SKU-082,Product 82,11,82.39,906.29
2026-06-21,SKU-017,Product 17,34,88.02,2992.68
2026-07-11,SKU-024,Product 24,3,109.76,329.28
2025-02-15,SKU-068,Product 68,1,65.88,65.88
2025-08-16,SKU-098,Product 98,8,5.2,41.6
2026-02-21,SKU-095,Product 95,18,77.08,1387.44
2025-07-14,SKU-021,Product 21,30,71.49,2144.7
2025-01-31,SKU-039,Product 39,6,9.81,58.86
2026-06-07,SKU-015,Product 15,55,98.54,5419.7
2026-07-28,SKU-100,Product 100,55,56.59,3112.45
2026-05-28,SKU-082,Product 82,54,82.39,4449.06
2026-03-23,SKU-036,Product 36,3,130.42,391.26
2025-08-19,SKU-077,Product 77,28,62.14,1739.92
2026-06-11,SKU-052,Product 52,29,79.76,2313.04
2025-10-15,SKU-071,Product 71,34,41.39,1407.26
2025-10-16,SKU-047,Product 47,4,38.43,153.72
2025-04-07,SKU-068,Product 68,10,65.88,658.8
2025-01-28,SKU-061,Product 61,2,141.95,283.9
2026-07-07,SKU-051,Product 51,54,104.22,5627.88
2026-07-01,SKU-021,Product 21,34,71.49,2430.66
2025-11-20,SKU-047,Product 47,29,38.43,1114.47
2025-09-24,SKU-031,Product 31,9,52.96,476.64
2026-03-03,SKU-008,Product 8,6,38.61,231.66
2026-05-01,SKU-088,Product 88,21,65.71,1379.91
2025-08-01,SKU-017,Product 17,8,88.02,704.16
2025-10-19,SKU-077,Product 77,25,62.14,1553.5
2025-02-06,SKU-078,Product 78,9,23.81,214.29
2025-07-27,SKU-039,Product 39,14,9.81,137.34
2025-11-14,SKU-048,Product 48,5,18.02,90.1
2025-09-05,SKU-087,Product 87,6,123.31,739.86
2025-04-25,SKU-065,Product 65,3,29.77,89.31
2026-01-20,SKU-028,Product 28,20,68.24,1364.8
2025-11-09,SKU-071,Product 71,5,41.39,206.95
2026-02-08,SKU-053,Product 53,6,11.29,67.74
2025-04-08,SKU-044,Product 44,9,14.73,132.57
2025-04-19,SKU-014,Product 14,4,51.74,206.96
2026-02-18,SKU-063,Product 63,6,85.06,510.36
2026-03-03,SKU-057,Product 57,19,27.94,530.86
2026-07-29,SKU-099,Product 99,43,48.68,2093.24
2025-03-31,SKU-082,Product 82,4,82.39,329.56
2026-02-20,SKU-065,Product 65,9,29.77,267.93
2026-02-28,SKU-100,Product 100,9,56.59,509.31
2026-03-29,SKU-072,Product 72,3,108.25,324.75
2026-02-20,SKU-064,Product 64,28,117.63,3293.64
2025-05-08,SKU-091,Product 91,24,12.64,303.36
2026-03-20,SKU-011,Product 11,39,77.13,3008.07
2025-05-16,SKU-073,Product 73,11,120.54,1325.94
2026-03-13,SKU-020,Product 20,13,89.85,1168.05
2025-02-06,SKU-067,Product 67,4,99.67,398.68
2026-07-09,SKU-001,Product 1,7,133.59,935.13
2025-09-28,SKU-053,Product 53,21,11.29,237.09
2026-02-22,SKU-085,Product 85,12,53.4,640.8
2025-09-07,SKU-045,Product 45,2,80.28,160.56
2025-12-20,SKU-042,Product 42,14,42.29,592.06
2025-08-12,SKU-075,Product 75,2,13.71,27.42
2025-12-10,SKU-008,Product 8,30,38.61,1158.3
2025-04-16,SKU-064,Product 64,20,117.63,2352.6
2025-12-27,SKU-046,Product 46,2,105.52,211.04
2025-08-30,SKU-056,Product 56,18,140.51,2529.18
2025-01-25,SKU-072,Product 72,10,108.25,1082.5
2025-12-17,SKU-080,Product 80,22,14.32,315.04
2025-06-17,SKU-033,Product 33,13,53.43,694.59
2026-06-16,SKU-029,Product 29,41,43.36,1777.76
2026-04-30,SKU-092,Product 92,42,131.65,5529.3
2026-05-01,SKU-046,Product 46,45,105.52,4748.4
2026-06-15,SKU-026,Product 26,41,66.33,2719.53
2026-03-26,SKU-035,Product 35,10,42.05,420.5
2025-04-19,SKU-051,Product 51,14,104.22,1459.08
2026-04-04,SKU-073,Product 73,10,120.54,1205.4
2026-02-18,SKU-016,Product 16,44,128.07,5635.08
2026-04-06,SKU-077,Product 77,33,62.14,2050.62
2025-02-25,SKU-044,Product 44,3,14.73,44.19
2026-04-03,SKU-094,Product 94,40,25.25,1010.0
2025-08-14,SKU-099,Product 99,8,48.68,389.44
2025-06-23,SKU-017,Product 17,9,88.02,792.18
2026-03-22,SKU-098,Product 98,39,5.2,202.8
2026-06-10,SKU-050,Product 50,55,42.38,2330.9
2026-05-07,SKU-071,Product 71,53,41.39,2193.67
2026-01-30,SKU-041,Product 41,24,33.9,813.6
2025-08-15,SKU-059,Product 59,17,143.98,2447.66
2026-07-16,SKU-047,Product 47,23,38.43,883.89
2025-08-20,SKU-050,Product 50,6,42.38,254.28
2025-09-19,SKU-031,Product 31,18,52.96,953.28
2025-10-13,SKU-057,Product 57,2,27.94,55.88
2025-07-24,SKU-091,Product 91,22,12.64,278.08
2025-04-26,SKU-029,Product 29,20,43.36,867.2
2025-10-24,SKU-087,Product 87,22,123.31,2712.82
2026-01-27,SKU-087,Product 87,9,123.31,1109.79
2026-02-04,SKU-001,Product 1,36,133.59,4809.24
2025-03-14,SKU-094,Product 94,15,25.25,378.75
2025-06-20,SKU-060,Product 60,26,70.14,1823.64
2025-07-06,SKU-042,Product 42,29,42.29,1226.41
2025-10-20,SKU-022,Product 22,7,59.25,414.75
2026-03-11,SKU-100,Product 100,9,56.59,509.31
2025-12-16,SKU-030,Product 30,30,117.66,3529.8
2025-07-27,SKU-048,Product 48,26,18.02,468.52
2025-06-21,SKU-055,Product 55,18,53.76,967.68
2025-02-27,SKU-014,Product 14,1,51.74,51.74
2026-07-11,SKU-051,Product 51,15,104.22,1563.3
2025-05-29,SKU-046,Product 46,10,105.52,1055.2
2025-03-02,SKU-030,Product 30,3,117.66,352.98
2026-01-17,SKU-088,Product 88,44,65.71,2891.24
2025-03-05,SKU-011,Product 11,1,77.13,77.13
2025-09-25,SKU-075,Product 75,11,13.71,150.81
2025-02-21,SKU-014,Product 14,15,51.74,776.1
2025-12-13,SKU-086,Product 86,19,117.55,2233.45
2025-12-26,SKU-076,Product 76,25,5.46,136.5
2025-06-21,SKU-025,Product 25,3,126.63,379.89
2025-12-16,SKU-075,Product 75,28,13.71,383.88
2026-01-18,SKU-050,Product 50,17,42.38,720.46
2026-03-06,SKU-090,Product 90,32,41.98,1343.36
2026-07-12,SKU-070,Product 70,46,38.61,1776.06
2026-06-25,SKU-081,Product 81,53,66.67,3533.51
2025-08-31,SKU-010,Product 10,24,84.95,2038.8
2026-04-28,SKU-012,Product 12,21,112.29,2358.09
2026-01-03,SKU-084,Product 84,40,108.64,4345.6
2025-07-16,SKU-012,Product 12,8,112.29,898.32
2025-11-14,SKU-090,Product 90,37,41.98,1553.26
2025-10-09,SKU-091,Product 91,34,12.64,429.76
2026-02-13,SKU-018,Product 18,46,89.39,4111.94
2025-06-30,SKU-063,Product 63,23,85.06,1956.38
2025-06-28,SKU-018,Product 18,13,89.39,1162.07
2025-05-27,SKU-056,Product 56,3,140.51,421.53
2025-08-18,SKU-098,Product 98,4,5.2,20.8
2025-06-02,SKU-083,Product 83,7,134.11,938.77
2026-05-14,SKU-031,Product 31,25,52.96,1324.0
2026-05-20,SKU-007,Product 7,36,81.18,2922.48
2025-12-14,SKU-097,Product 97,2,45.27,90.54
2026-04-17,SKU-035,Product 35,41,42.05,1724.05
2026-01-27,SKU-056,Product 56,3,140.51,421.53
2025-12-25,SKU-031,Product 31,25,52.96,1324.0
2025-10-05,SKU-047,Product 47,29,38.43,1114.47
2026-06-15,SKU-002,Product 2,37,116.06,4294.22
2026-01-29,SKU-087,Product 87,21,123.31,2589.51
2026-01-25,SKU-004,Product 4,21,70.1,1472.1
2026-05-09,SKU-056,Product 56,39,140.51,5479.89
2025-02-12,SKU-010,Product 10,7,84.95,594.65
2025-11-05,SKU-053,Product 53,26,11.29,293.54
2025-01-08,SKU-013,Product 13,2,106.67,213.34
2025-01-18,SKU-029,Product 29,7,43.36,303.52
2025-06-02,SKU-041,Product 41,5,33.9,169.5
2025-06-28,SKU-098,Product 98,28,5.2,145.6
2025-04-30,SKU-084,Product 84,21,108.64,2281.44
2025-07-12,SKU-100,Product 100,15,56.59,848.85
2026-03-26,SKU-074,Product 74,16,102.79,1644.64
2025-05-20,SKU-017,Product 17,24,88.02,2112.48
2025-10-22,SKU-030,Product 30,32,117.66,3765.12
2025-04-08,SKU-078,Product 78,18,23.81,428.58
2025-06-29,SKU-027,Product 27,28,15.58,436.24
2025-11-06,SKU-047,Product 47,28,38.43,1076.04
2026-03-01,SKU-086,Product 86,9,117.55,1057.95
2026-01-02,SKU-024,Product 24,20,109.76,2195.2
2026-02-02,SKU-007,Product 7,21,81.18,1704.78
2025-10-29,SKU-060,Product 60,5,70.14,350.7
2026-03-25,SKU-065,Product 65,3,29.77,89.31
2025-04-03,SKU-013,Product 13,5,106.67,533.35
2025-06-29,SKU-052,Product 52,3,79.76,239.28
2026-03-08,SKU-017,Product 17,25,88.02,2200.5
2025-02-18,SKU-100,Product 100,17,56.59,962.03
2025-09-20,SKU-094,Product 94,4,25.25,101.0
2025-03-13,SKU-090,Product 90,12,41.98,503.76
2026-01-07,SKU-067,Product 67,11,99.67,1096.37
2025-10-03,SKU-079,Product 79,4,39.06,156.24
2026-04-04,SKU-092,Product 92,30,131.65,3949.5
2025-09-04,SKU-082,Product 82,2,82.39,164.78
2025-09-09,SKU-020,Product 20,18,89.85,1617.3
2025-12-02,SKU-039,Product 39,41,9.81,402.21
2025-01-23,SKU-001,Product 1,7,133.59,935.13
2025-04-27,SKU-028,Product 28,1,68.24,68.24
2025-10-16,SKU-063,Product 63,32,85.06,2721.92
2026-01-06,SKU-054,Product 54,40,85.15,3406.0
2025-04-19,SKU-050,Product 50,10,42.38,423.8
2025-04-26,SKU-049,Product 49,9,6.44,57.96
2025-06-23,SKU-064,Product 64,24,117.63,2823.12
2025-07-03,SKU-026,Product 26,23,66.33,1525.59
2026-05-25,SKU-090,Product 90,3,41.98,125.94
2026-01-03,SKU-036,Product 36,5,130.42,652.1
2026-03-31,SKU-017,Product 17,6,88.02,528.12
2026-05-07,SKU-089,Product 89,14,62.65,877.1
2026-03-01,SKU-034,Product 34,44,133.9,5891.6
2025-02-24,SKU-024,Product 24,19,109.76,2085.44
2025-02-16,SKU-052,Product 52,7,79.76,558.32
2025-09-12,SKU-048,Product 48,18,18.02,324.36
2026-05-11,SKU-037,Product 37,46,83.51,3841.46
2026-02-24,SKU-037,Product 37,6,83.51,501.06
2025-07-11,SKU-026,Product 26,3,66.33,198.99
2025-08-07,SKU-086,Product 86,6,117.55,705.3
2025-05-10,SKU-026,Product 26,8,66.33,530.64
2025-10-31,SKU-071,Product 71,5,41.39,206.95
2025-06-30,SKU-093,Product 93,3,41.04,123.12
2026-05-18,SKU-057,Product 57,25,27.94,698.5
2025-04-02,SKU-014,Product 14,20,51.74,1034.8
2026-02-25,SKU-050,Product 50,44,42.38,1864.72
2025-03-22,SKU-093,Product 93,21,41.04,861.84
2025-05-02,SKU-095,Product 95,1,77.08,77.08
2025-02-27,SKU-082,Product 82,7,82.39,576.73
2025-08-04,SKU-072,Product 72,2,108.25,216.5
2025-01-18,SKU-057,Product 57,3,27.94,83.82
2025-01-30,SKU-062,Product 62,6,40.67,244.02
2026-06-20,SKU-067,Product 67,22,99.67,2192.74
2025-04-11,SKU-024,Product 24,6,109.76,658.56
2026-04-03,SKU-002,Product 2,10,116.06,1160.6
2025-08-16,SKU-048,Product 48,30,18.02,540.6
2025-05-19,SKU-017,Product 17,13,88.02,1144.26
2025-05-23,SKU-014,Product 14,24,51.74,1241.76
2026-06-05,SKU-041,Product 41,11,33.9,372.9
2025-10-27,SKU-056,Product 56,25,140.51,3512.75
2025-01-27,SKU-038,Product 38,10,30.86,308.6
2026-03-09,SKU-082,Product 82,9,82.39,741.51
2025-03-20,SKU-038,Product 38,8,30.86,246.88
2025-12-28,SKU-067,Product 67,23,99.67,2292.41
2025-10-21,SKU-050,Product 50,10,42.38,423.8
2026-06-24,SKU-035,Product 35,3,42.05,126.15
2025-01-24,SKU-037,Product 37,4,83.51,334.04
2026-03-22,SKU-048,Product 48,46,18.02,828.92
2026-06-14,SKU-009,Product 9,48,33.35,1600.8
2025-05-07,SKU-039,Product 39,14,9.81,137.34
2026-02-07,SKU-048,Product 48,30,18.02,540.6
2025-09-13,SKU-060,Product 60,2,70.14,140.28
2026-07-26,SKU-053,Product 53,31,11.29,349.99
2025-11-28,SKU-072,Product 72,13,108.25,1407.25
2025-02-26,SKU-029,Product 29,1,43.36,43.36
2026-06-11,SKU-011,Product 11,7,77.13,539.91
2025-08-22,SKU-077,Product 77,28,62.14,1739.92
2025-01-04,SKU-069,Product 69,2,113.3,226.6
2026-03-14,SKU-078,Product 78,22,23.81,523.82
2025-01-04,SKU-067,Product 67,15,99.67,1495.05
2026-06-02,SKU-039,Product 39,44,9.81,431.64
2026-03-25,SKU-010,Product 10,49,84.95,4162.55
2025-05-30,SKU-053,Product 53,15,11.29,169.35
2025-08-19,SKU-036,Product 36,26,130.42,3390.92
2025-12-03,SKU-027,Product 27,24,15.58,373.92
2026-04-26,SKU-068,Product 68,10,65.88,658.8
2025-08-18,SKU-086,Product 86,26,117.55,3056.3
2026-05-07,SKU-049,Product 49,46,6.44,296.24
2025-09-10,SKU-095,Product 95,34,77.08,2620.72
2025-12-10,SKU-097,Product 97,33,45.27,1493.91
2026-01-23,SKU-068,Product 68,33,65.88,2174.04
2026-03-06,SKU-048,Product 48,29,18.02,522.58
2025-02-22,SKU-068,Product 68,15,65.88,988.2
2026-05-02,SKU-065,Product 65,21,29.77,625.17
2025-03-28,SKU-054,Product 54,14,85.15,1192.1
2025-03-14,SKU-051,Product 51,8,104.22,833.76
2026-02-19,SKU-092,Product 92,18,131.65,2369.7
2026-02-15,SKU-059,Product 59,37,143.98,5327.26
2026-02-12,SKU-025,Product 25,9,126.63,1139.67
2025-07-12,SKU-055,Product 55,25,53.76,1344.0
2026-05-24,SKU-031,Product 31,36,52.96,1906.56
2025-09-28,SKU-020,Product 20,36,89.85,3234.6
2025-12-07,SKU-067,Product 67,2,99.67,199.34
2025-08-31,SKU-080,Product 80,24,14.32,343.68
2025-11-26,SKU-093,Product 93,35,41.04,1436.4
2025-12-09,SKU-085,Product 85,13,53.4,694.2
2026-06-17,SKU-002,Product 2,3,116.06,348.18
2026-02-01,SKU-080,Product 80,9,14.32,128.88
2026-07-31,SKU-038,Product 38,35,30.86,1080.1
2026-02-12,SKU-076,Product 76,31,5.46,169.26
2025-01-03,SKU-043,Product 43,10,124.39,1243.9
2025-11-07,SKU-085,Product 85,7,53.4,373.8
2025-11-20,SKU-006,Product 6,26,16.92,439.92
2026-04-30,SKU-019,Product 19,3,83.88,251.64
2025-03-26,SKU-084,Product 84,1,108.64,108.64
2026-03-12,SKU-014,Product 14,48,51.74,2483.52
2025-04-24,SKU-037,Product 37,17,83.51,1419.67
2025-08-19,SKU-087,Product 87,17,123.31,2096.27
2025-03-23,SKU-021,Product 21,4,71.49,285.96
2025-10-19,SKU-023,Product 23,12,129.88,1558.56
2025-10-31,SKU-043,Product 43,25,124.39,3109.75
2026-05-04,SKU-013,Product 13,53,106.67,5653.51
2026-02-07,SKU-053,Product 53,37,11.29,417.73
2025-05-09,SKU-083,Product 83,4,134.11,536.44
2026-07-29,SKU-059,Product 59,19,143.98,2735.62
2025-06-19,SKU-068,Product 68,24,65.88,1581.12
2025-01-25,SKU-095,Product 95,8,77.08,616.64
2026-06-06,SKU-068,Product 68,3,65.88,197.64
2025-01-30,SKU-006,Product 6,12,16.92,203.04
2026-04-04,SKU-042,Product 42,23,42.29,972.67
2025-12-18,SKU-011,Product 11,39,77.13,3008.07
2026-06-28,SKU-008,Product 8,3,38.61,115.83
2026-06-28,SKU-065,Product 65,15,29.77,446.55
2025-07-20,SKU-088,Product 88,16,65.71,1051.36
2026-05-24,SKU-085,Product 85,3,53.4,160.2
2026-01-20,SKU-016,Product 16,38,128.07,4866.66
2025-06-11,SKU-098,Product 98,23,5.2,119.6
2025-08-14,SKU-064,Product 64,6,117.63,705.78
2025-11-21,SKU-033,Product 33,2,53.43,106.86
2025-09-27,SKU-013,Product 13,23,106.67,2453.41
2026-03-17,SKU-074,Product 74,49,102.79,5036.71
2025-10-23,SKU-012,Product 12,20,112.29,2245.8
2025-11-01,SKU-009,Product 9,2,33.35,66.7
2026-03-28,SKU-021,Product 21,13,71.49,929.37
2025-10-27,SKU-070,Product 70,35,38.61,1351.35
2025-01-24,SKU-088,Product 88,14,65.71,919.94
2026-03-23,SKU-030,Product 30,43,117.66,5059.38
2026-01-15,SKU-052,Product 52,14,79.76,1116.64
2025-07-30,SKU-057,Product 57,29,27.94,810.26
2026-01-16,SKU-002,Product 2,5,116.06,580.3
2025-01-19,SKU-068,Product 68,5,65.88,329.4
2025-05-10,SKU-023,Product 23,10,129.88,1298.8
2025-04-05,SKU-066,Product 66,11,50.43,554.73
2025-03-10,SKU-084,Product 84,1,108.64,108.64
2025-08-29,SKU-042,Product 42,33,42.29,1395.57
2025-04-04,SKU-085,Product 85,1,53.4,53.4
2025-02-02,SKU-034,Product 34,6,133.9,803.4
2025-12-11,SKU-019,Product 19,16,83.88,1342.08
2025-11-15,SKU-029,Product 29,13,43.36,563.68
2025-04-05,SKU-043,Product 43,1,124.39,124.39
2025-06-17,SKU-025,Product 25,5,126.63,633.15
2026-04-26,SKU-038,Product 38,34,30.86,1049.24
2025-05-22,SKU-030,Product 30,5,117.66,588.3
2025-08-16,SKU-045,Product 45,8,80.28,642.24
2025-03-16,SKU-037,Product 37,12,83.51,1002.12
2026-01-21,SKU-010,Product 10,39,84.95,3313.05
2025-06-25,SKU-012,Product 12,24,112.29,2694.96
2025-03-20,SKU-031,Product 31,9,52.96,476.64
2026-06-07,SKU-024,Product 24,3,109.76,329.28
2025-10-14,SKU-047,Product 47,32,38.43,1229.76
2026-03-03,SKU-076,Product 76,28,5.46,152.88
2026-05-25,SKU-010,Product 10,47,84.95,3992.65
2025-07-01,SKU-027,Product 27,27,15.58,420.66
2025-10-16,SKU-044,Product 44,2,14.73,29.46
2025-07-29,SKU-021,Product 21,29,71.49,2073.21
2025-11-15,SKU-093,Product 93,29,41.04,1190.16
2026-04-29,SKU-065,Product 65,31,29.77,922.87
2026-06-22,SKU-020,Product 20,49,89.85,4402.65
2025-09-07,SKU-003,Product 3,32,70.92,2269.44
2025-06-16,SKU-006,Product 6,13,16.92,219.96
2025-10-28,SKU-048,Product 48,25,18.02,450.5
2026-07-14,SKU-065,Product 65,31,29.77,922.87
2025-05-27,SKU-074,Product 74,22,102.79,2261.38
2025-02-14,SKU-073,Product 73,6,120.54,723.24
2025-10-08,SKU-033,Product 33,22,53.43,1175.46
2025-10-05,SKU-012,Product 12,12,112.29,1347.48
2025-08-28,SKU-020,Product 20,31,89.85,2785.35
2025-11-21,SKU-018,Product 18,32,89.39,2860.48
2025-03-27,SKU-055,Product 55,11,53.76,591.36
2025-03-01,SKU-030,Product 30,1,117.66,117.66
2026-07-20,SKU-033,Product 33,55,53.43,2938.65
2026-02-05,SKU-068,Product 68,3,65.88,197.64
2025-03-21,SKU-081,Product 81,12,66.67,800.04
2025-11-04,SKU-050,Product 50,23,42.38,974.74
2026-01-07,SKU-091,Product 91,32,12.64,404.48
2025-01-23,SKU-029,Product 29,10,43.36,433.6
2026-07-25,SKU-045,Product 45,7,80.28,561.96
2025-07-16,SKU-076,Product 76,4,5.46,21.84
2025-06-01,SKU-062,Product 62,10,40.67,406.7
2026-07-01,SKU-023,Product 23,57,129.88,7403.16
2026-01-20,SKU-026,Product 26,26,66.33,1724.58
2026-01-30,SKU-061,Product 61,15,141.95,2129.25
2026-06-17,SKU-023,Product 23,15,129.88,1948.2
2025-10-17,SKU-066,Product 66,30,50.43,1512.9
2026-05-10,SKU-023,Product 23,39,129.88,5065.32
2026-07-08,SKU-043,Product 43,38,124.39,4726.82
2026-07-28,SKU-063,Product 63,59,85.06,5018.54
2025-05-05,SKU-094,Product 94,21,25.25,530.25
2026-01-11,SKU-004,Product 4,2,70.1,140.2
2025-02-02,SKU-005,Product 5,4,112.77,451.08
2026-03-25,SKU-032,Product 32,39,97.86,3816.54
2025-09-19,SKU-094,Product 94,9,25.25,227.25
2025-09-21,SKU-012,Product 12,23,112.29,2582.67
2025-04-25,SKU-080,Product 80,11,14.32,157.52
2026-04-28,SKU-094,Product 94,21,25.25,530.25
2026-02-01,SKU-068,Product 68,6,65.88,395.28
2026-05-16,SKU-083,Product 83,3,134.11,402.33
2025-08-22,SKU-056,Product 56,13,140.51,1826.63
2026-05-20,SKU-074,Product 74,32,102.79,3289.28
2026-05-06,SKU-006,Product 6,7,16.92,118.44
2025-04-12,SKU-070,Product 70,9,38.61,347.49
2026-04-30,SKU-076,Product 76,52,5.46,283.92
2025-05-15,SKU-098,Product 98,3,5.2,15.6
2025-05-09,SKU-096,Product 96,6,57.25,343.5
2025-04-24,SKU-089,Product 89,15,62.65,939.75
2025-03-02,SKU-043,Product 43,7,124.39,870.73
2025-10-22,SKU-065,Product 65,12,29.77,357.24
2026-01-23,SKU-096,Product 96,27,57.25,1545.75
2025-06-17,SKU-077,Product 77,3,62.14,186.42
2026-02-17,SKU-094,Product 94,15,25.25,378.75
2026-01-07,SKU-007,Product 7,17,81.18,1380.06
2025-01-24,SKU-002,Product 2,7,116.06,812.42
2025-10-28,SKU-097,Product 97,25,45.27,1131.75
2025-02-11,SKU-069,Product 69,8,113.3,906.4
2026-02-19,SKU-095,Product 95,44,77.08,3391.52
2026-05-06,SKU-056,Product 56,24,140.51,3372.24
2025-12-15,SKU-015,Product 15,14,98.54,1379.56
2025-05-06,SKU-018,Product 18,1,89.39,89.39
2025-08-07,SKU-034,Product 34,27,133.9,3615.3
2026-01-26,SKU-077,Product 77,39,62.14,2423.46
2025-10-08,SKU-063,Product 63,19,85.06,1616.14
2025-12-14,SKU-023,Product 23,25,129.88,3247.0
2026-07-10,SKU-062,Product 62,19,40.67,772.73
2026-01-05,SKU-047,Product 47,2,38.43,76.86
2026-07-25,SKU-087,Product 87,39,123.31,4809.09
2025-07-22,SKU-097,Product 97,6,45.27,271.62
2026-03-24,SKU-094,Product 94,9,25.25,227.25
2025-06-24,SKU-001,Product 1,17,133.59,2271.03
2025-08-25,SKU-022,Product 22,6,59.25,355.5
2025-08-24,SKU-038,Product 38,11,30.86,339.46
2025-07-02,SKU-034,Product 34,17,133.9,2276.3
2026-06-21,SKU-023,Product 23,53,129.88,6883.64
2026-02-20,SKU-058,Product 58,22,122.59,2696.98
2025-11-28,SKU-017,Product 17,27,88.02,2376.54
2025-04-18,SKU-036,Product 36,15,130.42,1956.3
2026-03-17,SKU-080,Product 80,16,14.32,229.12
2026-03-28,SKU-010,Product 10,20,84.95,1699.0
2025-06-03,SKU-090,Product 90,10,41.98,419.8
2026-03-16,SKU-037,Product 37,42,83.51,3507.42
2026-05-23,SKU-055,Product 55,7,53.76,376.32
2026-02-22,SKU-086,Product 86,22,117.55,2586.1
2026-06-13,SKU-047,Product 47,41,38.43,1575.63
2025-10-02,SKU-033,Product 33,2,53.43,106.86
2026-04-05,SKU-078,Product 78,23,23.81,547.63
2025-08-29,SKU-080,Product 80,6,14.32,85.92
2025-07-28,SKU-026,Product 26,12,66.33,795.96
2025-01-08,SKU-048,Product 48,9,18.02,162.18
2026-05-21,SKU-001,Product 1,3,133.59,400.77
2025-08-16,SKU-023,Product 23,28,129.88,3636.64
2025-10-02,SKU-015,Product 15,2,98.54,197.08
2026-03-30,SKU-015,Product 15,16,98.54,1576.64
2025-11-20,SKU-027,Product 27,24,15.58,373.92
2025-09-15,SKU-058,Product 58,18,122.59,2206.62
2025-08-20,SKU-036,Product 36,6,130.42,782.52
2026-02-16,SKU-087,Product 87,31,123.31,3822.61
2025-09-04,SKU-031,Product 31,11,52.96,582.56
2025-10-10,SKU-061,Product 61,12,141.95,1703.4
2025-09-08,SKU-069,Product 69,11,113.3,1246.3
2025-09-05,SKU-072,Product 72,13,108.25,1407.25
2025-11-27,SKU-065,Product 65,13,29.77,387.01
2025-02-07,SKU-011,Product 11,5,77.13,385.65
2026-04-21,SKU-091,Product 91,45,12.64,568.8
2025-04-13,SKU-062,Product 62,15,40.67,610.05
2026-06-29,SKU-037,Product 37,38,83.51,3173.38
2026-05-29,SKU-068,Product 68,44,65.88,2898.72
2025-12-07,SKU-012,Product 12,5,112.29,561.45
2025-02-13,SKU-064,Product 64,18,117.63,2117.34
2026-05-07,SKU-083,Product 83,31,134.11,4157.41
2025-08-16,SKU-061,Product 61,13,141.95,1845.35
2025-02-26,SKU-037,Product 37,16,83.51,1336.16
2025-09-20,SKU-081,Product 81,30,66.67,2000.1
2026-06-25,SKU-043,Product 43,53,124.39,6592.67
2025-03-05,SKU-082,Product 82,2,82.39,164.78
2025-03-19,SKU-021,Product 21,19,71.49,1358.31
2026-06-28,SKU-060,Product 60,38,70.14,2665.32
2025-12-15,SKU-099,Product 99,42,48.68,2044.56
2025-05-28,SKU-073,Product 73,17,120.54,2049.18
2025-11-08,SKU-073,Product 73,31,120.54,3736.74
2026-04-29,SKU-059,Product 59,21,143.98,3023.58
2025-06-07,SKU-077,Product 77,23,62.14,1429.22
2025-11-14,SKU-016,Product 16,29,128.07,3714.03
2025-09-26,SKU-027,Product 27,4,15.58,62.32
2025-02-08,SKU-091,Product 91,2,12.64,25.28
2025-02-11,SKU-014,Product 14,2,51.74,103.48
2025-07-14,SKU-008,Product 8,12,38.61,463.32
2026-01-12,SKU-035,Product 35,14,42.05,588.7
2025-10-07,SKU-013,Product 13,31,106.67,3306.77
2025-02-15,SKU-056,Product 56,18,140.51,2529.18
2025-12-16,SKU-043,Product 43,8,124.39,995.12
2026-07-12,SKU-024,Product 24,23,109.76,2524.48
2026-06-28,SKU-078,Product 78,38,23.81,904.78
2025-04-06,SKU-081,Product 81,1,66.67,66.67
2025-08-09,SKU-010,Product 10,27,84.95,2293.65
2025-09-09,SKU-009,Product 9,6,33.35,200.1
2026-06-09,SKU-001,Product 1,48,133.59,6412.32
2025-08-27,SKU-090,Product 90,29,41.98,1217.42
2026-06-08,SKU-095,Product 95,48,77.08,3699.84
2025-04-16,SKU-081,Product 81,21,66.67,1400.07
2026-02-18,SKU-091,Product 91,18,12.64,227.52
2025-08-08,SKU-059,Product 59,27,143.98,3887.46
2026-04-24,SKU-037,Product 37,24,83.51,2004.24
2026-06-16,SKU-022,Product 22,26,59.25,1540.5
2026-06-13,SKU-027,Product 27,14,15.58,218.12
2025-02-12,SKU-025,Product 25,14,126.63,1772.82
2026-05-12,SKU-042,Product 42,53,42.29,2241.37
2025-12-14,SKU-090,Product 90,5,41.98,209.9
2025-06-24,SKU-036,Product 36,20,130.42,2608.4
2026-06-29,SKU-020,Product 20,49,89.85,4402.65
2026-02-23,SKU-010,Product 10,31,84.95,2633.45
2026-03-07,SKU-068,Product 68,3,65.88,197.64
2025-11-02,SKU-090,Product 90,7,41.98,293.86
2026-03-02,SKU-092,Product 92,6,131.65,789.9
2025-03-28,SKU-098,Product 98,15,5.2,78.0
2025-03-05,SKU-070,Product 70,11,38.61,424.71
2026-05-26,SKU-041,Product 41,18,33.9,610.2
2026-04-19,SKU-032,Product 32,13,97.86,1272.18
2025-12-01,SKU-005,Product 5,2,112.77,225.54
2026-02-02,SKU-046,Product 46,6,105.52,633.12
2025-08-29,SKU-065,Product 65,15,29.77,446.55
2025-01-26,SKU-029,Product 29,10,43.36,433.6
2026-06-17,SKU-045,Product 45,26,80.28,2087.28
2025-01-28,SKU-070,Product 70,6,38.61,231.66
2026-04-21,SKU-044,Product 44,13,14.73,191.49
2025-03-27,SKU-067,Product 67,4,99.67,398.68
2025-04-14,SKU-059,Product 59,13,143.98,1871.74
2025-03-16,SKU-099,Product 99,20,48.68,973.6
2025-05-31,SKU-069,Product 69,5,113.3,566.5
2025-05-14,SKU-041,Product 41,20,33.9,678.0
2026-05-06,SKU-065,Product 65,10,29.77,297.7
2025-06-29,SKU-099,Product 99,19,48.68,924.92
2026-01-23,SKU-016,Product 16,30,128.07,3842.1
2026-03-20,SKU-058,Product 58,6,122.59,735.54
2026-02-13,SKU-065,Product 65,18,29.77,535.86
2025-08-06,SKU-031,Product 31,10,52.96,529.6
2025-10-19,SKU-092,Product 92,35,131.65,4607.75
2026-05-29,SKU-091,Product 91,47,12.64,594.08
2026-01-06,SKU-036,Product 36,43,130.42,5608.06
2026-01-15,SKU-084,Product 84,2,108.64,217.28
2025-09-29,SKU-081,Product 81,33,66.67,2200.11
2026-02-14,SKU-075,Product 75,25,13.71,342.75
2026-06-22,SKU-048,Product 48,41,18.02,738.82
2026-02-24,SKU-077,Product 77,9,62.14,559.26
2025-07-17,SKU-025,Product 25,22,126.63,2785.86
2025-12-30,SKU-097,Product 97,17,45.27,769.59
2025-06-18,SKU-011,Product 11,22,77.13,1696.86
2025-12-26,SKU-064,Product 64,14,117.63,1646.82
2026-05-29,SKU-082,Product 82,33,82.39,2718.87
2025-03-12,SKU-093,Product 93,8,41.04,328.32
2025-12-01,SKU-007,Product 7,38,81.18,3084.84
2026-07-05,SKU-043,Product 43,23,124.39,2860.97
2025-07-03,SKU-079,Product 79,7,39.06,273.42
2025-07-05,SKU-039,Product 39,25,9.81,245.25
2026-02-22,SKU-084,Product 84,22,108.64,2390.08
2025-03-13,SKU-063,Product 63,1,85.06,85.06
2025-07-20,SKU-007,Product 7,28,81.18,2273.04
2025-06-29,SKU-080,Product 80,17,14.32,243.44
2025-09-29,SKU-005,Product 5,12,112.77,1353.24
2025-11-19,SKU-015,Product 15,8,98.54,788.32
2025-05-08,SKU-073,Product 73,8,120.54,964.32
2026-03-10,SKU-022,Product 22,16,59.25,948.0
2025-06-22,SKU-080,Product 80,1,14.32,14.32
2025-07-05,SKU-051,Product 51,19,104.22,1980.18
2025-01-16,SKU-035,Product 35,11,42.05,462.55
2025-05-17,SKU-029,Product 29,3,43.36,130.08
2026-01-01,SKU-053,Product 53,23,11.29,259.67
2025-12-28,SKU-054,Product 54,20,85.15,1703.0
2025-05-16,SKU-055,Product 55,5,53.76,268.8
2025-10-01,SKU-020,Product 20,33,89.85,2965.05
2025-07-30,SKU-022,Product 22,29,59.25,1718.25
2026-07-27,SKU-064,Product 64,11,117.63,1293.93
2026-03-16,SKU-035,Product 35,49,42.05,2060.45
2025-06-07,SKU-086,Product 86,10,117.55,1175.5
2025-06-14,SKU-053,Product 53,1,11.29,11.29
2026-05-03,SKU-010,Product 10,45,84.95,3822.75
2026-03-09,SKU-019,Product 19,35,83.88,2935.8
2025-05-22,SKU-021,Product 21,13,71.49,929.37
2025-08-28,SKU-056,Product 56,15,140.51,2107.65
2025-11-02,SKU-019,Product 19,28,83.88,2348.64
2025-04-22,SKU-073,Product 73,4,120.54,482.16
2026-03-25,SKU-007,Product 7,26,81.18,2110.68
2025-07-26,SKU-024,Product 24,10,109.76,1097.6
2026-07-18,SKU-034,Product 34,15,133.9,2008.5
2026-07-25,SKU-011,Product 11,35,77.13,2699.55
2025-06-21,SKU-046,Product 46,11,105.52,1160.72
2026-01-28,SKU-070,Product 70,18,38.61,694.98
2025-04-22,SKU-032,Product 32,11,97.86,1076.46
2025-08-14,SKU-098,Product 98,8,5.2,41.6
2026-03-01,SKU-006,Product 6,3,16.92,50.76
2025-09-15,SKU-006,Product 6,23,16.92,389.16
2025-01-19,SKU-039,Product 39,12,9.81,117.72
2025-01-11,SKU-029,Product 29,13,43.36,563.68
2026-04-07,SKU-080,Product 80,6,14.32,85.92
2026-04-04,SKU-036,Product 36,30,130.42,3912.6
2026-05-02,SKU-059,Product 59,14,143.98,2015.72
2026-03-17,SKU-091,Product 91,9,12.64,113.76
2026-01-31,SKU-022,Product 22,3,59.25,177.75
2026-02-08,SKU-038,Product 38,6,30.86,185.16
2025-09-19,SKU-034,Product 34,4,133.9,535.6
2025-11-14,SKU-046,Product 46,29,105.52,3060.08
2026-02-11,SKU-079,Product 79,15,39.06,585.9
2025-10-22,SKU-085,Product 85,20,53.4,1068.0
2025-11-23,SKU-061,Product 61,40,141.95,5678.0
2025-11-21,SKU-006,Product 6,34,16.92,575.28
2025-05-15,SKU-019,Product 19,8,83.88,671.04
2026-03-15,SKU-039,Product 39,26,9.81,255.06
2025-10-29,SKU-065,Product 65,28,29.77,833.56
2025-05-22,SKU-067,Product 67,17,99.67,1694.39
2026-02-13,SKU-099,Product 99,21,48.68,1022.28
2025-06-03,SKU-019,Product 19,14,83.88,1174.32
2025-08-22,SKU-035,Product 35,4,42.05,168.2
2026-01-01,SKU-040,Product 40,17,20.93,355.81
2026-06-19,SKU-085,Product 85,15,53.4,801.0
2025-05-26,SKU-016,Product 16,7,128.07,896.49
2025-10-22,SKU-099,Product 99,20,48.68,973.6
2025-08-12,SKU-053,Product 53,23,11.29,259.67
2025-06-22,SKU-094,Product 94,7,25.25,176.75
2025-08-14,SKU-090,Product 90,32,41.98,1343.36
2026-05-12,SKU-095,Product 95,14,77.08,1079.12
2025-06-13,SKU-066,Product 66,24,50.43,1210.32
2026-03-31,SKU-089,Product 89,10,62.65,626.5
2026-07-01,SKU-017,Product 17,34,88.02,2992.68
2025-02-16,SKU-059,Product 59,6,143.98,863.88
2025-02-09,SKU-095,Product 95,14,77.08,1079.12
2026-03-17,SKU-016,Product 16,36,128.07,4610.52
2025-11-23,SKU-049,Product 49,37,6.44,238.28
2025-06-23,SKU-090,Product 90,26,41.98,1091.48
2025-10-09,SKU-086,Product 86,34,117.55,3996.7
2025-08-03,SKU-066,Product 66,12,50.43,605.16
2025-07-01,SKU-018,Product 18,13,89.39,1162.07
2026-07-04,SKU-003,Product 3,53,70.92,3758.76
2025-06-08,SKU-054,Product 54,27,85.15,2299.05
2025-11-11,SKU-065,Product 65,21,29.77,625.17
2026-06-19,SKU-082,Product 82,3,82.39,247.17
2025-03-25,SKU-038,Product 38,14,30.86,432.04
2025-11-28,SKU-092,Product 92,19,131.65,2501.35
2026-02-13,SKU-041,Product 41,18,33.9,610.2
2025-03-04,SKU-057,Product 57,18,27.94,502.92
2026-02-19,SKU-035,Product 35,37,42.05,1555.85
2026-06-27,SKU-076,Product 76,38,5.46,207.48
2025-04-14,SKU-099,Product 99,3,48.68,146.04
2026-05-28,SKU-008,Product 8,54,38.61,2084.94
2025-12-16,SKU-084,Product 84,30,108.64,3259.2
2025-09-24,SKU-095,Product 95,26,77.08,2004.08
2025-07-16,SKU-077,Product 77,30,62.14,1864.2
2026-02-19,SKU-001,Product 1,47,133.59,6278.73
2025-05-30,SKU-002,Product 2,1,116.06,116.06
2026-06-11,SKU-062,Product 62,48,40.67,1952.16
2025-08-10,SKU-024,Product 24,4,109.76,439.04
2026-02-21,SKU-028,Product 28,34,68.24,2320.16
2025-02-23,SKU-004,Product 4,8,70.1,560.8
2025-11-04,SKU-052,Product 52,18,79.76,1435.68
2025-06-02,SKU-084,Product 84,10,108.64,1086.4
2025-05-23,SKU-072,Product 72,22,108.25,2381.5
2026-01-06,SKU-021,Product 21,20,71.49,1429.8
2026-03-24,SKU-036,Product 36,19,130.42,2477.98
2025-05-01,SKU-023,Product 23,6,129.88,779.28
2025-04-16,SKU-044,Product 44,9,14.73,132.57
2025-06-14,SKU-006,Product 6,22,16.92,372.24
2025-06-05,SKU-087,Product 87,10,123.31,1233.1
2025-10-06,SKU-095,Product 95,7,77.08,539.56
2026-02-05,SKU-086,Product 86,30,117.55,3526.5
2025-12-05,SKU-036,Product 36,8,130.42,1043.36
2025-11-04,SKU-060,Product 60,25,70.14,1753.5
2025-02-23,SKU-072,Product 72,16,108.25,1732.0
2025-07-10,SKU-013,Product 13,17,106.67,1813.39
2025-04-03,SKU-002,Product 2,16,116.06,1856.96
2026-04-07,SKU-024,Product 24,20,109.76,2195.2
2025-05-24,SKU-063,Product 63,13,85.06,1105.78
2025-02-27,SKU-055,Product 55,5,53.76,268.8
2026-03-09,SKU-034,Product 34,45,133.9,6025.5
2025-08-03,SKU-081,Product 81,2,66.67,133.34
2025-06-17,SKU-024,Product 24,14,109.76,1536.64
2026-06-05,SKU-013,Product 13,7,106.67,746.69
2026-01-22,SKU-009,Product 9,36,33.35,1200.6
2025-12-11,SKU-034,Product 34,8,133.9,1071.2
2026-04-30,SKU-035,Product 35,38,42.05,1597.9
2025-03-12,SKU-020,Product 20,8,89.85,718.8
2025-12-24,SKU-087,Product 87,14,123.31,1726.34
2025-06-13,SKU-078,Product 78,12,23.81,285.72
2026-03-04,SKU-001,Product 1,9,133.59,1202.31
2025-08-28,SKU-084,Product 84,20,108.64,2172.8
2025-07-09,SKU-038,Product 38,5,30.86,154.3
2025-09-05,SKU-098,Product 98,4,5.2,20.8
2026-01-11,SKU-071,Product 71,35,41.39,1448.65
2026-07-12,SKU-091,Product 91,58,12.64,733.12
2025-05-30,SKU-011,Product 11,21,77.13,1619.73
2025-08-20,SKU-097,Product 97,19,45.27,860.13
2026-06-20,SKU-039,Product 39,37,9.81,362.97
2025-05-25,SKU-053,Product 53,24,11.29,270.96
2026-03-31,SKU-073,Product 73,50,120.54,6027.0
2026-01-16,SKU-013,Product 13,32,106.67,3413.44
2025-03-14,SKU-023,Product 23,12,129.88,1558.56
2025-05-28,SKU-047,Product 47,3,38.43,115.29
2026-05-24,SKU-015,Product 15,3,98.54,295.62
2025-12-31,SKU-099,Product 99,28,48.68,1363.04
2025-09-05,SKU-032,Product 32,27,97.86,2642.22
2025-03-02,SKU-036,Product 36,13,130.42,1695.46
2025-04-07,SKU-032,Product 32,22,97.86,2152.92
2026-06-16,SKU-096,Product 96,15,57.25,858.75
2025-04-01,SKU-072,Product 72,4,108.25,433.0
2025-04-10,SKU-048,Product 48,16,18.02,288.32
2026-05-24,SKU-027,Product 27,40,15.58,623.2
2025-07-13,SKU-014,Product 14,24,51.74,1241.76
2025-10-03,SKU-030,Product 30,12,117.66,1411.92
2026-03-31,SKU-088,Product 88,13,65.71,854.23
2026-01-11,SKU-088,Product 88,32,65.71,2102.72
2026-06-08,SKU-062,Product 62,3,40.67,122.01
2025-08-04,SKU-052,Product 52,23,79.76,1834.48
2025-08-14,SKU-048,Product 48,17,18.02,306.34
2026-02-07,SKU-064,Product 64,12,117.63,1411.56
2025-08-27,SKU-029,Product 29,11,43.36,476.96
2026-05-05,SKU-055,Product 55,28,53.76,1505.28
2026-05-09,SKU-030,Product 30,21,117.66,2470.86
2026-04-06,SKU-053,Product 53,27,11.29,304.83
2025-07-09,SKU-012,Product 12,15,112.29,1684.35
2025-01-21,SKU-005,Product 5,4,112.77,451.08
2025-09-30,SKU-039,Product 39,26,9.81,255.06
2026-01-06,SKU-060,Product 60,26,70.14,1823.64
2025-04-14,SKU-071,Product 71,6,41.39,248.34
2025-07-09,SKU-005,Product 5,25,112.77,2819.25
2025-06-20,SKU-039,Product 39,7,9.81,68.67
2025-08-19,SKU-075,Product 75,30,13.71,411.3
2025-02-23,SKU-022,Product 22,10,59.25,592.5
2025-03-17,SKU-077,Product 77,5,62.14,310.7
2025-05-19,SKU-020,Product 20,12,89.85,1078.2
2026-01-30,SKU-040,Product 40,30,20.93,627.9
2025-11-28,SKU-062,Product 62,32,40.67,1301.44
2025-01-21,SKU-010,Product 10,9,84.95,764.55
2025-04-19,SKU-012,Product 12,15,112.29,1684.35
2025-01-25,SKU-085,Product 85,2,53.4,106.8
2025-03-25,SKU-031,Product 31,7,52.96,370.72
2025-05-30,SKU-088,Product 88,14,65.71,919.94
2026-04-12,SKU-075,Product 75,30,13.71,411.3
2026-07-13,SKU-092,Product 92,42,131.65,5529.3
2025-12-18,SKU-008,Product 8,14,38.61,540.54
2025-08-16,SKU-078,Product 78,10,23.81,238.1
2025-06-13,SKU-072,Product 72,12,108.25,1299.0
2025-09-18,SKU-035,Product 35,14,42.05,588.7
2025-08-17,SKU-094,Product 94,15,25.25,378.75
2026-06-20,SKU-020,Product 20,41,89.85,3683.85
2025-11-13,SKU-080,Product 80,13,14.32,186.16
2026-01-23,SKU-033,Product 33,24,53.43,1282.32
2026-02-27,SKU-089,Product 89,9,62.65,563.85
2025-07-23,SKU-047,Product 47,18,38.43,691.74
2026-03-12,SKU-024,Product 24,13,109.76,1426.88
2025-01-16,SKU-026,Product 26,8,66.33,530.64
2025-10-09,SKU-039,Product 39,7,9.81,68.67
2026-05-22,SKU-054,Product 54,18,85.15,1532.7
2025-09-23,SKU-038,Product 38,30,30.86,925.8
2026-01-02,SKU-073,Product 73,17,120.54,2049.18
2026-05-19,SKU-092,Product 92,39,131.65,5134.35
2025-02-27,SKU-037,Product 37,5,83.51,417.55
2026-07-01,SKU-061,Product 61,11,141.95,1561.45
2025-10-14,SKU-082,Product 82,17,82.39,1400.63
2026-03-10,SKU-035,Product 35,22,42.05,925.1
2026-01-12,SKU-016,Product 16,5,128.07,640.35
2026-07-24,SKU-009,Product 9,27,33.35,900.45
2026-03-20,SKU-008,Product 8,3,38.61,115.83
2025-12-24,SKU-009,Product 9,22,33.35,733.7
2026-06-12,SKU-025,Product 25,41,126.63,5191.83
2026-06-01,SKU-073,Product 73,36,120.54,4339.44
2025-09-09,SKU-072,Product 72,34,108.25,3680.5
2025-03-24,SKU-039,Product 39,4,9.81,39.24
2026-04-28,SKU-043,Product 43,45,124.39,5597.55
2025-11-22,SKU-083,Product 83,40,134.11,5364.4
2025-03-09,SKU-028,Product 28,2,68.24,136.48
2026-02-26,SKU-057,Product 57,19,27.94,530.86
2026-06-29,SKU-020,Product 20,26,89.85,2336.1
2025-12-05,SKU-036,Product 36,22,130.42,2869.24
2025-05-13,SKU-028,Product 28,23,68.24,1569.52
2026-01-16,SKU-099,Product 99,32,48.68,1557.76
2026-04-04,SKU-071,Product 71,47,41.39,1945.33
2026-06-19,SKU-018,Product 18,7,89.39,625.73
2026-07-23,SKU-075,Product 75,19,13.71,260.49
2025-08-11,SKU-053,Product 53,15,11.29,169.35
2025-08-30,SKU-089,Product 89,13,62.65,814.45
2025-02-21,SKU-001,Product 1,12,133.59,1603.08
2025-04-02,SKU-087,Product 87,22,123.31,2712.82
2026-05-10,SKU-065,Product 65,46,29.77,1369.42
2025-05-21,SKU-035,Product 35,20,42.05,841.0
2025-05-23,SKU-009,Product 9,10,33.35,333.5
2025-04-13,SKU-020,Product 20,15,89.85,1347.75
2025-02-22,SKU-099,Product 99,17,48.68,827.56
2026-03-29,SKU-032,Product 32,10,97.86,978.6
2025-12-15,SKU-055,Product 55,22,53.76,1182.72
2025-08-24,SKU-038,Product 38,11,30.86,339.46
2025-09-30,SKU-040,Product 40,26,20.93,544.18
2025-06-15,SKU-007,Product 7,20,81.18,1623.6
2025-03-26,SKU-063,Product 63,18,85.06,1531.08
2025-12-27,SKU-058,Product 58,11,122.59,1348.49
2025-01-14,SKU-093,Product 93,8,41.04,328.32
2026-05-19,SKU-025,Product 25,7,126.63,886.41
2026-07-02,SKU-099,Product 99,30,48.68,1460.4
2025-06-09,SKU-091,Product 91,9,12.64,113.76
2025-02-05,SKU-060,Product 60,1,70.14,70.14
2025-12-24,SKU-049,Product 49,14,6.44,90.16
2025-07-29,SKU-017,Product 17,20,88.02,1760.4
2025-09-13,SKU-061,Product 61,2,141.95,283.9
2026-04-24,SKU-030,Product 30,34,117.66,4000.44
2026-03-11,SKU-051,Product 51,3,104.22,312.66
2026-06-06,SKU-031,Product 31,29,52.96,1535.84
2026-07-17,SKU-086,Product 86,54,117.55,6347.7
2026-02-28,SKU-091,Product 91,6,12.64,75.84
2025-12-06,SKU-056,Product 56,8,140.51,1124.08
2025-10-31,SKU-089,Product 89,7,62.65,438.55
2026-02-20,SKU-068,Product 68,31,65.88,2042.28
2025-03-10,SKU-006,Product 6,6,16.92,101.52
2026-06-23,SKU-095,Product 95,18,77.08,1387.44
2025-11-11,SKU-021,Product 21,36,71.49,2573.64
2026-03-26,SKU-059,Product 59,26,143.98,3743.48
2025-10-25,SKU-058,Product 58,20,122.59,2451.8
2025-05-28,SKU-038,Product 38,12,30.86,370.32
2026-02-02,SKU-039,Product 39,27,9.81,264.87
2025-07-19,SKU-040,Product 40,10,20.93,209.3
2026-05-11,SKU-074,Product 74,46,102.79,4728.34
2025-07-23,SKU-045,Product 45,28,80.28,2247.84
2025-03-02,SKU-064,Product 64,10,117.63,1176.3
2025-09-25,SKU-029,Product 29,35,43.36,1517.6
2026-02-27,SKU-041,Product 41,6,33.9,203.4
2026-03-25,SKU-022,Product 22,6,59.25,355.5
2025-08-22,SKU-024,Product 24,28,109.76,3073.28
2026-04-23,SKU-035,Product 35,10,42.05,420.5
2026-01-26,SKU-044,Product 44,18,14.73,265.14
2026-03-04,SKU-015,Product 15,48,98.54,4729.92
2025-07-14,SKU-017,Product 17,4,88.02,352.08
2025-06-17,SKU-064,Product 64,13,117.63,1529.19
2026-01-09,SKU-033,Product 33,26,53.43,1389.18
2025-05-10,SKU-037,Product 37,18,83.51,1503.18
2025-09-09,SKU-081,Product 81,18,66.67,1200.06
2025-02-19,SKU-045,Product 45,17,80.28,1364.76
2026-07-08,SKU-094,Product 94,38,25.25,959.5
2025-04-10,SKU-074,Product 74,4,102.79,411.16
2025-07-09,SKU-044,Product 44,9,14.73,132.57
2025-05-19,SKU-061,Product 61,20,141.95,2839.0
2025-12-07,SKU-078,Product 78,19,23.81,452.39
2026-01-01,SKU-054,Product 54,26,85.15,2213.9
2026-01-13,SKU-007,Product 7,32,81.18,2597.76
2025-04-01,SKU-071,Product 71,1,41.39,41.39
2025-09-25,SKU-090,Product 90,4,41.98,167.92
2025-08-07,SKU-033,Product 33,14,53.43,748.02
2026-04-24,SKU-057,Product 57,34,27.94,949.96
2025-10-02,SKU-092,Product 92,9,131.65,1184.85
2025-06-07,SKU-067,Product 67,1,99.67,99.67
2025-06-26,SKU-099,Product 99,5,48.68,243.4
2025-04-04,SKU-013,Product 13,20,106.67,2133.4
2025-08-07,SKU-089,Product 89,21,62.65,1315.65
2025-04-14,SKU-004,Product 4,4,70.1,280.4
2026-01-19,SKU-054,Product 54,20,85.15,1703.0
2025-06-03,SKU-056,Product 56,19,140.51,2669.69
2025-01-08,SKU-092,Product 92,3,131.65,394.95
2025-02-07,SKU-088,Product 88,4,65.71,262.84
2025-10-22,SKU-018,Product 18,20,89.39,1787.8
2025-07-27,SKU-047,Product 47,10,38.43,384.3
2025-06-15,SKU-071,Product 71,24,41.39,993.36
2026-05-25,SKU-075,Product 75,3,13.71,41.13
2025-09-01,SKU-017,Product 17,31,88.02,2728.62
2025-08-17,SKU-084,Product 84,21,108.64,2281.44
2026-07-27,SKU-031,Product 31,55,52.96,2912.8
2026-01-07,SKU-059,Product 59,41,143.98,5903.18
2025-10-06,SKU-057,Product 57,9,27.94,251.46
2025-06-07,SKU-021,Product 21,25,71.49,1787.25
2026-01-19,SKU-049,Product 49,2,6.44,12.88
2025-01-12,SKU-065,Product 65,15,29.77,446.55
2025-04-26,SKU-097,Product 97,22,45.27,995.94
2025-12-03,SKU-015,Product 15,27,98.54,2660.58
2026-02-25,SKU-041,Product 41,47,33.9,1593.3
2025-05-30,SKU-030,Product 30,23,117.66,2706.18
2026-05-04,SKU-089,Product 89,17,62.65,1065.05
2025-06-15,SKU-040,Product 40,14,20.93,293.02
2025-06-20,SKU-009,Product 9,11,33.35,366.85
2026-01-18,SKU-013,Product 13,44,106.67,4693.48
2025-03-09,SKU-017,Product 17,10,88.02,880.2
2025-12-13,SKU-088,Product 88,25,65.71,1642.75
2026-07-04,SKU-079,Product 79,50,39.06,1953.0
2026-06-11,SKU-059,Product 59,33,143.98,4751.34
2025-07-09,SKU-090,Product 90,11,41.98,461.78
2025-09-14,SKU-083,Product 83,16,134.11,2145.76
2026-04-23,SKU-071,Product 71,48,41.39,1986.72
2025-02-21,SKU-098,Product 98,15,5.2,78.0
2025-01-16,SKU-012,Product 12,10,112.29,1122.9
2025-03-07,SKU-049,Product 49,14,6.44,90.16
2025-06-27,SKU-020,Product 20,5,89.85,449.25
2025-05-23,SKU-065,Product 65,3,29.77,89.31
2025-02-17,SKU-013,Product 13,4,106.67,426.68
2026-07-18,SKU-075,Product 75,15,13.71,205.65
2025-11-05,SKU-002,Product 2,23,116.06,2669.38
2025-11-15,SKU-013,Product 13,15,106.67,1600.05
2026-06-15,SKU-042,Product 42,11,42.29,465.19
2025-08-24,SKU-067,Product 67,33,99.67,3289.11
2026-02-18,SKU-022,Product 22,37,59.25,2192.25
2025-07-02,SKU-077,Product 77,3,62.14,186.42
2025-11-11,SKU-063,Product 63,39,85.06,3317.34
2026-03-18,SKU-068,Product 68,23,65.88,1515.24
2025-05-04,SKU-098,Product 98,6,5.2,31.2
2026-04-24,SKU-023,Product 23,48,129.88,6234.24
2025-08-12,SKU-031,Product 31,19,52.96,1006.24
2025-02-24,SKU-098,Product 98,7,5.2,36.4
2025-03-30,SKU-063,Product 63,11,85.06,935.66
2025-11-13,SKU-016,Product 16,37,128.07,4738.59
2026-06-05,SKU-062,Product 62,14,40.67,569.38
2025-09-29,SKU-035,Product 35,33,42.05,1387.65
2026-03-19,SKU-089,Product 89,19,62.65,1190.35
2026-01-08,SKU-071,Product 71,41,41.39,1696.99
2026-03-19,SKU-099,Product 99,13,48.68,632.84
2025-11-08,SKU-038,Product 38,15,30.86,462.9
2026-07-01,SKU-091,Product 91,34,12.64,429.76
2025-08-08,SKU-053,Product 53,27,11.29,304.83
2025-08-16,SKU-068,Product 68,15,65.88,988.2
2026-07-29,SKU-063,Product 63,11,85.06,935.66
2025-09-21,SKU-067,Product 67,4,99.67,398.68
2025-02-20,SKU-002,Product 2,16,116.06,1856.96
2026-01-06,SKU-050,Product 50,43,42.38,1822.34
2025-03-06,SKU-099,Product 99,3,48.68,146.04
2025-07-12,SKU-075,Product 75,9,13.71,123.39
2025-01-10,SKU-025,Product 25,6,126.63,759.78
2025-01-27,SKU-039,Product 39,7,9.81,68.67
2026-07-08,SKU-037,Product 37,54,83.51,4509.54
2025-05-28,SKU-085,Product 85,22,53.4,1174.8
2026-05-15,SKU-076,Product 76,32,5.46,174.72
2025-07-06,SKU-067,Product 67,13,99.67,1295.71
2025-01-05,SKU-005,Product 5,6,112.77,676.62
2025-04-05,SKU-079,Product 79,10,39.06,390.6
2025-02-22,SKU-072,Product 72,13,108.25,1407.25
2025-10-08,SKU-065,Product 65,19,29.77,565.63
2025-04-12,SKU-086,Product 86,6,117.55,705.3
2026-07-02,SKU-056,Product 56,26,140.51,3653.26
2025-09-11,SKU-003,Product 3,6,70.92,425.52
2025-05-18,SKU-090,Product 90,25,41.98,1049.5
2025-07-07,SKU-056,Product 56,25,140.51,3512.75
2026-05-18,SKU-087,Product 87,21,123.31,2589.51
2026-06-01,SKU-035,Product 35,7,42.05,294.35
2025-07-05,SKU-075,Product 75,25,13.71,342.75
2026-07-16,SKU-033,Product 33,47,53.43,2511.21
2026-04-04,SKU-024,Product 24,50,109.76,5488.0
2025-06-21,SKU-062,Product 62,26,40.67,1057.42
2026-04-13,SKU-078,Product 78,34,23.81,809.54
2025-07-03,SKU-035,Product 35,29,42.05,1219.45
2025-06-08,SKU-099,Product 99,25,48.68,1217.0
2025-02-01,SKU-064,Product 64,12,117.63,1411.56
2026-01-14,SKU-033,Product 33,38,53.43,2030.34
2026-05-22,SKU-033,Product 33,3,53.43,160.29
2026-03-12,SKU-043,Product 43,32,124.39,3980.48
2026-04-17,SKU-058,Product 58,13,122.59,1593.67
2025-07-01,SKU-089,Product 89,11,62.65,689.15
2026-05-08,SKU-067,Product 67,21,99.67,2093.07
2025-08-11,SKU-055,Product 55,32,53.76,1720.32
2026-04-09,SKU-063,Product 63,44,85.06,3742.64
2025-09-02,SKU-013,Product 13,29,106.67,3093.43
2026-05-22,SKU-042,Product 42,7,42.29,296.03
2025-07-13,SKU-067,Product 67,6,99.67,598.02
2025-02-07,SKU-007,Product 7,15,81.18,1217.7
2025-12-12,SKU-034,Product 34,2,133.9,267.8
2026-01-27,SKU-029,Product 29,24,43.36,1040.64
2026-05-09,SKU-100,Product 100,46,56.59,2603.14
2026-05-25,SKU-042,Product 42,7,42.29,296.03
2025-04-01,SKU-052,Product 52,8,79.76,638.08
2025-01-27,SKU-041,Product 41,1,33.9,33.9
2025-07-07,SKU-048,Product 48,1,18.02,18.02
2026-06-27,SKU-096,Product 96,53,57.25,3034.25
2025-12-16,SKU-022,Product 22,39,59.25,2310.75
2025-06-09,SKU-046,Product 46,5,105.52,527.6
2025-12-05,SKU-009,Product 9,19,33.35,633.65
2026-06-09,SKU-006,Product 6,14,16.92,236.88
2025-06-12,SKU-050,Product 50,16,42.38,678.08
2025-03-28,SKU-072,Product 72,1,108.25,108.25
2025-03-16,SKU-073,Product 73,13,120.54,1567.02
2025-05-22,SKU-066,Product 66,24,50.43,1210.32
2026-05-29,SKU-091,Product 91,18,12.64,227.52
2026-05-07,SKU-099,Product 99,21,48.68,1022.28
2025-04-07,SKU-086,Product 86,2,117.55,235.1
2026-06-21,SKU-025,Product 25,3,126.63,379.89
2025-10-07,SKU-025,Product 25,36,126.63,4558.68
2025-02-25,SKU-076,Product 76,2,5.46,10.92
2026-03-03,SKU-048,Product 48,3,18.02,54.06
2025-12-20,SKU-032,Product 32,2,97.86,195.72
2025-05-16,SKU-051,Product 51,1,104.22,104.22
2025-09-22,SKU-076,Product 76,16,5.46,87.36
2026-02-17,SKU-021,Product 21,12,71.49,857.88
2025-07-12,SKU-045,Product 45,15,80.28,1204.2
2025-07-01,SKU-010,Product 10,23,84.95,1953.85
2026-03-12,SKU-029,Product 29,45,43.36,1951.2
2026-07-29,SKU-086,Product 86,59,117.55,6935.45
2026-01-20,SKU-072,Product 72,35,108.25,3788.75
2026-03-24,SKU-074,Product 74,26,102.79,2672.54
2025-02-18,SKU-011,Product 11,16,77.13,1234.08
2025-10-31,SKU-065,Product 65,36,29.77,1071.72
2025-01-04,SKU-039,Product 39,1,9.81,9.81
2025-10-29,SKU-086,Product 86,2,117.55,235.1
2025-10-12,SKU-031,Product 31,12,52.96,635.52
2026-04-09,SKU-095,Product 95,3,77.08,231.24
2026-06-02,SKU-077,Product 77,40,62.14,2485.6
2025-02-22,SKU-100,Product 100,15,56.59,848.85
2025-06-23,SKU-048,Product 48,17,18.02,306.34
2025-09-24,SKU-007,Product 7,11,81.18,892.98
2026-02-22,SKU-088,Product 88,38,65.71,2496.98
2026-05-07,SKU-041,Product 41,10,33.9,339.0
2025-05-02,SKU-013,Product 13,9,106.67,960.03
2025-04-27,SKU-034,Product 34,20,133.9,2678.0
2025-01-20,SKU-061,Product 61,9,141.95,1277.55
2025-10-18,SKU-085,Product 85,17,53.4,907.8
2026-06-03,SKU-062,Product 62,44,40.67,1789.48
2026-02-13,SKU-010,Product 10,3,84.95,254.85
2025-03-19,SKU-008,Product 8,16,38.61,617.76
2026-05-18,SKU-010,Product 10,50,84.95,4247.5
2025-03-22,SKU-023,Product 23,14,129.88,1818.32
2026-07-04,SKU-063,Product 63,15,85.06,1275.9
2026-06-11,SKU-064,Product 64,52,117.63,6116.76
2025-09-23,SKU-088,Product 88,16,65.71,1051.36
2026-05-13,SKU-016,Product 16,10,128.07,1280.7
2025-09-27,SKU-033,Product 33,28,53.43,1496.04
2025-11-16,SKU-007,Product 7,29,81.18,2354.22
2025-02-26,SKU-025,Product 25,11,126.63,1392.93
2025-02-16,SKU-004,Product 4,1,70.1,70.1
2026-03-20,SKU-052,Product 52,16,79.76,1276.16
2025-05-21,SKU-021,Product 21,25,71.49,1787.25
2025-08-22,SKU-084,Product 84,4,108.64,434.56
2026-07-30,SKU-087,Product 87,11,123.31,1356.41
2026-03-02,SKU-050,Product 50,16,42.38,678.08
2025-06-25,SKU-091,Product 91,17,12.64,214.88
2025-06-15,SKU-089,Product 89,26,62.65,1628.9
2025-12-21,SKU-015,Product 15,36,98.54,3547.44
2025-07-05,SKU-083,Product 83,21,134.11,2816.31
2025-03-11,SKU-096,Product 96,2,57.25,114.5
2026-06-09,SKU-040,Product 40,37,20.93,774.41
2026-03-14,SKU-048,Product 48,26,18.02,468.52
2025-01-09,SKU-080,Product 80,10,14.32,143.2
2025-09-05,SKU-054,Product 54,9,85.15,766.35
2025-10-03,SKU-028,Product 28,21,68.24,1433.04
2025-09-06,SKU-034,Product 34,4,133.9,535.6
2025-07-14,SKU-038,Product 38,4,30.86,123.44
2026-07-12,SKU-074,Product 74,19,102.79,1953.01
2025-10-08,SKU-097,Product 97,29,45.27,1312.83
2025-11-21,SKU-042,Product 42,26,42.29,1099.54
2026-07-29,SKU-096,Product 96,47,57.25,2690.75
2026-04-12,SKU-018,Product 18,6,89.39,536.34
2026-06-06,SKU-003,Product 3,25,70.92,1773.0
2026-04-26,SKU-030,Product 30,48,117.66,5647.68
2025-08-22,SKU-032,Product 32,15,97.86,1467.9
2025-10-27,SKU-043,Product 43,10,124.39,1243.9
2025-04-24,SKU-017,Product 17,17,88.02,1496.34
2025-10-25,SKU-057,Product 57,38,27.94,1061.72
2025-09-10,SKU-029,Product 29,20,43.36,867.2
2026-06-03,SKU-091,Product 91,7,12.64,88.48
2026-02-22,SKU-004,Product 4,38,70.1,2663.8
2025-09-09,SKU-063,Product 63,4,85.06,340.24
2025-04-06,SKU-017,Product 17,4,88.02,352.08
2025-08-04,SKU-024,Product 24,10,109.76,1097.6
2025-06-13,SKU-053,Product 53,3,11.29,33.87
2025-10-18,SKU-093,Product 93,37,41.04,1518.48
2026-06-07,SKU-048,Product 48,55,18.02,991.1
2025-03-09,SKU-002,Product 2,20,116.06,2321.2
2025-10-12,SKU-001,Product 1,32,133.59,4274.88
2025-02-25,SKU-010,Product 10,5,84.95,424.75
2026-07-20,SKU-038,Product 38,55,30.86,1697.3
2026-04-29,SKU-021,Product 21,31,71.49,2216.19
2025-11-21,SKU-078,Product 78,2,23.81,47.62
2025-02-01,SKU-039,Product 39,6,9.81,58.86
2026-05-08,SKU-094,Product 94,42,25.25,1060.5
2025-11-30,SKU-010,Product 10,32,84.95,2718.4
2025-02-17,SKU-096,Product 96,1,57.25,57.25
2025-02-03,SKU-006,Product 6,7,16.92,118.44
2026-07-01,SKU-062,Product 62,49,40.67,1992.83
2025-04-23,SKU-055,Product 55,17,53.76,913.92
2025-01-22,SKU-054,Product 54,12,85.15,1021.8
2026-02-20,SKU-039,Product 39,47,9.81,461.07
2026-04-26,SKU-020,Product 20,31,89.85,2785.35
2025-08-19,SKU-014,Product 14,24,51.74,1241.76
2025-09-13,SKU-043,Product 43,2,124.39,248.78
2026-01-31,SKU-042,Product 42,3,42.29,126.87
2025-05-11,SKU-019,Product 19,13,83.88,1090.44
2025-08-31,SKU-019,Product 19,18,83.88,1509.84
2025-02-06,SKU-078,Product 78,3,23.81,71.43
2026-02-10,SKU-086,Product 86,31,117.55,3644.05
2026-06-14,SKU-054,Product 54,45,85.15,3831.75
2025-12-05,SKU-042,Product 42,35,42.29,1480.15
2025-06-15,SKU-030,Product 30,18,117.66,2117.88
2025-08-18,SKU-052,Product 52,30,79.76,2392.8
2026-07-14,SKU-018,Product 18,3,89.39,268.17
2025-01-25,SKU-048,Product 48,3,18.02,54.06
2025-05-21,SKU-078,Product 78,8,23.81,190.48
2025-10-29,SKU-094,Product 94,30,25.25,757.5
2026-02-25,SKU-011,Product 11,35,77.13,2699.55
2026-06-09,SKU-023,Product 23,52,129.88,6753.76
2025-04-29,SKU-018,Product 18,14,89.39,1251.46
2025-11-07,SKU-009,Product 9,13,33.35,433.55
2026-02-08,SKU-005,Product 5,40,112.77,4510.8
2025-12-17,SKU-030,Product 30,22,117.66,2588.52
2026-07-23,SKU-046,Product 46,27,105.52,2849.04
2025-12-28,SKU-031,Product 31,34,52.96,1800.64
2026-07-14,SKU-076,Product 76,58,5.46,316.68
2026-05-02,SKU-029,Product 29,24,43.36,1040.64
2025-04-09,SKU-070,Product 70,16,38.61,617.76
2025-11-14,SKU-078,Product 78,7,23.81,166.67
2025-06-17,SKU-096,Product 96,13,57.25,744.25
2026-07-06,SKU-015,Product 15,34,98.54,3350.36
2025-03-08,SKU-050,Product 50,20,42.38,847.6
2026-03-07,SKU-021,Product 21,16,71.49,1143.84
2026-05-15,SKU-100,Product 100,50,56.59,2829.5
2025-07-05,SKU-015,Product 15,1,98.54,98.54
2025-02-26,SKU-096,Product 96,14,57.25,801.5
2025-05-26,SKU-081,Product 81,19,66.67,1266.73
2025-09-15,SKU-053,Product 53,2,11.29,22.58
2025-02-22,SKU-061,Product 61,15,141.95,2129.25
2025-09-08,SKU-016,Product 16,27,128.07,3457.89
2025-02-04,SKU-018,Product 18,12,89.39,1072.68
2025-03-11,SKU-068,Product 68,16,65.88,1054.08
2026-03-16,SKU-026,Product 26,13,66.33,862.29
2026-02-17,SKU-025,Product 25,21,126.63,2659.23
2025-06-21,SKU-081,Product 81,24,66.67,1600.08
2025-06-05,SKU-027,Product 27,18,15.58,280.44
2025-05-15,SKU-098,Product 98,10,5.2,52.0
2026-07-30,SKU-026,Product 26,35,66.33,2321.55
2026-05-13,SKU-097,Product 97,25,45.27,1131.75
2025-05-01,SKU-042,Product 42,16,42.29,676.64
2026-05-23,SKU-006,Product 6,10,16.92,169.2
2026-07-03,SKU-058,Product 58,34,122.59,4168.06
2026-04-25,SKU-070,Product 70,10,38.61,386.1
2025-10-26,SKU-034,Product 34,5,133.9,669.5
2026-07-30,SKU-085,Product 85,31,53.4,1655.4
2026-02-26,SKU-065,Product 65,44,29.77,1309.88
2026-07-18,SKU-003,Product 3,27,70.92,1914.84
2025-08-10,SKU-016,Product 16,8,128.07,1024.56
2025-12-18,SKU-039,Product 39,39,9.81,382.59
2025-09-07,SKU-053,Product 53,9,11.29,101.61
2025-06-14,SKU-050,Product 50,9,42.38,381.42
2025-02-11,SKU-075,Product 75,4,13.71,54.84
2025-09-19,SKU-069,Product 69,9,113.3,1019.7
2025-03-19,SKU-054,Product 54,2,85.15,170.3
2025-03-21,SKU-034,Product 34,9,133.9,1205.1
2026-04-10,SKU-092,Product 92,6,131.65,789.9
2025-04-15,SKU-018,Product 18,7,89.39,625.73
2025-10-20,SKU-068,Product 68,5,65.88,329.4
2026-05-01,SKU-045,Product 45,28,80.28,2247.84
2025-08-07,SKU-085,Product 85,29,53.4,1548.6
2025-10-16,SKU-093,Product 93,34,41.04,1395.36
2026-03-07,SKU-046,Product 46,25,105.52,2638.0
2025-06-11,SKU-079,Product 79,14,39.06,546.84
2026-03-05,SKU-018,Product 18,35,89.39,3128.65
2025-06-24,SKU-037,Product 37,26,83.51,2171.26
2025-11-08,SKU-009,Product 9,18,33.35,600.3
2025-09-30,SKU-053,Product 53,26,11.29,293.54
2026-04-16,SKU-057,Product 57,37,27.94,1033.78
2025-03-11,SKU-071,Product 71,19,41.39,786.41
2025-11-05,SKU-084,Product 84,23,108.64,2498.72
2025-12-27,SKU-043,Product 43,25,124.39,3109.75
2026-06-22,SKU-063,Product 63,26,85.06,2211.56
2026-01-05,SKU-012,Product 12,11,112.29,1235.19
2025-10-10,SKU-005,Product 5,24,112.77,2706.48
2025-08-14,SKU-039,Product 39,15,9.81,147.15
2026-04-24,SKU-078,Product 78,17,23.81,404.77
2026-03-08,SKU-063,Product 63,48,85.06,4082.88
2025-11-22,SKU-069,Product 69,24,113.3,2719.2
2026-05-04,SKU-066,Product 66,53,50.43,2672.79
2025-06-01,SKU-045,Product 45,19,80.28,1525.32
2026-05-17,SKU-038,Product 38,28,30.86,864.08
2025-04-16,SKU-024,Product 24,12,109.76,1317.12
2026-03-01,SKU-011,Product 11,12,77.13,925.56
2025-07-03,SKU-058,Product 58,27,122.59,3309.93
2025-12-23,SKU-059,Product 59,37,143.98,5327.26
2025-11-27,SKU-069,Product 69,5,113.3,566.5
2026-05-15,SKU-100,Product 100,14,56.59,792.26
2025-03-02,SKU-045,Product 45,5,80.28,401.4
2025-06-16,SKU-029,Product 29,5,43.36,216.8
2025-01-24,SKU-016,Product 16,5,128.07,640.35
2025-05-19,SKU-005,Product 5,24,112.77,2706.48
2025-04-18,SKU-075,Product 75,17,13.71,233.07
2025-11-23,SKU-085,Product 85,16,53.4,854.4
2026-06-02,SKU-029,Product 29,7,43.36,303.52
2025-05-24,SKU-074,Product 74,12,102.79,1233.48
2026-01-26,SKU-036,Product 36,21,130.42,2738.82
2026-03-07,SKU-091,Product 91,35,12.64,442.4
2025-05-11,SKU-030,Product 30,18,117.66,2117.88
2025-08-06,SKU-090,Product 90,12,41.98,503.76
2025-09-11,SKU-012,Product 12,16,112.29,1796.64
2025-05-14,SKU-076,Product 76,1,5.46,5.46
2025-03-14,SKU-100,Product 100,2,56.59,113.18
2025-03-10,SKU-018,Product 18,6,89.39,536.34
2025-10-02,SKU-072,Product 72,12,108.25,1299.0
2026-07-14,SKU-087,Product 87,15,123.31,1849.65
2025-09-20,SKU-026,Product 26,11,66.33,729.63
2025-12-04,SKU-012,Product 12,16,112.29,1796.64
2025-01-21,SKU-079,Product 79,13,39.06,507.78
2025-08-08,SKU-081,Product 81,27,66.67,1800.09
2025-11-22,SKU-066,Product 66,5,50.43,252.15
2025-03-23,SKU-061,Product 61,8,141.95,1135.6
2025-12-31,SKU-076,Product 76,20,5.46,109.2
2025-01-10,SKU-013,Product 13,8,106.67,853.36
2026-05-13,SKU-003,Product 3,17,70.92,1205.64
2025-11-02,SKU-003,Product 3,23,70.92,1631.16
2025-05-23,SKU-094,Product 94,26,25.25,656.5
2026-06-08,SKU-065,Product 65,37,29.77,1101.49
2025-11-07,SKU-066,Product 66,26,50.43,1311.18
2025-10-03,SKU-035,Product 35,4,42.05,168.2
2025-05-04,SKU-025,Product 25,8,126.63,1013.04
2025-11-29,SKU-065,Product 65,21,29.77,625.17
2025-08-08,SKU-071,Product 71,4,41.39,165.56
2026-05-07,SKU-091,Product 91,53,12.64,669.92
2026-05-22,SKU-078,Product 78,3,23.81,71.43
2025-11-26,SKU-026,Product 26,21,66.33,1392.93
2025-07-10,SKU-058,Product 58,5,122.59,612.95
2025-07-17,SKU-053,Product 53,4,11.29,45.16
2026-05-27,SKU-012,Product 12,14,112.29,1572.06
2025-05-07,SKU-019,Product 19,14,83.88,1174.32
2026-03-26,SKU-043,Product 43,43,124.39,5348.77
2026-02-25,SKU-086,Product 86,31,117.55,3644.05
2025-06-28,SKU-067,Product 67,13,99.67,1295.71
2026-04-13,SKU-059,Product 59,3,143.98,431.94
2025-01-06,SKU-024,Product 24,7,109.76,768.32
2025-10-16,SKU-029,Product 29,14,43.36,607.04
2025-12-14,SKU-012,Product 12,30,112.29,3368.7
2026-05-11,SKU-024,Product 24,17,109.76,1865.92
2025-06-24,SKU-039,Product 39,1,9.81,9.81
2026-04-20,SKU-059,Product 59,41,143.98,5903.18
2025-01-20,SKU-023,Product 23,4,129.88,519.52
2025-12-12,SKU-085,Product 85,33,53.4,1762.2
2025-05-07,SKU-003,Product 3,16,70.92,1134.72
2026-02-26,SKU-096,Product 96,6,57.25,343.5
2025-05-07,SKU-011,Product 11,8,77.13,617.04
2025-04-17,SKU-030,Product 30,1,117.66,117.66
2025-09-05,SKU-044,Product 44,20,14.73,294.6
2026-03-19,SKU-089,Product 89,29,62.65,1816.85
2025-08-20,SKU-039,Product 39,17,9.81,166.77
2025-07-06,SKU-054,Product 54,19,85.15,1617.85
2025-06-27,SKU-028,Product 28,23,68.24,1569.52
2026-05-07,SKU-091,Product 91,46,12.64,581.44
2026-05-13,SKU-021,Product 21,3,71.49,214.47
2025-01-11,SKU-091,Product 91,6,12.64,75.84
2026-03-11,SKU-080,Product 80,26,14.32,372.32
2025-04-08,SKU-041,Product 41,7,33.9,237.3
2025-01-31,SKU-041,Product 41,8,33.9,271.2
2025-11-03,SKU-008,Product 8,18,38.61,694.98
2025-08-05,SKU-034,Product 34,2,133.9,267.8
2026-07-10,SKU-022,Product 22,27,59.25,1599.75
2025-09-19,SKU-077,Product 77,32,62.14,1988.48
2026-06-26,SKU-095,Product 95,26,77.08,2004.08
2025-11-08,SKU-082,Product 82,5,82.39,411.95
2025-05-29,SKU-072,Product 72,12,108.25,1299.0
2025-12-14,SKU-086,Product 86,39,117.55,4584.45
2025-02-16,SKU-074,Product 74,11,102.79,1130.69
2025-11-20,SKU-062,Product 62,29,40.67,1179.43
2026-07-04,SKU-059,Product 59,23,143.98,3311.54
2025-12-06,SKU-036,Product 36,22,130.42,2869.24
2025-07-29,SKU-013,Product 13,29,106.67,3093.43
2025-05-11,SKU-016,Product 16,23,128.07,2945.61
2025-01-06,SKU-087,Product 87,15,123.31,1849.65
2026-05-03,SKU-019,Product 19,17,83.88,1425.96
2025-02-23,SKU-055,Product 55,6,53.76,322.56
2026-06-19,SKU-069,Product 69,22,113.3,2492.6
2026-01-01,SKU-024,Product 24,23,109.76,2524.48
2025-12-04,SKU-050,Product 50,30,42.38,1271.4
2025-01-29,SKU-096,Product 96,5,57.25,286.25
2025-11-03,SKU-094,Product 94,33,25.25,833.25
2025-01-03,SKU-031,Product 31,10,52.96,529.6
2025-07-21,SKU-084,Product 84,20,108.64,2172.8
2025-06-24,SKU-001,Product 1,5,133.59,667.95
2026-03-28,SKU-098,Product 98,20,5.2,104.0
2026-04-17,SKU-046,Product 46,37,105.52,3904.24
2025-02-27,SKU-054,Product 54,18,85.15,1532.7
2025-01-29,SKU-003,Product 3,2,70.92,141.84
2026-05-10,SKU-039,Product 39,32,9.81,313.92
2026-06-06,SKU-084,Product 84,33,108.64,3585.12
2026-04-18,SKU-010,Product 10,10,84.95,849.5
2025-03-03,SKU-035,Product 35,13,42.05,546.65
2026-02-23,SKU-025,Product 25,12,126.63,1519.56
2026-06-04,SKU-044,Product 44,55,14.73,810.15
2025-03-16,SKU-092,Product 92,12,131.65,1579.8
2026-03-22,SKU-054,Product 54,23,85.15,1958.45
2025-10-01,SKU-087,Product 87,36,123.31,4439.16
2026-05-09,SKU-043,Product 43,10,124.39,1243.9
2025-05-22,SKU-064,Product 64,19,117.63,2234.97
2026-01-30,SKU-052,Product 52,18,79.76,1435.68
2025-06-13,SKU-041,Product 41,5,33.9,169.5
2025-12-10,SKU-005,Product 5,33,112.77,3721.41
2026-05-17,SKU-096,Product 96,18,57.25,1030.5
2025-11-03,SKU-008,Product 8,38,38.61,1467.18
2025-01-16,SKU-100,Product 100,2,56.59,113.18
2026-05-29,SKU-044,Product 44,22,14.73,324.06
2025-02-03,SKU-056,Product 56,4,140.51,562.04
2025-09-14,SKU-017,Product 17,16,88.02,1408.32
2026-02-26,SKU-099,Product 99,19,48.68,924.92
2025-07-12,SKU-048,Product 48,11,18.02,198.22
2025-01-06,SKU-055,Product 55,5,53.76,268.8
2025-08-09,SKU-037,Product 37,23,83.51,1920.73
2025-06-04,SKU-071,Product 71,27,41.39,1117.53
2025-10-02,SKU-053,Product 53,24,11.29,270.96
2025-05-15,SKU-047,Product 47,13,38.43,499.59
2025-10-14,SKU-020,Product 20,32,89.85,2875.2
2025-12-21,SKU-066,Product 66,14,50.43,706.02
2025-12-19,SKU-073,Product 73,19,120.54,2290.26
2026-05-15,SKU-003,Product 3,39,70.92,2765.88
2025-09-10,SKU-060,Product 60,11,70.14,771.54
2026-04-30,SKU-059,Product 59,35,143.98,5039.3
2025-01-13,SKU-048,Product 48,5,18.02,90.1
2026-05-20,SKU-074,Product 74,43,102.79,4419.97
2026-07-25,SKU-081,Product 81,23,66.67,1533.41
2025-08-02,SKU-090,Product 90,2,41.98,83.96
2025-09-30,SKU-098,Product 98,36,5.2,187.2
2026-01-04,SKU-070,Product 70,14,38.61,540.54
2025-06-07,SKU-027,Product 27,25,15.58,389.5
2025-05-12,SKU-042,Product 42,6,42.29,253.74
2025-08-27,SKU-059,Product 59,24,143.98,3455.52
2026-04-08,SKU-003,Product 3,40,70.92,2836.8
2026-06-19,SKU-013,Product 13,52,106.67,5546.84
2025-11-20,SKU-023,Product 23,18,129.88,2337.84
2026-06-24,SKU-023,Product 23,34,129.88,4415.92
2025-11-02,SKU-084,Product 84,15,108.64,1629.6
2025-01-17,SKU-008,Product 8,2,38.61,77.22
2026-07-23,SKU-074,Product 74,39,102.79,4008.81
2025-04-07,SKU-040,Product 40,14,20.93,293.02
2025-09-29,SKU-029,Product 29,26,43.36,1127.36
2026-04-23,SKU-017,Product 17,24,88.02,2112.48
2026-02-26,SKU-079,Product 79,44,39.06,1718.64
2025-07-01,SKU-006,Product 6,23,16.92,389.16
2026-01-09,SKU-040,Product 40,8,20.93,167.44
2025-02-14,SKU-014,Product 14,13,51.74,672.62
2025-09-19,SKU-017,Product 17,11,88.02,968.22
2026-02-11,SKU-065,Product 65,27,29.77,803.79
2025-10-24,SKU-060,Product 60,5,70.14,350.7
2025-01-27,SKU-038,Product 38,9,30.86,277.74
2026-05-30,SKU-077,Product 77,44,62.14,2734.16
2025-09-25,SKU-040,Product 40,14,20.93,293.02
2025-03-24,SKU-028,Product 28,8,68.24,545.92
2025-11-25,SKU-083,Product 83,13,134.11,1743.43
2025-07-26,SKU-078,Product 78,2,23.81,47.62
2026-06-29,SKU-003,Product 3,49,70.92,3475.08
2026-06-25,SKU-099,Product 99,34,48.68,1655.12
2025-06-27,SKU-067,Product 67,11,99.67,1096.37
2025-11-29,SKU-087,Product 87,38,123.31,4685.78
2025-08-06,SKU-099,Product 99,17,48.68,827.56
2026-03-27,SKU-096,Product 96,30,57.25,1717.5
2025-04-01,SKU-030,Product 30,10,117.66,1176.6
2025-12-25,SKU-084,Product 84,22,108.64,2390.08
2025-12-25,SKU-068,Product 68,25,65.88,1647.0
2025-04-07,SKU-018,Product 18,8,89.39,715.12
2025-05-06,SKU-044,Product 44,19,14.73,279.87
2025-12-30,SKU-081,Product 81,5,66.67,333.35
2025-09-21,SKU-066,Product 66,23,50.43,1159.89
2025-10-25,SKU-001,Product 1,38,133.59,5076.42
2026-02-08,SKU-095,Product 95,6,77.08,462.48
2025-05-01,SKU-011,Product 11,11,77.13,848.43
2025-07-14,SKU-054,Product 54,22,85.15,1873.3
2025-06-04,SKU-058,Product 58,18,122.59,2206.62
2025-06-15,SKU-058,Product 58,5,122.59,612.95
2026-02-21,SKU-096,Product 96,6,57.25,343.5
2025-11-06,SKU-007,Product 7,5,81.18,405.9
2025-01-03,SKU-026,Product 26,8,66.33,530.64
2026-04-22,SKU-078,Product 78,20,23.81,476.2
2025-02-09,SKU-062,Product 62,10,40.67,406.7
2025-11-01,SKU-024,Product 24,38,109.76,4170.88
2026-04-06,SKU-085,Product 85,27,53.4,1441.8
2025-10-18,SKU-007,Product 7,32,81.18,2597.76
2026-01-10,SKU-057,Product 57,14,27.94,391.16
2026-07-04,SKU-043,Product 43,19,124.39,2363.41
2026-04-29,SKU-012,Product 12,52,112.29,5839.08
2025-03-14,SKU-005,Product 5,8,112.77,902.16
2026-07-21,SKU-003,Product 3,11,70.92,780.12
2025-11-18,SKU-066,Product 66,29,50.43,1462.47
2026-06-24,SKU-071,Product 71,38,41.39,1572.82
2025-08-15,SKU-046,Product 46,28,105.52,2954.56
2025-06-15,SKU-099,Product 99,1,48.68,48.68
2025-07-22,SKU-074,Product 74,4,102.79,411.16
2026-07-18,SKU-037,Product 37,35,83.51,2922.85
2026-07-27,SKU-035,Product 35,55,42.05,2312.75
2026-02-09,SKU-023,Product 23,12,129.88,1558.56
2025-09-12,SKU-069,Product 69,13,113.3,1472.9
2025-03-10,SKU-081,Product 81,18,66.67,1200.06
2025-05-01,SKU-050,Product 50,22,42.38,932.36
2025-03-08,SKU-097,Product 97,16,45.27,724.32
2026-07-16,SKU-025,Product 25,31,126.63,3925.53
2025-01-03,SKU-052,Product 52,5,79.76,398.8
2025-06-13,SKU-035,Product 35,7,42.05,294.35
2026-04-10,SKU-055,Product 55,6,53.76,322.56
2025-01-15,SKU-051,Product 51,10,104.22,1042.2
2025-03-11,SKU-087,Product 87,4,123.31,493.24
2025-01-15,SKU-043,Product 43,3,124.39,373.17
2025-08-08,SKU-005,Product 5,8,112.77,902.16
2026-03-07,SKU-075,Product 75,9,13.71,123.39
2025-12-18,SKU-009,Product 9,31,33.35,1033.85
2025-03-01,SKU-008,Product 8,15,38.61,579.15
2026-04-01,SKU-073,Product 73,16,120.54,1928.64
2026-05-07,SKU-025,Product 25,46,126.63,5824.98
2025-10-04,SKU-071,Product 71,12,41.39,496.68
2026-04-28,SKU-088,Product 88,28,65.71,1839.88
2025-10-25,SKU-053,Product 53,22,11.29,248.38
2025-07-12,SKU-043,Product 43,19,124.39,2363.41
2025-08-07,SKU-041,Product 41,27,33.9,915.3
2026-05-09,SKU-032,Product 32,39,97.86,3816.54
2026-05-04,SKU-054,Product 54,3,85.15,255.45
2025-03-05,SKU-091,Product 91,9,12.64,113.76
2025-09-26,SKU-035,Product 35,23,42.05,967.15
2025-07-06,SKU-099,Product 99,1,48.68,48.68
2025-10-06,SKU-100,Product 100,29,56.59,1641.11
2026-02-11,SKU-081,Product 81,31,66.67,2066.77
2025-11-03,SKU-078,Product 78,23,23.81,547.63
2025-02-13,SKU-073,Product 73,13,120.54,1567.02
2025-05-30,SKU-073,Product 73,8,120.54,964.32
2026-06-17,SKU-036,Product 36,15,130.42,1956.3
2025-11-13,SKU-084,Product 84,39,108.64,4236.96
2026-07-08,SKU-060,Product 60,58,70.14,4068.12
2025-02-04,SKU-090,Product 90,1,41.98,41.98
2025-09-07,SKU-017,Product 17,34,88.02,2992.68
2025-12-24,SKU-048,Product 48,14,18.02,252.28
2026-01-02,SKU-069,Product 69,14,113.3,1586.2
2026-02-21,SKU-072,Product 72,44,108.25,4763.0
2025-09-02,SKU-023,Product 23,4,129.88,519.52
2026-01-24,SKU-079,Product 79,39,39.06,1523.34
2025-04-27,SKU-025,Product 25,20,126.63,2532.6
2026-03-26,SKU-004,Product 4,10,70.1,701.0
2025-03-31,SKU-032,Product 32,10,97.86,978.6
2025-12-29,SKU-031,Product 31,11,52.96,582.56
2026-02-04,SKU-038,Product 38,12,30.86,370.32
2025-08-22,SKU-013,Product 13,4,106.67,426.68
2025-09-14,SKU-017,Product 17,9,88.02,792.18
2025-10-16,SKU-049,Product 49,14,6.44,90.16
2025-04-18,SKU-003,Product 3,15,70.92,1063.8
2026-05-19,SKU-010,Product 10,46,84.95,3907.7
2025-05-12,SKU-069,Product 69,16,113.3,1812.8
2025-02-12,SKU-097,Product 97,12,45.27,543.24
2025-12-17,SKU-005,Product 5,22,112.77,2480.94
2026-03-14,SKU-011,Product 11,3,77.13,231.39
2025-05-03,SKU-001,Product 1,6,133.59,801.54
2026-07-11,SKU-018,Product 18,23,89.39,2055.97
2025-02-24,SKU-097,Product 97,8,45.27,362.16
2026-01-31,SKU-004,Product 4,3,70.1,210.3
2025-07-14,SKU-082,Product 82,14,82.39,1153.46
2025-01-01,SKU-100,Product 100,5,56.59,282.95
2025-09-13,SKU-056,Product 56,13,140.51,1826.63
2026-06-03,SKU-078,Product 78,33,23.81,785.73
2026-05-04,SKU-003,Product 3,21,70.92,1489.32
2026-03-06,SKU-063,Product 63,3,85.06,255.18
2025-11-04,SKU-070,Product 70,25,38.61,965.25
2026-03-08,SKU-054,Product 54,9,85.15,766.35
2025-01-09,SKU-046,Product 46,7,105.52,738.64
2025-07-28,SKU-078,Product 78,10,23.81,238.1
2025-03-12,SKU-035,Product 35,6,42.05,252.3
2026-03-03,SKU-095,Product 95,38,77.08,2929.04
2025-10-25,SKU-008,Product 8,27,38.61,1042.47
2026-04-12,SKU-076,Product 76,34,5.46,185.64
2026-07-17,SKU-058,Product 58,3,122.59,367.77
2025-12-09,SKU-084,Product 84,30,108.64,3259.2
2026-06-25,SKU-056,Product 56,41,140.51,5760.91
2025-03-27,SKU-018,Product 18,18,89.39,1609.02
2026-01-24,SKU-039,Product 39,12,9.81,117.72
2025-01-23,SKU-011,Product 11,2,77.13,154.26
2025-04-07,SKU-061,Product 61,22,141.95,3122.9
2026-03-22,SKU-079,Product 79,29,39.06,1132.74
2026-07-29,SKU-022,Product 22,43,59.25,2547.75
2025-12-08,SKU-080,Product 80,5,14.32,71.6
2025-06-24,SKU-100,Product 100,7,56.59,396.13
2026-07-11,SKU-067,Product 67,58,99.67,5780.86
2026-02-01,SKU-046,Product 46,45,105.52,4748.4
2026-04-08,SKU-092,Product 92,47,131.65,6187.55
2025-09-10,SKU-005,Product 5,30,112.77,3383.1
2025-09-11,SKU-072,Product 72,13,108.25,1407.25
2025-05-27,SKU-062,Product 62,15,40.67,610.05
2026-01-15,SKU-009,Product 9,44,33.35,1467.4
2026-03-29,SKU-079,Product 79,13,39.06,507.78
2025-02-25,SKU-088,Product 88,19,65.71,1248.49
2025-11-28,SKU-089,Product 89,32,62.65,2004.8
2025-06-06,SKU-037,Product 37,25,83.51,2087.75
2025-04-25,SKU-049,Product 49,4,6.44,25.76
2025-02-06,SKU-077,Product 77,10,62.14,621.4
2025-05-31,SKU-010,Product 10,19,84.95,1614.05
2025-08-04,SKU-079,Product 79,12,39.06,468.72
2026-05-02,SKU-066,Product 66,52,50.43,2622.36
2025-05-01,SKU-039,Product 39,21,9.81,206.01
2025-05-19,SKU-099,Product 99,18,48.68,876.24
2026-01-20,SKU-064,Product 64,11,117.63,1293.93
2025-12-14,SKU-072,Product 72,8,108.25,866.0
2026-01-06,SKU-079,Product 79,2,39.06,78.12
2025-05-21,SKU-044,Product 44,10,14.73,147.3
2025-01-09,SKU-055,Product 55,10,53.76,537.6
2026-07-27,SKU-084,Product 84,31,108.64,3367.84
2026-05-01,SKU-009,Product 9,49,33.35,1634.15
2025-02-23,SKU-024,Product 24,1,109.76,109.76
2026-03-17,SKU-049,Product 49,46,6.44,296.24
2025-03-16,SKU-090,Product 90,12,41.98,503.76
2026-02-06,SKU-010,Product 10,40,84.95,3398.0
2025-08-05,SKU-012,Product 12,27,112.29,3031.83
2025-06-27,SKU-023,Product 23,19,129.88,2467.72
2026-04-04,SKU-049,Product 49,37,6.44,238.28
2025-07-17,SKU-038,Product 38,22,30.86,678.92
2025-05-01,SKU-062,Product 62,8,40.67,325.36
2025-10-11,SKU-097,Product 97,2,45.27,90.54
2026-04-06,SKU-007,Product 7,37,81.18,3003.66
2026-01-12,SKU-093,Product 93,2,41.04,82.08
2025-02-28,SKU-012,Product 12,13,112.29,1459.77
2026-01-13,SKU-085,Product 85,8,53.4,427.2
2025-11-20,SKU-061,Product 61,26,141.95,3690.7
2026-01-04,SKU-081,Product 81,26,66.67,1733.42
2026-01-01,SKU-026,Product 26,14,66.33,928.62
2025-08-23,SKU-065,Product 65,24,29.77,714.48
2026-05-25,SKU-029,Product 29,36,43.36,1560.96
2025-12-07,SKU-097,Product 97,5,45.27,226.35
2025-01-02,SKU-017,Product 17,3,88.02,264.06
2026-02-17,SKU-065,Product 65,18,29.77,535.86
2025-06-20,SKU-021,Product 21,15,71.49,1072.35
2026-02-17,SKU-053,Product 53,15,11.29,169.35
2025-07-16,SKU-086,Product 86,8,117.55,940.4
2026-03-07,SKU-069,Product 69,42,113.3,4758.6
2026-05-06,SKU-039,Product 39,14,9.81,137.34
2025-09-21,SKU-002,Product 2,11,116.06,1276.66
2025-04-20,SKU-021,Product 21,3,71.49,214.47
2025-03-28,SKU-073,Product 73,21,120.54,2531.34
2025-08-10,SKU-093,Product 93,4,41.04,164.16
2026-03-22,SKU-087,Product 87,9,123.31,1109.79
2025-12-20,SKU-002,Product 2,2,116.06,232.12
2026-06-22,SKU-081,Product 81,30,66.67,2000.1
2026-01-09,SKU-070,Product 70,20,38.61,772.2
2025-05-02,SKU-099,Product 99,17,48.68,827.56
2025-12-22,SKU-020,Product 20,17,89.85,1527.45
2026-01-22,SKU-018,Product 18,18,89.39,1609.02
2026-04-28,SKU-076,Product 76,28,5.46,152.88
2025-11-10,SKU-055,Product 55,28,53.76,1505.28
2026-06-21,SKU-015,Product 15,56,98.54,5518.24
2026-07-22,SKU-090,Product 90,27,41.98,1133.46
2025-06-22,SKU-044,Product 44,26,14.73,382.98
2026-03-21,SKU-030,Product 30,33,117.66,3882.78
2025-05-05,SKU-067,Product 67,24,99.67,2392.08
2025-11-02,SKU-010,Product 10,18,84.95,1529.1
2025-03-15,SKU-013,Product 13,8,106.67,853.36
2025-01-30,SKU-058,Product 58,8,122.59,980.72
2026-04-08,SKU-025,Product 25,10,126.63,1266.3
2025-05-09,SKU-098,Product 98,14,5.2,72.8
2026-01-01,SKU-037,Product 37,5,83.51,417.55
2025-01-19,SKU-037,Product 37,5,83.51,417.55
2025-01-15,SKU-054,Product 54,6,85.15,510.9
2025-05-10,SKU-015,Product 15,21,98.54,2069.34
2026-03-20,SKU-041,Product 41,13,33.9,440.7
2025-01-18,SKU-094,Product 94,8,25.25,202.0
2025-03-06,SKU-077,Product 77,5,62.14,310.7
2025-07-29,SKU-085,Product 85,6,53.4,320.4
2026-05-25,SKU-036,Product 36,10,130.42,1304.2
2025-05-15,SKU-015,Product 15,1,98.54,98.54
2026-06-19,SKU-058,Product 58,3,122.59,367.77
2026-04-16,SKU-001,Product 1,27,133.59,3606.93
2026-05-14,SKU-015,Product 15,35,98.54,3448.9
2026-04-22,SKU-007,Product 7,27,81.18,2191.86
2025-04-25,SKU-015,Product 15,1,98.54,98.54
2026-03-05,SKU-059,Product 59,45,143.98,6479.1
2026-04-07,SKU-021,Product 21,20,71.49,1429.8
2025-06-06,SKU-077,Product 77,5,62.14,310.7
2025-01-08,SKU-091,Product 91,12,12.64,151.68
2026-02-08,SKU-097,Product 97,3,45.27,135.81
2026-06-26,SKU-079,Product 79,7,39.06,273.42
2025-05-13,SKU-098,Product 98,16,5.2,83.2
2025-04-03,SKU-049,Product 49,5,6.44,32.2
2026-03-07,SKU-063,Product 63,32,85.06,2721.92
2025-08-02,SKU-009,Product 9,8,33.35,266.8
2026-04-14,SKU-046,Product 46,20,105.52,2110.4
2026-01-09,SKU-048,Product 48,35,18.02,630.7
2025-07-07,SKU-030,Product 30,19,117.66,2235.54
2026-06-19,SKU-065,Product 65,37,29.77,1101.49
2025-03-25,SKU-060,Product 60,15,70.14,1052.1
2025-05-11,SKU-088,Product 88,11,65.71,722.81
2026-01-22,SKU-046,Product 46,45,105.52,4748.4
2025-07-26,SKU-029,Product 29,14,43.36,607.04
2025-10-25,SKU-065,Product 65,5,29.77,148.85
2025-10-12,SKU-070,Product 70,9,38.61,347.49
2025-02-07,SKU-028,Product 28,16,68.24,1091.84
2025-11-01,SKU-082,Product 82,10,82.39,823.9
2026-05-19,SKU-066,Product 66,50,50.43,2521.5
2025-06-30,SKU-041,Product 41,11,33.9,372.9
2025-07-08,SKU-081,Product 81,23,66.67,1533.41
2025-09-11,SKU-082,Product 82,16,82.39,1318.24
2025-03-08,SKU-068,Product 68,17,65.88,1119.96
2026-01-17,SKU-002,Product 2,23,116.06,2669.38
2025-07-30,SKU-086,Product 86,18,117.55,2115.9
2025-08-22,SKU-038,Product 38,28,30.86,864.08
2026-04-04,SKU-045,Product 45,40,80.28,3211.2
2025-11-28,SKU-060,Product 60,29,70.14,2034.06
2025-04-16,SKU-052,Product 52,21,79.76,1674.96
2026-05-03,SKU-035,Product 35,31,42.05,1303.55
2026-05-26,SKU-055,Product 55,3,53.76,161.28
2025-09-01,SKU-066,Product 66,20,50.43,1008.6
2026-05-15,SKU-034,Product 34,50,133.9,6695.0
2025-05-15,SKU-008,Product 8,20,38.61,772.2
2025-05-11,SKU-084,Product 84,20,108.64,2172.8
2026-05-23,SKU-073,Product 73,50,120.54,6027.0
2025-09-25,SKU-004,Product 4,26,70.1,1822.6
2025-03-31,SKU-009,Product 9,5,33.35,166.75
2026-07-28,SKU-076,Product 76,31,5.46,169.26
2026-01-23,SKU-067,Product 67,15,99.67,1495.05
2025-01-09,SKU-033,Product 33,13,53.43,694.59
2026-05-09,SKU-043,Product 43,53,124.39,6592.67
2026-06-22,SKU-082,Product 82,7,82.39,576.73
2025-06-21,SKU-098,Product 98,28,5.2,145.6
2026-06-09,SKU-059,Product 59,55,143.98,7918.9
2025-03-25,SKU-071,Product 71,1,41.39,41.39
2025-03-06,SKU-037,Product 37,13,83.51,1085.63
2025-12-26,SKU-080,Product 80,8,14.32,114.56
2026-02-06,SKU-035,Product 35,21,42.05,883.05
2026-05-21,SKU-033,Product 33,32,53.43,1709.76
2026-06-05,SKU-018,Product 18,51,89.39,4558.89
2025-05-02,SKU-099,Product 99,19,48.68,924.92
2025-03-29,SKU-016,Product 16,8,128.07,1024.56
2026-05-22,SKU-030,Product 30,7,117.66,823.62
2025-11-03,SKU-009,Product 9,2,33.35,66.7
2026-04-08,SKU-064,Product 64,10,117.63,1176.3
2025-12-23,SKU-085,Product 85,17,53.4,907.8
2026-03-03,SKU-043,Product 43,28,124.39,3482.92
2026-03-10,SKU-038,Product 38,3,30.86,92.58
2026-04-08,SKU-012,Product 12,23,112.29,2582.67
2026-06-11,SKU-001,Product 1,7,133.59,935.13
2026-06-10,SKU-046,Product 46,14,105.52,1477.28
2025-10-16,SKU-060,Product 60,2,70.14,140.28
2025-09-27,SKU-085,Product 85,14,53.4,747.6
2025-07-12,SKU-007,Product 7,7,81.18,568.26
2025-06-07,SKU-040,Product 40,12,20.93,251.16
2025-07-01,SKU-070,Product 70,11,38.61,424.71
2025-10-20,SKU-099,Product 99,32,48.68,1557.76
2025-08-02,SKU-015,Product 15,14,98.54,1379.56
2025-04-23,SKU-027,Product 27,11,15.58,171.38
2025-10-28,SKU-038,Product 38,15,30.86,462.9
2025-07-30,SKU-054,Product 54,27,85.15,2299.05
2026-07-19,SKU-002,Product 2,43,116.06,4990.58
2026-01-24,SKU-048,Product 48,9,18.02,162.18
2026-07-01,SKU-100,Product 100,7,56.59,396.13
2025-09-07,SKU-096,Product 96,2,57.25,114.5
2026-05-06,SKU-014,Product 14,49,51.74,2535.26
2025-12-02,SKU-038,Product 38,32,30.86,987.52
2025-07-14,SKU-028,Product 28,10,68.24,682.4
2025-09-01,SKU-037,Product 37,22,83.51,1837.22
2025-04-23,SKU-049,Product 49,6,6.44,38.64
2025-06-09,SKU-081,Product 81,14,66.67,933.38
2026-02-10,SKU-021,Product 21,12,71.49,857.88
2025-03-11,SKU-087,Product 87,20,123.31,2466.2
2025-03-02,SKU-085,Product 85,6,53.4,320.4
2026-01-28,SKU-017,Product 17,15,88.02,1320.3
2026-02-04,SKU-071,Product 71,15,41.39,620.85
2025-03-19,SKU-061,Product 61,9,141.95,1277.55
2025-10-31,SKU-021,Product 21,12,71.49,857.88
2026-03-17,SKU-071,Product 71,49,41.39,2028.11
2025-09-14,SKU-020,Product 20,20,89.85,1797.0
2025-12-29,SKU-098,Product 98,2,5.2,10.4
2025-08-31,SKU-065,Product 65,18,29.77,535.86
2025-08-31,SKU-046,Product 46,15,105.52,1582.8
2026-05-20,SKU-069,Product 69,54,113.3,6118.2
2026-03-19,SKU-099,Product 99,16,48.68,778.88
2026-06-17,SKU-086,Product 86,48,117.55,5642.4
2025-03-24,SKU-050,Product 50,7,42.38,296.66
2025-02-27,SKU-094,Product 94,10,25.25,252.5
2026-05-18,SKU-028,Product 28,10,68.24,682.4
2026-05-21,SKU-007,Product 7,18,81.18,1461.24
2025-04-13,SKU-015,Product 15,13,98.54,1281.02
2025-10-27,SKU-043,Product 43,28,124.39,3482.92
2025-11-10,SKU-047,Product 47,36,38.43,1383.48
2025-05-05,SKU-073,Product 73,18,120.54,2169.72
2025-04-13,SKU-065,Product 65,22,29.77,654.94
2025-08-08,SKU-014,Product 14,25,51.74,1293.5
2025-10-29,SKU-065,Product 65,15,29.77,446.55
2026-04-30,SKU-095,Product 95,28,77.08,2158.24
2026-06-23,SKU-062,Product 62,30,40.67,1220.1
2025-10-20,SKU-080,Product 80,27,14.32,386.64
2026-06-28,SKU-073,Product 73,22,120.54,2651.88
2025-04-29,SKU-038,Product 38,4,30.86,123.44
2026-04-16,SKU-090,Product 90,6,41.98,251.88
2025-01-30,SKU-051,Product 51,8,104.22,833.76
2026-05-16,SKU-079,Product 79,3,39.06,117.18
2025-06-23,SKU-026,Product 26,1,66.33,66.33
2025-05-09,SKU-043,Product 43,23,124.39,2860.97
2026-06-03,SKU-056,Product 56,18,140.51,2529.18
2025-08-09,SKU-016,Product 16,30,128.07,3842.1
2026-06-22,SKU-037,Product 37,22,83.51,1837.22
2026-01-31,SKU-065,Product 65,30,29.77,893.1
2025-01-28,SKU-093,Product 93,17,41.04,697.68
2026-07-24,SKU-075,Product 75,51,13.71,699.21
2026-04-25,SKU-048,Product 48,52,18.02,937.04
2026-06-12,SKU-037,Product 37,7,83.51,584.57
2025-12-02,SKU-046,Product 46,32,105.52,3376.64
2025-07-24,SKU-071,Product 71,10,41.39,413.9
2026-01-09,SKU-003,Product 3,20,70.92,1418.4
2025-04-17,SKU-015,Product 15,12,98.54,1182.48
2025-01-04,SKU-062,Product 62,14,40.67,569.38
2025-07-27,SKU-043,Product 43,18,124.39,2239.02
2026-01-09,SKU-059,Product 59,41,143.98,5903.18
2025-05-03,SKU-070,Product 70,21,38.61,810.81
2026-03-04,SKU-085,Product 85,22,53.4,1174.8
2025-03-21,SKU-040,Product 40,14,20.93,293.02
2026-01-13,SKU-091,Product 91,14,12.64,176.96
2025-04-17,SKU-042,Product 42,23,42.29,972.67
2025-06-29,SKU-011,Product 11,28,77.13,2159.64
2026-07-03,SKU-043,Product 43,23,124.39,2860.97
2025-08-08,SKU-021,Product 21,25,71.49,1787.25
2025-01-11,SKU-094,Product 94,10,25.25,252.5
2025-07-07,SKU-083,Product 83,9,134.11,1206.99
2025-11-30,SKU-030,Product 30,40,117.66,4706.4
2025-02-04,SKU-084,Product 84,10,108.64,1086.4
2025-02-22,SKU-041,Product 41,19,33.9,644.1
2025-02-20,SKU-053,Product 53,2,11.29,22.58
2026-06-08,SKU-018,Product 18,33,89.39,2949.87
2026-02-02,SKU-013,Product 13,27,106.67,2880.09
2025-03-22,SKU-097,Product 97,1,45.27,45.27
2025-07-20,SKU-062,Product 62,24,40.67,976.08
2026-05-15,SKU-098,Product 98,28,5.2,145.6
2025-08-05,SKU-053,Product 53,16,11.29,180.64
2025-11-28,SKU-082,Product 82,8,82.39,659.12
2025-02-08,SKU-011,Product 11,7,77.13,539.91
2026-05-15,SKU-020,Product 20,35,89.85,3144.75
2025-07-25,SKU-007,Product 7,6,81.18,487.08
2025-08-12,SKU-017,Product 17,2,88.02,176.04
2025-05-02,SKU-020,Product 20,24,89.85,2156.4
2025-06-05,SKU-033,Product 33,12,53.43,641.16
2026-04-22,SKU-062,Product 62,24,40.67,976.08
2025-04-20,SKU-036,Product 36,1,130.42,130.42
2025-04-06,SKU-002,Product 2,1,116.06,116.06
2025-02-10,SKU-044,Product 44,2,14.73,29.46
2026-04-23,SKU-045,Product 45,24,80.28,1926.72
2025-03-22,SKU-085,Product 85,1,53.4,53.4
2026-03-16,SKU-024,Product 24,3,109.76,329.28
2026-04-12,SKU-052,Product 52,6,79.76,478.56
2026-03-08,SKU-099,Product 99,9,48.68,438.12
2025-07-08,SKU-009,Product 9,9,33.35,300.15
2025-07-30,SKU-074,Product 74,2,102.79,205.58
2026-02-01,SKU-012,Product 12,6,112.29,673.74
2026-05-04,SKU-016,Product 16,28,128.07,3585.96
2025-04-08,SKU-023,Product 23,10,129.88,1298.8
2025-06-10,SKU-029,Product 29,21,43.36,910.56
2026-02-25,SKU-011,Product 11,44,77.13,3393.72
2025-10-29,SKU-028,Product 28,33,68.24,2251.92
2025-07-07,SKU-044,Product 44,21,14.73,309.33
2026-07-31,SKU-047,Product 47,55,38.43,2113.65
2025-06-02,SKU-063,Product 63,7,85.06,595.42
2025-12-16,SKU-047,Product 47,14,38.43,538.02
2025-10-18,SKU-069,Product 69,10,113.3,1133.0
2025-10-15,SKU-011,Product 11,32,77.13,2468.16
2025-04-15,SKU-043,Product 43,6,124.39,746.34
2025-09-07,SKU-049,Product 49,27,6.44,173.88
2025-11-03,SKU-041,Product 41,20,33.9,678.0
2025-09-12,SKU-092,Product 92,30,131.65,3949.5
2025-06-04,SKU-043,Product 43,5,124.39,621.95
2026-01-30,SKU-002,Product 2,18,116.06,2089.08
2026-06-04,SKU-025,Product 25,36,126.63,4558.68
2025-10-11,SKU-081,Product 81,37,66.67,2466.79
2026-06-23,SKU-076,Product 76,15,5.46,81.9
2025-08-30,SKU-003,Product 3,9,70.92,638.28
2025-10-13,SKU-061,Product 61,2,141.95,283.9
2026-03-02,SKU-061,Product 61,35,141.95,4968.25
2025-07-07,SKU-059,Product 59,23,143.98,3311.54
2025-12-06,SKU-040,Product 40,41,20.93,858.13
2026-05-21,SKU-032,Product 32,14,97.86,1370.04
2026-01-22,SKU-030,Product 30,33,117.66,3882.78
2025-01-17,SKU-096,Product 96,12,57.25,687.0
2026-05-12,SKU-040,Product 40,39,20.93,816.27
2025-10-09,SKU-060,Product 60,4,70.14,280.56
2025-11-11,SKU-026,Product 26,18,66.33,1193.94
2025-09-08,SKU-093,Product 93,29,41.04,1190.16
2025-06-14,SKU-066,Product 66,12,50.43,605.16
2026-01-02,SKU-008,Product 8,5,38.61,193.05
2025-01-10,SKU-062,Product 62,5,40.67,203.35
2025-12-20,SKU-002,Product 2,42,116.06,4874.52
2025-04-09,SKU-019,Product 19,19,83.88,1593.72
2025-11-10,SKU-036,Product 36,13,130.42,1695.46
2026-06-02,SKU-047,Product 47,25,38.43,960.75
2025-03-26,SKU-040,Product 40,1,20.93,20.93
2025-02-10,SKU-039,Product 39,12,9.81,117.72
2025-02-20,SKU-025,Product 25,15,126.63,1899.45
2025-12-18,SKU-077,Product 77,11,62.14,683.54
2025-10-16,SKU-046,Product 46,24,105.52,2532.48
2025-05-26,SKU-032,Product 32,12,97.86,1174.32
2025-10-10,SKU-083,Product 83,27,134.11,3620.97
2026-05-04,SKU-091,Product 91,35,12.64,442.4
2025-07-17,SKU-066,Product 66,20,50.43,1008.6
2025-02-17,SKU-044,Product 44,14,14.73,206.22
2026-05-30,SKU-018,Product 18,22,89.39,1966.58
2026-01-02,SKU-086,Product 86,14,117.55,1645.7
2026-01-04,SKU-040,Product 40,14,20.93,293.02
2025-12-05,SKU-029,Product 29,24,43.36,1040.64
2025-02-07,SKU-015,Product 15,3,98.54,295.62
2025-07-03,SKU-082,Product 82,21,82.39,1730.19
2025-08-22,SKU-097,Product 97,6,45.27,271.62
2026-06-16,SKU-034,Product 34,15,133.9,2008.5
2025-09-07,SKU-061,Product 61,4,141.95,567.8
2025-07-19,SKU-032,Product 32,20,97.86,1957.2
2025-05-26,SKU-067,Product 67,5,99.67,498.35
2026-02-15,SKU-055,Product 55,12,53.76,645.12
2026-04-21,SKU-022,Product 22,27,59.25,1599.75
2025-03-27,SKU-082,Product 82,11,82.39,906.29
2026-03-19,SKU-092,Product 92,49,131.65,6450.85
2025-06-11,SKU-092,Product 92,11,131.65,1448.15
2026-06-14,SKU-058,Product 58,7,122.59,858.13
2025-12-25,SKU-078,Product 78,40,23.81,952.4
2026-03-28,SKU-079,Product 79,16,39.06,624.96
2025-08-26,SKU-076,Product 76,4,5.46,21.84
2026-03-15,SKU-062,Product 62,29,40.67,1179.43
2025-07-21,SKU-064,Product 64,16,117.63,1882.08
2026-01-22,SKU-027,Product 27,15,15.58,233.7
2025-07-16,SKU-078,Product 78,22,23.81,523.82
2026-04-22,SKU-095,Product 95,3,77.08,231.24
2025-06-15,SKU-032,Product 32,16,97.86,1565.76
2025-06-14,SKU-029,Product 29,11,43.36,476.96
2026-01-06,SKU-099,Product 99,38,48.68,1849.84
2025-02-28,SKU-040,Product 40,10,20.93,209.3
2025-11-15,SKU-075,Product 75,21,13.71,287.91
2025-07-08,SKU-013,Product 13,17,106.67,1813.39
2026-07-22,SKU-088,Product 88,51,65.71,3351.21
2026-05-26,SKU-016,Product 16,18,128.07,2305.26
2025-10-26,SKU-027,Product 27,33,15.58,514.14
2026-03-02,SKU-007,Product 7,38,81.18,3084.84
2026-02-01,SKU-055,Product 55,24,53.76,1290.24
2026-04-21,SKU-061,Product 61,31,141.95,4400.45
2025-08-04,SKU-052,Product 52,23,79.76,1834.48
2025-01-13,SKU-017,Product 17,11,88.02,968.22
2026-05-09,SKU-004,Product 4,10,70.1,701.0
2025-05-01,SKU-050,Product 50,14,42.38,593.32
2025-09-27,SKU-057,Product 57,26,27.94,726.44
2025-01-27,SKU-010,Product 10,12,84.95,1019.4
2025-06-09,SKU-005,Product 5,7,112.77,789.39
2026-03-30,SKU-022,Product 22,40,59.25,2370.0
2025-04-17,SKU-013,Product 13,20,106.67,2133.4
2026-03-01,SKU-052,Product 52,38,79.76,3030.88
2025-02-06,SKU-019,Product 19,2,83.88,167.76
2026-02-20,SKU-017,Product 17,34,88.02,2992.68
2025-03-22,SKU-066,Product 66,16,50.43,806.88
2026-03-08,SKU-099,Product 99,29,48.68,1411.72
2026-07-13,SKU-002,Product 2,58,116.06,6731.48
2025-01-28,SKU-039,Product 39,2,9.81,19.62
2025-12-27,SKU-013,Product 13,17,106.67,1813.39
2026-05-03,SKU-022,Product 22,35,59.25,2073.75
2025-04-01,SKU-093,Product 93,17,41.04,697.68
2025-04-23,SKU-094,Product 94,14,25.25,353.5
2026-02-27,SKU-064,Product 64,22,117.63,2587.86
2025-01-28,SKU-085,Product 85,5,53.4,267.0
2026-05-16,SKU-058,Product 58,10,122.59,1225.9
2025-10-08,SKU-010,Product 10,24,84.95,2038.8
2025-11-02,SKU-079,Product 79,31,39.06,1210.86
2025-01-18,SKU-066,Product 66,13,50.43,655.59
2026-01-21,SKU-023,Product 23,9,129.88,1168.92
2026-01-18,SKU-042,Product 42,32,42.29,1353.28
2025-10-22,SKU-007,Product 7,15,81.18,1217.7
2026-04-26,SKU-063,Product 63,24,85.06,2041.44
2025-05-30,SKU-090,Product 90,14,41.98,587.72
2025-08-18,SKU-081,Product 81,32,66.67,2133.44
2026-06-30,SKU-079,Product 79,19,39.06,742.14
2026-04-17,SKU-034,Product 34,41,133.9,5489.9
2026-02-15,SKU-037,Product 37,9,83.51,751.59
2026-06-01,SKU-022,Product 22,47,59.25,2784.75
2026-07-15,SKU-076,Product 76,46,5.46,251.16
2026-03-03,SKU-062,Product 62,28,40.67,1138.76
2025-08-19,SKU-061,Product 61,21,141.95,2980.95
2025-12-28,SKU-052,Product 52,31,79.76,2472.56
2025-07-09,SKU-089,Product 89,9,62.65,563.85
2025-01-06,SKU-071,Product 71,6,41.39,248.34
2026-04-08,SKU-055,Product 55,30,53.76,1612.8
2025-12-20,SKU-047,Product 47,19,38.43,730.17
2026-04-09,SKU-095,Product 95,3,77.08,231.24
2025-06-18,SKU-055,Product 55,18,53.76,967.68
2025-10-27,SKU-023,Product 23,7,129.88,909.16
2026-06-10,SKU-032,Product 32,37,97.86,3620.82
2025-04-12,SKU-046,Product 46,4,105.52,422.08
2025-06-12,SKU-016,Product 16,1,128.07,128.07
2026-03-07,SKU-078,Product 78,45,23.81,1071.45
2025-07-13,SKU-048,Product 48,28,18.02,504.56
2025-04-10,SKU-026,Product 26,3,66.33,198.99
2026-06-23,SKU-081,Product 81,26,66.67,1733.42
2025-05-03,SKU-082,Product 82,22,82.39,1812.58
2025-08-09,SKU-095,Product 95,2,77.08,154.16
2025-11-28,SKU-098,Product 98,24,5.2,124.8
2025-03-07,SKU-008,Product 8,12,38.61,463.32
2026-02-26,SKU-090,Product 90,12,41.98,503.76
2025-07-11,SKU-060,Product 60,25,70.14,1753.5
2025-05-23,SKU-002,Product 2,10,116.06,1160.6
2025-10-11,SKU-085,Product 85,14,53.4,747.6
2025-12-29,SKU-053,Product 53,20,11.29,225.8
2026-06-03,SKU-008,Product 8,48,38.61,1853.28
2025-09-27,SKU-040,Product 40,21,20.93,439.53
2026-03-07,SKU-013,Product 13,16,106.67,1706.72
2025-10-05,SKU-010,Product 10,36,84.95,3058.2
2026-07-27,SKU-026,Product 26,35,66.33,2321.55
2026-07-08,SKU-038,Product 38,7,30.86,216.02
2025-03-04,SKU-029,Product 29,3,43.36,130.08
2025-12-16,SKU-085,Product 85,8,53.4,427.2
2025-09-24,SKU-051,Product 51,7,104.22,729.54
2026-07-16,SKU-075,Product 75,35,13.71,479.85
2025-01-17,SKU-006,Product 6,6,16.92,101.52
2025-04-24,SKU-047,Product 47,11,38.43,422.73
2026-07-19,SKU-025,Product 25,35,126.63,4432.05
2026-04-19,SKU-079,Product 79,34,39.06,1328.04
2026-06-18,SKU-052,Product 52,52,79.76,4147.52
2025-12-20,SKU-073,Product 73,22,120.54,2651.88
2025-05-18,SKU-054,Product 54,1,85.15,85.15
2025-03-07,SKU-087,Product 87,8,123.31,986.48
2025-08-04,SKU-066,Product 66,4,50.43,201.72
2025-02-10,SKU-091,Product 91,7,12.64,88.48
2025-03-27,SKU-061,Product 61,7,141.95,993.65
2026-02-18,SKU-062,Product 62,15,40.67,610.05
2025-10-30,SKU-061,Product 61,30,141.95,4258.5
2026-04-02,SKU-019,Product 19,47,83.88,3942.36
2025-11-27,SKU-097,Product 97,32,45.27,1448.64
2025-07-31,SKU-088,Product 88,23,65.71,1511.33
2026-07-11,SKU-006,Product 6,23,16.92,389.16
2026-05-14,SKU-090,Product 90,17,41.98,713.66
2026-02-05,SKU-009,Product 9,40,33.35,1334.0
2025-01-21,SKU-086,Product 86,7,117.55,822.85
2025-02-10,SKU-052,Product 52,2,79.76,159.52
2025-02-20,SKU-041,Product 41,2,33.9,67.8
2025-05-25,SKU-074,Product 74,1,102.79,102.79
2026-01-08,SKU-092,Product 92,23,131.65,3027.95
2025-07-30,SKU-036,Product 36,31,130.42,4043.02
2025-06-22,SKU-087,Product 87,5,123.31,616.55
2025-04-16,SKU-076,Product 76,13,5.46,70.98
2025-02-08,SKU-099,Product 99,8,48.68,389.44
2026-03-11,SKU-086,Product 86,16,117.55,1880.8
2025-10-17,SKU-059,Product 59,10,143.98,1439.8
2026-01-29,SKU-004,Product 4,36,70.1,2523.6
2026-01-30,SKU-008,Product 8,9,38.61,347.49
2025-10-04,SKU-053,Product 53,29,11.29,327.41
2025-09-22,SKU-085,Product 85,16,53.4,854.4
2026-02-17,SKU-003,Product 3,6,70.92,425.52
2025-03-11,SKU-089,Product 89,5,62.65,313.25
2026-03-26,SKU-037,Product 37,40,83.51,3340.4
2026-02-27,SKU-078,Product 78,28,23.81,666.68
2026-02-06,SKU-065,Product 65,43,29.77,1280.11
2025-08-01,SKU-061,Product 61,8,141.95,1135.6
2026-04-29,SKU-003,Product 3,42,70.92,2978.64
2026-01-21,SKU-018,Product 18,21,89.39,1877.19
2025-12-08,SKU-063,Product 63,19,85.06,1616.14
2025-09-16,SKU-049,Product 49,9,6.44,57.96
2025-01-17,SKU-040,Product 40,1,20.93,20.93
2025-01-17,SKU-089,Product 89,14,62.65,877.1
2025-03-16,SKU-015,Product 15,5,98.54,492.7
2025-04-25,SKU-035,Product 35,15,42.05,630.75
2025-02-07,SKU-040,Product 40,9,20.93,188.37
2025-11-23,SKU-061,Product 61,8,141.95,1135.6
2025-09-07,SKU-053,Product 53,22,11.29,248.38
2025-11-26,SKU-056,Product 56,35,140.51,4917.85
2025-04-21,SKU-087,Product 87,1,123.31,123.31
2026-02-09,SKU-026,Product 26,18,66.33,1193.94
2025-10-15,SKU-059,Product 59,2,143.98,287.96
2026-06-21,SKU-030,Product 30,34,117.66,4000.44
2025-04-05,SKU-081,Product 81,17,66.67,1133.39
2026-03-24,SKU-004,Product 4,6,70.1,420.6
2025-05-22,SKU-040,Product 40,22,20.93,460.46
2025-02-23,SKU-039,Product 39,1,9.81,9.81
2025-01-25,SKU-006,Product 6,8,16.92,135.36
2025-06-01,SKU-056,Product 56,24,140.51,3372.24
2026-04-18,SKU-072,Product 72,6,108.25,649.5
2026-03-02,SKU-017,Product 17,41,88.02,3608.82
2025-11-04,SKU-005,Product 5,12,112.77,1353.24
2025-09-13,SKU-088,Product 88,2,65.71,131.42
2026-07-27,SKU-029,Product 29,43,43.36,1864.48
2026-05-31,SKU-089,Product 89,36,62.65,2255.4
2025-05-24,SKU-011,Product 11,6,77.13,462.78
2025-09-07,SKU-005,Product 5,11,112.77,1240.47
2026-05-21,SKU-024,Product 24,7,109.76,768.32
2025-04-06,SKU-039,Product 39,13,9.81,127.53
2026-06-01,SKU-097,Product 97,18,45.27,814.86
2026-03-08,SKU-060,Product 60,48,70.14,3366.72
2025-11-14,SKU-038,Product 38,18,30.86,555.48
2026-03-26,SKU-036,Product 36,36,130.42,4695.12
2025-10-14,SKU-040,Product 40,32,20.93,669.76
2026-05-30,SKU-051,Product 51,55,104.22,5732.1
2025-05-24,SKU-040,Product 40,22,20.93,460.46
2025-05-02,SKU-065,Product 65,1,29.77,29.77
2026-07-20,SKU-009,Product 9,23,33.35,767.05
2025-04-10,SKU-020,Product 20,9,89.85,808.65
2025-06-05,SKU-075,Product 75,14,13.71,191.94
2026-01-04,SKU-071,Product 71,43,41.39,1779.77
2025-03-11,SKU-031,Product 31,19,52.96,1006.24
2025-08-10,SKU-098,Product 98,19,5.2,98.8
2026-06-23,SKU-006,Product 6,30,16.92,507.6
2025-09-24,SKU-048,Product 48,11,18.02,198.22
2025-09-14,SKU-007,Product 7,6,81.18,487.08
2026-01-25,SKU-001,Product 1,30,133.59,4007.7
2026-01-01,SKU-037,Product 37,8,83.51,668.08
2026-02-12,SKU-046,Product 46,6,105.52,633.12
2026-06-17,SKU-021,Product 21,30,71.49,2144.7
2025-03-05,SKU-077,Product 77,7,62.14,434.98
2025-02-20,SKU-100,Product 100,1,56.59,56.59
2026-02-19,SKU-036,Product 36,44,130.42,5738.48
2025-03-16,SKU-035,Product 35,19,42.05,798.95
2026-05-15,SKU-020,Product 20,28,89.85,2515.8
2026-07-10,SKU-025,Product 25,19,126.63,2405.97
2025-10-21,SKU-070,Product 70,2,38.61,77.22
2025-06-01,SKU-024,Product 24,26,109.76,2853.76
2025-11-09,SKU-040,Product 40,34,20.93,711.62
2026-02-26,SKU-037,Product 37,44,83.51,3674.44
2025-07-26,SKU-012,Product 12,12,112.29,1347.48
2025-01-17,SKU-037,Product 37,15,83.51,1252.65
2025-03-23,SKU-074,Product 74,17,102.79,1747.43
2026-07-16,SKU-001,Product 1,43,133.59,5744.37
2025-04-18,SKU-091,Product 91,9,12.64,113.76
2025-01-28,SKU-087,Product 87,4,123.31,493.24
2026-04-27,SKU-034,Product 34,35,133.9,4686.5
2025-07-10,SKU-020,Product 20,7,89.85,628.95
2026-05-22,SKU-027,Product 27,18,15.58,280.44
2025-09-22,SKU-022,Product 22,26,59.25,1540.5
2025-02-26,SKU-042,Product 42,14,42.29,592.06
2025-04-01,SKU-025,Product 25,17,126.63,2152.71
2025-09-01,SKU-079,Product 79,9,39.06,351.54
2025-01-10,SKU-056,Product 56,14,140.51,1967.14
2025-05-08,SKU-048,Product 48,14,18.02,252.28
2026-07-29,SKU-100,Product 100,35,56.59,1980.65
2026-06-27,SKU-019,Product 19,3,83.88,251.64
2026-07-04,SKU-038,Product 38,38,30.86,1172.68
2025-07-01,SKU-094,Product 94,19,25.25,479.75
2025-03-16,SKU-075,Product 75,1,13.71,13.71
2026-04-03,SKU-070,Product 70,37,38.61,1428.57
2025-07-13,SKU-057,Product 57,20,27.94,558.8
2025-11-04,SKU-052,Product 52,20,79.76,1595.2
2025-08-16,SKU-075,Product 75,23,13.71,315.33
2025-08-16,SKU-046,Product 46,8,105.52,844.16
2025-08-06,SKU-086,Product 86,12,117.55,1410.6
2026-05-12,SKU-012,Product 12,10,112.29,1122.9
2026-02-23,SKU-045,Product 45,12,80.28,963.36
2025-06-17,SKU-025,Product 25,7,126.63,886.41
2026-03-20,SKU-097,Product 97,23,45.27,1041.21
2026-02-17,SKU-035,Product 35,43,42.05,1808.15
2026-03-18,SKU-059,Product 59,9,143.98,1295.82
2025-03-08,SKU-081,Product 81,16,66.67,1066.72
2025-07-01,SKU-095,Product 95,9,77.08,693.72
2025-06-03,SKU-015,Product 15,3,98.54,295.62
2025-11-13,SKU-024,Product 24,34,109.76,3731.84
2026-06-06,SKU-011,Product 11,48,77.13,3702.24
2026-06-06,SKU-019,Product 19,40,83.88,3355.2
2025-07-31,SKU-039,Product 39,29,9.81,284.49
2025-02-09,SKU-058,Product 58,12,122.59,1471.08
2025-12-29,SKU-063,Product 63,28,85.06,2381.68
2025-02-25,SKU-058,Product 58,9,122.59,1103.31
2025-02-02,SKU-080,Product 80,10,14.32,143.2
2025-09-06,SKU-003,Product 3,20,70.92,1418.4
2025-12-13,SKU-064,Product 64,19,117.63,2234.97
2025-09-19,SKU-028,Product 28,16,68.24,1091.84
2025-04-02,SKU-034,Product 34,20,133.9,2678.0
2026-02-07,SKU-045,Product 45,27,80.28,2167.56
2026-06-06,SKU-035,Product 35,18,42.05,756.9
2026-06-28,SKU-043,Product 43,45,124.39,5597.55
2025-07-15,SKU-070,Product 70,2,38.61,77.22
2025-09-10,SKU-055,Product 55,27,53.76,1451.52
2025-12-13,SKU-014,Product 14,5,51.74,258.7
2025-10-15,SKU-052,Product 52,17,79.76,1355.92
2025-12-18,SKU-006,Product 6,16,16.92,270.72
2026-06-05,SKU-059,Product 59,29,143.98,4175.42
2025-07-27,SKU-086,Product 86,24,117.55,2821.2
2026-07-21,SKU-093,Product 93,31,41.04,1272.24
2026-06-27,SKU-071,Product 71,3,41.39,124.17
2025-08-01,SKU-088,Product 88,10,65.71,657.1
2025-11-22,SKU-083,Product 83,34,134.11,4559.74
2025-09-27,SKU-046,Product 46,31,105.52,3271.12
2025-01-17,SKU-055,Product 55,1,53.76,53.76
2025-10-15,SKU-039,Product 39,24,9.81,235.44
2025-02-15,SKU-027,Product 27,4,15.58,62.32
2025-02-23,SKU-020,Product 20,12,89.85,1078.2
2025-11-14,SKU-052,Product 52,10,79.76,797.6
2026-02-13,SKU-039,Product 39,40,9.81,392.4
2025-06-14,SKU-013,Product 13,22,106.67,2346.74
2025-04-27,SKU-014,Product 14,1,51.74,51.74
2026-01-29,SKU-086,Product 86,39,117.55,4584.45
2026-02-18,SKU-026,Product 26,12,66.33,795.96
2025-06-06,SKU-026,Product 26,14,66.33,928.62
2026-03-30,SKU-010,Product 10,10,84.95,849.5
2026-06-16,SKU-061,Product 61,18,141.95,2555.1
2025-05-28,SKU-049,Product 49,19,6.44,122.36
2025-05-23,SKU-085,Product 85,22,53.4,1174.8
2026-02-13,SKU-066,Product 66,46,50.43,2319.78
2025-09-05,SKU-032,Product 32,11,97.86,1076.46
2025-07-15,SKU-055,Product 55,10,53.76,537.6
2025-10-26,SKU-085,Product 85,33,53.4,1762.2
2026-06-24,SKU-061,Product 61,15,141.95,2129.25
2025-01-17,SKU-058,Product 58,14,122.59,1716.26
2026-01-05,SKU-040,Product 40,11,20.93,230.23
2026-03-21,SKU-011,Product 11,6,77.13,462.78
2026-01-03,SKU-070,Product 70,20,38.61,772.2
2025-04-07,SKU-016,Product 16,1,128.07,128.07
2025-07-23,SKU-003,Product 3,22,70.92,1560.24
2025-07-06,SKU-025,Product 25,29,126.63,3672.27
2026-07-10,SKU-049,Product 49,15,6.44,96.6
2025-02-10,SKU-058,Product 58,15,122.59,1838.85
2025-05-01,SKU-038,Product 38,21,30.86,648.06
2025-05-03,SKU-079,Product 79,21,39.06,820.26
2026-07-01,SKU-034,Product 34,11,133.9,1472.9
2025-10-14,SKU-048,Product 48,32,18.02,576.64
2026-07-21,SKU-013,Product 13,39,106.67,4160.13
2025-04-22,SKU-035,Product 35,11,42.05,462.55
2026-05-21,SKU-053,Product 53,47,11.29,530.63
2025-09-11,SKU-016,Product 16,27,128.07,3457.89
2026-05-13,SKU-023,Product 23,10,129.88,1298.8
2025-07-10,SKU-071,Product 71,7,41.39,289.73
2026-02-25,SKU-001,Product 1,41,133.59,5477.19
2025-09-22,SKU-040,Product 40,4,20.93,83.72
2026-05-29,SKU-090,Product 90,33,41.98,1385.34
2025-11-19,SKU-021,Product 21,32,71.49,2287.68
2025-07-21,SKU-030,Product 30,16,117.66,1882.56
2025-08-05,SKU-082,Product 82,19,82.39,1565.41
2025-05-23,SKU-007,Product 7,26,81.18,2110.68
2025-12-11,SKU-006,Product 6,13,16.92,219.96
2025-11-07,SKU-063,Product 63,20,85.06,1701.2
2026-05-28,SKU-091,Product 91,32,12.64,404.48
2025-02-21,SKU-090,Product 90,18,41.98,755.64
2025-12-20,SKU-041,Product 41,25,33.9,847.5
2026-04-09,SKU-031,Product 31,40,52.96,2118.4
2026-01-24,SKU-004,Product 4,39,70.1,2733.9
2025-03-17,SKU-059,Product 59,2,143.98,287.96
2025-04-16,SKU-066,Product 66,7,50.43,353.01
2025-08-13,SKU-076,Product 76,15,5.46,81.9
2025-11-26,SKU-046,Product 46,35,105.52,3693.2
2026-02-16,SKU-080,Product 80,43,14.32,615.76
2025-07-19,SKU-087,Product 87,30,123.31,3699.3
2025-09-02,SKU-052,Product 52,2,79.76,159.52
2026-07-18,SKU-054,Product 54,31,85.15,2639.65
2025-10-10,SKU-057,Product 57,7,27.94,195.58
2026-02-20,SKU-084,Product 84,34,108.64,3693.76
2026-07-27,SKU-085,Product 85,35,53.4,1869.0
2025-09-27,SKU-082,Product 82,26,82.39,2142.14
2025-05-14,SKU-077,Product 77,1,62.14,62.14
2025-10-11,SKU-014,Product 14,27,51.74,1396.98
2025-01-12,SKU-049,Product 49,13,6.44,83.72
2025-05-09,SKU-047,Product 47,14,38.43,538.02
2025-10-17,SKU-050,Product 50,7,42.38,296.66
2026-04-11,SKU-090,Product 90,41,41.98,1721.18
2026-04-14,SKU-035,Product 35,17,42.05,714.85
2026-01-03,SKU-089,Product 89,8,62.65,501.2
2025-09-07,SKU-056,Product 56,13,140.51,1826.63
2025-12-30,SKU-004,Product 4,8,70.1,560.8
2026-03-01,SKU-056,Product 56,19,140.51,2669.69
2025-07-12,SKU-082,Product 82,29,82.39,2389.31
2025-08-28,SKU-046,Product 46,8,105.52,844.16
2025-10-02,SKU-065,Product 65,21,29.77,625.17
2025-03-27,SKU-027,Product 27,8,15.58,124.64
2026-02-16,SKU-037,Product 37,40,83.51,3340.4
2025-10-03,SKU-038,Product 38,19,30.86,586.34
2026-07-29,SKU-086,Product 86,11,117.55,1293.05
2025-12-10,SKU-015,Product 15,41,98.54,4040.14
2025-08-20,SKU-094,Product 94,19,25.25,479.75
2025-07-02,SKU-070,Product 70,21,38.61,810.81
2025-11-28,SKU-003,Product 3,35,70.92,2482.2
2025-02-22,SKU-069,Product 69,6,113.3,679.8
2026-04-24,SKU-017,Product 17,45,88.02,3960.9
2025-11-24,SKU-065,Product 65,29,29.77,863.33
2025-02-27,SKU-100,Product 100,16,56.59,905.44
2025-05-21,SKU-059,Product 59,20,143.98,2879.6
2025-08-30,SKU-062,Product 62,20,40.67,813.4
2026-01-06,SKU-052,Product 52,29,79.76,2313.04
2026-05-27,SKU-080,Product 80,21,14.32,300.72
2026-06-08,SKU-026,Product 26,48,66.33,3183.84
2025-02-14,SKU-093,Product 93,13,41.04,533.52
2025-03-10,SKU-044,Product 44,2,14.73,29.46
2026-06-11,SKU-083,Product 83,41,134.11,5498.51
2026-04-14,SKU-044,Product 44,13,14.73,191.49
2025-09-16,SKU-100,Product 100,21,56.59,1188.39
2025-10-28,SKU-063,Product 63,23,85.06,1956.38
2025-11-22,SKU-097,Product 97,24,45.27,1086.48
2025-09-17,SKU-078,Product 78,14,23.81,333.34
2026-05-02,SKU-094,Product 94,38,25.25,959.5
2025-12-16,SKU-028,Product 28,11,68.24,750.64
2025-01-29,SKU-018,Product 18,2,89.39,178.78
2026-07-14,SKU-065,Product 65,23,29.77,684.71
2026-01-17,SKU-095,Product 95,17,77.08,1310.36
2026-07-02,SKU-029,Product 29,46,43.36,1994.56
2026-02-22,SKU-096,Product 96,12,57.25,687.0
2026-06-22,SKU-022,Product 22,56,59.25,3318.0
2025-06-13,SKU-070,Product 70,16,38.61,617.76
2025-07-10,SKU-025,Product 25,27,126.63,3419.01
2026-02-04,SKU-013,Product 13,30,106.67,3200.1
2025-02-24,SKU-098,Product 98,10,5.2,52.0
2025-11-09,SKU-045,Product 45,31,80.28,2488.68
2026-05-03,SKU-097,Product 97,7,45.27,316.89
2025-04-01,SKU-081,Product 81,14,66.67,933.38
2026-03-12,SKU-020,Product 20,45,89.85,4043.25
2025-08-16,SKU-094,Product 94,10,25.25,252.5
2026-02-02,SKU-031,Product 31,42,52.96,2224.32
2026-05-20,SKU-030,Product 30,7,117.66,823.62
2025-12-18,SKU-020,Product 20,28,89.85,2515.8
2026-04-26,SKU-077,Product 77,17,62.14,1056.38
2026-02-04,SKU-030,Product 30,43,117.66,5059.38
2025-05-01,SKU-053,Product 53,22,11.29,248.38
2025-10-11,SKU-054,Product 54,12,85.15,1021.8
2025-03-16,SKU-077,Product 77,1,62.14,62.14
2025-02-21,SKU-027,Product 27,10,15.58,155.8
2025-08-22,SKU-068,Product 68,19,65.88,1251.72
2025-04-02,SKU-088,Product 88,13,65.71,854.23
2025-06-18,SKU-044,Product 44,5,14.73,73.65
2026-04-09,SKU-097,Product 97,3,45.27,135.81
2025-11-04,SKU-095,Product 95,25,77.08,1927.0
2026-01-22,SKU-042,Product 42,15,42.29,634.35
2026-02-21,SKU-067,Product 67,18,99.67,1794.06
2025-11-28,SKU-006,Product 6,19,16.92,321.48
2025-06-27,SKU-062,Product 62,24,40.67,976.08
2026-07-20,SKU-061,Product 61,15,141.95,2129.25
2026-05-04,SKU-020,Product 20,3,89.85,269.55
2026-05-27,SKU-031,Product 31,29,52.96,1535.84
2026-05-14,SKU-031,Product 31,35,52.96,1853.6
2025-03-20,SKU-087,Product 87,1,123.31,123.31
2025-08-22,SKU-046,Product 46,24,105.52,2532.48
2025-08-10,SKU-100,Product 100,2,56.59,113.18
2026-05-31,SKU-027,Product 27,14,15.58,218.12
2026-01-22,SKU-012,Product 12,33,112.29,3705.57
2025-02-25,SKU-037,Product 37,9,83.51,751.59
2026-07-13,SKU-008,Product 8,42,38.61,1621.62
2025-11-14,SKU-014,Product 14,23,51.74,1190.02
2025-08-23,SKU-051,Product 51,13,104.22,1354.86
2025-12-05,SKU-028,Product 28,22,68.24,1501.28
2025-02-20,SKU-080,Product 80,1,14.32,14.32
2026-07-26,SKU-072,Product 72,59,108.25,6386.75
2025-05-29,SKU-048,Product 48,24,18.02,432.48
2026-04-19,SKU-006,Product 6,34,16.92,575.28
2025-11-25,SKU-081,Product 81,35,66.67,2333.45
2025-11-01,SKU-060,Product 60,5,70.14,350.7
2026-05-01,SKU-043,Product 43,3,124.39,373.17
2026-06-29,SKU-077,Product 77,45,62.14,2796.3
2025-10-08,SKU-077,Product 77,2,62.14,124.28
2025-07-30,SKU-040,Product 40,23,20.93,481.39
2025-04-02,SKU-077,Product 77,14,62.14,869.96
2025-11-03,SKU-070,Product 70,38,38.61,1467.18
2026-05-30,SKU-053,Product 53,25,11.29,282.25
2025-09-13,SKU-036,Product 36,11,130.42,1434.62
2026-01-21,SKU-097,Product 97,12,45.27,543.24
2025-04-17,SKU-044,Product 44,23,14.73,338.79
2025-12-05,SKU-070,Product 70,33,38.61,1274.13
2026-05-31,SKU-070,Product 70,33,38.61,1274.13
2026-07-14,SKU-022,Product 22,50,59.25,2962.5
2026-07-03,SKU-098,Product 98,15,5.2,78.0
2025-09-11,SKU-018,Product 18,2,89.39,178.78
2026-07-20,SKU-024,Product 24,7,109.76,768.32
2025-12-27,SKU-045,Product 45,28,80.28,2247.84
2025-07-27,SKU-079,Product 79,2,39.06,78.12
2026-06-24,SKU-003,Product 3,49,70.92,3475.08
2025-01-05,SKU-009,Product 9,7,33.35,233.45
2026-02-16,SKU-084,Product 84,34,108.64,3693.76
2025-10-31,SKU-044,Product 44,33,14.73,486.09
2025-04-03,SKU-069,Product 69,1,113.3,113.3
2025-06-16,SKU-049,Product 49,9,6.44,57.96
2025-02-22,SKU-008,Product 8,8,38.61,308.88
2026-05-26,SKU-091,Product 91,40,12.64,505.6
2025-08-06,SKU-021,Product 21,10,71.49,714.9
2025-11-24,SKU-071,Product 71,40,41.39,1655.6
2025-11-10,SKU-038,Product 38,26,30.86,802.36
2025-01-14,SKU-006,Product 6,8,16.92,135.36
2026-07-07,SKU-063,Product 63,46,85.06,3912.76
2025-03-25,SKU-031,Product 31,15,52.96,794.4
2025-11-30,SKU-051,Product 51,32,104.22,3335.04
2026-02-18,SKU-074,Product 74,22,102.79,2261.38
2025-06-01,SKU-020,Product 20,21,89.85,1886.85
2025-01-12,SKU-042,Product 42,6,42.29,253.74
2026-07-13,SKU-020,Product 20,58,89.85,5211.3
2025-02-19,SKU-022,Product 22,8,59.25,474.0
2025-11-27,SKU-060,Product 60,24,70.14,1683.36
2025-02-17,SKU-053,Product 53,1,11.29,11.29
2025-08-29,SKU-003,Product 3,20,70.92,1418.4
2025-02-02,SKU-048,Product 48,9,18.02,162.18
2025-10-17,SKU-071,Product 71,35,41.39,1448.65
2026-01-06,SKU-042,Product 42,35,42.29,1480.15
2025-08-11,SKU-052,Product 52,21,79.76,1674.96
2026-03-22,SKU-049,Product 49,49,6.44,315.56
2025-11-26,SKU-034,Product 34,18,133.9,2410.2
2025-08-02,SKU-005,Product 5,27,112.77,3044.79
2026-05-11,SKU-084,Product 84,42,108.64,4562.88
2026-06-12,SKU-035,Product 35,26,42.05,1093.3
2025-10-20,SKU-050,Product 50,22,42.38,932.36
2025-03-18,SKU-030,Product 30,16,117.66,1882.56
2025-01-16,SKU-043,Product 43,11,124.39,1368.29
2025-12-28,SKU-064,Product 64,37,117.63,4352.31
2026-05-11,SKU-074,Product 74,3,102.79,308.37
2026-03-19,SKU-033,Product 33,29,53.43,1549.47
2026-05-02,SKU-035,Product 35,17,42.05,714.85
2025-09-06,SKU-019,Product 19,34,83.88,2851.92
2025-06-06,SKU-090,Product 90,19,41.98,797.62
2025-12-14,SKU-010,Product 10,25,84.95,2123.75
2025-07-01,SKU-012,Product 12,13,112.29,1459.77
2025-09-25,SKU-011,Product 11,4,77.13,308.52
2025-03-19,SKU-083,Product 83,11,134.11,1475.21
2025-11-15,SKU-072,Product 72,34,108.25,3680.5
2025-05-04,SKU-033,Product 33,13,53.43,694.59
2025-04-02,SKU-055,Product 55,14,53.76,752.64
2025-06-13,SKU-065,Product 65,18,29.77,535.86
2026-04-21,SKU-086,Product 86,38,117.55,4466.9
2026-04-26,SKU-054,Product 54,38,85.15,3235.7
2026-03-13,SKU-002,Product 2,35,116.06,4062.1
2025-01-21,SKU-069,Product 69,11,113.3,1246.3
2025-06-09,SKU-042,Product 42,23,42.29,972.67
2025-06-17,SKU-004,Product 4,13,70.1,911.3
2026-04-13,SKU-078,Product 78,44,23.81,1047.64
2025-07-30,SKU-098,Product 98,16,5.2,83.2
2026-01-02,SKU-043,Product 43,23,124.39,2860.97
2025-01-17,SKU-068,Product 68,7,65.88,461.16
2026-01-25,SKU-023,Product 23,42,129.88,5454.96
2025-05-25,SKU-082,Product 82,3,82.39,247.17
2025-03-26,SKU-076,Product 76,15,5.46,81.9
2025-06-26,SKU-093,Product 93,21,41.04,861.84
2026-07-09,SKU-017,Product 17,34,88.02,2992.68
2026-05-24,SKU-093,Product 93,3,41.04,123.12
2025-04-29,SKU-018,Product 18,9,89.39,804.51
2025-02-08,SKU-078,Product 78,14,23.81,333.34
2025-08-29,SKU-021,Product 21,11,71.49,786.39
2026-03-20,SKU-027,Product 27,36,15.58,560.88
2026-03-27,SKU-046,Product 46,20,105.52,2110.4
2025-09-08,SKU-081,Product 81,16,66.67,1066.72
2025-11-28,SKU-087,Product 87,38,123.31,4685.78
2025-07-03,SKU-014,Product 14,9,51.74,465.66
2025-07-31,SKU-057,Product 57,16,27.94,447.04
2026-03-24,SKU-071,Product 71,6,41.39,248.34
2025-03-27,SKU-028,Product 28,2,68.24,136.48
2025-03-12,SKU-085,Product 85,10,53.4,534.0
2025-02-06,SKU-083,Product 83,11,134.11,1475.21
2025-07-12,SKU-080,Product 80,9,14.32,128.88
2026-01-07,SKU-044,Product 44,8,14.73,117.84
2026-01-15,SKU-016,Product 16,8,128.07,1024.56
2026-05-08,SKU-002,Product 2,42,116.06,4874.52
2025-06-12,SKU-083,Product 83,16,134.11,2145.76
2025-07-29,SKU-006,Product 6,20,16.92,338.4
2025-05-27,SKU-038,Product 38,5,30.86,154.3
2026-07-30,SKU-027,Product 27,27,15.58,420.66
2025-04-02,SKU-064,Product 64,4,117.63,470.52
2025-01-24,SKU-093,Product 93,6,41.04,246.24
2025-03-30,SKU-084,Product 84,10,108.64,1086.4
2025-01-11,SKU-087,Product 87,13,123.31,1603.03
2026-01-09,SKU-086,Product 86,35,117.55,4114.25
2026-06-28,SKU-065,Product 65,42,29.77,1250.34
2025-12-22,SKU-089,Product 89,5,62.65,313.25
2026-01-11,SKU-088,Product 88,35,65.71,2299.85
2025-05-25,SKU-003,Product 3,13,70.92,921.96
2025-11-25,SKU-052,Product 52,18,79.76,1435.68
2025-07-06,SKU-068,Product 68,5,65.88,329.4
2026-01-22,SKU-012,Product 12,24,112.29,2694.96
2026-07-08,SKU-041,Product 41,42,33.9,1423.8
2025-04-18,SKU-057,Product 57,6,27.94,167.64
2025-04-07,SKU-030,Product 30,10,117.66,1176.6
2025-03-15,SKU-085,Product 85,8,53.4,427.2
2026-07-24,SKU-094,Product 94,15,25.25,378.75
2025-08-13,SKU-068,Product 68,32,65.88,2108.16
2026-06-14,SKU-098,Product 98,22,5.2,114.4
2026-04-13,SKU-088,Product 88,34,65.71,2234.14
2025-04-28,SKU-014,Product 14,1,51.74,51.74
2025-04-02,SKU-084,Product 84,16,108.64,1738.24
2025-01-26,SKU-066,Product 66,12,50.43,605.16
2026-04-16,SKU-096,Product 96,27,57.25,1545.75
2026-07-15,SKU-095,Product 95,50,77.08,3854.0
2025-06-23,SKU-009,Product 9,7,33.35,233.45
2025-03-17,SKU-096,Product 96,9,57.25,515.25
2025-12-27,SKU-014,Product 14,31,51.74,1603.94
2025-04-25,SKU-010,Product 10,4,84.95,339.8
2025-05-12,SKU-077,Product 77,6,62.14,372.84
2026-05-04,SKU-093,Product 93,38,41.04,1559.52
2025-06-25,SKU-061,Product 61,19,141.95,2697.05
2026-04-03,SKU-005,Product 5,10,112.77,1127.7
2026-03-27,SKU-040,Product 40,30,20.93,627.9
2025-01-21,SKU-065,Product 65,1,29.77,29.77
2026-07-30,SKU-002,Product 2,15,116.06,1740.9
2026-01-13,SKU-076,Product 76,23,5.46,125.58
2026-01-15,SKU-061,Product 61,20,141.95,2839.0
2026-06-19,SKU-085,Product 85,7,53.4,373.8
2025-03-24,SKU-027,Product 27,15,15.58,233.7
2025-12-20,SKU-060,Product 60,36,70.14,2525.04
2025-11-26,SKU-099,Product 99,2,48.68,97.36
2026-01-01,SKU-046,Product 46,8,105.52,844.16
2025-05-21,SKU-087,Product 87,13,123.31,1603.03
2026-05-27,SKU-026,Product 26,36,66.33,2387.88
2025-06-14,SKU-015,Product 15,25,98.54,2463.5
2025-01-20,SKU-033,Product 33,4,53.43,213.72
2025-07-07,SKU-049,Product 49,13,6.44,83.72
2026-03-22,SKU-005,Product 5,13,112.77,1466.01
2026-06-16,SKU-063,Product 63,41,85.06,3487.46
2025-08-05,SKU-017,Product 17,25,88.02,2200.5
2026-03-25,SKU-040,Product 40,39,20.93,816.27
2025-04-30,SKU-067,Product 67,3,99.67,299.01
2025-09-24,SKU-098,Product 98,16,5.2,83.2
2026-05-21,SKU-069,Product 69,29,113.3,3285.7
2026-03-12,SKU-096,Product 96,3,57.25,171.75
2025-01-31,SKU-015,Product 15,2,98.54,197.08
2026-03-13,SKU-070,Product 70,39,38.61,1505.79
2026-04-20,SKU-071,Product 71,27,41.39,1117.53
2025-12-10,SKU-062,Product 62,27,40.67,1098.09
2025-04-03,SKU-094,Product 94,1,25.25,25.25
2026-07-04,SKU-009,Product 9,34,33.35,1133.9
2025-03-15,SKU-009,Product 9,8,33.35,266.8
2026-05-22,SKU-019,Product 19,3,83.88,251.64
2025-07-22,SKU-088,Product 88,12,65.71,788.52
2025-12-30,SKU-076,Product 76,5,5.46,27.3
2025-10-13,SKU-051,Product 51,4,104.22,416.88
2025-06-21,SKU-002,Product 2,1,116.06,116.06
2026-02-12,SKU-084,Product 84,34,108.64,3693.76
2025-04-21,SKU-006,Product 6,7,16.92,118.44
2025-10-16,SKU-069,Product 69,29,113.3,3285.7
2025-11-28,SKU-051,Product 51,5,104.22,521.1
2025-02-22,SKU-017,Product 17,8,88.02,704.16
2026-02-08,SKU-046,Product 46,9,105.52,949.68
2025-07-02,SKU-100,Product 100,13,56.59,735.67
2026-07-30,SKU-019,Product 19,55,83.88,4613.4
2025-04-15,SKU-023,Product 23,12,129.88,1558.56
2025-12-16,SKU-029,Product 29,5,43.36,216.8
2025-12-10,SKU-090,Product 90,36,41.98,1511.28
2026-04-21,SKU-093,Product 93,48,41.04,1969.92
2025-02-11,SKU-085,Product 85,15,53.4,801.0
2025-09-08,SKU-061,Product 61,18,141.95,2555.1
2025-12-29,SKU-077,Product 77,25,62.14,1553.5
2025-03-27,SKU-046,Product 46,8,105.52,844.16
2025-12-05,SKU-037,Product 37,2,83.51,167.02
2026-01-21,SKU-069,Product 69,27,113.3,3059.1
2025-04-09,SKU-047,Product 47,18,38.43,691.74
2025-07-16,SKU-071,Product 71,30,41.39,1241.7
2025-02-13,SKU-073,Product 73,8,120.54,964.32
2026-06-13,SKU-044,Product 44,52,14.73,765.96
2025-10-07,SKU-091,Product 91,24,12.64,303.36
2026-03-25,SKU-090,Product 90,43,41.98,1805.14
2026-02-18,SKU-086,Product 86,47,117.55,5524.85
2026-02-17,SKU-001,Product 1,9,133.59,1202.31
2025-06-04,SKU-067,Product 67,19,99.67,1893.73
2025-01-26,SKU-024,Product 24,12,109.76,1317.12
2026-04-13,SKU-021,Product 21,44,71.49,3145.56
2025-05-24,SKU-064,Product 64,15,117.63,1764.45
2026-05-18,SKU-066,Product 66,39,50.43,1966.77
2026-01-05,SKU-013,Product 13,40,106.67,4266.8
2026-01-03,SKU-093,Product 93,34,41.04,1395.36
2026-02-23,SKU-050,Product 50,19,42.38,805.22
2025-01-09,SKU-012,Product 12,8,112.29,898.32
2025-11-29,SKU-043,Product 43,5,124.39,621.95
2026-03-09,SKU-004,Product 4,32,70.1,2243.2
2026-02-09,SKU-086,Product 86,34,117.55,3996.7
2025-12-18,SKU-012,Product 12,33,112.29,3705.57
2026-06-17,SKU-005,Product 5,48,112.77,5412.96
2025-02-22,SKU-012,Product 12,13,112.29,1459.77
2026-05-07,SKU-061,Product 61,14,141.95,1987.3
2026-02-02,SKU-028,Product 28,18,68.24,1228.32
2025-04-21,SKU-001,Product 1,12,133.59,1603.08
2026-06-11,SKU-028,Product 28,33,68.24,2251.92
2026-03-19,SKU-009,Product 9,32,33.35,1067.2
2025-07-27,SKU-078,Product 78,8,23.81,190.48
2025-09-26,SKU-076,Product 76,9,5.46,49.14
2025-03-09,SKU-020,Product 20,1,89.85,89.85
2026-03-06,SKU-075,Product 75,29,13.71,397.59
2026-01-18,SKU-053,Product 53,26,11.29,293.54
2026-04-10,SKU-009,Product 9,17,33.35,566.95
2026-05-10,SKU-013,Product 13,28,106.67,2986.76
2026-07-24,SKU-070,Product 70,23,38.61,888.03
2026-06-18,SKU-003,Product 3,30,70.92,2127.6
2025-01-16,SKU-061,Product 61,3,141.95,425.85
2025-12-03,SKU-028,Product 28,38,68.24,2593.12
2025-09-30,SKU-038,Product 38,7,30.86,216.02
2025-09-09,SKU-065,Product 65,4,29.77,119.08
2025-03-25,SKU-045,Product 45,2,80.28,160.56
2025-04-10,SKU-032,Product 32,15,97.86,1467.9
2025-01-14,SKU-091,Product 91,2,12.64,25.28
2026-05-23,SKU-068,Product 68,47,65.88,3096.36
2025-09-20,SKU-088,Product 88,18,65.71,1182.78
2025-09-07,SKU-021,Product 21,18,71.49,1286.82
2025-05-18,SKU-037,Product 37,10,83.51,835.1
2025-01-01,SKU-080,Product 80,3,14.32,42.96
2026-01-16,SKU-012,Product 12,20,112.29,2245.8
2025-05-12,SKU-011,Product 11,16,77.13,1234.08
2025-05-20,SKU-049,Product 49,1,6.44,6.44
2025-06-29,SKU-049,Product 49,5,6.44,32.2
2025-05-03,SKU-057,Product 57,8,27.94,223.52
2025-10-09,SKU-011,Product 11,2,77.13,154.26
2026-03-18,SKU-064,Product 64,3,117.63,352.89
2026-02-18,SKU-048,Product 48,37,18.02,666.74
2025-08-24,SKU-006,Product 6,2,16.92,33.84
2026-05-07,SKU-048,Product 48,14,18.02,252.28
2025-07-24,SKU-057,Product 57,22,27.94,614.68
2025-11-25,SKU-008,Product 8,13,38.61,501.93
2026-02-08,SKU-064,Product 64,12,117.63,1411.56
2025-05-21,SKU-056,Product 56,20,140.51,2810.2
2025-08-26,SKU-005,Product 5,15,112.77,1691.55
2026-01-08,SKU-007,Product 7,29,81.18,2354.22
2025-06-03,SKU-045,Product 45,21,80.28,1685.88
2025-07-29,SKU-081,Product 81,29,66.67,1933.43
2026-04-12,SKU-010,Product 10,6,84.95,509.7
2026-04-29,SKU-019,Product 19,10,83.88,838.8
2025-09-21,SKU-041,Product 41,14,33.9,474.6
2025-11-20,SKU-070,Product 70,40,38.61,1544.4
2026-01-15,SKU-089,Product 89,11,62.65,689.15
2026-05-11,SKU-001,Product 1,35,133.59,4675.65
2025-05-08,SKU-066,Product 66,9,50.43,453.87
2026-05-29,SKU-045,Product 45,14,80.28,1123.92
2025-01-29,SKU-015,Product 15,6,98.54,591.24
2025-12-29,SKU-046,Product 46,43,105.52,4537.36
2026-06-17,SKU-063,Product 63,15,85.06,1275.9
2026-02-06,SKU-051,Product 51,27,104.22,2813.94
2026-01-20,SKU-002,Product 2,11,116.06,1276.66
2026-01-21,SKU-007,Product 7,42,81.18,3409.56
2025-02-07,SKU-086,Product 86,14,117.55,1645.7
2025-09-07,SKU-094,Product 94,6,25.25,151.5
2025-03-13,SKU-009,Product 9,9,33.35,300.15
2026-05-13,SKU-025,Product 25,39,126.63,4938.57
2025-02-19,SKU-100,Product 100,2,56.59,113.18
2025-06-09,SKU-062,Product 62,25,40.67,1016.75
2025-03-12,SKU-046,Product 46,13,105.52,1371.76
2026-03-29,SKU-028,Product 28,36,68.24,2456.64
2026-07-30,SKU-069,Product 69,3,113.3,339.9
2025-11-06,SKU-023,Product 23,5,129.88,649.4
2025-12-19,SKU-021,Product 21,28,71.49,2001.72
2026-02-18,SKU-019,Product 19,12,83.88,1006.56
2026-01-25,SKU-025,Product 25,24,126.63,3039.12
2025-08-23,SKU-019,Product 19,19,83.88,1593.72
2025-09-09,SKU-097,Product 97,29,45.27,1312.83
2025-04-24,SKU-041,Product 41,11,33.9,372.9
2026-01-17,SKU-035,Product 35,41,42.05,1724.05
2025-06-10,SKU-037,Product 37,14,83.51,1169.14
2025-07-31,SKU-043,Product 43,14,124.39,1741.46
2026-01-26,SKU-094,Product 94,12,25.25,303.0
2026-01-05,SKU-051,Product 51,2,104.22,208.44
2025-10-29,SKU-046,Product 46,12,105.52,1266.24
2026-02-28,SKU-042,Product 42,15,42.29,634.35
2025-09-21,SKU-037,Product 37,35,83.51,2922.85
2025-07-05,SKU-067,Product 67,27,99.67,2691.09
2025-08-30,SKU-051,Product 51,29,104.22,3022.38
2025-07-15,SKU-006,Product 6,6,16.92,101.52
2025-11-11,SKU-019,Product 19,18,83.88,1509.84
2025-01-08,SKU-013,Product 13,7,106.67,746.69
2025-01-16,SKU-038,Product 38,2,30.86,61.72
2026-04-19,SKU-055,Product 55,48,53.76,2580.48
2025-10-12,SKU-035,Product 35,14,42.05,588.7
2025-02-05,SKU-007,Product 7,1,81.18,81.18
2026-05-10,SKU-082,Product 82,28,82.39,2306.92
2025-03-01,SKU-007,Product 7,9,81.18,730.62
2025-06-30,SKU-081,Product 81,13,66.67,866.71
2026-04-03,SKU-095,Product 95,23,77.08,1772.84
2026-06-23,SKU-096,Product 96,41,57.25,2347.25
2025-05-18,SKU-048,Product 48,17,18.02,306.34
2026-01-03,SKU-035,Product 35,29,42.05,1219.45
2025-02-08,SKU-063,Product 63,8,85.06,680.48
2025-05-17,SKU-013,Product 13,1,106.67,106.67
2025-08-07,SKU-032,Product 32,6,97.86,587.16
2025-05-15,SKU-055,Product 55,3,53.76,161.28
2025-04-03,SKU-099,Product 99,22,48.68,1070.96
2026-03-03,SKU-004,Product 4,45,70.1,3154.5
2026-05-29,SKU-042,Product 42,22,42.29,930.38
2026-02-19,SKU-019,Product 19,3,83.88,251.64
2025-07-02,SKU-074,Product 74,17,102.79,1747.43
2025-06-23,SKU-086,Product 86,26,117.55,3056.3
2026-07-08,SKU-089,Product 89,38,62.65,2380.7
2025-11-17,SKU-100,Product 100,23,56.59,1301.57
2026-03-23,SKU-056,Product 56,33,140.51,4636.83
2025-02-03,SKU-075,Product 75,7,13.71,95.97
2025-03-25,SKU-057,Product 57,21,27.94,586.74
2025-06-04,SKU-078,Product 78,12,23.81,285.72
2026-01-31,SKU-099,Product 99,9,48.68,438.12
2025-12-27,SKU-076,Product 76,20,5.46,109.2
2025-07-28,SKU-024,Product 24,10,109.76,1097.6
2025-05-06,SKU-060,Product 60,3,70.14,210.42
2025-10-06,SKU-044,Product 44,29,14.73,427.17
2025-09-18,SKU-093,Product 93,23,41.04,943.92
2026-06-26,SKU-028,Product 28,38,68.24,2593.12
2025-10-02,SKU-086,Product 86,26,117.55,3056.3
2025-06-10,SKU-100,Product 100,3,56.59,169.77
2025-05-14,SKU-097,Product 97,25,45.27,1131.75
2025-02-28,SKU-055,Product 55,15,53.76,806.4
2025-02-20,SKU-031,Product 31,13,52.96,688.48
2026-01-03,SKU-040,Product 40,31,20.93,648.83
2025-08-08,SKU-006,Product 6,17,16.92,287.64
2026-05-10,SKU-059,Product 59,3,143.98,431.94
2026-03-19,SKU-088,Product 88,39,65.71,2562.69
2026-02-11,SKU-047,Product 47,40,38.43,1537.2
2025-12-05,SKU-063,Product 63,5,85.06,425.3
2026-07-22,SKU-059,Product 59,19,143.98,2735.62
2025-01-09,SKU-088,Product 88,2,65.71,131.42
2026-06-09,SKU-089,Product 89,11,62.65,689.15
2025-06-21,SKU-069,Product 69,22,113.3,2492.6
2025-12-05,SKU-011,Product 11,11,77.13,848.43
2026-06-29,SKU-040,Product 40,30,20.93,627.9
2025-01-20,SKU-069,Product 69,15,113.3,1699.5
2025-01-04,SKU-029,Product 29,12,43.36,520.32
2026-06-28,SKU-038,Product 38,30,30.86,925.8
2026-07-22,SKU-006,Product 6,47,16.92,795.24
2025-08-30,SKU-052,Product 52,13,79.76,1036.88
2026-04-07,SKU-048,Product 48,20,18.02,360.4
2026-03-02,SKU-018,Product 18,48,89.39,4290.72
2025-02-16,SKU-078,Product 78,6,23.81,142.86
2025-10-26,SKU-038,Product 38,33,30.86,1018.38
2026-02-18,SKU-023,Product 23,44,129.88,5714.72
2025-01-25,SKU-051,Product 51,14,104.22,1459.08
2025-04-28,SKU-092,Product 92,20,131.65,2633.0
2025-05-03,SKU-045,Product 45,19,80.28,1525.32
2025-09-15,SKU-028,Product 28,25,68.24,1706.0
2026-07-03,SKU-024,Product 24,15,109.76,1646.4
2025-06-05,SKU-025,Product 25,3,126.63,379.89
2025-10-08,SKU-082,Product 82,14,82.39,1153.46
2025-07-30,SKU-094,Product 94,4,25.25,101.0
2026-01-17,SKU-044,Product 44,32,14.73,471.36
2025-05-04,SKU-076,Product 76,8,5.46,43.68
2025-01-08,SKU-036,Product 36,2,130.42,260.84
2025-11-06,SKU-004,Product 4,20,70.1,1402.0
2025-08-14,SKU-020,Product 20,17,89.85,1527.45
2025-02-20,SKU-011,Product 11,1,77.13,77.13
2026-03-18,SKU-088,Product 88,3,65.71,197.13
2025-01-23,SKU-059,Product 59,11,143.98,1583.78
2026-07-07,SKU-044,Product 44,15,14.73,220.95
2025-02-23,SKU-039,Product 39,2,9.81,19.62
2025-04-28,SKU-046,Product 46,20,105.52,2110.4
2025-01-16,SKU-039,Product 39,12,9.81,117.72
2025-05-06,SKU-017,Product 17,14,88.02,1232.28
2026-05-04,SKU-035,Product 35,10,42.05,420.5
2025-03-03,SKU-061,Product 61,6,141.95,851.7
2025-08-06,SKU-048,Product 48,14,18.02,252.28
2025-12-30,SKU-027,Product 27,25,15.58,389.5
2026-07-16,SKU-097,Product 97,3,45.27,135.81
2025-05-11,SKU-064,Product 64,3,117.63,352.89
2025-11-24,SKU-042,Product 42,16,42.29,676.64
2025-02-27,SKU-027,Product 27,11,15.58,171.38
2025-12-01,SKU-033,Product 33,35,53.43,1870.05
2025-04-13,SKU-092,Product 92,22,131.65,2896.3
2025-10-12,SKU-015,Product 15,4,98.54,394.16
2025-09-16,SKU-043,Product 43,32,124.39,3980.48
2026-03-16,SKU-024,Product 24,45,109.76,4939.2
2026-03-31,SKU-074,Product 74,23,102.79,2364.17
2025-06-28,SKU-075,Product 75,13,13.71,178.23
2025-07-11,SKU-036,Product 36,11,130.42,1434.62
2025-01-23,SKU-045,Product 45,15,80.28,1204.2
2026-05-12,SKU-058,Product 58,53,122.59,6497.27
2025-02-25,SKU-044,Product 44,3,14.73,44.19
2025-05-30,SKU-003,Product 3,12,70.92,851.04
2025-09-04,SKU-005,Product 5,34,112.77,3834.18
2025-09-11,SKU-017,Product 17,4,88.02,352.08
2025-01-15,SKU-089,Product 89,2,62.65,125.3
2025-10-06,SKU-004,Product 4,31,70.1,2173.1
2025-11-19,SKU-050,Product 50,13,42.38,550.94
2025-10-27,SKU-053,Product 53,22,11.29,248.38
2025-07-11,SKU-004,Product 4,17,70.1,1191.7
2026-05-02,SKU-003,Product 3,3,70.92,212.76
2025-04-05,SKU-027,Product 27,11,15.58,171.38
2025-09-19,SKU-079,Product 79,2,39.06,78.12
2025-04-03,SKU-010,Product 10,8,84.95,679.6
2026-04-14,SKU-089,Product 89,13,62.65,814.45
2025-03-12,SKU-090,Product 90,10,41.98,419.8
2025-04-22,SKU-015,Product 15,12,98.54,1182.48
2026-05-04,SKU-004,Product 4,49,70.1,3434.9
2025-03-04,SKU-082,Product 82,15,82.39,1235.85
2025-04-07,SKU-078,Product 78,2,23.81,47.62
2025-10-06,SKU-036,Product 36,26,130.42,3390.92
2025-02-18,SKU-061,Product 61,9,141.95,1277.55
2025-10-09,SKU-064,Product 64,17,117.63,1999.71
2025-08-01,SKU-073,Product 73,8,120.54,964.32
2025-10-12,SKU-001,Product 1,9,133.59,1202.31
2026-07-25,SKU-034,Product 34,39,133.9,5222.1
2025-09-20,SKU-068,Product 68,11,65.88,724.68
2025-08-15,SKU-037,Product 37,8,83.51,668.08
2025-01-26,SKU-061,Product 61,9,141.95,1277.55
2026-03-15,SKU-047,Product 47,9,38.43,345.87
2025-12-13,SKU-092,Product 92,19,131.65,2501.35
2026-05-13,SKU-052,Product 52,17,79.76,1355.92
2025-05-27,SKU-002,Product 2,10,116.06,1160.6
2025-07-30,SKU-074,Product 74,23,102.79,2364.17
2026-02-01,SKU-056,Product 56,39,140.51,5479.89
2025-11-21,SKU-077,Product 77,26,62.14,1615.64
2025-08-20,SKU-097,Product 97,6,45.27,271.62
2026-06-28,SKU-089,Product 89,53,62.65,3320.45
2026-03-05,SKU-097,Product 97,35,45.27,1584.45
2026-02-23,SKU-062,Product 62,12,40.67,488.04
2025-05-08,SKU-056,Product 56,14,140.51,1967.14
2026-06-21,SKU-081,Product 81,3,66.67,200.01
2025-02-09,SKU-013,Product 13,8,106.67,853.36
2026-06-12,SKU-033,Product 33,52,53.43,2778.36
2026-01-21,SKU-084,Product 84,9,108.64,977.76
2025-09-19,SKU-072,Product 72,7,108.25,757.75
2025-11-15,SKU-016,Product 16,15,128.07,1921.05
2025-01-07,SKU-095,Product 95,6,77.08,462.48
2026-04-18,SKU-032,Product 32,44,97.86,4305.84
2025-09-13,SKU-039,Product 39,18,9.81,176.58
2025-10-16,SKU-068,Product 68,9,65.88,592.92
2026-04-28,SKU-065,Product 65,28,29.77,833.56
2025-04-18,SKU-040,Product 40,9,20.93,188.37
2025-10-21,SKU-076,Product 76,20,5.46,109.2
2025-12-03,SKU-041,Product 41,35,33.9,1186.5
2026-03-16,SKU-025,Product 25,3,126.63,379.89
2025-08-22,SKU-058,Product 58,19,122.59,2329.21
2026-02-17,SKU-078,Product 78,28,23.81,666.68
2025-06-22,SKU-040,Product 40,28,20.93,586.04
2026-02-01,SKU-007,Product 7,27,81.18,2191.86
2025-12-17,SKU-085,Product 85,36,53.4,1922.4
2025-09-04,SKU-084,Product 84,18,108.64,1955.52
2025-01-07,SKU-067,Product 67,8,99.67,797.36
2025-11-13,SKU-025,Product 25,5,126.63,633.15
2025-01-10,SKU-064,Product 64,3,117.63,352.89
2025-01-18,SKU-014,Product 14,15,51.74,776.1
2026-02-16,SKU-074,Product 74,9,102.79,925.11
2025-05-15,SKU-002,Product 2,5,116.06,580.3
2025-06-01,SKU-022,Product 22,14,59.25,829.5
2025-03-13,SKU-028,Product 28,6,68.24,409.44
2025-09-19,SKU-016,Product 16,7,128.07,896.49
2025-11-21,SKU-056,Product 56,29,140.51,4074.79
2025-09-04,SKU-094,Product 94,31,25.25,782.75
2025-01-01,SKU-007,Product 7,9,81.18,730.62
2026-03-01,SKU-010,Product 10,25,84.95,2123.75
2025-09-26,SKU-080,Product 80,28,14.32,400.96
2025-11-15,SKU-082,Product 82,10,82.39,823.9
2025-11-09,SKU-037,Product 37,7,83.51,584.57
2025-02-21,SKU-075,Product 75,8,13.71,109.68
2026-03-19,SKU-047,Product 47,19,38.43,730.17
2025-12-07,SKU-032,Product 32,30,97.86,2935.8
2026-06-08,SKU-086,Product 86,55,117.55,6465.25
2025-12-28,SKU-053,Product 53,14,11.29,158.06
2026-07-15,SKU-004,Product 4,3,70.1,210.3
2025-05-09,SKU-024,Product 24,19,109.76,2085.44
2025-08-20,SKU-028,Product 28,15,68.24,1023.6
2025-04-07,SKU-069,Product 69,19,113.3,2152.7
2026-02-04,SKU-047,Product 47,33,38.43,1268.19
2025-01-12,SKU-029,Product 29,2,43.36,86.72
2025-08-04,SKU-016,Product 16,23,128.07,2945.61
2025-11-08,SKU-048,Product 48,13,18.02,234.26
2025-03-28,SKU-007,Product 7,13,81.18,1055.34
2026-01-09,SKU-084,Product 84,41,108.64,4454.24
2025-10-03,SKU-083,Product 83,17,134.11,2279.87
2025-04-30,SKU-029,Product 29,8,43.36,346.88
2025-06-15,SKU-073,Product 73,22,120.54,2651.88
2025-04-17,SKU-096,Product 96,4,57.25,229.0
2026-05-29,SKU-008,Product 8,22,38.61,849.42
2026-07-20,SKU-035,Product 35,51,42.05,2144.55
2026-03-26,SKU-074,Product 74,33,102.79,3392.07
2026-04-23,SKU-057,Product 57,10,27.94,279.4
2026-03-28,SKU-093,Product 93,30,41.04,1231.2
2026-01-04,SKU-034,Product 34,23,133.9,3079.7
2026-06-14,SKU-026,Product 26,3,66.33,198.99
2026-01-28,SKU-042,Product 42,18,42.29,761.22
2025-06-12,SKU-035,Product 35,11,42.05,462.55
2025-10-12,SKU-047,Product 47,27,38.43,1037.61
2025-09-11,SKU-066,Product 66,6,50.43,302.58
2026-06-23,SKU-019,Product 19,7,83.88,587.16
2025-08-16,SKU-087,Product 87,10,123.31,1233.1
2025-02-24,SKU-018,Product 18,1,89.39,89.39
2025-08-02,SKU-062,Product 62,29,40.67,1179.43
2025-08-11,SKU-013,Product 13,15,106.67,1600.05
2026-06-29,SKU-043,Product 43,53,124.39,6592.67
2025-02-12,SKU-010,Product 10,9,84.95,764.55
2025-09-05,SKU-012,Product 12,15,112.29,1684.35
2025-12-29,SKU-041,Product 41,34,33.9,1152.6
2025-04-22,SKU-063,Product 63,17,85.06,1446.02
2025-07-13,SKU-057,Product 57,22,27.94,614.68
2025-07-13,SKU-042,Product 42,10,42.29,422.9
2026-05-03,SKU-011,Product 11,52,77.13,4010.76
2026-05-22,SKU-087,Product 87,47,123.31,5795.57
2025-08-07,SKU-023,Product 23,19,129.88,2467.72
2026-01-17,SKU-055,Product 55,32,53.76,1720.32
2025-08-09,SKU-034,Product 34,12,133.9,1606.8
2026-07-14,SKU-033,Product 33,46,53.43,2457.78
2025-05-27,SKU-008,Product 8,7,38.61,270.27
2025-12-30,SKU-098,Product 98,34,5.2,176.8
2025-04-14,SKU-024,Product 24,15,109.76,1646.4
2026-04-24,SKU-051,Product 51,34,104.22,3543.48
2026-03-04,SKU-096,Product 96,3,57.25,171.75
2025-05-12,SKU-040,Product 40,3,20.93,62.79
2025-04-13,SKU-053,Product 53,6,11.29,67.74
2025-12-28,SKU-033,Product 33,25,53.43,1335.75
2025-06-05,SKU-073,Product 73,3,120.54,361.62
2026-07-21,SKU-065,Product 65,51,29.77,1518.27
2026-06-04,SKU-080,Product 80,14,14.32,200.48
2025-05-07,SKU-095,Product 95,1,77.08,77.08
2026-05-07,SKU-074,Product 74,3,102.79,308.37
2025-04-25,SKU-091,Product 91,23,12.64,290.72
2026-06-05,SKU-022,Product 22,18,59.25,1066.5
2025-12-02,SKU-069,Product 69,21,113.3,2379.3
2025-12-09,SKU-015,Product 15,19,98.54,1872.26
2026-02-15,SKU-057,Product 57,46,27.94,1285.24
2026-05-28,SKU-028,Product 28,14,68.24,955.36
2025-06-02,SKU-068,Product 68,17,65.88,1119.96
2025-12-21,SKU-081,Product 81,39,66.67,2600.13
2026-04-12,SKU-054,Product 54,51,85.15,4342.65
2026-03-05,SKU-080,Product 80,38,14.32,544.16
2025-05-23,SKU-020,Product 20,24,89.85,2156.4
2026-07-19,SKU-077,Product 77,35,62.14,2174.9
2026-01-29,SKU-004,Product 4,39,70.1,2733.9
2025-06-16,SKU-064,Product 64,16,117.63,1882.08
2025-10-17,SKU-074,Product 74,2,102.79,205.58
2025-03-24,SKU-094,Product 94,18,25.25,454.5
2025-03-07,SKU-062,Product 62,5,40.67,203.35
2025-05-25,SKU-045,Product 45,24,80.28,1926.72
2026-05-25,SKU-091,Product 91,47,12.64,594.08
2026-01-04,SKU-096,Product 96,5,57.25,286.25
2025-10-22,SKU-033,Product 33,32,53.43,1709.76
2025-12-05,SKU-100,Product 100,35,56.59,1980.65
2025-07-27,SKU-001,Product 1,6,133.59,801.54
2025-09-10,SKU-062,Product 62,32,40.67,1301.44
2025-06-30,SKU-049,Product 49,21,6.44,135.24
2025-03-16,SKU-010,Product 10,6,84.95,509.7
2025-06-21,SKU-006,Product 6,7,16.92,118.44
2026-04-09,SKU-067,Product 67,44,99.67,4385.48
2026-04-13,SKU-072,Product 72,30,108.25,3247.5
2025-09-19,SKU-028,Product 28,32,68.24,2183.68
2025-06-21,SKU-089,Product 89,26,62.65,1628.9
2025-10-14,SKU-058,Product 58,37,122.59,4535.83
2026-02-14,SKU-030,Product 30,46,117.66,5412.36
2025-08-01,SKU-087,Product 87,27,123.31,3329.37
2025-03-27,SKU-090,Product 90,18,41.98,755.64
2026-01-29,SKU-080,Product 80,36,14.32,515.52
2026-02-14,SKU-098,Product 98,34,5.2,176.8
2025-07-16,SKU-041,Product 41,20,33.9,678.0
2026-04-17,SKU-013,Product 13,3,106.67,320.01
2025-12-20,SKU-098,Product 98,25,5.2,130.0
2025-03-23,SKU-073,Product 73,9,120.54,1084.86
2026-01-20,SKU-084,Product 84,20,108.64,2172.8
2025-10-07,SKU-003,Product 3,7,70.92,496.44
2026-03-07,SKU-028,Product 28,38,68.24,2593.12
2025-10-29,SKU-098,Product 98,23,5.2,119.6
2025-09-27,SKU-013,Product 13,9,106.67,960.03
2026-04-14,SKU-053,Product 53,3,11.29,33.87
2026-01-25,SKU-050,Product 50,45,42.38,1907.1
2026-01-25,SKU-038,Product 38,12,30.86,370.32
2025-01-07,SKU-082,Product 82,10,82.39,823.9
2026-03-19,SKU-036,Product 36,39,130.42,5086.38
2025-04-17,SKU-004,Product 4,1,70.1,70.1
2025-02-10,SKU-036,Product 36,4,130.42,521.68
2025-10-26,SKU-027,Product 27,15,15.58,233.7
2025-05-07,SKU-076,Product 76,9,5.46,49.14
2025-04-16,SKU-100,Product 100,13,56.59,735.67
2026-07-03,SKU-016,Product 16,46,128.07,5891.22
2026-07-09,SKU-033,Product 33,27,53.43,1442.61
2026-03-06,SKU-083,Product 83,32,134.11,4291.52
2025-05-23,SKU-018,Product 18,22,89.39,1966.58
2026-04-27,SKU-003,Product 3,28,70.92,1985.76
2025-09-10,SKU-018,Product 18,20,89.39,1787.8
2025-04-07,SKU-085,Product 85,8,53.4,427.2
2025-02-12,SKU-078,Product 78,6,23.81,142.86
2025-06-16,SKU-041,Product 41,24,33.9,813.6
2026-06-22,SKU-032,Product 32,34,97.86,3327.24
2025-06-01,SKU-055,Product 55,10,53.76,537.6
2025-09-07,SKU-073,Product 73,18,120.54,2169.72
2025-03-02,SKU-030,Product 30,5,117.66,588.3
2026-04-25,SKU-014,Product 14,38,51.74,1966.12
2025-07-28,SKU-032,Product 32,20,97.86,1957.2
2025-05-09,SKU-055,Product 55,8,53.76,430.08
2025-12-25,SKU-057,Product 57,40,27.94,1117.6
2025-10-25,SKU-006,Product 6,10,16.92,169.2
2025-09-22,SKU-024,Product 24,26,109.76,2853.76
2025-02-16,SKU-019,Product 19,14,83.88,1174.32
2025-08-01,SKU-076,Product 76,25,5.46,136.5
2025-08-23,SKU-085,Product 85,28,53.4,1495.2
2025-09-25,SKU-075,Product 75,26,13.71,356.46
2025-01-30,SKU-042,Product 42,16,42.29,676.64
2025-02-19,SKU-003,Product 3,5,70.92,354.6
2025-02-14,SKU-076,Product 76,8,5.46,43.68
2026-04-08,SKU-042,Product 42,6,42.29,253.74
2026-01-17,SKU-061,Product 61,38,141.95,5394.1
2025-03-11,SKU-039,Product 39,14,9.81,137.34
2025-07-30,SKU-069,Product 69,8,113.3,906.4
2026-04-09,SKU-021,Product 21,6,71.49,428.94
2026-07-15,SKU-055,Product 55,23,53.76,1236.48
2025-05-05,SKU-021,Product 21,6,71.49,428.94
2025-07-15,SKU-051,Product 51,6,104.22,625.32
2026-06-27,SKU-005,Product 5,26,112.77,2932.02
2025-01-12,SKU-099,Product 99,15,48.68,730.2
2026-06-13,SKU-015,Product 15,48,98.54,4729.92
2025-06-24,SKU-038,Product 38,3,30.86,92.58
2025-02-21,SKU-070,Product 70,16,38.61,617.76
2026-04-01,SKU-027,Product 27,26,15.58,405.08
2026-04-18,SKU-062,Product 62,44,40.67,1789.48
2025-10-11,SKU-043,Product 43,37,124.39,4602.43
2026-06-07,SKU-075,Product 75,37,13.71,507.27
2025-10-14,SKU-076,Product 76,32,5.46,174.72
2026-01-28,SKU-074,Product 74,33,102.79,3392.07
2025-06-01,SKU-031,Product 31,17,52.96,900.32
2025-12-07,SKU-050,Product 50,5,42.38,211.9
2026-03-12,SKU-097,Product 97,6,45.27,271.62
2025-07-01,SKU-028,Product 28,29,68.24,1978.96
2025-08-03,SKU-053,Product 53,16,11.29,180.64
2025-05-30,SKU-007,Product 7,17,81.18,1380.06
2025-04-08,SKU-045,Product 45,4,80.28,321.12
2026-07-24,SKU-088,Product 88,15,65.71,985.65
2025-08-07,SKU-055,Product 55,29,53.76,1559.04
2025-07-15,SKU-083,Product 83,12,134.11,1609.32
2025-11-27,SKU-085,Product 85,16,53.4,854.4
2025-03-18,SKU-063,Product 63,9,85.06,765.54
2025-11-22,SKU-050,Product 50,5,42.38,211.9
2026-05-05,SKU-098,Product 98,28,5.2,145.6
2025-10-27,SKU-007,Product 7,10,81.18,811.8
2025-03-21,SKU-035,Product 35,1,42.05,42.05
2026-04-01,SKU-036,Product 36,6,130.42,782.52
2025-06-07,SKU-094,Product 94,10,25.25,252.5
2025-02-06,SKU-002,Product 2,3,116.06,348.18
2025-01-26,SKU-093,Product 93,2,41.04,82.08
2026-05-01,SKU-022,Product 22,42,59.25,2488.5
2025-04-22,SKU-032,Product 32,12,97.86,1174.32
2026-06-03,SKU-041,Product 41,51,33.9,1728.9
2025-09-09,SKU-006,Product 6,13,16.92,219.96
2025-04-09,SKU-098,Product 98,6,5.2,31.2
2025-08-29,SKU-075,Product 75,13,13.71,178.23
2026-07-29,SKU-038,Product 38,7,30.86,216.02
2025-11-06,SKU-073,Product 73,18,120.54,2169.72
2025-03-30,SKU-066,Product 66,18,50.43,907.74
2026-03-27,SKU-078,Product 78,40,23.81,952.4
2026-06-13,SKU-096,Product 96,33,57.25,1889.25
2026-01-22,SKU-050,Product 50,9,42.38,381.42
2025-08-16,SKU-044,Product 44,6,14.73,88.38
2026-03-23,SKU-032,Product 32,9,97.86,880.74
2025-10-11,SKU-025,Product 25,4,126.63,506.52
2026-05-19,SKU-077,Product 77,46,62.14,2858.44
2025-12-07,SKU-001,Product 1,41,133.59,5477.19
2025-06-21,SKU-011,Product 11,7,77.13,539.91
2025-07-14,SKU-037,Product 37,8,83.51,668.08
2025-09-05,SKU-023,Product 23,15,129.88,1948.2
2025-09-12,SKU-078,Product 78,34,23.81,809.54
2026-07-14,SKU-037,Product 37,54,83.51,4509.54
2025-10-24,SKU-035,Product 35,12,42.05,504.6
2025-02-12,SKU-054,Product 54,4,85.15,340.6
2026-06-27,SKU-056,Product 56,30,140.51,4215.3
2025-12-23,SKU-066,Product 66,11,50.43,554.73
2025-09-07,SKU-037,Product 37,13,83.51,1085.63
2026-05-15,SKU-087,Product 87,53,123.31,6535.43
2026-06-27,SKU-054,Product 54,49,85.15,4172.35
2026-04-28,SKU-054,Product 54,10,85.15,851.5
2026-04-09,SKU-015,Product 15,34,98.54,3350.36
2025-03-03,SKU-026,Product 26,6,66.33,397.98
2026-04-23,SKU-083,Product 83,41,134.11,5498.51
2025-05-31,SKU-009,Product 9,14,33.35,466.9
2025-03-21,SKU-019,Product 19,8,83.88,671.04
2026-07-01,SKU-066,Product 66,38,50.43,1916.34
2025-09-23,SKU-083,Product 83,11,134.11,1475.21
2025-02-11,SKU-043,Product 43,9,124.39,1119.51
2025-10-21,SKU-077,Product 77,17,62.14,1056.38
2025-02-02,SKU-062,Product 62,15,40.67,610.05
2026-04-19,SKU-007,Product 7,27,81.18,2191.86
2025-10-21,SKU-098,Product 98,27,5.2,140.4
2025-07-18,SKU-038,Product 38,10,30.86,308.6
2026-06-30,SKU-043,Product 43,57,124.39,7090.23
2025-01-04,SKU-018,Product 18,7,89.39,625.73
2025-04-16,SKU-095,Product 95,1,77.08,77.08
2026-06-10,SKU-036,Product 36,33,130.42,4303.86
2026-03-13,SKU-027,Product 27,16,15.58,249.28
2026-06-29,SKU-022,Product 22,49,59.25,2903.25
2025-02-17,SKU-055,Product 55,8,53.76,430.08
2025-03-08,SKU-036,Product 36,4,130.42,521.68
2025-06-28,SKU-097,Product 97,19,45.27,860.13
2025-11-05,SKU-029,Product 29,15,43.36,650.4
2026-07-24,SKU-007,Product 7,23,81.18,1867.14
2026-06-13,SKU-072,Product 72,22,108.25,2381.5
2025-10-08,SKU-020,Product 20,17,89.85,1527.45
2025-08-25,SKU-019,Product 19,22,83.88,1845.36
2025-10-25,SKU-024,Product 24,30,109.76,3292.8
2025-09-16,SKU-089,Product 89,16,62.65,1002.4
2025-11-07,SKU-089,Product 89,5,62.65,313.25
2025-02-07,SKU-066,Product 66,17,50.43,857.31
2025-12-06,SKU-074,Product 74,35,102.79,3597.65
2025-08-08,SKU-094,Product 94,2,25.25,50.5
2025-07-25,SKU-090,Product 90,10,41.98,419.8
2025-08-29,SKU-065,Product 65,4,29.77,119.08
2025-11-04,SKU-092,Product 92,7,131.65,921.55
2025-02-06,SKU-050,Product 50,7,42.38,296.66
2025-01-01,SKU-064,Product 64,15,117.63,1764.45
2025-07-25,SKU-070,Product 70,10,38.61,386.1
2026-01-14,SKU-006,Product 6,5,16.92,84.6
2025-08-30,SKU-007,Product 7,24,81.18,1948.32
2025-07-07,SKU-059,Product 59,11,143.98,1583.78
2026-06-03,SKU-099,Product 99,55,48.68,2677.4
2025-03-30,SKU-082,Product 82,13,82.39,1071.07
2026-07-29,SKU-032,Product 32,31,97.86,3033.66
2025-05-18,SKU-066,Product 66,3,50.43,151.29
2025-07-31,SKU-006,Product 6,4,16.92,67.68
2026-02-13,SKU-081,Product 81,40,66.67,2666.8
2026-05-15,SKU-094,Product 94,53,25.25,1338.25
2025-07-14,SKU-030,Product 30,22,117.66,2588.52
2026-04-14,SKU-040,Product 40,3,20.93,62.79
2026-06-19,SKU-080,Product 80,26,14.32,372.32
2025-12-25,SKU-030,Product 30,20,117.66,2353.2
2025-06-10,SKU-027,Product 27,14,15.58,218.12
2025-07-21,SKU-084,Product 84,4,108.64,434.56
2026-03-14,SKU-002,Product 2,29,116.06,3365.74
2026-02-09,SKU-011,Product 11,46,77.13,3547.98
2025-01-22,SKU-029,Product 29,15,43.36,650.4
2026-03-24,SKU-008,Product 8,3,38.61,115.83
2025-08-20,SKU-012,Product 12,26,112.29,2919.54
2025-11-27,SKU-033,Product 33,16,53.43,854.88
2025-03-29,SKU-049,Product 49,4,6.44,25.76
2026-07-21,SKU-056,Product 56,47,140.51,6603.97
2025-10-15,SKU-083,Product 83,17,134.11,2279.87
2025-04-03,SKU-079,Product 79,16,39.06,624.96
2025-05-11,SKU-018,Product 18,25,89.39,2234.75
2025-08-13,SKU-011,Product 11,4,77.13,308.52
2026-06-30,SKU-023,Product 23,53,129.88,6883.64
2025-07-16,SKU-098,Product 98,8,5.2,41.6
2025-01-14,SKU-008,Product 8,1,38.61,38.61
2025-10-20,SKU-035,Product 35,2,42.05,84.1
2025-12-11,SKU-003,Product 3,22,70.92,1560.24
2025-03-21,SKU-065,Product 65,12,29.77,357.24
2025-09-15,SKU-056,Product 56,25,140.51,3512.75
2025-01-27,SKU-047,Product 47,11,38.43,422.73
2025-12-31,SKU-049,Product 49,5,6.44,32.2
2025-04-12,SKU-073,Product 73,3,120.54,361.62
2026-07-03,SKU-016,Product 16,34,128.07,4354.38
2026-03-09,SKU-094,Product 94,45,25.25,1136.25
2025-04-19,SKU-005,Product 5,10,112.77,1127.7
2026-01-04,SKU-053,Product 53,14,11.29,158.06
2025-05-21,SKU-028,Product 28,15,68.24,1023.6
2026-04-29,SKU-037,Product 37,21,83.51,1753.71
2025-04-29,SKU-045,Product 45,4,80.28,321.12
2026-05-09,SKU-049,Product 49,49,6.44,315.56
2025-07-08,SKU-081,Product 81,17,66.67,1133.39
2025-06-07,SKU-017,Product 17,16,88.02,1408.32
2025-07-09,SKU-073,Product 73,29,120.54,3495.66
2025-05-22,SKU-058,Product 58,17,122.59,2084.03
2026-07-12,SKU-053,Product 53,23,11.29,259.67
2026-02-25,SKU-009,Product 9,9,33.35,300.15
2026-06-26,SKU-009,Product 9,15,33.35,500.25
2026-02-25,SKU-097,Product 97,31,45.27,1403.37
2025-05-02,SKU-067,Product 67,21,99.67,2093.07
2025-01-25,SKU-030,Product 30,1,117.66,117.66
2025-01-10,SKU-051,Product 51,2,104.22,208.44
2025-08-02,SKU-010,Product 10,6,84.95,509.7
2025-09-06,SKU-008,Product 8,32,38.61,1235.52
2025-08-30,SKU-035,Product 35,20,42.05,841.0
2026-05-04,SKU-005,Product 5,7,112.77,789.39
2025-09-30,SKU-099,Product 99,26,48.68,1265.68
2025-05-02,SKU-019,Product 19,6,83.88,503.28
2025-11-15,SKU-074,Product 74,29,102.79,2980.91
2025-04-03,SKU-003,Product 3,11,70.92,780.12
2026-04-24,SKU-031,Product 31,41,52.96,2171.36
2026-03-12,SKU-001,Product 1,42,133.59,5610.78
2026-04-07,SKU-048,Product 48,27,18.02,486.54
2026-04-17,SKU-068,Product 68,41,65.88,2701.08
2025-02-27,SKU-051,Product 51,15,104.22,1563.3
2025-07-05,SKU-016,Product 16,25,128.07,3201.75
2026-03-07,SKU-045,Product 45,35,80.28,2809.8
2026-02-07,SKU-074,Product 74,33,102.79,3392.07
2026-03-16,SKU-032,Product 32,36,97.86,3522.96
2026-03-30,SKU-058,Product 58,26,122.59,3187.34
2025-07-18,SKU-064,Product 64,26,117.63,3058.38
2025-06-27,SKU-039,Product 39,9,9.81,88.29
2025-09-28,SKU-011,Product 11,33,77.13,2545.29
2025-10-08,SKU-026,Product 26,14,66.33,928.62
2026-01-26,SKU-040,Product 40,39,20.93,816.27
2026-03-19,SKU-052,Product 52,36,79.76,2871.36
2026-06-11,SKU-011,Product 11,33,77.13,2545.29
2025-12-10,SKU-042,Product 42,19,42.29,803.51
2026-06-13,SKU-050,Product 50,33,42.38,1398.54
2026-01-14,SKU-076,Product 76,17,5.46,92.82
2026-07-04,SKU-059,Product 59,19,143.98,2735.62
2025-02-21,SKU-004,Product 4,18,70.1,1261.8
2025-08-30,SKU-076,Product 76,31,5.46,169.26
2025-02-12,SKU-046,Product 46,15,105.52,1582.8
2025-09-03,SKU-097,Product 97,22,45.27,995.94
2026-03-07,SKU-036,Product 36,9,130.42,1173.78
2026-06-30,SKU-036,Product 36,7,130.42,912.94
2025-02-03,SKU-077,Product 77,9,62.14,559.26
2025-02-12,SKU-059,Product 59,7,143.98,1007.86
2025-09-03,SKU-046,Product 46,15,105.52,1582.8
2026-06-25,SKU-093,Product 93,53,41.04,2175.12
2025-08-10,SKU-050,Product 50,8,42.38,339.04
2026-04-10,SKU-071,Product 71,6,41.39,248.34
2025-08-15,SKU-046,Product 46,13,105.52,1371.76
2025-03-10,SKU-048,Product 48,17,18.02,306.34
2026-03-15,SKU-007,Product 7,3,81.18,243.54
2025-07-25,SKU-034,Product 34,30,133.9,4017.0
2025-06-04,SKU-078,Product 78,19,23.81,452.39
2025-05-22,SKU-052,Product 52,8,79.76,638.08
2025-12-12,SKU-044,Product 44,39,14.73,574.47
2025-06-03,SKU-056,Product 56,17,140.51,2388.67
2026-01-18,SKU-063,Product 63,14,85.06,1190.84
2025-03-14,SKU-072,Product 72,9,108.25,974.25
2025-02-21,SKU-012,Product 12,1,112.29,112.29
2026-03-07,SKU-013,Product 13,29,106.67,3093.43
2026-06-04,SKU-069,Product 69,29,113.3,3285.7
2026-02-07,SKU-086,Product 86,27,117.55,3173.85
2025-12-21,SKU-013,Product 13,31,106.67,3306.77
2025-01-10,SKU-076,Product 76,5,5.46,27.3
2026-04-06,SKU-080,Product 80,13,14.32,186.16
2025-03-08,SKU-014,Product 14,1,51.74,51.74
2025-02-01,SKU-001,Product 1,4,133.59,534.36
2026-01-13,SKU-096,Product 96,41,57.25,2347.25
2025-11-16,SKU-098,Product 98,5,5.2,26.0
2025-09-22,SKU-040,Product 40,7,20.93,146.51
2025-08-21,SKU-027,Product 27,26,15.58,405.08
2025-04-21,SKU-039,Product 39,4,9.81,39.24
2025-03-17,SKU-053,Product 53,8,11.29,90.32
2026-04-15,SKU-097,Product 97,24,45.27,1086.48
2026-03-26,SKU-100,Product 100,13,56.59,735.67
2025-04-13,SKU-049,Product 49,1,6.44,6.44
2025-06-23,SKU-011,Product 11,24,77.13,1851.12
2025-03-07,SKU-048,Product 48,9,18.02,162.18
2025-12-08,SKU-042,Product 42,27,42.29,1141.83
2025-12-15,SKU-086,Product 86,25,117.55,2938.75
2026-02-20,SKU-073,Product 73,34,120.54,4098.36
2025-01-04,SKU-063,Product 63,14,85.06,1190.84
2026-05-12,SKU-089,Product 89,10,62.65,626.5
2025-09-19,SKU-048,Product 48,23,18.02,414.46
2025-04-13,SKU-005,Product 5,4,112.77,451.08
2025-02-13,SKU-025,Product 25,12,126.63,1519.56
2025-10-07,SKU-007,Product 7,4,81.18,324.72
2025-07-09,SKU-061,Product 61,21,141.95,2980.95
2025-02-02,SKU-064,Product 64,11,117.63,1293.93
2025-02-20,SKU-085,Product 85,2,53.4,106.8
2025-08-17,SKU-090,Product 90,4,41.98,167.92
2026-01-02,SKU-039,Product 39,5,9.81,49.05
2025-05-07,SKU-072,Product 72,4,108.25,433.0
2026-03-27,SKU-032,Product 32,6,97.86,587.16
2025-08-08,SKU-004,Product 4,23,70.1,1612.3
2025-10-27,SKU-021,Product 21,5,71.49,357.45
2025-02-07,SKU-081,Product 81,4,66.67,266.68
2025-03-23,SKU-032,Product 32,8,97.86,782.88
2025-07-01,SKU-083,Product 83,25,134.11,3352.75
2026-01-27,SKU-064,Product 64,18,117.63,2117.34
2026-04-27,SKU-032,Product 32,28,97.86,2740.08
2025-01-23,SKU-053,Product 53,7,11.29,79.03
2025-09-14,SKU-036,Product 36,23,130.42,2999.66
2025-01-17,SKU-075,Product 75,7,13.71,95.97
2025-11-25,SKU-035,Product 35,5,42.05,210.25
2025-04-26,SKU-040,Product 40,11,20.93,230.23
2026-03-01,SKU-001,Product 1,9,133.59,1202.31
2025-03-25,SKU-049,Product 49,15,6.44,96.6
2025-11-26,SKU-004,Product 4,8,70.1,560.8
2026-03-07,SKU-050,Product 50,16,42.38,678.08
2026-07-29,SKU-038,Product 38,23,30.86,709.78
2025-03-08,SKU-007,Product 7,16,81.18,1298.88
2025-02-01,SKU-041,Product 41,12,33.9,406.8
2026-06-09,SKU-051,Product 51,7,104.22,729.54
2025-04-13,SKU-010,Product 10,15,84.95,1274.25
2025-01-21,SKU-006,Product 6,7,16.92,118.44
2025-03-22,SKU-089,Product 89,19,62.65,1190.35
2025-05-28,SKU-024,Product 24,15,109.76,1646.4
2025-10-01,SKU-074,Product 74,12,102.79,1233.48
2025-06-27,SKU-031,Product 31,13,52.96,688.48
2025-02-01,SKU-089,Product 89,8,62.65,501.2
2025-03-07,SKU-070,Product 70,14,38.61,540.54
2026-03-08,SKU-089,Product 89,12,62.65,751.8
2026-03-07,SKU-059,Product 59,38,143.98,5471.24
2026-07-10,SKU-100,Product 100,3,56.59,169.77
2025-09-20,SKU-093,Product 93,2,41.04,82.08
2026-03-08,SKU-094,Product 94,19,25.25,479.75
2026-02-22,SKU-098,Product 98,31,5.2,161.2
2025-06-19,SKU-096,Product 96,24,57.25,1374.0
2025-05-31,SKU-099,Product 99,26,48.68,1265.68
2025-07-29,SKU-082,Product 82,25,82.39,2059.75
2025-02-07,SKU-006,Product 6,14,16.92,236.88
2026-07-25,SKU-066,Product 66,19,50.43,958.17
2026-01-10,SKU-025,Product 25,32,126.63,4052.16
2026-01-09,SKU-088,Product 88,41,65.71,2694.11
2025-08-06,SKU-088,Product 88,17,65.71,1117.07
2026-06-07,SKU-085,Product 85,37,53.4,1975.8
2026-07-03,SKU-050,Product 50,7,42.38,296.66
2026-04-16,SKU-080,Product 80,3,14.32,42.96
2026-07-02,SKU-044,Product 44,49,14.73,721.77
2025-06-03,SKU-062,Product 62,10,40.67,406.7
2026-05-25,SKU-085,Product 85,32,53.4,1708.8
2026-02-03,SKU-037,Product 37,27,83.51,2254.77
2025-04-07,SKU-048,Product 48,22,18.02,396.44
2025-09-19,SKU-068,Product 68,11,65.88,724.68
2025-08-08,SKU-005,Product 5,27,112.77,3044.79
2025-11-08,SKU-033,Product 33,5,53.43,267.15
2025-09-20,SKU-003,Product 3,9,70.92,638.28
2026-06-26,SKU-003,Product 3,22,70.92,1560.24
2025-09-13,SKU-045,Product 45,4,80.28,321.12
2025-12-17,SKU-095,Product 95,36,77.08,2774.88
2026-03-14,SKU-068,Product 68,35,65.88,2305.8
2025-05-19,SKU-078,Product 78,20,23.81,476.2
2026-06-08,SKU-025,Product 25,52,126.63,6584.76
2025-03-04,SKU-040,Product 40,7,20.93,146.51
2026-01-02,SKU-089,Product 89,20,62.65,1253.0
2026-04-11,SKU-072,Product 72,51,108.25,5520.75
2026-05-19,SKU-082,Product 82,10,82.39,823.9
2025-09-24,SKU-091,Product 91,14,12.64,176.96
2026-03-19,SKU-001,Product 1,49,133.59,6545.91
2026-02-19,SKU-057,Product 57,15,27.94,419.1
2025-10-28,SKU-067,Product 67,20,99.67,1993.4
2025-06-05,SKU-050,Product 50,12,42.38,508.56
2026-03-22,SKU-045,Product 45,16,80.28,1284.48
2025-03-08,SKU-092,Product 92,2,131.65,263.3
2025-03-27,SKU-091,Product 91,15,12.64,189.6
2026-01-22,SKU-053,Product 53,30,11.29,338.7
2025-12-05,SKU-049,Product 49,11,6.44,70.84
2026-02-09,SKU-082,Product 82,12,82.39,988.68
2026-02-23,SKU-063,Product 63,25,85.06,2126.5
2026-02-01,SKU-078,Product 78,18,23.81,428.58
2025-05-11,SKU-075,Product 75,23,13.71,315.33
2026-02-23,SKU-012,Product 12,28,112.29,3144.12
2026-03-25,SKU-046,Product 46,9,105.52,949.68
2025-08-28,SKU-004,Product 4,6,70.1,420.6
2026-05-11,SKU-047,Product 47,42,38.43,1614.06
2025-11-25,SKU-054,Product 54,5,85.15,425.75
2025-11-27,SKU-052,Product 52,32,79.76,2552.32
2025-05-31,SKU-053,Product 53,26,11.29,293.54
2025-11-24,SKU-008,Product 8,5,38.61,193.05
2025-05-03,SKU-091,Product 91,4,12.64,50.56
2026-05-17,SKU-079,Product 79,7,39.06,273.42
2025-08-01,SKU-003,Product 3,2,70.92,141.84
2025-06-25,SKU-062,Product 62,5,40.67,203.35
2026-07-18,SKU-038,Product 38,58,30.86,1789.88
2025-10-28,SKU-073,Product 73,15,120.54,1808.1
2025-01-09,SKU-031,Product 31,11,52.96,582.56
2026-03-14,SKU-073,Product 73,22,120.54,2651.88
2025-09-22,SKU-076,Product 76,14,5.46,76.44
2025-01-19,SKU-059,Product 59,13,143.98,1871.74
2026-01-04,SKU-056,Product 56,32,140.51,4496.32
2026-04-27,SKU-076,Product 76,38,5.46,207.48
2026-07-10,SKU-043,Product 43,11,124.39,1368.29
2026-05-14,SKU-002,Product 2,39,116.06,4526.34
2026-02-12,SKU-061,Product 61,28,141.95,3974.6
2026-01-18,SKU-002,Product 2,17,116.06,1973.02
2026-04-08,SKU-074,Product 74,34,102.79,3494.86
2026-03-09,SKU-042,Product 42,16,42.29,676.64
2025-10-10,SKU-006,Product 6,27,16.92,456.84
2026-06-16,SKU-092,Product 92,33,131.65,4344.45
2025-08-31,SKU-012,Product 12,27,112.29,3031.83
2025-12-15,SKU-043,Product 43,28,124.39,3482.92
2025-08-05,SKU-034,Product 34,19,133.9,2544.1
2025-06-09,SKU-042,Product 42,5,42.29,211.45
2025-05-28,SKU-048,Product 48,8,18.02,144.16
2026-02-11,SKU-049,Product 49,6,6.44,38.64
2026-04-15,SKU-080,Product 80,44,14.32,630.08
2025-08-22,SKU-092,Product 92,11,131.65,1448.15
2025-05-02,SKU-058,Product 58,1,122.59,122.59
2026-02-16,SKU-032,Product 32,18,97.86,1761.48
2025-07-11,SKU-018,Product 18,5,89.39,446.95
2026-07-21,SKU-018,Product 18,27,89.39,2413.53
2025-11-26,SKU-042,Product 42,13,42.29,549.77
2025-06-01,SKU-034,Product 34,16,133.9,2142.4
2026-02-10,SKU-099,Product 99,24,48.68,1168.32
2025-04-02,SKU-076,Product 76,5,5.46,27.3
2025-04-29,SKU-058,Product 58,16,122.59,1961.44
2026-04-15,SKU-002,Product 2,10,116.06,1160.6
2025-10-18,SKU-017,Product 17,12,88.02,1056.24
2026-03-21,SKU-073,Product 73,43,120.54,5183.22
2025-01-05,SKU-047,Product 47,15,38.43,576.45
2025-04-09,SKU-063,Product 63,3,85.06,255.18
2026-05-11,SKU-094,Product 94,7,25.25,176.75
2026-01-29,SKU-048,Product 48,3,18.02,54.06
2025-07-23,SKU-038,Product 38,28,30.86,864.08
2025-03-29,SKU-060,Product 60,7,70.14,490.98
2025-06-02,SKU-065,Product 65,12,29.77,357.24
2025-03-03,SKU-032,Product 32,2,97.86,195.72
2025-01-10,SKU-068,Product 68,11,65.88,724.68
2026-07-30,SKU-097,Product 97,7,45.27,316.89
2026-03-20,SKU-046,Product 46,49,105.52,5170.48
2025-08-22,SKU-001,Product 1,26,133.59,3473.34
2025-03-02,SKU-061,Product 61,10,141.95,1419.5
2025-11-14,SKU-041,Product 41,18,33.9,610.2
2025-02-25,SKU-032,Product 32,19,97.86,1859.34
2026-03-30,SKU-045,Product 45,6,80.28,481.68
2025-05-07,SKU-004,Product 4,9,70.1,630.9
2026-07-23,SKU-011,Product 11,7,77.13,539.91
2025-10-11,SKU-081,Product 81,2,66.67,133.34
2025-09-14,SKU-022,Product 22,20,59.25,1185.0
2026-03-11,SKU-041,Product 41,6,33.9,203.4
2025-11-28,SKU-023,Product 23,40,129.88,5195.2
2025-01-27,SKU-053,Product 53,1,11.29,11.29
2026-06-09,SKU-026,Product 26,26,66.33,1724.58
2025-11-10,SKU-022,Product 22,15,59.25,888.75
2026-03-21,SKU-074,Product 74,29,102.79,2980.91
2025-05-19,SKU-096,Product 96,25,57.25,1431.25
2025-11-27,SKU-080,Product 80,10,14.32,143.2
2025-03-10,SKU-060,Product 60,13,70.14,911.82
2025-10-12,SKU-032,Product 32,2,97.86,195.72
2025-04-24,SKU-051,Product 51,6,104.22,625.32
2026-05-12,SKU-003,Product 3,39,70.92,2765.88
2025-05-14,SKU-096,Product 96,13,57.25,744.25
2026-02-14,SKU-095,Product 95,25,77.08,1927.0
2026-01-31,SKU-039,Product 39,33,9.81,323.73
2026-06-28,SKU-067,Product 67,53,99.67,5282.51
2025-01-13,SKU-021,Product 21,1,71.49,71.49
2026-06-11,SKU-065,Product 65,26,29.77,774.02
2025-05-16,SKU-056,Product 56,15,140.51,2107.65
2025-06-25,SKU-053,Product 53,11,11.29,124.19
2025-09-26,SKU-010,Product 10,33,84.95,2803.35
2026-03-19,SKU-098,Product 98,23,5.2,119.6
2026-05-18,SKU-078,Product 78,32,23.81,761.92
2025-12-09,SKU-059,Product 59,41,143.98,5903.18
2025-06-16,SKU-025,Product 25,22,126.63,2785.86
2025-07-11,SKU-065,Product 65,3,29.77,89.31
2025-02-21,SKU-043,Product 43,16,124.39,1990.24
2025-03-22,SKU-071,Product 71,5,41.39,206.95
2025-08-12,SKU-038,Product 38,30,30.86,925.8
2026-04-04,SKU-060,Product 60,13,70.14,911.82
2025-06-15,SKU-078,Product 78,24,23.81,571.44
2025-10-12,SKU-100,Product 100,37,56.59,2093.83
2026-05-23,SKU-092,Product 92,54,131.65,7109.1
2025-01-11,SKU-051,Product 51,10,104.22,1042.2
2026-04-06,SKU-086,Product 86,44,117.55,5172.2
2026-01-17,SKU-002,Product 2,32,116.06,3713.92
2025-08-13,SKU-079,Product 79,15,39.06,585.9
2026-01-04,SKU-054,Product 54,5,85.15,425.75
2025-11-12,SKU-034,Product 34,31,133.9,4150.9
2025-02-17,SKU-094,Product 94,14,25.25,353.5
2026-05-19,SKU-086,Product 86,3,117.55,352.65
2025-12-10,SKU-048,Product 48,8,18.02,144.16
2025-08-16,SKU-087,Product 87,4,123.31,493.24
2026-03-16,SKU-027,Product 27,6,15.58,93.48
2026-05-03,SKU-073,Product 73,42,120.54,5062.68
2025-11-17,SKU-038,Product 38,39,30.86,1203.54
2026-02-06,SKU-081,Product 81,12,66.67,800.04
2026-07-26,SKU-088,Product 88,39,65.71,2562.69
2026-04-14,SKU-056,Product 56,44,140.51,6182.44
2026-01-01,SKU-012,Product 12,28,112.29,3144.12
2026-02-02,SKU-003,Product 3,45,70.92,3191.4
2025-03-20,SKU-065,Product 65,18,29.77,535.86
2025-12-09,SKU-083,Product 83,5,134.11,670.55
2026-05-12,SKU-088,Product 88,39,65.71,2562.69
2025-07-28,SKU-076,Product 76,24,5.46,131.04
2026-06-21,SKU-012,Product 12,11,112.29,1235.19
2026-05-27,SKU-056,Product 56,54,140.51,7587.54
2025-04-18,SKU-075,Product 75,23,13.71,315.33
2025-04-25,SKU-023,Product 23,20,129.88,2597.6
2026-01-04,SKU-034,Product 34,26,133.9,3481.4
2025-10-06,SKU-029,Product 29,29,43.36,1257.44
2026-03-10,SKU-014,Product 14,19,51.74,983.06
2025-10-12,SKU-059,Product 59,34,143.98,4895.32
2025-05-12,SKU-046,Product 46,1,105.52,105.52
2025-06-18,SKU-015,Product 15,28,98.54,2759.12
2025-10-21,SKU-019,Product 19,27,83.88,2264.76
2026-04-07,SKU-011,Product 11,50,77.13,3856.5
2025-10-23,SKU-011,Product 11,35,77.13,2699.55
2025-05-18,SKU-011,Product 11,22,77.13,1696.86
2025-05-17,SKU-011,Product 11,15,77.13,1156.95
2026-06-17,SKU-033,Product 33,33,53.43,1763.19
2025-12-28,SKU-032,Product 32,43,97.86,4207.98
2026-03-03,SKU-013,Product 13,35,106.67,3733.45
2026-01-16,SKU-024,Product 24,44,109.76,4829.44
2025-01-31,SKU-023,Product 23,12,129.88,1558.56
2025-05-19,SKU-099,Product 99,5,48.68,243.4
2025-03-06,SKU-083,Product 83,19,134.11,2548.09
2025-04-14,SKU-014,Product 14,4,51.74,206.96
2026-06-13,SKU-047,Product 47,44,38.43,1690.92
2025-08-30,SKU-037,Product 37,11,83.51,918.61
2025-03-27,SKU-010,Product 10,4,84.95,339.8
2026-07-17,SKU-050,Product 50,43,42.38,1822.34
2025-05-28,SKU-025,Product 25,10,126.63,1266.3
2026-06-11,SKU-070,Product 70,18,38.61,694.98
2025-03-07,SKU-019,Product 19,20,83.88,1677.6
2025-11-17,SKU-064,Product 64,39,117.63,4587.57
2025-06-20,SKU-020,Product 20,9,89.85,808.65
2026-05-03,SKU-049,Product 49,17,6.44,109.48
2025-12-15,SKU-065,Product 65,19,29.77,565.63
2025-02-07,SKU-093,Product 93,8,41.04,328.32
2025-07-27,SKU-007,Product 7,18,81.18,1461.24
2025-01-29,SKU-007,Product 7,14,81.18,1136.52
2026-04-03,SKU-041,Product 41,13,33.9,440.7
2025-02-26,SKU-082,Product 82,12,82.39,988.68
2026-07-24,SKU-091,Product 91,11,12.64,139.04
2025-11-04,SKU-011,Product 11,20,77.13,1542.6
2026-06-29,SKU-011,Product 11,19,77.13,1465.47
2025-05-08,SKU-060,Product 60,24,70.14,1683.36
2025-09-04,SKU-063,Product 63,31,85.06,2636.86
2026-02-13,SKU-092,Product 92,21,131.65,2764.65
2026-06-17,SKU-092,Product 92,3,131.65,394.95
2025-06-18,SKU-016,Product 16,18,128.07,2305.26
2025-10-24,SKU-067,Product 67,25,99.67,2491.75
2026-04-25,SKU-014,Product 14,6,51.74,310.44
2025-05-12,SKU-052,Product 52,13,79.76,1036.88
2026-06-29,SKU-097,Product 97,45,45.27,2037.15
2026-04-25,SKU-068,Product 68,38,65.88,2503.44
2026-03-26,SKU-032,Product 32,40,97.86,3914.4
2026-05-12,SKU-081,Product 81,25,66.67,1666.75
2025-11-07,SKU-049,Product 49,23,6.44,148.12
2026-03-21,SKU-096,Product 96,13,57.25,744.25
2025-04-06,SKU-096,Product 96,20,57.25,1145.0
2025-12-12,SKU-026,Product 26,27,66.33,1790.91
2026-01-20,SKU-074,Product 74,5,102.79,513.95
2026-07-24,SKU-066,Product 66,31,50.43,1563.33
2025-03-17,SKU-006,Product 6,1,16.92,16.92
2025-09-07,SKU-049,Product 49,22,6.44,141.68
2025-02-22,SKU-047,Product 47,2,38.43,76.86
2026-05-15,SKU-078,Product 78,21,23.81,500.01
2026-04-03,SKU-035,Product 35,47,42.05,1976.35
2026-02-21,SKU-069,Product 69,18,113.3,2039.4
2026-03-09,SKU-031,Product 31,3,52.96,158.88
2026-01-11,SKU-093,Product 93,35,41.04,1436.4
2025-01-01,SKU-026,Product 26,4,66.33,265.32
2026-03-04,SKU-078,Product 78,48,23.81,1142.88
2025-01-16,SKU-049,Product 49,11,6.44,70.84
2026-07-17,SKU-089,Product 89,50,62.65,3132.5
2025-01-02,SKU-065,Product 65,3,29.77,89.31
2025-10-08,SKU-065,Product 65,17,29.77,506.09
2025-11-22,SKU-028,Product 28,21,68.24,1433.04
2025-10-23,SKU-043,Product 43,27,124.39,3358.53
2025-06-29,SKU-066,Product 66,11,50.43,554.73
2026-06-16,SKU-062,Product 62,3,40.67,122.01
2026-07-01,SKU-020,Product 20,49,89.85,4402.65
2025-12-09,SKU-045,Product 45,38,80.28,3050.64
2025-11-24,SKU-007,Product 7,24,81.18,1948.32
2025-10-29,SKU-008,Product 8,7,38.61,270.27
2026-05-23,SKU-027,Product 27,43,15.58,669.94
2025-04-26,SKU-071,Product 71,3,41.39,124.17
2026-06-30,SKU-049,Product 49,3,6.44,19.32
2025-12-03,SKU-069,Product 69,16,113.3,1812.8
2025-05-22,SKU-012,Product 12,3,112.29,336.87
2026-06-27,SKU-077,Product 77,41,62.14,2547.74
2025-08-25,SKU-083,Product 83,17,134.11,2279.87
2026-04-17,SKU-045,Product 45,20,80.28,1605.6
2025-05-04,SKU-069,Product 69,8,113.3,906.4
2025-08-17,SKU-080,Product 80,6,14.32,85.92
2026-02-07,SKU-064,Product 64,12,117.63,1411.56
2025-02-27,SKU-035,Product 35,9,42.05,378.45
2025-01-22,SKU-029,Product 29,7,43.36,303.52
2026-02-01,SKU-046,Product 46,18,105.52,1899.36
2026-01-06,SKU-084,Product 84,26,108.64,2824.64
2025-02-16,SKU-072,Product 72,7,108.25,757.75
2026-06-02,SKU-051,Product 51,40,104.22,4168.8
2025-04-28,SKU-030,Product 30,17,117.66,2000.22
2026-01-10,SKU-081,Product 81,44,66.67,2933.48
2025-12-02,SKU-037,Product 37,35,83.51,2922.85
2026-05-24,SKU-001,Product 1,14,133.59,1870.26
2026-07-05,SKU-046,Product 46,57,105.52,6014.64
2025-03-07,SKU-031,Product 31,20,52.96,1059.2
2025-06-26,SKU-071,Product 71,26,41.39,1076.14
2025-03-04,SKU-070,Product 70,13,38.61,501.93
2025-06-07,SKU-083,Product 83,10,134.11,1341.1
2025-05-09,SKU-004,Product 4,9,70.1,630.9
2025-06-08,SKU-071,Product 71,5,41.39,206.95
2026-05-19,SKU-065,Product 65,43,29.77,1280.11
2026-02-12,SKU-042,Product 42,21,42.29,888.09
2026-05-22,SKU-028,Product 28,32,68.24,2183.68
2025-05-15,SKU-006,Product 6,22,16.92,372.24
2025-04-24,SKU-069,Product 69,19,113.3,2152.7
2025-05-08,SKU-009,Product 9,16,33.35,533.6
2026-01-31,SKU-086,Product 86,39,117.55,4584.45
2026-07-16,SKU-022,Product 22,7,59.25,414.75
2026-06-30,SKU-001,Product 1,46,133.59,6145.14
2026-07-02,SKU-042,Product 42,42,42.29,1776.18
2026-05-28,SKU-078,Product 78,3,23.81,71.43
2026-01-25,SKU-072,Product 72,33,108.25,3572.25
2026-06-20,SKU-080,Product 80,34,14.32,486.88
2026-07-20,SKU-065,Product 65,39,29.77,1161.03
2025-05-02,SKU-031,Product 31,16,52.96,847.36
2025-03-05,SKU-015,Product 15,18,98.54,1773.72
2026-07-29,SKU-069,Product 69,39,113.3,4418.7
2026-01-14,SKU-096,Product 96,41,57.25,2347.25
2025-04-04,SKU-003,Product 3,2,70.92,141.84
2026-04-20,SKU-031,Product 31,13,52.96,688.48
2025-10-10,SKU-044,Product 44,27,14.73,397.71
2026-02-23,SKU-034,Product 34,9,133.9,1205.1
2025-09-30,SKU-036,Product 36,24,130.42,3130.08
2026-04-30,SKU-014,Product 14,45,51.74,2328.3
2025-03-19,SKU-089,Product 89,16,62.65,1002.4
2025-12-09,SKU-051,Product 51,36,104.22,3751.92
2025-05-18,SKU-088,Product 88,13,65.71,854.23
2025-06-07,SKU-072,Product 72,19,108.25,2056.75
2025-07-24,SKU-070,Product 70,10,38.61,386.1
2025-02-07,SKU-029,Product 29,1,43.36,43.36
2025-02-20,SKU-065,Product 65,5,29.77,148.85
2025-08-23,SKU-041,Product 41,28,33.9,949.2
2025-11-10,SKU-053,Product 53,39,11.29,440.31
2025-03-27,SKU-082,Product 82,20,82.39,1647.8
2026-05-12,SKU-027,Product 27,10,15.58,155.8
2026-02-07,SKU-005,Product 5,27,112.77,3044.79
2026-05-28,SKU-010,Product 10,43,84.95,3652.85
2025-07-23,SKU-004,Product 4,12,70.1,841.2
2025-01-18,SKU-021,Product 21,2,71.49,142.98
2025-06-18,SKU-043,Product 43,18,124.39,2239.02
2026-01-03,SKU-040,Product 40,14,20.93,293.02
2026-03-22,SKU-075,Product 75,36,13.71,493.56
2026-05-29,SKU-002,Product 2,47,116.06,5454.82
2025-11-10,SKU-016,Product 16,36,128.07,4610.52
2025-03-14,SKU-022,Product 22,15,59.25,888.75
2026-07-25,SKU-095,Product 95,7,77.08,539.56
2025-04-06,SKU-065,Product 65,4,29.77,119.08
2025-01-30,SKU-036,Product 36,2,130.42,260.84
2025-01-16,SKU-008,Product 8,16,38.61,617.76
2025-09-17,SKU-097,Product 97,28,45.27,1267.56
2025-04-27,SKU-078,Product 78,17,23.81,404.77
2025-03-05,SKU-036,Product 36,19,130.42,2477.98
2025-12-18,SKU-086,Product 86,31,117.55,3644.05
2025-05-19,SKU-026,Product 26,25,66.33,1658.25
2026-01-27,SKU-094,Product 94,27,25.25,681.75
2025-12-07,SKU-083,Product 83,41,134.11,5498.51
2025-11-13,SKU-047,Product 47,21,38.43,807.03
2026-01-27,SKU-085,Product 85,33,53.4,1762.2
2026-01-04,SKU-029,Product 29,34,43.36,1474.24
2025-09-12,SKU-083,Product 83,20,134.11,2682.2
2025-05-31,SKU-034,Product 34,24,133.9,3213.6
2026-02-11,SKU-018,Product 18,43,89.39,3843.77
2025-03-11,SKU-100,Product 100,16,56.59,905.44
2025-11-07,SKU-066,Product 66,13,50.43,655.59
2025-01-04,SKU-052,Product 52,12,79.76,957.12
2025-08-21,SKU-096,Product 96,33,57.25,1889.25
2025-08-08,SKU-041,Product 41,14,33.9,474.6
2026-02-13,SKU-087,Product 87,21,123.31,2589.51
2025-09-05,SKU-099,Product 99,18,48.68,876.24
2026-02-03,SKU-023,Product 23,21,129.88,2727.48
2025-11-07,SKU-070,Product 70,26,38.61,1003.86
2025-04-04,SKU-071,Product 71,8,41.39,331.12
2025-03-31,SKU-075,Product 75,14,13.71,191.94
2026-03-05,SKU-046,Product 46,6,105.52,633.12
2025-08-27,SKU-098,Product 98,11,5.2,57.2
2026-06-06,SKU-096,Product 96,51,57.25,2919.75
2025-08-01,SKU-046,Product 46,12,105.52,1266.24
2025-07-20,SKU-043,Product 43,26,124.39,3234.14
2025-12-12,SKU-055,Product 55,33,53.76,1774.08
2026-06-07,SKU-049,Product 49,37,6.44,238.28
2026-05-28,SKU-084,Product 84,43,108.64,4671.52
2025-02-03,SKU-051,Product 51,2,104.22,208.44
2026-03-22,SKU-080,Product 80,3,14.32,42.96
2025-03-01,SKU-098,Product 98,16,5.2,83.2
2025-07-12,SKU-058,Product 58,5,122.59,612.95
2026-03-13,SKU-027,Product 27,49,15.58,763.42
2025-06-01,SKU-023,Product 23,1,129.88,129.88
2026-02-16,SKU-079,Product 79,3,39.06,117.18
2025-07-23,SKU-058,Product 58,24,122.59,2942.16
2025-12-16,SKU-085,Product 85,11,53.4,587.4
2026-06-15,SKU-030,Product 30,11,117.66,1294.26
2026-01-26,SKU-088,Product 88,3,65.71,197.13
2026-04-17,SKU-002,Product 2,37,116.06,4294.22
2025-12-24,SKU-080,Product 80,42,14.32,601.44
2025-10-08,SKU-067,Product 67,31,99.67,3089.77
2026-01-26,SKU-045,Product 45,24,80.28,1926.72
2025-02-25,SKU-020,Product 20,19,89.85,1707.15
2026-07-01,SKU-050,Product 50,53,42.38,2246.14
2026-03-13,SKU-033,Product 33,29,53.43,1549.47
2025-06-15,SKU-088,Product 88,27,65.71,1774.17
2025-08-21,SKU-046,Product 46,26,105.52,2743.52
2025-08-10,SKU-038,Product 38,30,30.86,925.8
2025-09-12,SKU-017,Product 17,32,88.02,2816.64
2025-09-07,SKU-087,Product 87,9,123.31,1109.79
2026-02-13,SKU-085,Product 85,31,53.4,1655.4
2025-10-27,SKU-087,Product 87,10,123.31,1233.1
2026-03-12,SKU-002,Product 2,6,116.06,696.36
2026-04-30,SKU-061,Product 61,52,141.95,7381.4
2025-05-28,SKU-035,Product 35,22,42.05,925.1
2025-09-15,SKU-073,Product 73,25,120.54,3013.5
2026-02-19,SKU-094,Product 94,47,25.25,1186.75
2025-05-03,SKU-058,Product 58,4,122.59,490.36
2025-10-24,SKU-057,Product 57,20,27.94,558.8
2025-07-27,SKU-091,Product 91,18,12.64,227.52
2025-03-27,SKU-014,Product 14,8,51.74,413.92
2026-02-25,SKU-041,Product 41,47,33.9,1593.3
2025-04-13,SKU-044,Product 44,6,14.73,88.38
2025-11-03,SKU-050,Product 50,28,42.38,1186.64
2025-05-04,SKU-071,Product 71,14,41.39,579.46
2025-01-01,SKU-072,Product 72,13,108.25,1407.25
2025-04-20,SKU-048,Product 48,14,18.02,252.28
2025-10-28,SKU-040,Product 40,2,20.93,41.86
2026-03-25,SKU-039,Product 39,29,9.81,284.49
2025-03-26,SKU-070,Product 70,17,38.61,656.37
2026-05-30,SKU-078,Product 78,29,23.81,690.49
2025-07-15,SKU-031,Product 31,10,52.96,529.6
2025-02-23,SKU-046,Product 46,7,105.52,738.64
2026-01-27,SKU-088,Product 88,33,65.71,2168.43
2026-02-06,SKU-034,Product 34,9,133.9,1205.1
2026-06-17,SKU-060,Product 60,45,70.14,3156.3
2025-07-04,SKU-014,Product 14,9,51.74,465.66
2025-04-02,SKU-026,Product 26,22,66.33,1459.26
2025-11-21,SKU-050,Product 50,5,42.38,211.9
2025-11-13,SKU-061,Product 61,10,141.95,1419.5
2026-03-03,SKU-067,Product 67,12,99.67,1196.04
2025-10-06,SKU-061,Product 61,31,141.95,4400.45
2026-01-13,SKU-028,Product 28,35,68.24,2388.4
2025-06-20,SKU-011,Product 11,15,77.13,1156.95
2025-09-28,SKU-025,Product 25,7,126.63,886.41
2025-11-23,SKU-070,Product 70,29,38.61,1119.69
2026-07-14,SKU-044,Product 44,54,14.73,795.42
2026-01-21,SKU-050,Product 50,3,42.38,127.14
2025-10-08,SKU-028,Product 28,22,68.24,1501.28
2025-05-04,SKU-002,Product 2,3,116.06,348.18
2026-06-12,SKU-030,Product 30,11,117.66,1294.26
2025-03-17,SKU-046,Product 46,4,105.52,422.08
2026-05-13,SKU-015,Product 15,43,98.54,4237.22
2025-07-03,SKU-087,Product 87,25,123.31,3082.75
2025-04-09,SKU-086,Product 86,4,117.55,470.2
2025-10-11,SKU-017,Product 17,27,88.02,2376.54
2025-11-15,SKU-030,Product 30,39,117.66,4588.74
2025-11-21,SKU-064,Product 64,2,117.63,235.26
2025-12-10,SKU-045,Product 45,41,80.28,3291.48
2025-03-16,SKU-063,Product 63,12,85.06,1020.72
2025-10-27,SKU-077,Product 77,15,62.14,932.1
2025-05-06,SKU-030,Product 30,4,117.66,470.64
2025-09-26,SKU-055,Product 55,2,53.76,107.52
2025-08-17,SKU-044,Product 44,13,14.73,191.49
2026-04-11,SKU-063,Product 63,3,85.06,255.18
2025-06-23,SKU-097,Product 97,17,45.27,769.59
2025-04-27,SKU-049,Product 49,24,6.44,154.56
2025-05-13,SKU-075,Product 75,23,13.71,315.33
2026-03-20,SKU-076,Product 76,13,5.46,70.98
2026-01-16,SKU-086,Product 86,14,117.55,1645.7
2025-09-06,SKU-052,Product 52,6,79.76,478.56
2026-04-04,SKU-019,Product 19,40,83.88,3355.2
2025-04-11,SKU-072,Product 72,7,108.25,757.75
2025-10-05,SKU-100,Product 100,36,56.59,2037.24
2025-10-30,SKU-075,Product 75,28,13.71,383.88
2025-03-27,SKU-029,Product 29,1,43.36,43.36
2025-04-21,SKU-011,Product 11,17,77.13,1311.21
2025-10-26,SKU-022,Product 22,7,59.25,414.75
2025-12-30,SKU-062,Product 62,43,40.67,1748.81
2025-10-26,SKU-031,Product 31,22,52.96,1165.12
2026-06-13,SKU-054,Product 54,52,85.15,4427.8
2025-11-18,SKU-091,Product 91,34,12.64,429.76
2025-07-20,SKU-085,Product 85,4,53.4,213.6
2025-03-07,SKU-076,Product 76,17,5.46,92.82
2025-08-18,SKU-012,Product 12,21,112.29,2358.09
2026-04-20,SKU-085,Product 85,48,53.4,2563.2
2025-07-19,SKU-008,Product 8,14,38.61,540.54
2025-04-07,SKU-076,Product 76,7,5.46,38.22
2026-03-04,SKU-035,Product 35,3,42.05,126.15
2025-02-16,SKU-056,Product 56,12,140.51,1686.12
2026-07-03,SKU-085,Product 85,34,53.4,1815.6
2025-08-31,SKU-095,Product 95,2,77.08,154.16
2026-03-17,SKU-033,Product 33,49,53.43,2618.07
2026-05-06,SKU-016,Product 16,14,128.07,1792.98
2025-04-14,SKU-012,Product 12,4,112.29,449.16
2025-08-15,SKU-037,Product 37,32,83.51,2672.32
2026-06-17,SKU-095,Product 95,52,77.08,4008.16
2026-02-08,SKU-061,Product 61,40,141.95,5678.0
2026-04-10,SKU-079,Product 79,10,39.06,390.6
2026-07-06,SKU-083,Product 83,27,134.11,3620.97
2025-10-23,SKU-041,Product 41,5,33.9,169.5
2026-02-12,SKU-028,Product 28,46,68.24,3139.04
2026-06-16,SKU-081,Product 81,3,66.67,200.01
2025-05-03,SKU-048,Product 48,17,18.02,306.34
2026-01-15,SKU-056,Product 56,44,140.51,6182.44
2026-07-29,SKU-061,Product 61,55,141.95,7807.25
2025-04-20,SKU-081,Product 81,15,66.67,1000.05
2025-12-18,SKU-073,Product 73,33,120.54,3977.82
2025-10-29,SKU-009,Product 9,10,33.35,333.5
2025-08-12,SKU-054,Product 54,2,85.15,170.3
2025-04-18,SKU-014,Product 14,17,51.74,879.58
2025-05-06,SKU-003,Product 3,4,70.92,283.68
2026-05-20,SKU-041,Product 41,3,33.9,101.7
2026-02-10,SKU-065,Product 65,21,29.77,625.17
2025-05-24,SKU-001,Product 1,26,133.59,3473.34
2026-03-17,SKU-041,Product 41,3,33.9,101.7
2026-03-23,SKU-062,Product 62,9,40.67,366.03
2025-03-01,SKU-085,Product 85,18,53.4,961.2
2025-11-27,SKU-051,Product 51,13,104.22,1354.86
2026-04-25,SKU-061,Product 61,10,141.95,1419.5
2026-05-05,SKU-029,Product 29,7,43.36,303.52
2025-10-12,SKU-098,Product 98,17,5.2,88.4
2026-04-08,SKU-098,Product 98,47,5.2,244.4
2026-07-10,SKU-011,Product 11,50,77.13,3856.5
2025-08-09,SKU-070,Product 70,27,38.61,1042.47
2025-08-13,SKU-014,Product 14,8,51.74,413.92
2026-04-27,SKU-051,Product 51,45,104.22,4689.9
2025-01-18,SKU-042,Product 42,1,42.29,42.29
2026-04-28,SKU-038,Product 38,28,30.86,864.08
2026-01-21,SKU-021,Product 21,6,71.49,428.94
2025-04-21,SKU-099,Product 99,6,48.68,292.08
2026-01-21,SKU-027,Product 27,45,15.58,701.1
2025-01-03,SKU-077,Product 77,12,62.14,745.68
2025-11-24,SKU-018,Product 18,40,89.39,3575.6
2025-03-08,SKU-086,Product 86,5,117.55,587.75
2026-05-28,SKU-041,Product 41,3,33.9,101.7
2025-02-02,SKU-049,Product 49,17,6.44,109.48
2025-01-07,SKU-098,Product 98,9,5.2,46.8
2025-09-05,SKU-056,Product 56,9,140.51,1264.59
2026-05-01,SKU-083,Product 83,7,134.11,938.77
2026-07-25,SKU-009,Product 9,7,33.35,233.45
2026-06-02,SKU-036,Product 36,40,130.42,5216.8
2025-04-30,SKU-031,Product 31,3,52.96,158.88
2026-02-25,SKU-009,Product 9,35,33.35,1167.25
2025-02-13,SKU-022,Product 22,4,59.25,237.0
2025-06-04,SKU-063,Product 63,27,85.06,2296.62
2026-01-13,SKU-038,Product 38,5,30.86,154.3
2026-05-10,SKU-047,Product 47,28,38.43,1076.04
2025-09-01,SKU-007,Product 7,24,81.18,1948.32
2026-04-04,SKU-077,Product 77,33,62.14,2050.62
2025-08-30,SKU-039,Product 39,11,9.81,107.91
2025-09-25,SKU-025,Product 25,11,126.63,1392.93
2025-09-02,SKU-072,Product 72,15,108.25,1623.75
2025-11-30,SKU-088,Product 88,38,65.71,2496.98
2026-03-02,SKU-022,Product 22,38,59.25,2251.5
2026-06-06,SKU-041,Product 41,11,33.9,372.9
2025-12-01,SKU-021,Product 21,38,71.49,2716.62
2026-06-22,SKU-100,Product 100,22,56.59,1244.98
2025-01-15,SKU-030,Product 30,16,117.66,1882.56
2025-11-27,SKU-020,Product 20,38,89.85,3414.3
2025-05-06,SKU-065,Product 65,18,29.77,535.86
2025-04-23,SKU-046,Product 46,3,105.52,316.56
2025-07-20,SKU-082,Product 82,24,82.39,1977.36
2026-03-24,SKU-093,Product 93,43,41.04,1764.72
2026-03-13,SKU-077,Product 77,19,62.14,1180.66
2025-06-06,SKU-071,Product 71,21,41.39,869.19
2026-02-25,SKU-061,Product 61,12,141.95,1703.4
2026-06-13,SKU-017,Product 17,56,88.02,4929.12
2026-07-01,SKU-074,Product 74,30,102.79,3083.7
2025-06-02,SKU-047,Product 47,25,38.43,960.75
2026-06-17,SKU-019,Product 19,45,83.88,3774.6
2025-06-02,SKU-100,Product 100,3,56.59,169.77
2025-09-29,SKU-005,Product 5,28,112.77,3157.56
2025-12-06,SKU-052,Product 52,33,79.76,2632.08
2025-02-07,SKU-072,Product 72,13,108.25,1407.25
2025-12-06,SKU-082,Product 82,11,82.39,906.29
2026-02-04,SKU-085,Product 85,21,53.4,1121.4
2026-04-17,SKU-064,Product 64,34,117.63,3999.42
2025-08-14,SKU-051,Product 51,21,104.22,2188.62
2026-07-14,SKU-097,Product 97,35,45.27,1584.45
2025-08-08,SKU-086,Product 86,12,117.55,1410.6
2025-05-23,SKU-047,Product 47,24,38.43,922.32
2026-07-25,SKU-002,Product 2,11,116.06,1276.66
2025-11-07,SKU-073,Product 73,23,120.54,2772.42
2025-07-04,SKU-006,Product 6,17,16.92,287.64
2026-02-19,SKU-036,Product 36,28,130.42,3651.76
2025-07-20,SKU-040,Product 40,10,20.93,209.3
2026-06-22,SKU-057,Product 57,15,27.94,419.1
2025-01-04,SKU-016,Product 16,2,128.07,256.14
2025-03-24,SKU-007,Product 7,7,81.18,568.26
2026-07-30,SKU-094,Product 94,23,25.25,580.75
2025-10-18,SKU-080,Product 80,27,14.32,386.64
2026-01-05,SKU-074,Product 74,40,102.79,4111.6
2025-06-13,SKU-065,Product 65,9,29.77,267.93
2025-12-20,SKU-062,Product 62,22,40.67,894.74
2025-01-14,SKU-085,Product 85,6,53.4,320.4
2025-12-16,SKU-046,Product 46,8,105.52,844.16
2025-02-22,SKU-009,Product 9,2,33.35,66.7
2026-02-05,SKU-092,Product 92,3,131.65,394.95
2025-05-13,SKU-050,Product 50,10,42.38,423.8
2025-11-28,SKU-064,Product 64,5,117.63,588.15
2026-03-21,SKU-100,Product 100,26,56.59,1471.34
2025-04-22,SKU-067,Product 67,18,99.67,1794.06
2025-08-18,SKU-050,Product 50,10,42.38,423.8
2025-06-04,SKU-010,Product 10,10,84.95,849.5
2026-01-09,SKU-034,Product 34,26,133.9,3481.4
2025-08-01,SKU-085,Product 85,18,53.4,961.2
2026-01-29,SKU-006,Product 6,36,16.92,609.12
2026-01-27,SKU-022,Product 22,18,59.25,1066.5
2026-03-19,SKU-002,Product 2,13,116.06,1508.78
2025-10-31,SKU-061,Product 61,33,141.95,4684.35
2025-10-22,SKU-073,Product 73,5,120.54,602.7
2026-07-12,SKU-058,Product 58,38,122.59,4658.42
2025-05-28,SKU-033,Product 33,1,53.43,53.43
2025-07-10,SKU-012,Product 12,17,112.29,1908.93
2025-09-07,SKU-017,Product 17,18,88.02,1584.36
2025-02-15,SKU-023,Product 23,4,129.88,519.52
2026-06-13,SKU-082,Product 82,37,82.39,3048.43
2025-09-13,SKU-033,Product 33,18,53.43,961.74
2025-01-03,SKU-030,Product 30,12,117.66,1411.92
2025-12-17,SKU-045,Product 45,33,80.28,2649.24
2026-06-24,SKU-009,Product 9,53,33.35,1767.55
2025-04-21,SKU-050,Product 50,17,42.38,720.46
2026-05-08,SKU-089,Product 89,28,62.65,1754.2
2025-04-01,SKU-089,Product 89,16,62.65,1002.4
2026-05-19,SKU-057,Product 57,54,27.94,1508.76
2026-07-29,SKU-028,Product 28,23,68.24,1569.52
2025-02-11,SKU-052,Product 52,7,79.76,558.32
2025-04-23,SKU-008,Product 8,15,38.61,579.15
2026-02-14,SKU-063,Product 63,3,85.06,255.18
2025-07-19,SKU-080,Product 80,18,14.32,257.76
2026-04-24,SKU-023,Product 23,41,129.88,5325.08
2025-10-25,SKU-071,Product 71,33,41.39,1365.87
2026-02-20,SKU-044,Product 44,41,14.73,603.93
2025-02-02,SKU-041,Product 41,6,33.9,203.4
2025-03-02,SKU-091,Product 91,5,12.64,63.2
2025-03-19,SKU-084,Product 84,1,108.64,108.64
2025-01-26,SKU-074,Product 74,10,102.79,1027.9
2026-06-19,SKU-039,Product 39,3,9.81,29.43
2026-01-20,SKU-084,Product 84,26,108.64,2824.64
2025-09-04,SKU-035,Product 35,29,42.05,1219.45
2025-10-21,SKU-076,Product 76,20,5.46,109.2
2025-10-04,SKU-079,Product 79,7,39.06,273.42
2025-10-14,SKU-015,Product 15,4,98.54,394.16
2025-01-13,SKU-070,Product 70,8,38.61,308.88
2025-04-15,SKU-001,Product 1,7,133.59,935.13
2025-08-31,SKU-099,Product 99,20,48.68,973.6
2026-07-13,SKU-030,Product 30,27,117.66,3176.82
2026-05-04,SKU-076,Product 76,42,5.46,229.32
2025-06-30,SKU-011,Product 11,7,77.13,539.91
2025-09-23,SKU-005,Product 5,11,112.77,1240.47
2025-02-17,SKU-037,Product 37,11,83.51,918.61
2025-04-18,SKU-095,Product 95,1,77.08,77.08
2025-12-02,SKU-059,Product 59,24,143.98,3455.52
2025-08-18,SKU-016,Product 16,19,128.07,2433.33
2025-05-20,SKU-061,Product 61,3,141.95,425.85
2025-09-28,SKU-076,Product 76,31,5.46,169.26
2026-05-12,SKU-057,Product 57,3,27.94,83.82
2026-03-26,SKU-089,Product 89,3,62.65,187.95
2026-07-27,SKU-061,Product 61,51,141.95,7239.45
2026-02-05,SKU-042,Product 42,21,42.29,888.09
2025-09-03,SKU-074,Product 74,20,102.79,2055.8
2025-11-05,SKU-055,Product 55,28,53.76,1505.28
2025-10-10,SKU-024,Product 24,36,109.76,3951.36
2025-10-17,SKU-065,Product 65,5,29.77,148.85
2025-01-17,SKU-061,Product 61,14,141.95,1987.3
2025-02-05,SKU-033,Product 33,15,53.43,801.45
2025-03-21,SKU-091,Product 91,16,12.64,202.24
2026-05-29,SKU-084,Product 84,33,108.64,3585.12
2025-01-24,SKU-027,Product 27,7,15.58,109.06
2026-06-23,SKU-004,Product 4,30,70.1,2103.0
2025-07-05,SKU-061,Product 61,21,141.95,2980.95
2026-07-14,SKU-081,Product 81,7,66.67,466.69
2026-05-11,SKU-049,Product 49,7,6.44,45.08
2026-05-17,SKU-022,Product 22,25,59.25,1481.25
2026-03-18,SKU-030,Product 30,49,117.66,5765.34
2026-07-26,SKU-092,Product 92,19,131.65,2501.35
2025-01-05,SKU-049,Product 49,14,6.44,90.16
2026-01-23,SKU-059,Product 59,12,143.98,1727.76
2026-04-10,SKU-033,Product 33,34,53.43,1816.62
2026-03-12,SKU-043,Product 43,22,124.39,2736.58
2025-06-22,SKU-092,Product 92,5,131.65,658.25
2026-07-03,SKU-059,Product 59,11,143.98,1583.78
2025-04-10,SKU-055,Product 55,9,53.76,483.84
2025-10-29,SKU-016,Product 16,30,128.07,3842.1
2026-03-17,SKU-100,Product 100,16,56.59,905.44
2025-05-21,SKU-069,Product 69,19,113.3,2152.7
2026-01-11,SKU-069,Product 69,11,113.3,1246.3
2025-09-04,SKU-019,Product 19,9,83.88,754.92
2025-03-01,SKU-053,Product 53,11,11.29,124.19
2025-12-07,SKU-023,Product 23,11,129.88,1428.68
2025-03-02,SKU-068,Product 68,13,65.88,856.44
2025-06-27,SKU-057,Product 57,15,27.94,419.1
2025-07-17,SKU-089,Product 89,24,62.65,1503.6
2026-01-21,SKU-073,Product 73,18,120.54,2169.72
2026-03-23,SKU-039,Product 39,43,9.81,421.83
2026-06-27,SKU-047,Product 47,45,38.43,1729.35
2025-06-09,SKU-061,Product 61,3,141.95,425.85
2025-05-22,SKU-017,Product 17,10,88.02,880.2
2025-06-14,SKU-079,Product 79,9,39.06,351.54
2025-12-09,SKU-064,Product 64,5,117.63,588.15
2025-10-18,SKU-004,Product 4,37,70.1,2593.7
2025-09-15,SKU-032,Product 32,4,97.86,391.44
2025-04-27,SKU-024,Product 24,16,109.76,1756.16
2026-06-15,SKU-001,Product 1,30,133.59,4007.7
2025-05-15,SKU-048,Product 48,11,18.02,198.22
2025-11-19,SKU-088,Product 88,8,65.71,525.68
2025-10-12,SKU-016,Product 16,2,128.07,256.14
2026-02-10,SKU-078,Product 78,40,23.81,952.4
2025-12-10,SKU-091,Product 91,41,12.64,518.24
2025-10-04,SKU-072,Product 72,21,108.25,2273.25
2025-04-02,SKU-029,Product 29,13,43.36,563.68
2026-02-02,SKU-003,Product 3,3,70.92,212.76
2025-03-23,SKU-014,Product 14,12,51.74,620.88
2025-07-18,SKU-007,Product 7,2,81.18,162.36
2025-10-10,SKU-051,Product 51,7,104.22,729.54
2025-05-26,SKU-021,Product 21,1,71.49,71.49
2025-09-13,SKU-049,Product 49,25,6.44,161.0
2025-02-05,SKU-054,Product 54,2,85.15,170.3
2025-10-18,SKU-026,Product 26,2,66.33,132.66
2025-02-13,SKU-036,Product 36,14,130.42,1825.88
2026-03-06,SKU-015,Product 15,32,98.54,3153.28
2025-06-13,SKU-076,Product 76,1,5.46,5.46
2025-12-06,SKU-050,Product 50,41,42.38,1737.58
2026-04-29,SKU-037,Product 37,3,83.51,250.53
2026-04-30,SKU-065,Product 65,3,29.77,89.31
2025-02-10,SKU-014,Product 14,8,51.74,413.92
2026-02-14,SKU-048,Product 48,12,18.02,216.24
2025-06-05,SKU-006,Product 6,5,16.92,84.6
2025-11-01,SKU-083,Product 83,36,134.11,4827.96
2025-05-02,SKU-003,Product 3,21,70.92,1489.32
2026-02-22,SKU-083,Product 83,34,134.11,4559.74
2026-02-17,SKU-014,Product 14,6,51.74,310.44
2026-01-10,SKU-083,Product 83,38,134.11,5096.18
2025-08-10,SKU-027,Product 27,27,15.58,420.66
2025-09-25,SKU-047,Product 47,28,38.43,1076.04
2026-04-14,SKU-019,Product 19,10,83.88,838.8
2025-07-27,SKU-047,Product 47,12,38.43,461.16
2026-01-28,SKU-011,Product 11,30,77.13,2313.9
2025-12-19,SKU-058,Product 58,2,122.59,245.18
2025-02-11,SKU-032,Product 32,8,97.86,782.88
2025-05-18,SKU-088,Product 88,10,65.71,657.1
2026-02-14,SKU-001,Product 1,12,133.59,1603.08
2025-09-27,SKU-072,Product 72,19,108.25,2056.75
2026-03-22,SKU-007,Product 7,13,81.18,1055.34
2026-07-21,SKU-037,Product 37,27,83.51,2254.77
2026-05-01,SKU-024,Product 24,31,109.76,3402.56
2025-02-26,SKU-086,Product 86,11,117.55,1293.05
2025-05-03,SKU-034,Product 34,8,133.9,1071.2
2025-11-22,SKU-042,Product 42,2,42.29,84.58
2025-12-24,SKU-067,Product 67,22,99.67,2192.74
2025-11-25,SKU-004,Product 4,24,70.1,1682.4
2025-03-06,SKU-078,Product 78,5,23.81,119.05
2025-04-08,SKU-024,Product 24,19,109.76,2085.44
2025-04-05,SKU-063,Product 63,16,85.06,1360.96
2026-06-29,SKU-018,Product 18,45,89.39,4022.55
2025-01-12,SKU-085,Product 85,13,53.4,694.2
2025-11-29,SKU-027,Product 27,2,15.58,31.16
2025-11-08,SKU-030,Product 30,26,117.66,3059.16
2025-03-18,SKU-034,Product 34,4,133.9,535.6
2026-07-23,SKU-037,Product 37,55,83.51,4593.05
2025-08-16,SKU-018,Product 18,8,89.39,715.12
2026-02-21,SKU-009,Product 9,28,33.35,933.8
2025-05-14,SKU-052,Product 52,3,79.76,239.28
2025-11-21,SKU-093,Product 93,13,41.04,533.52
2025-04-07,SKU-066,Product 66,4,50.43,201.72
2025-12-23,SKU-030,Product 30,28,117.66,3294.48
2025-07-04,SKU-029,Product 29,17,43.36,737.12
2025-10-17,SKU-050,Product 50,12,42.38,508.56
2025-03-02,SKU-090,Product 90,5,41.98,209.9
2026-03-15,SKU-011,Product 11,6,77.13,462.78
2025-06-07,SKU-016,Product 16,16,128.07,2049.12
2025-01-01,SKU-019,Product 19,11,83.88,922.68
2026-05-29,SKU-041,Product 41,44,33.9,1491.6
2025-09-29,SKU-063,Product 63,2,85.06,170.12
2026-06-29,SKU-001,Product 1,11,133.59,1469.49
2025-04-10,SKU-021,Product 21,7,71.49,500.43
2025-07-07,SKU-016,Product 16,15,128.07,1921.05
2025-01-06,SKU-081,Product 81,13,66.67,866.71
2025-07-12,SKU-079,Product 79,7,39.06,273.42
2025-07-27,SKU-067,Product 67,18,99.67,1794.06
2025-05-22,SKU-002,Product 2,1,116.06,116.06
2026-04-05,SKU-025,Product 25,20,126.63,2532.6
2026-02-21,SKU-030,Product 30,28,117.66,3294.48
2025-04-11,SKU-014,Product 14,6,51.74,310.44
2025-02-16,SKU-013,Product 13,2,106.67,213.34
2025-10-27,SKU-003,Product 3,10,70.92,709.2
2025-03-11,SKU-037,Product 37,19,83.51,1586.69
2026-06-23,SKU-074,Product 74,41,102.79,4214.39
2026-05-11,SKU-094,Product 94,46,25.25,1161.5
2025-03-21,SKU-081,Product 81,14,66.67,933.38
2026-03-04,SKU-026,Product 26,35,66.33,2321.55
2025-12-01,SKU-048,Product 48,2,18.02,36.04
2026-01-31,SKU-081,Product 81,42,66.67,2800.14
2025-01-07,SKU-058,Product 58,8,122.59,980.72
2026-06-18,SKU-099,Product 99,22,48.68,1070.96
2025-03-24,SKU-032,Product 32,17,97.86,1663.62
2026-07-23,SKU-066,Product 66,59,50.43,2975.37
2026-03-18,SKU-059,Product 59,46,143.98,6623.08
2025-11-27,SKU-058,Product 58,5,122.59,612.95
2025-06-18,SKU-032,Product 32,24,97.86,2348.64
2025-11-04,SKU-057,Product 57,36,27.94,1005.84
2025-08-24,SKU-003,Product 3,24,70.92,1702.08
2026-04-16,SKU-076,Product 76,30,5.46,163.8
2025-03-16,SKU-068,Product 68,19,65.88,1251.72
2025-02-07,SKU-015,Product 15,15,98.54,1478.1
2025-05-03,SKU-085,Product 85,4,53.4,213.6
2026-01-23,SKU-071,Product 71,30,41.39,1241.7
2026-04-12,SKU-055,Product 55,6,53.76,322.56
2025-09-29,SKU-042,Product 42,24,42.29,1014.96
2025-01-13,SKU-090,Product 90,9,41.98,377.82
2026-06-25,SKU-016,Product 16,57,128.07,7299.99
2025-07-29,SKU-095,Product 95,12,77.08,924.96
2026-05-29,SKU-049,Product 49,47,6.44,302.68
2025-10-20,SKU-033,Product 33,17,53.43,908.31
2025-12-21,SKU-016,Product 16,14,128.07,1792.98
2025-05-04,SKU-015,Product 15,9,98.54,886.86
2026-03-06,SKU-027,Product 27,38,15.58,592.04
2026-04-02,SKU-060,Product 60,3,70.14,210.42
2026-06-09,SKU-050,Product 50,26,42.38,1101.88
2026-06-04,SKU-087,Product 87,33,123.31,4069.23
2026-05-31,SKU-008,Product 8,51,38.61,1969.11
2025-03-10,SKU-042,Product 42,4,42.29,169.16
2026-01-30,SKU-050,Product 50,15,42.38,635.7
2026-07-28,SKU-059,Product 59,15,143.98,2159.7
2025-03-08,SKU-008,Product 8,20,38.61,772.2
2026-07-11,SKU-074,Product 74,23,102.79,2364.17
2026-02-09,SKU-059,Product 59,24,143.98,3455.52
2025-02-07,SKU-090,Product 90,15,41.98,629.7
2025-01-30,SKU-023,Product 23,12,129.88,1558.56
2025-04-29,SKU-011,Product 11,14,77.13,1079.82
2025-01-17,SKU-034,Product 34,12,133.9,1606.8
2026-04-08,SKU-070,Product 70,3,38.61,115.83
2026-04-27,SKU-080,Product 80,35,14.32,501.2
2026-07-22,SKU-089,Product 89,39,62.65,2443.35
2025-10-31,SKU-034,Product 34,28,133.9,3749.2
2026-07-27,SKU-013,Product 13,7,106.67,746.69
2026-05-16,SKU-078,Product 78,46,23.81,1095.26
2026-01-11,SKU-052,Product 52,38,79.76,3030.88
2025-05-20,SKU-020,Product 20,12,89.85,1078.2
2026-05-21,SKU-027,Product 27,21,15.58,327.18
2025-02-26,SKU-057,Product 57,12,27.94,335.28
2025-03-02,SKU-035,Product 35,18,42.05,756.9
2026-05-04,SKU-069,Product 69,45,113.3,5098.5
2025-05-08,SKU-024,Product 24,13,109.76,1426.88
2025-12-05,SKU-025,Product 25,11,126.63,1392.93
2026-03-03,SKU-100,Product 100,19,56.59,1075.21
2025-07-01,SKU-058,Product 58,7,122.59,858.13
2026-05-15,SKU-034,Product 34,21,133.9,2811.9
2025-06-17,SKU-084,Product 84,11,108.64,1195.04
2026-02-04,SKU-053,Product 53,30,11.29,338.7
2026-07-08,SKU-084,Product 84,50,108.64,5432.0
2026-02-16,SKU-090,Product 90,9,41.98,377.82
2026-04-18,SKU-053,Product 53,37,11.29,417.73
2026-04-07,SKU-036,Product 36,27,130.42,3521.34
2026-04-07,SKU-072,Product 72,37,108.25,4005.25
2026-06-05,SKU-021,Product 21,55,71.49,3931.95
2025-11-10,SKU-083,Product 83,39,134.11,5230.29
2026-05-20,SKU-007,Product 7,54,81.18,4383.72
2026-04-02,SKU-079,Product 79,23,39.06,898.38
2025-05-30,SKU-056,Product 56,23,140.51,3231.73
2026-01-25,SKU-088,Product 88,3,65.71,197.13
2025-08-08,SKU-033,Product 33,23,53.43,1228.89
2025-03-13,SKU-064,Product 64,6,117.63,705.78
2025-03-28,SKU-044,Product 44,5,14.73,73.65
2025-03-22,SKU-026,Product 26,21,66.33,1392.93
2025-11-20,SKU-037,Product 37,2,83.51,167.02
2025-03-11,SKU-046,Product 46,10,105.52,1055.2
2026-03-21,SKU-077,Product 77,36,62.14,2237.04
2025-09-27,SKU-048,Product 48,9,18.02,162.18
2025-06-20,SKU-095,Product 95,28,77.08,2158.24
2025-08-09,SKU-051,Product 51,23,104.22,2397.06
2026-06-15,SKU-070,Product 70,52,38.61,2007.72
2026-03-02,SKU-059,Product 59,9,143.98,1295.82
2025-12-15,SKU-044,Product 44,30,14.73,441.9
2025-02-23,SKU-044,Product 44,16,14.73,235.68
2025-06-05,SKU-025,Product 25,7,126.63,886.41
2025-04-22,SKU-058,Product 58,18,122.59,2206.62
2025-11-06,SKU-051,Product 51,2,104.22,208.44
2025-05-25,SKU-091,Product 91,1,12.64,12.64
2025-02-14,SKU-092,Product 92,14,131.65,1843.1
2025-03-12,SKU-042,Product 42,5,42.29,211.45
2025-09-16,SKU-048,Product 48,4,18.02,72.08
2025-03-06,SKU-060,Product 60,15,70.14,1052.1
2025-09-06,SKU-029,Product 29,25,43.36,1084.0
2025-05-31,SKU-023,Product 23,5,129.88,649.4
2025-10-15,SKU-024,Product 24,12,109.76,1317.12
2026-04-12,SKU-049,Product 49,34,6.44,218.96
2026-06-27,SKU-081,Product 81,7,66.67,466.69
2025-05-29,SKU-002,Product 2,17,116.06,1973.02
2025-08-08,SKU-008,Product 8,25,38.61,965.25
2026-05-11,SKU-039,Product 39,32,9.81,313.92
2025-09-22,SKU-007,Product 7,26,81.18,2110.68
2025-06-28,SKU-040,Product 40,15,20.93,313.95
2025-08-26,SKU-075,Product 75,2,13.71,27.42
2026-04-23,SKU-059,Product 59,13,143.98,1871.74
2025-12-17,SKU-062,Product 62,14,40.67,569.38
2025-06-05,SKU-024,Product 24,5,109.76,548.8
2026-05-21,SKU-099,Product 99,14,48.68,681.52
2026-07-30,SKU-052,Product 52,59,79.76,4705.84
2026-05-12,SKU-090,Product 90,21,41.98,881.58
2025-09-19,SKU-061,Product 61,18,141.95,2555.1
2025-07-22,SKU-018,Product 18,14,89.39,1251.46
2026-06-09,SKU-027,Product 27,11,15.58,171.38
2025-12-26,SKU-053,Product 53,5,11.29,56.45
2025-01-02,SKU-001,Product 1,7,133.59,935.13
2026-03-05,SKU-097,Product 97,12,45.27,543.24
2025-03-20,SKU-071,Product 71,7,41.39,289.73
2025-12-14,SKU-002,Product 2,19,116.06,2205.14
2025-05-19,SKU-034,Product 34,24,133.9,3213.6
2026-01-19,SKU-033,Product 33,38,53.43,2030.34
2025-03-31,SKU-085,Product 85,1,53.4,53.4
2025-12-07,SKU-010,Product 10,30,84.95,2548.5
2025-04-08,SKU-052,Product 52,3,79.76,239.28
2025-06-06,SKU-082,Product 82,3,82.39,247.17
2025-02-17,SKU-041,Product 41,18,33.9,610.2
2025-08-19,SKU-017,Product 17,13,88.02,1144.26
2025-11-14,SKU-016,Product 16,26,128.07,3329.82
2025-07-28,SKU-011,Product 11,2,77.13,154.26
2026-05-29,SKU-066,Product 66,11,50.43,554.73
2025-05-14,SKU-072,Product 72,1,108.25,108.25
2025-10-25,SKU-026,Product 26,17,66.33,1127.61
2025-09-20,SKU-013,Product 13,7,106.67,746.69
2026-01-30,SKU-005,Product 5,6,112.77,676.62
2025-04-19,SKU-039,Product 39,18,9.81,176.58
2025-10-28,SKU-058,Product 58,10,122.59,1225.9
2026-05-30,SKU-083,Product 83,29,134.11,3889.19
2025-11-16,SKU-025,Product 25,34,126.63,4305.42
2025-05-23,SKU-014,Product 14,5,51.74,258.7
2025-09-07,SKU-026,Product 26,9,66.33,596.97
2026-02-04,SKU-068,Product 68,46,65.88,3030.48
2025-03-07,SKU-052,Product 52,17,79.76,1355.92
2025-07-11,SKU-054,Product 54,25,85.15,2128.75
2025-02-07,SKU-035,Product 35,15,42.05,630.75
2025-06-09,SKU-025,Product 25,12,126.63,1519.56
2026-07-01,SKU-076,Product 76,53,5.46,289.38
2025-01-08,SKU-038,Product 38,15,30.86,462.9
2025-11-19,SKU-099,Product 99,24,48.68,1168.32
2026-02-09,SKU-048,Product 48,21,18.02,378.42
2025-10-01,SKU-027,Product 27,21,15.58,327.18
2025-05-04,SKU-082,Product 82,9,82.39,741.51
2025-01-14,SKU-098,Product 98,14,5.2,72.8
2026-04-10,SKU-038,Product 38,37,30.86,1141.82
2026-07-08,SKU-084,Product 84,34,108.64,3693.76
2025-06-11,SKU-037,Product 37,11,83.51,918.61
2026-04-29,SKU-029,Product 29,17,43.36,737.12
2025-12-21,SKU-026,Product 26,17,66.33,1127.61
2025-07-07,SKU-066,Product 66,27,50.43,1361.61
2025-11-20,SKU-019,Product 19,29,83.88,2432.52
2025-08-21,SKU-029,Product 29,15,43.36,650.4
2025-06-19,SKU-020,Product 20,18,89.85,1617.3
2026-06-10,SKU-029,Product 29,14,43.36,607.04
2025-04-25,SKU-055,Product 55,6,53.76,322.56
2025-05-16,SKU-028,Product 28,5,68.24,341.2
2025-11-18,SKU-026,Product 26,26,66.33,1724.58
2026-02-02,SKU-032,Product 32,18,97.86,1761.48
2026-07-12,SKU-046,Product 46,42,105.52,4431.84
2025-05-28,SKU-059,Product 59,8,143.98,1151.84
2025-02-12,SKU-032,Product 32,15,97.86,1467.9
2026-02-09,SKU-061,Product 61,21,141.95,2980.95
2025-07-01,SKU-076,Product 76,29,5.46,158.34
2025-10-03,SKU-064,Product 64,29,117.63,3411.27
2025-07-28,SKU-066,Product 66,8,50.43,403.44
2025-11-14,SKU-069,Product 69,29,113.3,3285.7
2026-07-25,SKU-058,Product 58,23,122.59,2819.57
2026-06-18,SKU-020,Product 20,37,89.85,3324.45
2025-01-29,SKU-016,Product 16,1,128.07,128.07
2026-01-09,SKU-097,Product 97,29,45.27,1312.83
2025-07-26,SKU-027,Product 27,20,15.58,311.6
2026-06-07,SKU-040,Product 40,40,20.93,837.2
2026-04-09,SKU-005,Product 5,20,112.77,2255.4
2026-05-23,SKU-097,Product 97,47,45.27,2127.69
2025-05-16,SKU-016,Product 16,13,128.07,1664.91
2026-02-20,SKU-083,Product 83,44,134.11,5900.84
2026-01-04,SKU-009,Product 9,23,33.35,767.05
2026-03-25,SKU-006,Product 6,6,16.92,101.52
2025-09-29,SKU-092,Product 92,36,131.65,4739.4
2025-01-15,SKU-054,Product 54,10,85.15,851.5
2025-09-19,SKU-034,Product 34,2,133.9,267.8
2025-05-27,SKU-002,Product 2,24,116.06,2785.44
2025-10-11,SKU-029,Product 29,17,43.36,737.12
2025-10-08,SKU-091,Product 91,34,12.64,429.76
2026-01-28,SKU-015,Product 15,36,98.54,3547.44
2026-01-02,SKU-074,Product 74,2,102.79,205.58
2026-06-03,SKU-088,Product 88,25,65.71,1642.75
2026-06-24,SKU-026,Product 26,26,66.33,1724.58
2025-05-23,SKU-099,Product 99,3,48.68,146.04
2025-07-10,SKU-096,Product 96,3,57.25,171.75
2025-04-10,SKU-049,Product 49,21,6.44,135.24
2025-11-20,SKU-072,Product 72,29,108.25,3139.25
2025-12-03,SKU-071,Product 71,13,41.39,538.07
2025-08-22,SKU-017,Product 17,8,88.02,704.16
2026-03-18,SKU-022,Product 22,39,59.25,2310.75
2025-10-29,SKU-078,Product 78,10,23.81,238.1
2026-05-20,SKU-093,Product 93,25,41.04,1026.0
2025-12-02,SKU-047,Product 47,2,38.43,76.86
2026-07-21,SKU-090,Product 90,51,41.98,2140.98
2026-04-15,SKU-007,Product 7,24,81.18,1948.32
2026-03-21,SKU-004,Product 4,19,70.1,1331.9
2026-06-19,SKU-057,Product 57,22,27.94,614.68
2025-07-06,SKU-039,Product 39,23,9.81,225.63
2026-07-29,SKU-014,Product 14,7,51.74,362.18
2025-07-18,SKU-011,Product 11,24,77.13,1851.12
2026-03-10,SKU-085,Product 85,22,53.4,1174.8
2025-02-14,SKU-010,Product 10,3,84.95,254.85
2025-12-29,SKU-047,Product 47,11,38.43,422.73
2025-05-24,SKU-045,Product 45,22,80.28,1766.16
2026-06-10,SKU-040,Product 40,3,20.93,62.79
2025-08-27,SKU-076,Product 76,29,5.46,158.34
2026-02-23,SKU-083,Product 83,41,134.11,5498.51
2025-02-24,SKU-076,Product 76,10,5.46,54.6
2026-07-15,SKU-007,Product 7,7,81.18,568.26
2026-07-08,SKU-013,Product 13,7,106.67,746.69
2025-11-30,SKU-009,Product 9,16,33.35,533.6
2026-03-09,SKU-068,Product 68,38,65.88,2503.44
2025-01-25,SKU-054,Product 54,14,85.15,1192.1
2026-01-06,SKU-098,Product 98,40,5.2,208.0
2025-07-12,SKU-035,Product 35,11,42.05,462.55
2025-03-05,SKU-083,Product 83,9,134.11,1206.99
2026-06-24,SKU-025,Product 25,7,126.63,886.41
2025-05-18,SKU-098,Product 98,3,5.2,15.6
2025-07-28,SKU-018,Product 18,24,89.39,2145.36
2025-07-13,SKU-008,Product 8,28,38.61,1081.08
2026-07-29,SKU-049,Product 49,43,6.44,276.92
2026-07-24,SKU-020,Product 20,7,89.85,628.95
2026-04-10,SKU-067,Product 67,51,99.67,5083.17
2026-07-19,SKU-019,Product 19,7,83.88,587.16
2026-06-19,SKU-049,Product 49,45,6.44,289.8
2025-04-08,SKU-066,Product 66,6,50.43,302.58
2025-08-01,SKU-083,Product 83,23,134.11,3084.53
2026-06-04,SKU-014,Product 14,18,51.74,931.32
2025-08-08,SKU-078,Product 78,19,23.81,452.39
2025-02-20,SKU-037,Product 37,11,83.51,918.61
2025-02-09,SKU-098,Product 98,7,5.2,36.4
2026-03-27,SKU-090,Product 90,43,41.98,1805.14
2025-11-22,SKU-025,Product 25,29,126.63,3672.27
2025-06-16,SKU-083,Product 83,11,134.11,1475.21
2025-09-02,SKU-081,Product 81,20,66.67,1333.4
2025-04-05,SKU-018,Product 18,4,89.39,357.56
2025-07-28,SKU-008,Product 8,6,38.61,231.66
2025-06-03,SKU-030,Product 30,8,117.66,941.28
2025-11-06,SKU-065,Product 65,5,29.77,148.85
2026-07-23,SKU-064,Product 64,43,117.63,5058.09
2026-01-01,SKU-013,Product 13,17,106.67,1813.39
2026-04-21,SKU-093,Product 93,48,41.04,1969.92
2025-11-14,SKU-010,Product 10,5,84.95,424.75
2026-02-20,SKU-040,Product 40,25,20.93,523.25
2026-06-20,SKU-038,Product 38,15,30.86,462.9
2026-04-12,SKU-043,Product 43,23,124.39,2860.97
2026-06-20,SKU-025,Product 25,22,126.63,2785.86
2026-07-31,SKU-066,Product 66,39,50.43,1966.77
2026-01-16,SKU-069,Product 69,26,113.3,2945.8
2026-02-04,SKU-043,Product 43,24,124.39,2985.36
2026-02-11,SKU-093,Product 93,21,41.04,861.84
2026-05-21,SKU-051,Product 51,50,104.22,5211.0
2025-08-06,SKU-061,Product 61,14,141.95,1987.3
2025-12-23,SKU-001,Product 1,34,133.59,4542.06
2025-06-06,SKU-025,Product 25,23,126.63,2912.49
2025-02-24,SKU-039,Product 39,8,9.81,78.48
2025-03-24,SKU-044,Product 44,1,14.73,14.73
2026-01-19,SKU-023,Product 23,23,129.88,2987.24
2025-12-05,SKU-084,Product 84,2,108.64,217.28
2026-03-08,SKU-084,Product 84,9,108.64,977.76
2025-03-31,SKU-100,Product 100,2,56.59,113.18
2025-12-26,SKU-011,Product 11,31,77.13,2391.03
2026-05-21,SKU-042,Product 42,39,42.29,1649.31
2026-02-09,SKU-021,Product 21,43,71.49,3074.07
2025-12-26,SKU-068,Product 68,37,65.88,2437.56
2026-06-18,SKU-084,Product 84,7,108.64,760.48
2025-10-27,SKU-023,Product 23,35,129.88,4545.8
2025-08-25,SKU-028,Product 28,26,68.24,1774.24
2025-05-21,SKU-039,Product 39,8,9.81,78.48
2025-03-17,SKU-024,Product 24,2,109.76,219.52
2025-06-18,SKU-087,Product 87,13,123.31,1603.03
2026-06-12,SKU-004,Product 4,14,70.1,981.4
2026-04-30,SKU-019,Product 19,52,83.88,4361.76
2025-10-27,SKU-082,Product 82,30,82.39,2471.7
2025-05-18,SKU-034,Product 34,17,133.9,2276.3
2025-08-06,SKU-050,Product 50,27,42.38,1144.26
2025-03-20,SKU-033,Product 33,16,53.43,854.88
2026-07-26,SKU-059,Product 59,35,143.98,5039.3
2026-07-13,SKU-017,Product 17,54,88.02,4753.08
2026-06-11,SKU-043,Product 43,56,124.39,6965.84
2025-01-27,SKU-078,Product 78,7,23.81,166.67
2025-06-21,SKU-077,Product 77,5,62.14,310.7
2026-02-23,SKU-031,Product 31,9,52.96,476.64
2025-09-18,SKU-049,Product 49,30,6.44,193.2
2025-09-02,SKU-055,Product 55,34,53.76,1827.84
2026-05-19,SKU-045,Product 45,7,80.28,561.96
2025-10-24,SKU-061,Product 61,10,141.95,1419.5
2026-03-23,SKU-007,Product 7,29,81.18,2354.22
2025-01-11,SKU-041,Product 41,10,33.9,339.0
2025-10-19,SKU-094,Product 94,30,25.25,757.5
2025-02-11,SKU-051,Product 51,7,104.22,729.54
2025-10-06,SKU-018,Product 18,17,89.39,1519.63
2025-07-20,SKU-089,Product 89,16,62.65,1002.4
2025-11-07,SKU-097,Product 97,7,45.27,316.89
2026-03-07,SKU-045,Product 45,48,80.28,3853.44
2025-12-12,SKU-091,Product 91,39,12.64,492.96
2025-07-27,SKU-080,Product 80,12,14.32,171.84
2025-08-22,SKU-059,Product 59,13,143.98,1871.74
2025-09-28,SKU-100,Product 100,16,56.59,905.44
2026-01-15,SKU-067,Product 67,41,99.67,4086.47
2026-06-23,SKU-097,Product 97,34,45.27,1539.18
2025-08-09,SKU-032,Product 32,30,97.86,2935.8
2025-12-11,SKU-011,Product 11,30,77.13,2313.9
2025-10-12,SKU-029,Product 29,4,43.36,173.44
2025-03-29,SKU-034,Product 34,14,133.9,1874.6
2025-04-11,SKU-033,Product 33,6,53.43,320.58
2025-11-08,SKU-064,Product 64,20,117.63,2352.6
2025-10-21,SKU-100,Product 100,27,56.59,1527.93
2025-05-09,SKU-039,Product 39,18,9.81,176.58
2025-12-27,SKU-058,Product 58,2,122.59,245.18
2025-05-01,SKU-059,Product 59,11,143.98,1583.78
2026-01-27,SKU-084,Product 84,9,108.64,977.76
2025-05-06,SKU-015,Product 15,23,98.54,2266.42
2025-06-24,SKU-028,Product 28,5,68.24,341.2
2025-10-01,SKU-075,Product 75,2,13.71,27.42
2025-02-13,SKU-079,Product 79,3,39.06,117.18
2026-03-28,SKU-078,Product 78,40,23.81,952.4
2025-12-13,SKU-018,Product 18,8,89.39,715.12
2026-02-09,SKU-041,Product 41,12,33.9,406.8
2025-03-10,SKU-023,Product 23,20,129.88,2597.6
2025-09-08,SKU-095,Product 95,9,77.08,693.72
2026-06-02,SKU-001,Product 1,14,133.59,1870.26
2025-08-29,SKU-034,Product 34,4,133.9,535.6
2026-06-15,SKU-037,Product 37,3,83.51,250.53
2025-01-21,SKU-055,Product 55,7,53.76,376.32
2025-12-12,SKU-082,Product 82,33,82.39,2718.87
2025-04-22,SKU-066,Product 66,1,50.43,50.43
2025-08-03,SKU-054,Product 54,2,85.15,170.3
2026-04-30,SKU-009,Product 9,49,33.35,1634.15
2026-01-10,SKU-015,Product 15,17,98.54,1675.18
2025-01-12,SKU-075,Product 75,5,13.71,68.55
2026-05-19,SKU-009,Product 9,32,33.35,1067.2
2026-04-02,SKU-068,Product 68,47,65.88,3096.36
2026-06-17,SKU-081,Product 81,15,66.67,1000.05
2026-04-06,SKU-074,Product 74,47,102.79,4831.13
2025-08-05,SKU-100,Product 100,10,56.59,565.9
2026-04-11,SKU-046,Product 46,51,105.52,5381.52
2026-02-05,SKU-032,Product 32,27,97.86,2642.22
2025-12-14,SKU-097,Product 97,28,45.27,1267.56
2026-03-01,SKU-091,Product 91,32,12.64,404.48
2026-06-21,SKU-038,Product 38,45,30.86,1388.7
2025-01-15,SKU-045,Product 45,16,80.28,1284.48
2025-09-13,SKU-015,Product 15,25,98.54,2463.5
2025-05-04,SKU-039,Product 39,4,9.81,39.24
2025-12-02,SKU-052,Product 52,19,79.76,1515.44
2025-08-02,SKU-059,Product 59,23,143.98,3311.54
2026-03-15,SKU-049,Product 49,19,6.44,122.36
2026-06-23,SKU-038,Product 38,53,30.86,1635.58
2025-08-13,SKU-083,Product 83,10,134.11,1341.1
2025-08-30,SKU-030,Product 30,22,117.66,2588.52
2025-08-03,SKU-074,Product 74,2,102.79,205.58
2026-03-17,SKU-091,Product 91,29,12.64,366.56
2026-03-02,SKU-008,Product 8,3,38.61,115.83
2026-05-15,SKU-081,Product 81,28,66.67,1866.76
2025-02-03,SKU-044,Product 44,3,14.73,44.19
2025-07-09,SKU-046,Product 46,11,105.52,1160.72
2025-02-02,SKU-100,Product 100,11,56.59,622.49
2025-03-24,SKU-024,Product 24,14,109.76,1536.64
2026-03-08,SKU-067,Product 67,29,99.67,2890.43
2025-08-02,SKU-030,Product 30,2,117.66,235.32
2026-01-04,SKU-071,Product 71,14,41.39,579.46
2025-10-19,SKU-054,Product 54,22,85.15,1873.3
2026-03-02,SKU-068,Product 68,25,65.88,1647.0
2025-11-24,SKU-099,Product 99,32,48.68,1557.76
2026-07-27,SKU-068,Product 68,3,65.88,197.64
2025-07-14,SKU-050,Product 50,8,42.38,339.04
2025-06-02,SKU-021,Product 21,8,71.49,571.92
2026-07-13,SKU-013,Product 13,35,106.67,3733.45
2026-01-15,SKU-068,Product 68,35,65.88,2305.8
2025-04-16,SKU-005,Product 5,10,112.77,1127.7
2025-11-06,SKU-035,Product 35,10,42.05,420.5
2026-05-03,SKU-072,Product 72,45,108.25,4871.25
2026-03-26,SKU-032,Product 32,33,97.86,3229.38
2025-08-12,SKU-085,Product 85,21,53.4,1121.4
2025-05-01,SKU-070,Product 70,1,38.61,38.61
2025-02-03,SKU-085,Product 85,8,53.4,427.2
2025-03-04,SKU-048,Product 48,2,18.02,36.04
2025-06-07,SKU-057,Product 57,18,27.94,502.92
2025-09-28,SKU-002,Product 2,28,116.06,3249.68
2026-01-31,SKU-052,Product 52,15,79.76,1196.4
2026-06-28,SKU-042,Product 42,38,42.29,1607.02
2025-08-02,SKU-043,Product 43,29,124.39,3607.31
2025-10-03,SKU-100,Product 100,29,56.59,1641.11
2026-01-18,SKU-077,Product 77,29,62.14,1802.06
2025-06-19,SKU-087,Product 87,13,123.31,1603.03
2025-01-24,SKU-015,Product 15,12,98.54,1182.48
2025-04-07,SKU-059,Product 59,19,143.98,2735.62
2026-03-02,SKU-089,Product 89,25,62.65,1566.25
2025-11-30,SKU-022,Product 22,24,59.25,1422.0
2025-11-21,SKU-085,Product 85,5,53.4,267.0
2025-11-05,SKU-058,Product 58,18,122.59,2206.62
2026-04-30,SKU-038,Product 38,38,30.86,1172.68
2025-07-10,SKU-035,Product 35,1,42.05,42.05
2025-02-13,SKU-095,Product 95,8,77.08,616.64
2026-02-02,SKU-076,Product 76,15,5.46,81.9
2025-10-30,SKU-019,Product 19,5,83.88,419.4
2025-07-27,SKU-002,Product 2,20,116.06,2321.2
2025-04-02,SKU-062,Product 62,2,40.67,81.34
2025-07-09,SKU-009,Product 9,15,33.35,500.25
2025-02-01,SKU-014,Product 14,1,51.74,51.74
2025-12-24,SKU-076,Product 76,42,5.46,229.32
2025-06-25,SKU-087,Product 87,24,123.31,2959.44
2026-02-27,SKU-080,Product 80,44,14.32,630.08
2026-06-22,SKU-005,Product 5,22,112.77,2480.94
2025-11-17,SKU-069,Product 69,18,113.3,2039.4
2025-04-24,SKU-017,Product 17,7,88.02,616.14
2025-01-28,SKU-095,Product 95,12,77.08,924.96
2025-12-12,SKU-048,Product 48,41,18.02,738.82
2025-01-08,SKU-064,Product 64,11,117.63,1293.93
2025-07-13,SKU-056,Product 56,8,140.51,1124.08
2026-04-14,SKU-003,Product 3,34,70.92,2411.28
2026-07-27,SKU-014,Product 14,19,51.74,983.06
2026-05-20,SKU-067,Product 67,36,99.67,3588.12
2025-04-14,SKU-004,Product 4,12,70.1,841.2
2025-04-10,SKU-004,Product 4,9,70.1,630.9
2025-05-23,SKU-087,Product 87,5,123.31,616.55
2025-11-03,SKU-006,Product 6,25,16.92,423.0
2025-06-12,SKU-089,Product 89,12,62.65,751.8
2025-01-04,SKU-055,Product 55,6,53.76,322.56
2025-12-04,SKU-076,Product 76,35,5.46,191.1
2025-01-07,SKU-043,Product 43,8,124.39,995.12
2025-06-11,SKU-001,Product 1,1,133.59,133.59
2026-02-16,SKU-076,Product 76,34,5.46,185.64
2026-05-29,SKU-026,Product 26,11,66.33,729.63
2026-07-29,SKU-094,Product 94,11,25.25,277.75
2025-10-19,SKU-070,Product 70,32,38.61,1235.52
2025-08-03,SKU-093,Product 93,12,41.04,492.48
2026-05-30,SKU-076,Product 76,51,5.46,278.46
2025-06-09,SKU-020,Product 20,23,89.85,2066.55
2025-05-24,SKU-041,Product 41,6,33.9,203.4
2025-01-16,SKU-055,Product 55,1,53.76,53.76
2026-03-17,SKU-006,Product 6,39,16.92,659.88
2025-01-24,SKU-011,Product 11,14,77.13,1079.82
2025-06-05,SKU-058,Product 58,25,122.59,3064.75
2025-10-05,SKU-016,Product 16,14,128.07,1792.98
2025-11-12,SKU-082,Product 82,29,82.39,2389.31
2026-03-11,SKU-089,Product 89,13,62.65,814.45
2025-05-13,SKU-016,Product 16,25,128.07,3201.75
2025-10-26,SKU-013,Product 13,38,106.67,4053.46
2025-10-17,SKU-033,Product 33,5,53.43,267.15
2025-10-16,SKU-025,Product 25,34,126.63,4305.42
2025-09-26,SKU-030,Product 30,7,117.66,823.62
2026-06-21,SKU-025,Product 25,45,126.63,5698.35
2026-02-15,SKU-080,Product 80,3,14.32,42.96
2025-04-04,SKU-096,Product 96,14,57.25,801.5
2025-05-25,SKU-026,Product 26,3,66.33,198.99
2026-04-13,SKU-084,Product 84,10,108.64,1086.4
2025-03-30,SKU-016,Product 16,16,128.07,2049.12
2025-04-17,SKU-061,Product 61,23,141.95,3264.85
2025-05-28,SKU-073,Product 73,12,120.54,1446.48
2025-02-06,SKU-086,Product 86,5,117.55,587.75
2025-06-14,SKU-058,Product 58,18,122.59,2206.62
2025-01-04,SKU-021,Product 21,10,71.49,714.9
2026-06-26,SKU-009,Product 9,34,33.35,1133.9
2026-01-24,SKU-006,Product 6,36,16.92,609.12
2025-04-16,SKU-084,Product 84,1,108.64,108.64
2026-02-13,SKU-074,Product 74,40,102.79,4111.6
2025-11-25,SKU-045,Product 45,10,80.28,802.8
2025-12-30,SKU-002,Product 2,5,116.06,580.3
2025-11-05,SKU-064,Product 64,18,117.63,2117.34
2025-04-24,SKU-093,Product 93,3,41.04,123.12
2026-02-26,SKU-016,Product 16,41,128.07,5250.87
2025-07-17,SKU-086,Product 86,16,117.55,1880.8
2026-05-30,SKU-059,Product 59,22,143.98,3167.56
2025-07-03,SKU-085,Product 85,11,53.4,587.4
2026-06-23,SKU-091,Product 91,45,12.64,568.8
2025-07-31,SKU-063,Product 63,12,85.06,1020.72
2026-07-04,SKU-094,Product 94,57,25.25,1439.25
2025-11-08,SKU-065,Product 65,18,29.77,535.86
2025-12-19,SKU-079,Product 79,33,39.06,1288.98
2026-04-05,SKU-097,Product 97,44,45.27,1991.88
2025-06-24,SKU-090,Product 90,19,41.98,797.62
2026-01-20,SKU-023,Product 23,20,129.88,2597.6
2025-01-16,SKU-068,Product 68,8,65.88,527.04
2025-07-26,SKU-025,Product 25,8,126.63,1013.04
2025-04-01,SKU-059,Product 59,22,143.98,3167.56
2026-07-28,SKU-071,Product 71,11,41.39,455.29
2025-11-21,SKU-033,Product 33,29,53.43,1549.47
2025-12-31,SKU-039,Product 39,5,9.81,49.05
2025-06-16,SKU-057,Product 57,5,27.94,139.7
2026-04-28,SKU-026,Product 26,49,66.33,3250.17
2025-03-28,SKU-085,Product 85,2,53.4,106.8
2026-04-06,SKU-092,Product 92,20,131.65,2633.0
2025-06-05,SKU-091,Product 91,3,12.64,37.92
2025-12-11,SKU-038,Product 38,8,30.86,246.88
2026-03-23,SKU-057,Product 57,49,27.94,1369.06
2025-07-01,SKU-019,Product 19,15,83.88,1258.2
2025-07-11,SKU-042,Product 42,5,42.29,211.45
2025-02-21,SKU-019,Product 19,7,83.88,587.16
2025-10-07,SKU-019,Product 19,24,83.88,2013.12
2025-08-08,SKU-094,Product 94,25,25.25,631.25
2025-09-02,SKU-075,Product 75,24,13.71,329.04
2025-06-22,SKU-037,Product 37,18,83.51,1503.18
2025-02-25,SKU-008,Product 8,2,38.61,77.22
2026-04-05,SKU-090,Product 90,47,41.98,1973.06
2025-09-28,SKU-100,Product 100,7,56.59,396.13
2026-03-18,SKU-065,Product 65,26,29.77,774.02
2025-11-27,SKU-068,Product 68,32,65.88,2108.16
2025-12-14,SKU-010,Product 10,5,84.95,424.75
2026-04-15,SKU-030,Product 30,20,117.66,2353.2
2025-09-07,SKU-081,Product 81,16,66.67,1066.72
2026-06-30,SKU-096,Product 96,11,57.25,629.75
2026-02-06,SKU-039,Product 39,33,9.81,323.73
2025-06-29,SKU-033,Product 33,19,53.43,1015.17
2025-01-10,SKU-020,Product 20,14,89.85,1257.9
2025-11-20,SKU-040,Product 40,18,20.93,376.74
2025-10-20,SKU-093,Product 93,15,41.04,615.6
2026-07-03,SKU-087,Product 87,57,123.31,7028.67
2025-03-03,SKU-001,Product 1,17,133.59,2271.03
2025-05-16,SKU-097,Product 97,10,45.27,452.7
2026-03-27,SKU-077,Product 77,26,62.14,1615.64
2025-02-13,SKU-057,Product 57,2,27.94,55.88
2025-07-22,SKU-059,Product 59,28,143.98,4031.44
2026-02-20,SKU-086,Product 86,15,117.55,1763.25
2026-04-22,SKU-049,Product 49,27,6.44,173.88
2025-12-15,SKU-092,Product 92,2,131.65,263.3
2026-04-14,SKU-012,Product 12,37,112.29,4154.73
2025-02-24,SKU-074,Product 74,6,102.79,616.74
2025-07-15,SKU-052,Product 52,6,79.76,478.56
2026-04-01,SKU-040,Product 40,37,20.93,774.41
2025-01-12,SKU-084,Product 84,6,108.64,651.84
2026-01-22,SKU-004,Product 4,15,70.1,1051.5
2026-05-13,SKU-058,Product 58,35,122.59,4290.65
2026-06-25,SKU-049,Product 49,11,6.44,70.84
2025-12-01,SKU-041,Product 41,24,33.9,813.6
2026-06-03,SKU-036,Product 36,3,130.42,391.26
2025-09-30,SKU-072,Product 72,26,108.25,2814.5
2025-09-27,SKU-059,Product 59,2,143.98,287.96
2025-10-24,SKU-042,Product 42,17,42.29,718.93
2026-05-20,SKU-026,Product 26,7,66.33,464.31
2025-03-23,SKU-054,Product 54,18,85.15,1532.7
2025-08-09,SKU-043,Product 43,4,124.39,497.56
2025-08-02,SKU-088,Product 88,14,65.71,919.94
2025-05-13,SKU-072,Product 72,23,108.25,2489.75
2025-04-24,SKU-001,Product 1,12,133.59,1603.08
2025-10-07,SKU-033,Product 33,22,53.43,1175.46
2025-08-20,SKU-086,Product 86,15,117.55,1763.25
2026-06-15,SKU-016,Product 16,30,128.07,3842.1
2025-08-28,SKU-010,Product 10,2,84.95,169.9
2026-02-11,SKU-043,Product 43,43,124.39,5348.77
2025-06-20,SKU-060,Product 60,18,70.14,1262.52
2026-02-05,SKU-057,Product 57,36,27.94,1005.84
2025-02-20,SKU-058,Product 58,16,122.59,1961.44
2025-03-29,SKU-015,Product 15,14,98.54,1379.56
2026-02-06,SKU-063,Product 63,12,85.06,1020.72
2026-07-25,SKU-077,Product 77,23,62.14,1429.22
2025-11-13,SKU-011,Product 11,23,77.13,1773.99
2025-11-03,SKU-092,Product 92,25,131.65,3291.25
2026-02-21,SKU-049,Product 49,6,6.44,38.64
2026-04-07,SKU-035,Product 35,16,42.05,672.8
2025-05-31,SKU-037,Product 37,5,83.51,417.55
2026-06-11,SKU-014,Product 14,3,51.74,155.22
2025-01-06,SKU-057,Product 57,5,27.94,139.7
2026-05-26,SKU-083,Product 83,21,134.11,2816.31
2026-01-14,SKU-092,Product 92,41,131.65,5397.65
2026-03-03,SKU-069,Product 69,22,113.3,2492.6
2025-07-21,SKU-082,Product 82,12,82.39,988.68
2026-02-25,SKU-051,Product 51,25,104.22,2605.5
2026-04-29,SKU-083,Product 83,3,134.11,402.33
2025-03-30,SKU-004,Product 4,4,70.1,280.4
2026-06-02,SKU-069,Product 69,22,113.3,2492.6
2025-08-10,SKU-093,Product 93,30,41.04,1231.2
2026-06-16,SKU-030,Product 30,3,117.66,352.98
2025-06-05,SKU-046,Product 46,7,105.52,738.64
2025-02-07,SKU-056,Product 56,7,140.51,983.57
2025-04-03,SKU-007,Product 7,20,81.18,1623.6
2025-11-18,SKU-089,Product 89,26,62.65,1628.9
2025-08-16,SKU-085,Product 85,30,53.4,1602.0
2026-05-17,SKU-076,Product 76,50,5.46,273.0
2026-05-03,SKU-051,Product 51,38,104.22,3960.36
2025-11-28,SKU-047,Product 47,21,38.43,807.03
2026-06-07,SKU-021,Product 21,22,71.49,1572.78
2025-05-28,SKU-061,Product 61,8,141.95,1135.6
2026-05-24,SKU-100,Product 100,21,56.59,1188.39
2026-05-25,SKU-032,Product 32,47,97.86,4599.42
2025-10-14,SKU-099,Product 99,32,48.68,1557.76
2025-09-25,SKU-032,Product 32,16,97.86,1565.76
2026-05-18,SKU-043,Product 43,43,124.39,5348.77
2026-02-16,SKU-043,Product 43,31,124.39,3856.09
2025-01-03,SKU-065,Product 65,6,29.77,178.62
2026-05-24,SKU-005,Product 5,10,112.77,1127.7
2025-11-24,SKU-017,Product 17,18,88.02,1584.36
2026-07-02,SKU-100,Product 100,30,56.59,1697.7
2026-07-29,SKU-004,Product 4,3,70.1,210.3
2025-03-13,SKU-004,Product 4,4,70.1,280.4
2026-04-06,SKU-046,Product 46,30,105.52,3165.6
2025-11-16,SKU-026,Product 26,31,66.33,2056.23
2025-07-14,SKU-089,Product 89,12,62.65,751.8
2026-03-10,SKU-047,Product 47,42,38.43,1614.06
2025-06-28,SKU-023,Product 23,25,129.88,3247.0
2026-05-03,SKU-073,Product 73,52,120.54,6268.08
2025-08-24,SKU-031,Product 31,11,52.96,582.56
2025-01-05,SKU-069,Product 69,4,113.3,453.2
2025-03-12,SKU-011,Product 11,13,77.13,1002.69
2026-06-26,SKU-046,Product 46,26,105.52,2743.52
2025-04-16,SKU-014,Product 14,13,51.74,672.62
2025-11-15,SKU-010,Product 10,7,84.95,594.65
2026-07-14,SKU-058,Product 58,35,122.59,4290.65
2025-01-06,SKU-052,Product 52,15,79.76,1196.4
2025-04-28,SKU-025,Product 25,22,126.63,2785.86
2025-12-20,SKU-066,Product 66,39,50.43,1966.77
2025-12-04,SKU-053,Product 53,13,11.29,146.77
2025-08-29,SKU-055,Product 55,29,53.76,1559.04
2025-02-09,SKU-039,Product 39,10,9.81,98.1
2026-02-03,SKU-046,Product 46,9,105.52,949.68
2025-07-01,SKU-077,Product 77,21,62.14,1304.94
2025-02-24,SKU-024,Product 24,17,109.76,1865.92
2025-09-22,SKU-048,Product 48,30,18.02,540.6
2026-03-21,SKU-074,Product 74,43,102.79,4419.97
2025-10-30,SKU-071,Product 71,38,41.39,1572.82
2025-06-17,SKU-040,Product 40,26,20.93,544.18
2025-07-22,SKU-039,Product 39,6,9.81,58.86
2025-07-07,SKU-093,Product 93,25,41.04,1026.0
2025-12-31,SKU-073,Product 73,26,120.54,3134.04
2026-01-21,SKU-020,Product 20,15,89.85,1347.75
2025-04-04,SKU-030,Product 30,17,117.66,2000.22
2026-03-08,SKU-094,Product 94,22,25.25,555.5
2025-01-15,SKU-045,Product 45,2,80.28,160.56
2025-12-17,SKU-083,Product 83,36,134.11,4827.96
2026-02-05,SKU-005,Product 5,30,112.77,3383.1
2025-09-29,SKU-014,Product 14,33,51.74,1707.42
2025-06-29,SKU-057,Product 57,13,27.94,363.22
2026-06-07,SKU-038,Product 38,11,30.86,339.46
2026-02-05,SKU-016,Product 16,12,128.07,1536.84
2025-08-17,SKU-087,Product 87,4,123.31,493.24
2025-05-12,SKU-057,Product 57,11,27.94,307.34
2026-05-10,SKU-050,Product 50,32,42.38,1356.16
2026-01-30,SKU-072,Product 72,18,108.25,1948.5
2025-06-19,SKU-065,Product 65,20,29.77,595.4
2025-04-22,SKU-014,Product 14,4,51.74,206.96
2025-02-11,SKU-083,Product 83,8,134.11,1072.88
2025-01-30,SKU-015,Product 15,9,98.54,886.86
2026-07-03,SKU-090,Product 90,42,41.98,1763.16
2025-11-07,SKU-003,Product 3,2,70.92,141.84
2025-11-30,SKU-036,Product 36,10,130.42,1304.2
2025-10-30,SKU-039,Product 39,2,9.81,19.62
2025-07-02,SKU-090,Product 90,13,41.98,545.74
2026-03-22,SKU-038,Product 38,33,30.86,1018.38
2026-04-29,SKU-068,Product 68,42,65.88,2766.96
2025-09-20,SKU-077,Product 77,2,62.14,124.28
2026-06-22,SKU-005,Product 5,53,112.77,5976.81
2025-12-23,SKU-028,Product 28,31,68.24,2115.44
2025-04-21,SKU-033,Product 33,20,53.43,1068.6
2025-10-03,SKU-075,Product 75,4,13.71,54.84
2025-08-09,SKU-098,Product 98,21,5.2,109.2
2026-03-13,SKU-009,Product 9,22,33.35,733.7
2025-09-08,SKU-067,Product 67,27,99.67,2691.09
2026-04-18,SKU-007,Product 7,20,81.18,1623.6
2026-04-21,SKU-030,Product 30,17,117.66,2000.22
2025-03-21,SKU-015,Product 15,16,98.54,1576.64
2026-04-13,SKU-087,Product 87,27,123.31,3329.37
2026-01-30,SKU-013,Product 13,36,106.67,3840.12
2025-11-19,SKU-068,Product 68,5,65.88,329.4
2026-05-24,SKU-021,Product 21,47,71.49,3360.03
2026-05-16,SKU-072,Product 72,21,108.25,2273.25
2025-05-10,SKU-076,Product 76,8,5.46,43.68
2025-09-11,SKU-044,Product 44,23,14.73,338.79
2026-07-24,SKU-047,Product 47,15,38.43,576.45
2026-03-29,SKU-097,Product 97,3,45.27,135.81
2026-06-28,SKU-021,Product 21,3,71.49,214.47
2025-01-20,SKU-037,Product 37,10,83.51,835.1
2025-04-08,SKU-061,Product 61,6,141.95,851.7
2025-04-09,SKU-036,Product 36,15,130.42,1956.3
2025-12-17,SKU-046,Product 46,25,105.52,2638.0
2026-06-01,SKU-042,Product 42,29,42.29,1226.41
2025-01-25,SKU-076,Product 76,3,5.46,16.38
2025-02-10,SKU-007,Product 7,3,81.18,243.54
2025-09-07,SKU-026,Product 26,22,66.33,1459.26
2025-03-26,SKU-047,Product 47,17,38.43,653.31
2025-09-28,SKU-034,Product 34,12,133.9,1606.8
2026-05-07,SKU-095,Product 95,14,77.08,1079.12
2026-04-17,SKU-090,Product 90,37,41.98,1553.26
2025-08-27,SKU-022,Product 22,6,59.25,355.5
2025-02-13,SKU-007,Product 7,2,81.18,162.36
2025-08-26,SKU-011,Product 11,13,77.13,1002.69
2026-03-15,SKU-091,Product 91,13,12.64,164.32
2026-07-18,SKU-079,Product 79,43,39.06,1679.58
2026-04-27,SKU-096,Product 96,17,57.25,973.25
2025-01-26,SKU-036,Product 36,11,130.42,1434.62
2025-08-19,SKU-055,Product 55,15,53.76,806.4
2026-04-14,SKU-087,Product 87,3,123.31,369.93
2025-02-26,SKU-009,Product 9,3,33.35,100.05
2025-02-01,SKU-079,Product 79,10,39.06,390.6
2025-01-18,SKU-029,Product 29,16,43.36,693.76
2026-03-03,SKU-088,Product 88,16,65.71,1051.36
2025-02-14,SKU-085,Product 85,17,53.4,907.8
2025-12-17,SKU-066,Product 66,31,50.43,1563.33
2025-09-13,SKU-026,Product 26,34,66.33,2255.22
2025-04-07,SKU-049,Product 49,7,6.44,45.08
2026-04-27,SKU-002,Product 2,3,116.06,348.18
2025-06-22,SKU-047,Product 47,1,38.43,38.43
2026-04-27,SKU-094,Product 94,49,25.25,1237.25
2026-02-23,SKU-031,Product 31,12,52.96,635.52
2026-07-19,SKU-070,Product 70,31,38.61,1196.91
2026-04-21,SKU-023,Product 23,31,129.88,4026.28
2025-09-06,SKU-087,Product 87,22,123.31,2712.82
2025-04-27,SKU-063,Product 63,8,85.06,680.48
2026-05-01,SKU-049,Product 49,38,6.44,244.72
2025-09-22,SKU-016,Product 16,21,128.07,2689.47
2025-11-09,SKU-027,Product 27,26,15.58,405.08
2025-05-16,SKU-037,Product 37,17,83.51,1419.67
2025-01-17,SKU-057,Product 57,14,27.94,391.16
2026-06-14,SKU-099,Product 99,37,48.68,1801.16
2026-04-20,SKU-002,Product 2,34,116.06,3946.04
2026-03-02,SKU-071,Product 71,3,41.39,124.17
2026-05-04,SKU-025,Product 25,21,126.63,2659.23
2025-02-13,SKU-002,Product 2,2,116.06,232.12
2025-08-27,SKU-037,Product 37,33,83.51,2755.83
2025-02-16,SKU-009,Product 9,7,33.35,233.45
2025-10-05,SKU-066,Product 66,9,50.43,453.87
2026-06-09,SKU-065,Product 65,26,29.77,774.02
2025-06-17,SKU-061,Product 61,22,141.95,3122.9
2025-02-11,SKU-098,Product 98,6,5.2,31.2
2026-06-04,SKU-053,Product 53,55,11.29,620.95
2025-06-06,SKU-046,Product 46,10,105.52,1055.2
2025-04-15,SKU-054,Product 54,10,85.15,851.5
2026-07-29,SKU-005,Product 5,27,112.77,3044.79
2026-02-20,SKU-091,Product 91,22,12.64,278.08
2025-07-12,SKU-095,Product 95,17,77.08,1310.36
2025-12-30,SKU-037,Product 37,34,83.51,2839.34
2025-04-10,SKU-062,Product 62,15,40.67,610.05
2025-05-29,SKU-072,Product 72,21,108.25,2273.25
2025-05-06,SKU-085,Product 85,24,53.4,1281.6
2025-03-16,SKU-086,Product 86,4,117.55,470.2
2026-01-09,SKU-029,Product 29,17,43.36,737.12
2025-12-22,SKU-071,Product 71,19,41.39,786.41
2026-02-25,SKU-051,Product 51,28,104.22,2918.16
2026-02-13,SKU-007,Product 7,3,81.18,243.54
2026-03-17,SKU-002,Product 2,29,116.06,3365.74
2025-03-13,SKU-065,Product 65,4,29.77,119.08
2025-04-16,SKU-003,Product 3,3,70.92,212.76
2025-11-15,SKU-087,Product 87,15,123.31,1849.65
2025-09-19,SKU-014,Product 14,28,51.74,1448.72
2025-11-15,SKU-068,Product 68,37,65.88,2437.56
2026-02-26,SKU-055,Product 55,3,53.76,161.28
2026-02-23,SKU-055,Product 55,41,53.76,2204.16
2025-10-06,SKU-062,Product 62,9,40.67,366.03
2025-01-21,SKU-001,Product 1,6,133.59,801.54
2025-08-17,SKU-061,Product 61,28,141.95,3974.6
2025-06-02,SKU-098,Product 98,12,5.2,62.4
2025-07-07,SKU-004,Product 4,1,70.1,70.1
2026-06-26,SKU-086,Product 86,22,117.55,2586.1
2025-10-08,SKU-042,Product 42,9,42.29,380.61
2026-06-19,SKU-021,Product 21,11,71.49,786.39
2026-02-06,SKU-002,Product 2,46,116.06,5338.76
2025-04-06,SKU-061,Product 61,19,141.95,2697.05
2026-03-06,SKU-011,Product 11,12,77.13,925.56
2026-02-19,SKU-096,Product 96,47,57.25,2690.75
2025-01-30,SKU-064,Product 64,5,117.63,588.15
2026-03-14,SKU-007,Product 7,26,81.18,2110.68
2025-08-01,SKU-028,Product 28,12,68.24,818.88
2026-03-15,SKU-018,Product 18,49,89.39,4380.11
2025-05-30,SKU-014,Product 14,7,51.74,362.18
2025-09-20,SKU-001,Product 1,23,133.59,3072.57
2025-11-02,SKU-048,Product 48,10,18.02,180.2
2025-11-23,SKU-047,Product 47,18,38.43,691.74
2026-01-11,SKU-026,Product 26,17,66.33,1127.61
2025-01-23,SKU-074,Product 74,5,102.79,513.95
2025-06-20,SKU-012,Product 12,20,112.29,2245.8
2025-11-25,SKU-042,Product 42,27,42.29,1141.83
2025-05-17,SKU-091,Product 91,15,12.64,189.6
2025-12-19,SKU-062,Product 62,5,40.67,203.35
2026-07-18,SKU-078,Product 78,43,23.81,1023.83
2025-08-16,SKU-045,Product 45,32,80.28,2568.96
2025-04-06,SKU-021,Product 21,10,71.49,714.9
2026-06-25,SKU-080,Product 80,30,14.32,429.6
2025-12-08,SKU-001,Product 1,27,133.59,3606.93
2025-05-17,SKU-011,Product 11,23,77.13,1773.99
2026-05-18,SKU-039,Product 39,25,9.81,245.25
2025-08-29,SKU-072,Product 72,13,108.25,1407.25
2025-11-23,SKU-008,Product 8,24,38.61,926.64
2026-07-09,SKU-023,Product 23,38,129.88,4935.44
2026-06-04,SKU-029,Product 29,44,43.36,1907.84
2026-03-14,SKU-005,Product 5,3,112.77,338.31
2025-02-11,SKU-032,Product 32,3,97.86,293.58
2026-03-09,SKU-021,Product 21,35,71.49,2502.15
2025-05-26,SKU-098,Product 98,8,5.2,41.6
2026-02-12,SKU-087,Product 87,28,123.31,3452.68
2025-07-20,SKU-046,Product 46,28,105.52,2954.56
2026-01-27,SKU-055,Product 55,33,53.76,1774.08
2025-12-07,SKU-058,Product 58,8,122.59,980.72
2026-02-16,SKU-003,Product 3,9,70.92,638.28
2026-02-06,SKU-001,Product 1,30,133.59,4007.7
2025-08-27,SKU-022,Product 22,22,59.25,1303.5
2025-02-22,SKU-061,Product 61,11,141.95,1561.45
2025-09-24,SKU-034,Product 34,11,133.9,1472.9
2026-03-21,SKU-044,Product 44,49,14.73,721.77
2026-04-29,SKU-066,Product 66,10,50.43,504.3
2026-04-07,SKU-036,Product 36,33,130.42,4303.86
2025-08-28,SKU-023,Product 23,2,129.88,259.76
2025-05-31,SKU-067,Product 67,21,99.67,2093.07
2025-10-22,SKU-096,Product 96,15,57.25,858.75
2025-10-22,SKU-100,Product 100,12,56.59,679.08
2026-07-11,SKU-068,Product 68,42,65.88,2766.96
2025-05-19,SKU-060,Product 60,25,70.14,1753.5
2026-06-01,SKU-042,Product 42,40,42.29,1691.6
2025-05-31,SKU-075,Product 75,16,13.71,219.36
2025-06-06,SKU-069,Product 69,5,113.3,566.5
2025-09-10,SKU-033,Product 33,23,53.43,1228.89
2025-07-25,SKU-048,Product 48,4,18.02,72.08
2025-08-30,SKU-028,Product 28,24,68.24,1637.76
2025-09-06,SKU-055,Product 55,22,53.76,1182.72
2025-07-18,SKU-056,Product 56,4,140.51,562.04
2026-05-04,SKU-082,Product 82,7,82.39,576.73
2025-04-02,SKU-072,Product 72,22,108.25,2381.5
2026-05-28,SKU-075,Product 75,36,13.71,493.56
2025-01-09,SKU-098,Product 98,5,5.2,26.0
2026-07-18,SKU-052,Product 52,23,79.76,1834.48
2026-01-06,SKU-047,Product 47,20,38.43,768.6
2025-05-27,SKU-019,Product 19,15,83.88,1258.2
2025-11-09,SKU-012,Product 12,23,112.29,2582.67
2025-04-03,SKU-015,Product 15,17,98.54,1675.18
2025-12-21,SKU-016,Product 16,36,128.07,4610.52
2026-06-03,SKU-083,Product 83,33,134.11,4425.63
2026-03-16,SKU-048,Product 48,9,18.02,162.18
2026-02-13,SKU-072,Product 72,6,108.25,649.5
2025-09-17,SKU-060,Product 60,30,70.14,2104.2
2026-06-13,SKU-017,Product 17,33,88.02,2904.66
2026-07-09,SKU-068,Product 68,15,65.88,988.2
2026-06-03,SKU-034,Product 34,18,133.9,2410.2
2026-04-16,SKU-069,Product 69,51,113.3,5778.3
2025-07-20,SKU-048,Product 48,2,18.02,36.04
2026-06-02,SKU-013,Product 13,55,106.67,5866.85
2026-02-09,SKU-068,Product 68,31,65.88,2042.28
2025-10-02,SKU-008,Product 8,31,38.61,1196.91
2026-07-03,SKU-089,Product 89,46,62.65,2881.9
2025-04-01,SKU-014,Product 14,1,51.74,51.74
2026-07-27,SKU-066,Product 66,47,50.43,2370.21
2026-07-28,SKU-012,Product 12,39,112.29,4379.31
2026-07-17,SKU-014,Product 14,19,51.74,983.06
2025-08-07,SKU-049,Product 49,10,6.44,64.4
2025-07-25,SKU-092,Product 92,10,131.65,1316.5
2026-02-05,SKU-036,Product 36,40,130.42,5216.8
2026-06-22,SKU-086,Product 86,7,117.55,822.85
2025-09-08,SKU-023,Product 23,27,129.88,3506.76
2026-06-15,SKU-036,Product 36,45,130.42,5868.9
2025-08-19,SKU-097,Product 97,13,45.27,588.51
2025-02-09,SKU-029,Product 29,7,43.36,303.52
2025-05-31,SKU-097,Product 97,14,45.27,633.78
2025-01-11,SKU-027,Product 27,9,15.58,140.22
2025-02-23,SKU-023,Product 23,12,129.88,1558.56
2026-05-16,SKU-050,Product 50,25,42.38,1059.5
2025-03-29,SKU-008,Product 8,21,38.61,810.81
2026-06-23,SKU-093,Product 93,22,41.04,902.88
2025-07-14,SKU-043,Product 43,12,124.39,1492.68
2025-05-24,SKU-082,Product 82,6,82.39,494.34
2026-02-19,SKU-084,Product 84,12,108.64,1303.68
2025-04-30,SKU-046,Product 46,3,105.52,316.56
2026-06-17,SKU-021,Product 21,30,71.49,2144.7
2025-09-25,SKU-071,Product 71,28,41.39,1158.92
2026-07-08,SKU-017,Product 17,34,88.02,2992.68
2026-07-02,SKU-058,Product 58,38,122.59,4658.42
2025-12-19,SKU-051,Product 51,11,104.22,1146.42
2025-05-31,SKU-050,Product 50,14,42.38,593.32
2025-11-26,SKU-071,Product 71,21,41.39,869.19
2025-07-30,SKU-054,Product 54,6,85.15,510.9
2026-01-24,SKU-063,Product 63,18,85.06,1531.08
2025-09-21,SKU-068,Product 68,16,65.88,1054.08
2026-07-17,SKU-075,Product 75,19,13.71,260.49
2026-05-25,SKU-052,Product 52,51,79.76,4067.76
2025-03-02,SKU-033,Product 33,7,53.43,374.01
2026-01-31,SKU-058,Product 58,15,122.59,1838.85
2026-02-16,SKU-043,Product 43,37,124.39,4602.43
2026-03-20,SKU-011,Product 11,33,77.13,2545.29
2026-04-10,SKU-004,Product 4,6,70.1,420.6
2025-10-26,SKU-041,Product 41,15,33.9,508.5
2025-04-23,SKU-002,Product 2,6,116.06,696.36
2026-03-04,SKU-058,Product 58,12,122.59,1471.08
2026-03-18,SKU-082,Product 82,42,82.39,3460.38
2025-11-28,SKU-094,Product 94,35,25.25,883.75
2025-08-24,SKU-030,Product 30,11,117.66,1294.26
2025-10-10,SKU-071,Product 71,32,41.39,1324.48
2026-01-02,SKU-028,Product 28,40,68.24,2729.6
2025-03-27,SKU-025,Product 25,15,126.63,1899.45
2025-08-28,SKU-066,Product 66,17,50.43,857.31
2025-09-30,SKU-012,Product 12,14,112.29,1572.06
2026-06-04,SKU-048,Product 48,22,18.02,396.44
2026-05-20,SKU-095,Product 95,14,77.08,1079.12
2025-05-21,SKU-053,Product 53,19,11.29,214.51
2025-08-10,SKU-008,Product 8,6,38.61,231.66
2025-11-30,SKU-066,Product 66,8,50.43,403.44
2025-09-19,SKU-096,Product 96,16,57.25,916.0
2026-01-20,SKU-087,Product 87,35,123.31,4315.85
2026-03-25,SKU-042,Product 42,13,42.29,549.77
2026-01-16,SKU-038,Product 38,20,30.86,617.2
2026-05-07,SKU-017,Product 17,31,88.02,2728.62
2025-12-22,SKU-014,Product 14,19,51.74,983.06
2026-01-02,SKU-038,Product 38,2,30.86,61.72
2025-04-14,SKU-055,Product 55,10,53.76,537.6
2025-05-20,SKU-031,Product 31,20,52.96,1059.2
2026-04-30,SKU-076,Product 76,17,5.46,92.82
2025-06-08,SKU-064,Product 64,1,117.63,117.63
2026-04-10,SKU-019,Product 19,40,83.88,3355.2
2026-05-01,SKU-085,Product 85,45,53.4,2403.0
2026-01-26,SKU-015,Product 15,45,98.54,4434.3
2026-04-22,SKU-094,Product 94,17,25.25,429.25
2025-07-24,SKU-058,Product 58,24,122.59,2942.16
2025-11-16,SKU-001,Product 1,31,133.59,4141.29
2025-01-21,SKU-078,Product 78,12,23.81,285.72
2025-01-31,SKU-030,Product 30,8,117.66,941.28
2026-02-09,SKU-045,Product 45,3,80.28,240.84
2025-08-22,SKU-062,Product 62,11,40.67,447.37
2026-04-30,SKU-049,Product 49,38,6.44,244.72
2025-08-24,SKU-032,Product 32,24,97.86,2348.64
2025-03-18,SKU-072,Product 72,13,108.25,1407.25
2025-03-17,SKU-026,Product 26,18,66.33,1193.94
2025-05-14,SKU-072,Product 72,20,108.25,2165.0
2026-03-18,SKU-075,Product 75,29,13.71,397.59
2026-04-18,SKU-076,Product 76,20,5.46,109.2
2026-03-14,SKU-100,Product 100,6,56.59,339.54
2025-11-11,SKU-053,Product 53,2,11.29,22.58
2025-06-08,SKU-082,Product 82,1,82.39,82.39
2025-09-08,SKU-020,Product 20,6,89.85,539.1
2025-01-05,SKU-087,Product 87,13,123.31,1603.03
2025-04-22,SKU-017,Product 17,3,88.02,264.06
2025-05-20,SKU-064,Product 64,12,117.63,1411.56
2026-06-06,SKU-029,Product 29,44,43.36,1907.84
2025-03-07,SKU-091,Product 91,9,12.64,113.76
2025-04-11,SKU-033,Product 33,3,53.43,160.29
2025-06-19,SKU-003,Product 3,16,70.92,1134.72
2025-08-08,SKU-041,Product 41,6,33.9,203.4
2026-07-03,SKU-095,Product 95,53,77.08,4085.24
2025-10-04,SKU-045,Product 45,14,80.28,1123.92
2025-09-09,SKU-095,Product 95,23,77.08,1772.84
2025-10-31,SKU-082,Product 82,12,82.39,988.68
2026-05-03,SKU-002,Product 2,3,116.06,348.18
2025-08-05,SKU-014,Product 14,25,51.74,1293.5
2025-11-03,SKU-064,Product 64,2,117.63,235.26
2026-01-30,SKU-008,Product 8,12,38.61,463.32
2025-10-15,SKU-061,Product 61,27,141.95,3832.65
2025-08-18,SKU-059,Product 59,17,143.98,2447.66
2026-04-08,SKU-043,Product 43,47,124.39,5846.33
2026-06-19,SKU-034,Product 34,3,133.9,401.7
2026-01-01,SKU-065,Product 65,31,29.77,922.87
2025-06-08,SKU-040,Product 40,25,20.93,523.25
2026-05-04,SKU-066,Product 66,42,50.43,2118.06
2025-02-06,SKU-098,Product 98,1,5.2,5.2
2025-10-08,SKU-034,Product 34,4,133.9,535.6
2025-11-15,SKU-081,Product 81,39,66.67,2600.13
2025-03-23,SKU-058,Product 58,5,122.59,612.95
2026-02-15,SKU-006,Product 6,25,16.92,423.0
2026-02-19,SKU-071,Product 71,15,41.39,620.85
2025-07-02,SKU-073,Product 73,19,120.54,2290.26
2025-09-06,SKU-017,Product 17,20,88.02,1760.4
2025-01-23,SKU-034,Product 34,10,133.9,1339.0
2026-06-13,SKU-013,Product 13,41,106.67,4373.47
2026-04-20,SKU-070,Product 70,13,38.61,501.93
2025-02-22,SKU-033,Product 33,1,53.43,53.43
2025-03-15,SKU-039,Product 39,13,9.81,127.53
2026-04-16,SKU-077,Product 77,3,62.14,186.42
2026-05-29,SKU-069,Product 69,3,113.3,339.9
2026-06-09,SKU-084,Product 84,26,108.64,2824.64
2025-12-31,SKU-017,Product 17,34,88.02,2992.68
2025-12-29,SKU-022,Product 22,8,59.25,474.0
2026-06-13,SKU-096,Product 96,3,57.25,171.75
2025-10-11,SKU-092,Product 92,24,131.65,3159.6
2025-11-04,SKU-002,Product 2,10,116.06,1160.6
2026-04-30,SKU-038,Product 38,7,30.86,216.02
2025-05-23,SKU-006,Product 6,26,16.92,439.92
2026-06-27,SKU-008,Product 8,57,38.61,2200.77
2026-05-08,SKU-073,Product 73,24,120.54,2892.96
2026-04-12,SKU-038,Product 38,41,30.86,1265.26
2025-02-19,SKU-027,Product 27,6,15.58,93.48
2026-03-26,SKU-052,Product 52,20,79.76,1595.2
2025-04-19,SKU-012,Product 12,18,112.29,2021.22
2025-12-19,SKU-044,Product 44,33,14.73,486.09
2025-07-08,SKU-042,Product 42,23,42.29,972.67
2026-04-19,SKU-016,Product 16,38,128.07,4866.66
2025-10-20,SKU-004,Product 4,12,70.1,841.2
2025-10-12,SKU-098,Product 98,24,5.2,124.8
2026-06-11,SKU-053,Product 53,44,11.29,496.76
2025-12-07,SKU-014,Product 14,13,51.74,672.62
2026-03-17,SKU-049,Product 49,19,6.44,122.36
2026-02-23,SKU-066,Product 66,31,50.43,1563.33
2025-02-26,SKU-023,Product 23,14,129.88,1818.32
2025-08-29,SKU-004,Product 4,17,70.1,1191.7
2026-03-15,SKU-083,Product 83,32,134.11,4291.52
2025-07-30,SKU-086,Product 86,8,117.55,940.4
2026-01-18,SKU-093,Product 93,44,41.04,1805.76
2025-04-26,SKU-009,Product 9,15,33.35,500.25
2026-01-17,SKU-028,Product 28,38,68.24,2593.12
2025-09-10,SKU-045,Product 45,34,80.28,2729.52
2025-12-20,SKU-020,Product 20,5,89.85,449.25
2026-02-23,SKU-042,Product 42,25,42.29,1057.25
2026-06-18,SKU-042,Product 42,45,42.29,1903.05
2026-05-18,SKU-099,Product 99,50,48.68,2434.0
2026-01-28,SKU-073,Product 73,45,120.54,5424.3
2026-04-09,SKU-020,Product 20,40,89.85,3594.0
2025-11-15,SKU-022,Product 22,10,59.25,592.5
2025-12-09,SKU-011,Product 11,30,77.13,2313.9
2026-03-18,SKU-011,Product 11,26,77.13,2005.38
2025-12-09,SKU-012,Product 12,36,112.29,4042.44
2025-06-02,SKU-018,Product 18,26,89.39,2324.14
2026-04-30,SKU-057,Product 57,49,27.94,1369.06
2025-07-31,SKU-019,Product 19,14,83.88,1174.32
2026-04-09,SKU-072,Product 72,30,108.25,3247.5
2026-02-14,SKU-086,Product 86,9,117.55,1057.95
2025-03-09,SKU-086,Product 86,16,117.55,1880.8
2025-03-02,SKU-042,Product 42,7,42.29,296.03
2025-06-10,SKU-086,Product 86,5,117.55,587.75
2025-08-01,SKU-053,Product 53,4,11.29,45.16
2026-01-31,SKU-095,Product 95,33,77.08,2543.64
2025-01-06,SKU-076,Product 76,4,5.46,21.84
2026-07-13,SKU-090,Product 90,31,41.98,1301.38
2025-05-19,SKU-067,Product 67,20,99.67,1993.4
2025-03-15,SKU-086,Product 86,20,117.55,2351.0
2025-09-23,SKU-090,Product 90,30,41.98,1259.4
2025-06-02,SKU-080,Product 80,21,14.32,300.72
2025-06-19,SKU-030,Product 30,1,117.66,117.66
2025-12-22,SKU-053,Product 53,42,11.29,474.18
2026-01-15,SKU-040,Product 40,20,20.93,418.6
2026-05-15,SKU-050,Product 50,21,42.38,889.98
2025-06-13,SKU-013,Product 13,12,106.67,1280.04
2025-01-26,SKU-054,Product 54,6,85.15,510.9
2025-11-02,SKU-010,Product 10,5,84.95,424.75
2026-03-17,SKU-089,Product 89,23,62.65,1440.95
2025-01-03,SKU-047,Product 47,10,38.43,384.3
2025-09-17,SKU-013,Product 13,7,106.67,746.69
2025-06-22,SKU-016,Product 16,20,128.07,2561.4
2026-01-31,SKU-064,Product 64,33,117.63,3881.79
2026-05-25,SKU-001,Product 1,3,133.59,400.77
2025-08-29,SKU-013,Product 13,13,106.67,1386.71
2026-06-24,SKU-076,Product 76,26,5.46,141.96
2025-08-03,SKU-067,Product 67,12,99.67,1196.04
2026-04-24,SKU-062,Product 62,52,40.67,2114.84
2026-04-10,SKU-085,Product 85,47,53.4,2509.8
2025-04-11,SKU-078,Product 78,22,23.81,523.82
2026-07-15,SKU-048,Product 48,39,18.02,702.78
2026-03-18,SKU-051,Product 51,46,104.22,4794.12
2025-02-09,SKU-098,Product 98,4,5.2,20.8
2025-12-09,SKU-076,Product 76,22,5.46,120.12
2025-05-15,SKU-017,Product 17,8,88.02,704.16
2025-04-15,SKU-046,Product 46,3,105.52,316.56
2026-06-01,SKU-044,Product 44,25,14.73,368.25
2025-11-11,SKU-098,Product 98,31,5.2,161.2
2025-12-18,SKU-018,Product 18,2,89.39,178.78
2025-06-05,SKU-026,Product 26,27,66.33,1790.91
2025-06-04,SKU-005,Product 5,27,112.77,3044.79
2025-08-29,SKU-089,Product 89,29,62.65,1816.85
2026-01-02,SKU-051,Product 51,17,104.22,1771.74
2025-10-29,SKU-001,Product 1,2,133.59,267.18
2026-01-21,SKU-099,Product 99,45,48.68,2190.6
2026-01-28,SKU-039,Product 39,9,9.81,88.29
2026-02-17,SKU-039,Product 39,18,9.81,176.58
2025-04-22,SKU-031,Product 31,22,52.96,1165.12
2026-03-13,SKU-016,Product 16,42,128.07,5378.94
2025-12-07,SKU-048,Product 48,13,18.02,234.26
2025-04-26,SKU-069,Product 69,19,113.3,2152.7
2025-08-04,SKU-011,Product 11,4,77.13,308.52
2025-11-07,SKU-075,Product 75,5,13.71,68.55
2025-04-24,SKU-078,Product 78,20,23.81,476.2
2026-01-08,SKU-034,Product 34,17,133.9,2276.3
2025-06-13,SKU-090,Product 90,24,41.98,1007.52
2026-03-30,SKU-006,Product 6,26,16.92,439.92
2025-11-26,SKU-083,Product 83,2,134.11,268.22
2025-11-24,SKU-060,Product 60,29,70.14,2034.06
2026-06-08,SKU-068,Product 68,14,65.88,922.32
2025-06-30,SKU-018,Product 18,17,89.39,1519.63
2025-01-25,SKU-006,Product 6,15,16.92,253.8
2025-07-28,SKU-086,Product 86,27,117.55,3173.85
2026-04-17,SKU-018,Product 18,3,89.39,268.17
2026-03-24,SKU-099,Product 99,49,48.68,2385.32
2025-04-19,SKU-016,Product 16,1,128.07,128.07
2025-06-17,SKU-019,Product 19,9,83.88,754.92
2026-04-08,SKU-074,Product 74,44,102.79,4522.76
2025-05-06,SKU-067,Product 67,24,99.67,2392.08
2026-03-01,SKU-027,Product 27,9,15.58,140.22
2026-02-03,SKU-031,Product 31,9,52.96,476.64
2025-07-18,SKU-030,Product 30,6,117.66,705.96
2025-01-28,SKU-041,Product 41,3,33.9,101.7
2025-08-11,SKU-011,Product 11,12,77.13,925.56
2026-04-05,SKU-028,Product 28,27,68.24,1842.48
2025-08-09,SKU-082,Product 82,23,82.39,1894.97
2026-07-03,SKU-086,Product 86,19,117.55,2233.45
2025-10-14,SKU-050,Product 50,19,42.38,805.22
2026-04-03,SKU-068,Product 68,47,65.88,3096.36
2026-01-31,SKU-039,Product 39,39,9.81,382.59
2025-02-22,SKU-043,Product 43,1,124.39,124.39
2025-01-10,SKU-073,Product 73,2,120.54,241.08
2026-03-31,SKU-031,Product 31,43,52.96,2277.28
2025-06-22,SKU-056,Product 56,15,140.51,2107.65
2025-05-03,SKU-099,Product 99,11,48.68,535.48
2026-07-03,SKU-058,Product 58,23,122.59,2819.57
2026-04-27,SKU-098,Product 98,3,5.2,15.6
2026-03-05,SKU-069,Product 69,29,113.3,3285.7
2026-01-11,SKU-060,Product 60,5,70.14,350.7
2026-05-04,SKU-079,Product 79,49,39.06,1913.94
2026-02-28,SKU-033,Product 33,25,53.43,1335.75
2026-01-11,SKU-093,Product 93,35,41.04,1436.4
2025-02-23,SKU-015,Product 15,1,98.54,98.54
2026-04-30,SKU-078,Product 78,42,23.81,1000.02
2025-05-01,SKU-076,Product 76,19,5.46,103.74
2025-06-30,SKU-026,Product 26,1,66.33,66.33
2026-04-27,SKU-002,Product 2,35,116.06,4062.1
2025-08-04,SKU-046,Product 46,12,105.52,1266.24
2026-06-30,SKU-056,Product 56,57,140.51,8009.07
2026-04-13,SKU-097,Product 97,30,45.27,1358.1
2025-11-04,SKU-004,Product 4,33,70.1,2313.3
2026-02-14,SKU-039,Product 39,25,9.81,245.25
2025-12-12,SKU-017,Product 17,33,88.02,2904.66
2026-07-21,SKU-085,Product 85,51,53.4,2723.4
2025-01-18,SKU-012,Product 12,3,112.29,336.87
2025-01-22,SKU-093,Product 93,12,41.04,492.48
2025-12-22,SKU-061,Product 61,39,141.95,5536.05
2025-12-01,SKU-094,Product 94,2,25.25,50.5
2026-05-24,SKU-092,Product 92,43,131.65,5660.95
2025-04-10,SKU-058,Product 58,12,122.59,1471.08
2025-12-25,SKU-004,Product 4,31,70.1,2173.1
2026-04-14,SKU-084,Product 84,37,108.64,4019.68
2025-08-08,SKU-084,Product 84,19,108.64,2064.16
2026-05-01,SKU-083,Product 83,24,134.11,3218.64
2025-12-27,SKU-049,Product 49,31,6.44,199.64
2026-01-23,SKU-001,Product 1,39,133.59,5210.01
2026-05-13,SKU-061,Product 61,3,141.95,425.85
2025-03-21,SKU-078,Product 78,2,23.81,47.62
2025-06-11,SKU-040,Product 40,14,20.93,293.02
2026-01-02,SKU-034,Product 34,37,133.9,4954.3
2025-09-02,SKU-092,Product 92,6,131.65,789.9
2025-07-04,SKU-019,Product 19,11,83.88,922.68
2026-06-23,SKU-024,Product 24,41,109.76,4500.16
2025-10-30,SKU-047,Product 47,7,38.43,269.01
2025-11-14,SKU-090,Product 90,29,41.98,1217.42
2025-10-26,SKU-064,Product 64,15,117.63,1764.45
2025-08-27,SKU-032,Product 32,13,97.86,1272.18
2026-07-20,SKU-053,Product 53,47,11.29,530.63
2026-01-11,SKU-068,Product 68,23,65.88,1515.24
2025-08-22,SKU-026,Product 26,6,66.33,397.98
2025-02-24,SKU-015,Product 15,19,98.54,1872.26
2025-08-28,SKU-034,Product 34,13,133.9,1740.7
2026-07-28,SKU-056,Product 56,11,140.51,1545.61
2025-11-05,SKU-087,Product 87,39,123.31,4809.09
2025-05-01,SKU-057,Product 57,3,27.94,83.82
2025-01-28,SKU-042,Product 42,15,42.29,634.35
2025-08-15,SKU-024,Product 24,21,109.76,2304.96
2025-04-06,SKU-027,Product 27,22,15.58,342.76
2025-05-22,SKU-080,Product 80,3,14.32,42.96
2026-05-21,SKU-057,Product 57,14,27.94,391.16
2025-03-25,SKU-051,Product 51,4,104.22,416.88
2025-10-14,SKU-010,Product 10,14,84.95,1189.3
2025-12-31,SKU-064,Product 64,20,117.63,2352.6
2025-12-27,SKU-039,Product 39,37,9.81,362.97
2025-03-21,SKU-047,Product 47,12,38.43,461.16
2026-07-12,SKU-072,Product 72,3,108.25,324.75
2025-08-19,SKU-047,Product 47,15,38.43,576.45
2026-05-24,SKU-026,Product 26,18,66.33,1193.94
2026-01-01,SKU-043,Product 43,2,124.39,248.78
2025-05-18,SKU-076,Product 76,6,5.46,32.76
2025-08-15,SKU-048,Product 48,8,18.02,144.16
2026-06-04,SKU-002,Product 2,40,116.06,4642.4
2025-02-22,SKU-086,Product 86,6,117.55,705.3
2025-01-03,SKU-015,Product 15,13,98.54,1281.02
2026-03-29,SKU-097,Product 97,50,45.27,2263.5
2025-05-29,SKU-054,Product 54,26,85.15,2213.9
2026-05-21,SKU-098,Product 98,29,5.2,150.8
2026-07-10,SKU-017,Product 17,23,88.02,2024.46
2026-02-18,SKU-063,Product 63,34,85.06,2892.04
2026-07-23,SKU-029,Product 29,55,43.36,2384.8
2026-05-10,SKU-058,Product 58,21,122.59,2574.39
2026-07-19,SKU-054,Product 54,19,85.15,1617.85
2026-04-14,SKU-020,Product 20,48,89.85,4312.8
2026-06-09,SKU-064,Product 64,33,117.63,3881.79
2025-02-01,SKU-071,Product 71,8,41.39,331.12
2026-06-23,SKU-058,Product 58,3,122.59,367.77
2025-09-15,SKU-048,Product 48,21,18.02,378.42
2026-03-03,SKU-016,Product 16,48,128.07,6147.36
2025-04-14,SKU-028,Product 28,15,68.24,1023.6
2025-12-05,SKU-077,Product 77,13,62.14,807.82
2026-07-04,SKU-088,Product 88,7,65.71,459.97
2026-01-29,SKU-058,Product 58,39,122.59,4781.01
2026-02-11,SKU-020,Product 20,24,89.85,2156.4
2025-09-19,SKU-032,Product 32,7,97.86,685.02
2025-05-07,SKU-056,Product 56,1,140.51,140.51
2026-01-17,SKU-020,Product 20,29,89.85,2605.65
2025-06-14,SKU-007,Product 7,25,81.18,2029.5
2025-06-09,SKU-058,Product 58,27,122.59,3309.93
2025-01-30,SKU-009,Product 9,17,33.35,566.95
2026-04-20,SKU-099,Product 99,51,48.68,2482.68
2025-03-26,SKU-052,Product 52,15,79.76,1196.4
2025-02-02,SKU-049,Product 49,6,6.44,38.64
2025-01-16,SKU-099,Product 99,1,48.68,48.68
2025-12-24,SKU-002,Product 2,25,116.06,2901.5
2025-01-03,SKU-047,Product 47,8,38.43,307.44
2026-04-04,SKU-061,Product 61,30,141.95,4258.5
2026-05-26,SKU-058,Product 58,32,122.59,3922.88
2025-07-14,SKU-044,Product 44,20,14.73,294.6
2025-01-26,SKU-084,Product 84,11,108.64,1195.04
2025-10-06,SKU-035,Product 35,29,42.05,1219.45
2026-05-10,SKU-008,Product 8,21,38.61,810.81
2026-05-29,SKU-010,Product 10,14,84.95,1189.3
2026-01-23,SKU-034,Product 34,21,133.9,2811.9
2026-01-30,SKU-087,Product 87,18,123.31,2219.58
2025-02-28,SKU-082,Product 82,13,82.39,1071.07
2025-06-07,SKU-051,Product 51,12,104.22,1250.64
2025-10-12,SKU-001,Product 1,19,133.59,2538.21
2026-06-19,SKU-060,Product 60,30,70.14,2104.2
2025-05-01,SKU-094,Product 94,6,25.25,151.5
2025-07-14,SKU-080,Product 80,30,14.32,429.6
2026-07-31,SKU-077,Product 77,31,62.14,1926.34
2026-01-23,SKU-053,Product 53,3,11.29,33.87
2025-09-08,SKU-092,Product 92,25,131.65,3291.25
2025-10-05,SKU-007,Product 7,36,81.18,2922.48
2025-10-02,SKU-070,Product 70,4,38.61,154.44
2026-06-10,SKU-053,Product 53,29,11.29,327.41
2026-04-30,SKU-011,Product 11,49,77.13,3779.37
2025-02-02,SKU-089,Product 89,16,62.65,1002.4
2025-12-19,SKU-072,Product 72,2,108.25,216.5
2025-04-04,SKU-058,Product 58,2,122.59,245.18
2026-03-11,SKU-015,Product 15,9,98.54,886.86
2025-05-22,SKU-045,Product 45,12,80.28,963.36
2026-04-22,SKU-074,Product 74,24,102.79,2466.96
2026-06-11,SKU-018,Product 18,52,89.39,4648.28
2025-04-10,SKU-010,Product 10,9,84.95,764.55
2026-03-06,SKU-038,Product 38,38,30.86,1172.68
2026-05-16,SKU-052,Product 52,43,79.76,3429.68
2026-03-01,SKU-020,Product 20,25,89.85,2246.25
2025-12-27,SKU-054,Product 54,5,85.15,425.75
2025-11-14,SKU-002,Product 2,21,116.06,2437.26
2026-02-03,SKU-054,Product 54,46,85.15,3916.9
2026-01-03,SKU-081,Product 81,29,66.67,1933.43
2026-05-28,SKU-079,Product 79,32,39.06,1249.92
2025-08-09,SKU-058,Product 58,32,122.59,3922.88
2026-04-21,SKU-011,Product 11,17,77.13,1311.21
2026-01-30,SKU-042,Product 42,3,42.29,126.87
2025-02-15,SKU-001,Product 1,7,133.59,935.13
2025-07-19,SKU-042,Product 42,30,42.29,1268.7
2025-04-28,SKU-023,Product 23,3,129.88,389.64
2026-02-10,SKU-036,Product 36,15,130.42,1956.3
2025-08-01,SKU-094,Product 94,4,25.25,101.0
2025-03-24,SKU-062,Product 62,19,40.67,772.73
2026-05-24,SKU-019,Product 19,7,83.88,587.16
2026-02-12,SKU-039,Product 39,31,9.81,304.11
2025-10-28,SKU-042,Product 42,12,42.29,507.48
2025-02-20,SKU-061,Product 61,1,141.95,141.95
2026-03-06,SKU-098,Product 98,29,5.2,150.8
2026-03-15,SKU-037,Product 37,45,83.51,3757.95
2025-11-16,SKU-017,Product 17,15,88.02,1320.3
2025-08-28,SKU-078,Product 78,31,23.81,738.11
2026-07-11,SKU-082,Product 82,50,82.39,4119.5
2026-02-22,SKU-086,Product 86,34,117.55,3996.7
2026-01-17,SKU-065,Product 65,44,29.77,1309.88
2025-05-10,SKU-029,Product 29,1,43.36,43.36
2025-07-31,SKU-017,Product 17,14,88.02,1232.28
2025-10-08,SKU-037,Product 37,17,83.51,1419.67
2026-02-08,SKU-025,Product 25,24,126.63,3039.12
2025-01-07,SKU-074,Product 74,13,102.79,1336.27
2026-06-25,SKU-031,Product 31,15,52.96,794.4
2026-05-10,SKU-006,Product 6,35,16.92,592.2
2025-11-08,SKU-002,Product 2,10,116.06,1160.6
2025-03-01,SKU-071,Product 71,14,41.39,579.46
2025-05-26,SKU-095,Product 95,14,77.08,1079.12
2026-07-02,SKU-062,Product 62,7,40.67,284.69
2025-12-22,SKU-073,Product 73,42,120.54,5062.68
2026-06-26,SKU-076,Product 76,22,5.46,120.12
2025-09-15,SKU-026,Product 26,14,66.33,928.62
2025-02-08,SKU-007,Product 7,7,81.18,568.26
2025-12-01,SKU-098,Product 98,35,5.2,182.0
2026-05-17,SKU-006,Product 6,50,16.92,846.0
2025-02-25,SKU-016,Product 16,16,128.07,2049.12
2025-11-11,SKU-078,Product 78,34,23.81,809.54
2025-08-30,SKU-021,Product 21,24,71.49,1715.76
2026-01-28,SKU-006,Product 6,36,16.92,609.12
2025-03-05,SKU-076,Product 76,10,5.46,54.6
2025-05-13,SKU-065,Product 65,6,29.77,178.62
2025-06-26,SKU-061,Product 61,5,141.95,709.75
2026-05-13,SKU-050,Product 50,10,42.38,423.8
2026-03-22,SKU-077,Product 77,3,62.14,186.42
2025-02-02,SKU-056,Product 56,9,140.51,1264.59
2026-01-01,SKU-100,Product 100,2,56.59,113.18
2026-02-28,SKU-068,Product 68,3,65.88,197.64
2025-03-18,SKU-079,Product 79,2,39.06,78.12
2026-01-22,SKU-042,Product 42,18,42.29,761.22
2025-01-15,SKU-059,Product 59,8,143.98,1151.84
2026-05-30,SKU-013,Product 13,11,106.67,1173.37
2025-12-01,SKU-052,Product 52,21,79.76,1674.96
2026-03-03,SKU-025,Product 25,45,126.63,5698.35
2025-08-15,SKU-047,Product 47,15,38.43,576.45
2025-10-31,SKU-070,Product 70,12,38.61,463.32
2026-01-17,SKU-006,Product 6,32,16.92,541.44
2025-05-11,SKU-022,Product 22,25,59.25,1481.25
2025-10-19,SKU-066,Product 66,25,50.43,1260.75
2025-04-27,SKU-015,Product 15,11,98.54,1083.94
2026-06-11,SKU-087,Product 87,18,123.31,2219.58
2025-03-11,SKU-060,Product 60,20,70.14,1402.8
2025-11-03,SKU-027,Product 27,2,15.58,31.16
2025-02-10,SKU-084,Product 84,4,108.64,434.56
2026-05-06,SKU-020,Product 20,14,89.85,1257.9
2026-06-30,SKU-085,Product 85,34,53.4,1815.6
2025-03-03,SKU-035,Product 35,18,42.05,756.9
2025-08-19,SKU-016,Product 16,10,128.07,1280.7
2025-05-23,SKU-036,Product 36,12,130.42,1565.04
2026-05-14,SKU-080,Product 80,35,14.32,501.2
2026-07-11,SKU-021,Product 21,27,71.49,1930.23
2026-02-15,SKU-062,Product 62,31,40.67,1260.77
2025-04-18,SKU-019,Product 19,4,83.88,335.52
2026-05-27,SKU-090,Product 90,29,41.98,1217.42
2025-01-04,SKU-060,Product 60,8,70.14,561.12
2025-05-21,SKU-072,Product 72,8,108.25,866.0
2025-10-20,SKU-036,Product 36,30,130.42,3912.6
2025-10-06,SKU-071,Product 71,2,41.39,82.78
2025-06-26,SKU-017,Product 17,22,88.02,1936.44
2025-12-23,SKU-081,Product 81,17,66.67,1133.39
2026-07-21,SKU-047,Product 47,23,38.43,883.89
2025-06-12,SKU-097,Product 97,23,45.27,1041.21
2025-05-05,SKU-045,Product 45,21,80.28,1685.88
2026-07-02,SKU-038,Product 38,57,30.86,1759.02
2025-10-11,SKU-094,Product 94,9,25.25,227.25
2025-08-19,SKU-082,Product 82,15,82.39,1235.85
2025-04-16,SKU-064,Product 64,7,117.63,823.41
2026-05-10,SKU-033,Product 33,46,53.43,2457.78
2025-10-21,SKU-015,Product 15,25,98.54,2463.5
2025-07-09,SKU-060,Product 60,5,70.14,350.7
2025-04-12,SKU-069,Product 69,6,113.3,679.8
2026-01-13,SKU-045,Product 45,2,80.28,160.56
2025-02-23,SKU-009,Product 9,10,33.35,333.5
2025-11-21,SKU-002,Product 2,18,116.06,2089.08
2025-10-30,SKU-047,Product 47,23,38.43,883.89
2025-07-14,SKU-017,Product 17,30,88.02,2640.6
2026-05-04,SKU-071,Product 71,38,41.39,1572.82
2025-09-08,SKU-093,Product 93,18,41.04,738.72
2026-05-14,SKU-075,Product 75,3,13.71,41.13
2025-11-03,SKU-087,Product 87,31,123.31,3822.61
2026-07-29,SKU-094,Product 94,43,25.25,1085.75
2025-06-17,SKU-038,Product 38,7,30.86,216.02
2025-07-12,SKU-036,Product 36,7,130.42,912.94
2026-06-26,SKU-093,Product 93,15,41.04,615.6
2025-05-24,SKU-051,Product 51,10,104.22,1042.2
2025-04-03,SKU-051,Product 51,7,104.22,729.54
2025-09-09,SKU-056,Product 56,11,140.51,1545.61
2026-04-17,SKU-008,Product 8,37,38.61,1428.57
2025-08-19,SKU-027,Product 27,6,15.58,93.48
2026-05-28,SKU-095,Product 95,10,77.08,770.8
2025-10-10,SKU-055,Product 55,32,53.76,1720.32
2025-09-24,SKU-010,Product 10,21,84.95,1783.95
2025-07-28,SKU-045,Product 45,18,80.28,1445.04
2026-01-08,SKU-058,Product 58,38,122.59,4658.42
2026-01-11,SKU-020,Product 20,29,89.85,2605.65
2025-01-02,SKU-049,Product 49,15,6.44,96.6
2025-12-21,SKU-030,Product 30,25,117.66,2941.5
2026-07-21,SKU-050,Product 50,43,42.38,1822.34
2025-06-02,SKU-021,Product 21,21,71.49,1501.29
2025-10-24,SKU-067,Product 67,2,99.67,199.34
2026-05-28,SKU-100,Product 100,25,56.59,1414.75
2025-03-22,SKU-093,Product 93,14,41.04,574.56
2026-07-04,SKU-034,Product 34,23,133.9,3079.7
2025-08-19,SKU-044,Product 44,4,14.73,58.92
2026-06-26,SKU-077,Product 77,11,62.14,683.54
2025-02-22,SKU-099,Product 99,3,48.68,146.04
2025-12-30,SKU-084,Product 84,25,108.64,2716.0
2025-08-13,SKU-080,Product 80,32,14.32,458.24
2026-07-12,SKU-037,Product 37,46,83.51,3841.46
2026-05-09,SKU-075,Product 75,10,13.71,137.1
2025-05-21,SKU-027,Product 27,5,15.58,77.9
2026-05-14,SKU-002,Product 2,46,116.06,5338.76
2026-03-28,SKU-034,Product 34,20,133.9,2678.0
2026-01-14,SKU-034,Product 34,35,133.9,4686.5
2025-04-21,SKU-056,Product 56,12,140.51,1686.12
2025-10-02,SKU-034,Product 34,36,133.9,4820.4
2026-07-20,SKU-065,Product 65,7,29.77,208.39
2025-07-05,SKU-012,Product 12,23,112.29,2582.67
2025-05-20,SKU-027,Product 27,13,15.58,202.54
2025-09-13,SKU-017,Product 17,27,88.02,2376.54
2025-09-08,SKU-059,Product 59,27,143.98,3887.46
2026-02-09,SKU-021,Product 21,37,71.49,2645.13
2025-02-05,SKU-035,Product 35,7,42.05,294.35
2026-01-03,SKU-036,Product 36,8,130.42,1043.36
2025-01-03,SKU-095,Product 95,13,77.08,1002.04
2025-11-04,SKU-018,Product 18,20,89.39,1787.8
2026-03-14,SKU-076,Product 76,42,5.46,229.32
2025-06-11,SKU-093,Product 93,27,41.04,1108.08
2025-03-11,SKU-076,Product 76,14,5.46,76.44
2026-05-10,SKU-067,Product 67,14,99.67,1395.38
2025-06-01,SKU-063,Product 63,10,85.06,850.6
2025-09-26,SKU-069,Product 69,33,113.3,3738.9
2025-09-11,SKU-046,Product 46,13,105.52,1371.76
2025-05-30,SKU-096,Product 96,8,57.25,458.0
2026-02-23,SKU-020,Product 20,9,89.85,808.65
2025-02-14,SKU-043,Product 43,8,124.39,995.12
2026-03-10,SKU-084,Product 84,6,108.64,651.84
2026-01-05,SKU-062,Product 62,8,40.67,325.36
2026-02-27,SKU-032,Product 32,12,97.86,1174.32
2025-07-08,SKU-022,Product 22,3,59.25,177.75
2026-07-05,SKU-048,Product 48,30,18.02,540.6
2026-03-10,SKU-004,Product 4,39,70.1,2733.9
2026-02-07,SKU-056,Product 56,15,140.51,2107.65
2025-11-15,SKU-087,Product 87,29,123.31,3575.99
2026-02-07,SKU-087,Product 87,6,123.31,739.86
2025-05-09,SKU-040,Product 40,23,20.93,481.39
2025-09-09,SKU-094,Product 94,6,25.25,151.5
2025-03-02,SKU-003,Product 3,19,70.92,1347.48
2026-02-05,SKU-016,Product 16,40,128.07,5122.8
2026-05-20,SKU-001,Product 1,18,133.59,2404.62
2026-03-20,SKU-048,Product 48,26,18.02,468.52
2026-02-13,SKU-021,Product 21,3,71.49,214.47
2026-04-19,SKU-077,Product 77,27,62.14,1677.78
2026-05-28,SKU-037,Product 37,14,83.51,1169.14
2026-01-05,SKU-038,Product 38,11,30.86,339.46
2025-05-27,SKU-042,Product 42,8,42.29,338.32
2026-05-16,SKU-021,Product 21,43,71.49,3074.07
2025-10-14,SKU-051,Product 51,37,104.22,3856.14
2025-07-07,SKU-075,Product 75,13,13.71,178.23
2026-04-15,SKU-002,Product 2,34,116.06,3946.04
2026-03-28,SKU-082,Product 82,50,82.39,4119.5
2026-04-21,SKU-081,Product 81,3,66.67,200.01
2025-10-01,SKU-086,Product 86,19,117.55,2233.45
2025-06-15,SKU-050,Product 50,1,42.38,42.38
2025-01-25,SKU-068,Product 68,3,65.88,197.64
2025-06-19,SKU-010,Product 10,9,84.95,764.55
2025-05-30,SKU-074,Product 74,19,102.79,1953.01
2026-07-03,SKU-062,Product 62,3,40.67,122.01
2025-06-24,SKU-085,Product 85,17,53.4,907.8
2025-06-07,SKU-042,Product 42,3,42.29,126.87
2025-06-24,SKU-083,Product 83,9,134.11,1206.99
2025-09-07,SKU-085,Product 85,6,53.4,320.4
2026-07-21,SKU-089,Product 89,23,62.65,1440.95
2025-03-26,SKU-010,Product 10,21,84.95,1783.95
2025-12-21,SKU-070,Product 70,34,38.61,1312.74
2026-06-23,SKU-074,Product 74,34,102.79,3494.86
2025-01-19,SKU-031,Product 31,6,52.96,317.76
2026-06-01,SKU-067,Product 67,22,99.67,2192.74
2025-07-10,SKU-019,Product 19,23,83.88,1929.24
2025-05-01,SKU-034,Product 34,16,133.9,2142.4
2025-02-13,SKU-088,Product 88,13,65.71,854.23
2025-04-10,SKU-020,Product 20,9,89.85,808.65
2025-03-10,SKU-081,Product 81,16,66.67,1066.72
2025-12-08,SKU-088,Product 88,5,65.71,328.55
2026-01-24,SKU-092,Product 92,27,131.65,3554.55
2025-12-09,SKU-010,Product 10,13,84.95,1104.35
2025-03-20,SKU-086,Product 86,19,117.55,2233.45
2025-11-21,SKU-063,Product 63,2,85.06,170.12
2026-01-15,SKU-022,Product 22,8,59.25,474.0
2025-01-16,SKU-066,Product 66,14,50.43,706.02
2025-11-30,SKU-054,Product 54,10,85.15,851.5
2025-02-01,SKU-081,Product 81,2,66.67,133.34
2025-04-27,SKU-041,Product 41,19,33.9,644.1
2025-01-17,SKU-074,Product 74,5,102.79,513.95
2025-02-05,SKU-014,Product 14,14,51.74,724.36
2025-12-01,SKU-024,Product 24,16,109.76,1756.16
2025-10-13,SKU-095,Product 95,34,77.08,2620.72
2025-12-03,SKU-065,Product 65,5,29.77,148.85
2025-01-04,SKU-089,Product 89,9,62.65,563.85
2025-01-27,SKU-032,Product 32,9,97.86,880.74
2025-07-15,SKU-059,Product 59,24,143.98,3455.52
2025-05-04,SKU-090,Product 90,9,41.98,377.82
2026-03-23,SKU-035,Product 35,9,42.05,378.45
2025-04-16,SKU-047,Product 47,13,38.43,499.59
2026-04-19,SKU-030,Product 30,6,117.66,705.96
2026-05-30,SKU-065,Product 65,29,29.77,863.33
2025-09-27,SKU-008,Product 8,2,38.61,77.22
2025-08-21,SKU-077,Product 77,15,62.14,932.1
2026-03-10,SKU-079,Product 79,26,39.06,1015.56
2025-08-23,SKU-004,Product 4,33,70.1,2313.3
2026-04-13,SKU-067,Product 67,44,99.67,4385.48
2025-01-26,SKU-034,Product 34,12,133.9,1606.8
2025-12-25,SKU-063,Product 63,37,85.06,3147.22
2025-06-30,SKU-095,Product 95,29,77.08,2235.32
2026-06-03,SKU-002,Product 2,51,116.06,5919.06
2025-09-20,SKU-088,Product 88,30,65.71,1971.3
2026-06-10,SKU-007,Product 7,48,81.18,3896.64
2025-01-03,SKU-005,Product 5,1,112.77,112.77
2025-08-10,SKU-091,Product 91,23,12.64,290.72
2025-06-30,SKU-014,Product 14,9,51.74,465.66
2025-09-25,SKU-095,Product 95,28,77.08,2158.24
2025-05-05,SKU-048,Product 48,23,18.02,414.46
2025-11-09,SKU-045,Product 45,36,80.28,2890.08
2026-03-19,SKU-092,Product 92,19,131.65,2501.35
2025-07-23,SKU-043,Product 43,8,124.39,995.12
2026-05-08,SKU-017,Product 17,7,88.02,616.14
2025-02-04,SKU-003,Product 3,5,70.92,354.6
2026-07-28,SKU-060,Product 60,47,70.14,3296.58
2025-01-17,SKU-060,Product 60,7,70.14,490.98
2026-01-23,SKU-009,Product 9,42,33.35,1400.7
2025-08-14,SKU-018,Product 18,4,89.39,357.56
2026-06-25,SKU-049,Product 49,19,6.44,122.36
2025-02-13,SKU-074,Product 74,18,102.79,1850.22
2026-01-30,SKU-084,Product 84,21,108.64,2281.44
2025-05-28,SKU-026,Product 26,8,66.33,530.64
2025-11-04,SKU-048,Product 48,15,18.02,270.3
2025-01-17,SKU-001,Product 1,14,133.59,1870.26
2025-11-30,SKU-030,Product 30,32,117.66,3765.12
2026-05-26,SKU-076,Product 76,54,5.46,294.84
2026-04-29,SKU-058,Product 58,14,122.59,1716.26
2025-05-13,SKU-054,Product 54,1,85.15,85.15
2026-05-20,SKU-086,Product 86,32,117.55,3761.6
2025-07-27,SKU-063,Product 63,4,85.06,340.24
2026-01-10,SKU-002,Product 2,29,116.06,3365.74
2026-05-26,SKU-066,Product 66,43,50.43,2168.49
2025-01-04,SKU-055,Product 55,3,53.76,161.28
2025-03-27,SKU-060,Product 60,20,70.14,1402.8
2025-07-11,SKU-070,Product 70,25,38.61,965.25
2025-05-05,SKU-093,Product 93,8,41.04,328.32
2025-04-03,SKU-019,Product 19,17,83.88,1425.96
2025-08-24,SKU-095,Product 95,2,77.08,154.16
2026-03-04,SKU-094,Product 94,48,25.25,1212.0
2025-11-07,SKU-062,Product 62,36,40.67,1464.12
2025-04-27,SKU-028,Product 28,12,68.24,818.88
2025-06-17,SKU-045,Product 45,22,80.28,1766.16
2025-03-05,SKU-074,Product 74,11,102.79,1130.69
2025-12-20,SKU-055,Product 55,42,53.76,2257.92
2026-06-29,SKU-099,Product 99,30,48.68,1460.4
2025-08-19,SKU-094,Product 94,32,25.25,808.0
2026-06-02,SKU-073,Product 73,25,120.54,3013.5
2026-05-22,SKU-074,Product 74,7,102.79,719.53
2025-08-20,SKU-010,Product 10,11,84.95,934.45
2025-11-05,SKU-089,Product 89,23,62.65,1440.95
2025-10-29,SKU-002,Product 2,35,116.06,4062.1
2025-11-11,SKU-080,Product 80,21,14.32,300.72
2026-04-26,SKU-020,Product 20,17,89.85,1527.45
2025-08-14,SKU-076,Product 76,6,5.46,32.76
2025-02-20,SKU-011,Product 11,5,77.13,385.65
2025-01-26,SKU-032,Product 32,13,97.86,1272.18
2025-04-16,SKU-069,Product 69,12,113.3,1359.6
2025-08-25,SKU-090,Product 90,2,41.98,83.96
2025-12-15,SKU-037,Product 37,5,83.51,417.55
2025-10-07,SKU-091,Product 91,12,12.64,151.68
2026-07-21,SKU-003,Product 3,23,70.92,1631.16
2025-04-15,SKU-023,Product 23,16,129.88,2078.08
2025-11-28,SKU-093,Product 93,21,41.04,861.84
2026-01-25,SKU-036,Product 36,6,130.42,782.52
2026-04-03,SKU-094,Product 94,40,25.25,1010.0
2026-03-07,SKU-044,Product 44,38,14.73,559.74
2025-11-03,SKU-012,Product 12,33,112.29,3705.57
2025-03-28,SKU-060,Product 60,14,70.14,981.96
2026-04-01,SKU-045,Product 45,10,80.28,802.8
2025-05-28,SKU-026,Product 26,24,66.33,1591.92
2025-02-11,SKU-085,Product 85,12,53.4,640.8
2026-05-08,SKU-025,Product 25,49,126.63,6204.87
2025-05-26,SKU-088,Product 88,3,65.71,197.13
2025-11-28,SKU-063,Product 63,40,85.06,3402.4
2025-01-11,SKU-005,Product 5,4,112.77,451.08
2025-06-18,SKU-063,Product 63,26,85.06,2211.56
2025-12-21,SKU-074,Product 74,36,102.79,3700.44
2025-09-22,SKU-014,Product 14,16,51.74,827.84
2025-05-06,SKU-052,Product 52,6,79.76,478.56
2025-07-04,SKU-085,Product 85,29,53.4,1548.6
2025-08-16,SKU-073,Product 73,19,120.54,2290.26
2025-06-01,SKU-099,Product 99,5,48.68,243.4
2025-12-14,SKU-094,Product 94,39,25.25,984.75
2025-11-10,SKU-013,Product 13,2,106.67,213.34
2025-09-05,SKU-100,Product 100,31,56.59,1754.29
2026-06-11,SKU-065,Product 65,29,29.77,863.33
2025-11-05,SKU-096,Product 96,18,57.25,1030.5
2026-01-11,SKU-001,Product 1,11,133.59,1469.49
2025-10-30,SKU-035,Product 35,28,42.05,1177.4
2025-01-30,SKU-046,Product 46,16,105.52,1688.32
2025-05-04,SKU-088,Product 88,18,65.71,1182.78
2025-02-11,SKU-100,Product 100,15,56.59,848.85
2025-07-06,SKU-083,Product 83,15,134.11,2011.65
2026-05-21,SKU-069,Product 69,29,113.3,3285.7
2026-03-05,SKU-015,Product 15,48,98.54,4729.92
2026-05-12,SKU-018,Product 18,50,89.39,4469.5
2026-05-13,SKU-047,Product 47,46,38.43,1767.78
2025-05-24,SKU-046,Product 46,13,105.52,1371.76
2025-07-25,SKU-031,Product 31,10,52.96,529.6
2025-08-17,SKU-039,Product 39,17,9.81,166.77
2026-05-17,SKU-011,Product 11,36,77.13,2776.68
2025-03-15,SKU-075,Product 75,6,13.71,82.26
2025-10-17,SKU-030,Product 30,27,117.66,3176.82
2025-06-12,SKU-098,Product 98,18,5.2,93.6
2025-12-15,SKU-043,Product 43,11,124.39,1368.29
2025-10-29,SKU-073,Product 73,23,120.54,2772.42
2025-08-31,SKU-100,Product 100,33,56.59,1867.47
2026-05-15,SKU-074,Product 74,25,102.79,2569.75
2025-02-05,SKU-041,Product 41,13,33.9,440.7
2026-04-21,SKU-033,Product 33,52,53.43,2778.36
2025-11-27,SKU-071,Product 71,27,41.39,1117.53
2025-09-24,SKU-074,Product 74,28,102.79,2878.12
2025-10-30,SKU-096,Product 96,20,57.25,1145.0
2025-02-14,SKU-087,Product 87,12,123.31,1479.72
2025-11-04,SKU-005,Product 5,10,112.77,1127.7
2025-10-09,SKU-076,Product 76,7,5.46,38.22
2026-04-08,SKU-035,Product 35,3,42.05,126.15
2025-04-06,SKU-012,Product 12,5,112.29,561.45
2026-04-27,SKU-052,Product 52,3,79.76,239.28
2025-07-07,SKU-067,Product 67,15,99.67,1495.05
2025-04-06,SKU-057,Product 57,8,27.94,223.52
2025-04-26,SKU-028,Product 28,4,68.24,272.96
2025-12-22,SKU-091,Product 91,14,12.64,176.96
2025-01-24,SKU-005,Product 5,13,112.77,1466.01
2025-09-25,SKU-072,Product 72,23,108.25,2489.75
2026-03-15,SKU-025,Product 25,19,126.63,2405.97
2025-09-18,SKU-075,Product 75,23,13.71,315.33
2025-05-08,SKU-077,Product 77,9,62.14,559.26
2026-03-20,SKU-058,Product 58,42,122.59,5148.78
2026-02-06,SKU-001,Product 1,43,133.59,5744.37
2025-11-28,SKU-074,Product 74,21,102.79,2158.59
2025-02-22,SKU-035,Product 35,19,42.05,798.95
2026-04-23,SKU-010,Product 10,3,84.95,254.85
2026-07-11,SKU-009,Product 9,58,33.35,1934.3
2025-09-18,SKU-003,Product 3,28,70.92,1985.76
2025-03-06,SKU-007,Product 7,17,81.18,1380.06
2025-02-22,SKU-031,Product 31,10,52.96,529.6
2025-05-28,SKU-038,Product 38,14,30.86,432.04
2025-10-05,SKU-001,Product 1,2,133.59,267.18
2025-02-08,SKU-022,Product 22,13,59.25,770.25
2026-06-25,SKU-090,Product 90,15,41.98,629.7
2025-02-18,SKU-051,Product 51,13,104.22,1354.86
2025-10-27,SKU-013,Product 13,20,106.67,2133.4
2026-03-17,SKU-094,Product 94,16,25.25,404.0
2025-08-26,SKU-092,Product 92,2,131.65,263.3
2026-04-09,SKU-032,Product 32,30,97.86,2935.8
2026-04-27,SKU-060,Product 60,38,70.14,2665.32
2026-02-01,SKU-038,Product 38,33,30.86,1018.38
2026-04-24,SKU-021,Product 21,38,71.49,2716.62
2026-07-21,SKU-088,Product 88,59,65.71,3876.89
2026-05-31,SKU-004,Product 4,51,70.1,3575.1
2026-04-18,SKU-046,Product 46,41,105.52,4326.32
2025-05-10,SKU-082,Product 82,18,82.39,1483.02
2026-04-11,SKU-045,Product 45,44,80.28,3532.32
2025-05-01,SKU-009,Product 9,11,33.35,366.85
2026-06-09,SKU-035,Product 35,37,42.05,1555.85
2026-06-26,SKU-061,Product 61,45,141.95,6387.75
2026-01-02,SKU-083,Product 83,8,134.11,1072.88
2026-03-03,SKU-020,Product 20,19,89.85,1707.15
2025-03-23,SKU-058,Product 58,7,122.59,858.13
2026-03-27,SKU-060,Product 60,36,70.14,2525.04
2025-02-25,SKU-028,Product 28,9,68.24,614.16
2026-05-04,SKU-051,Product 51,42,104.22,4377.24
2026-03-10,SKU-025,Product 25,39,126.63,4938.57
2025-01-10,SKU-098,Product 98,8,5.2,41.6
2025-12-16,SKU-032,Product 32,22,97.86,2152.92
2025-08-23,SKU-056,Product 56,17,140.51,2388.67
2025-02-22,SKU-003,Product 3,8,70.92,567.36
2025-07-10,SKU-038,Product 38,19,30.86,586.34
2025-12-02,SKU-016,Product 16,38,128.07,4866.66
2025-02-26,SKU-066,Product 66,18,50.43,907.74
2025-05-04,SKU-096,Product 96,1,57.25,57.25
2025-06-29,SKU-060,Product 60,1,70.14,70.14
2025-01-26,SKU-018,Product 18,3,89.39,268.17
2025-04-14,SKU-028,Product 28,13,68.24,887.12
2026-06-20,SKU-025,Product 25,52,126.63,6584.76
2026-01-10,SKU-097,Product 97,26,45.27,1177.02
2025-05-11,SKU-068,Product 68,16,65.88,1054.08
2025-04-17,SKU-019,Product 19,21,83.88,1761.48
2026-03-31,SKU-024,Product 24,36,109.76,3951.36
2025-10-12,SKU-023,Product 23,12,129.88,1558.56
2026-05-12,SKU-055,Product 55,35,53.76,1881.6
2025-02-27,SKU-017,Product 17,16,88.02,1408.32
2026-01-09,SKU-097,Product 97,11,45.27,497.97
2025-09-23,SKU-084,Product 84,4,108.64,434.56
2025-08-10,SKU-056,Product 56,23,140.51,3231.73
2026-02-27,SKU-020,Product 20,9,89.85,808.65
2026-02-24,SKU-025,Product 25,19,126.63,2405.97
2025-04-26,SKU-093,Product 93,20,41.04,820.8
2026-05-23,SKU-079,Product 79,39,39.06,1523.34
2026-04-10,SKU-097,Product 97,6,45.27,271.62
2026-06-13,SKU-094,Product 94,22,25.25,555.5
2026-03-17,SKU-014,Product 14,6,51.74,310.44
2026-02-13,SKU-068,Product 68,24,65.88,1581.12
2026-02-05,SKU-015,Product 15,30,98.54,2956.2
2025-11-13,SKU-037,Product 37,31,83.51,2588.81
2026-02-23,SKU-016,Product 16,34,128.07,4354.38
2026-07-10,SKU-037,Product 37,34,83.51,2839.34
2025-05-08,SKU-042,Product 42,16,42.29,676.64
2026-01-03,SKU-057,Product 57,5,27.94,139.7
2025-11-08,SKU-039,Product 39,5,9.81,49.05
2026-02-05,SKU-015,Product 15,40,98.54,3941.6
2025-01-05,SKU-096,Product 96,1,57.25,57.25
2025-12-04,SKU-077,Product 77,33,62.14,2050.62
2025-10-09,SKU-080,Product 80,14,14.32,200.48
2026-07-04,SKU-008,Product 8,3,38.61,115.83
2026-07-30,SKU-002,Product 2,27,116.06,3133.62
2026-01-05,SKU-063,Product 63,5,85.06,425.3
2025-06-07,SKU-035,Product 35,16,42.05,672.8
2026-06-12,SKU-064,Product 64,48,117.63,5646.24
2025-02-16,SKU-071,Product 71,1,41.39,41.39
2025-05-27,SKU-058,Product 58,15,122.59,1838.85
2025-03-13,SKU-089,Product 89,8,62.65,501.2
2025-07-06,SKU-069,Product 69,9,113.3,1019.7
2025-07-03,SKU-086,Product 86,19,117.55,2233.45
2026-06-09,SKU-024,Product 24,48,109.76,5268.48
2026-04-18,SKU-005,Product 5,41,112.77,4623.57
2025-06-12,SKU-047,Product 47,25,38.43,960.75
2026-07-27,SKU-014,Product 14,19,51.74,983.06
2025-06-03,SKU-025,Product 25,12,126.63,1519.56
2025-06-20,SKU-002,Product 2,22,116.06,2553.32
2026-07-08,SKU-033,Product 33,7,53.43,374.01
2026-03-11,SKU-051,Product 51,32,104.22,3335.04
2025-09-01,SKU-072,Product 72,22,108.25,2381.5
2025-06-19,SKU-044,Product 44,18,14.73,265.14
2026-06-27,SKU-084,Product 84,15,108.64,1629.6
2026-04-17,SKU-033,Product 33,51,53.43,2724.93
2026-06-25,SKU-065,Product 65,45,29.77,1339.65
2025-08-20,SKU-010,Product 10,15,84.95,1274.25
2026-02-05,SKU-032,Product 32,18,97.86,1761.48
2025-11-18,SKU-083,Product 83,8,134.11,1072.88
2025-04-22,SKU-048,Product 48,3,18.02,54.06
2025-03-18,SKU-085,Product 85,13,53.4,694.2
2025-06-26,SKU-090,Product 90,28,41.98,1175.44
2025-04-29,SKU-001,Product 1,16,133.59,2137.44
2026-06-11,SKU-043,Product 43,52,124.39,6468.28
2025-03-14,SKU-044,Product 44,9,14.73,132.57
2025-08-16,SKU-044,Product 44,4,14.73,58.92
2025-12-05,SKU-067,Product 67,35,99.67,3488.45
2025-10-09,SKU-031,Product 31,4,52.96,211.84
2025-10-25,SKU-030,Product 30,33,117.66,3882.78
2025-05-17,SKU-062,Product 62,23,40.67,935.41
2025-01-14,SKU-053,Product 53,14,11.29,158.06
2025-07-03,SKU-009,Product 9,1,33.35,33.35
2026-02-09,SKU-056,Product 56,40,140.51,5620.4
2025-05-22,SKU-086,Product 86,15,117.55,1763.25
2025-04-04,SKU-039,Product 39,17,9.81,166.77
2025-09-07,SKU-055,Product 55,27,53.76,1451.52
2025-02-25,SKU-050,Product 50,14,42.38,593.32
2025-12-08,SKU-094,Product 94,24,25.25,606.0
2025-10-13,SKU-070,Product 70,24,38.61,926.64
2025-12-14,SKU-042,Product 42,16,42.29,676.64
2025-12-09,SKU-098,Product 98,8,5.2,41.6
2025-03-17,SKU-007,Product 7,4,81.18,324.72
2025-04-28,SKU-081,Product 81,22,66.67,1466.74
2026-01-03,SKU-077,Product 77,17,62.14,1056.38
2025-09-05,SKU-018,Product 18,22,89.39,1966.58
2025-06-05,SKU-076,Product 76,19,5.46,103.74
2026-01-08,SKU-049,Product 49,8,6.44,51.52
2025-11-26,SKU-098,Product 98,21,5.2,109.2
2025-10-17,SKU-010,Product 10,10,84.95,849.5
2025-08-15,SKU-053,Product 53,32,11.29,361.28
2026-04-17,SKU-050,Product 50,37,42.38,1568.06
2025-04-22,SKU-037,Product 37,9,83.51,751.59
2025-12-19,SKU-056,Product 56,11,140.51,1545.61
2026-06-18,SKU-097,Product 97,26,45.27,1177.02
2025-05-27,SKU-003,Product 3,15,70.92,1063.8
2026-07-17,SKU-019,Product 19,54,83.88,4529.52
2025-10-16,SKU-017,Product 17,29,88.02,2552.58
2026-01-29,SKU-065,Product 65,27,29.77,803.79
2026-05-24,SKU-005,Product 5,54,112.77,6089.58
2025-04-27,SKU-039,Product 39,11,9.81,107.91
2026-04-08,SKU-018,Product 18,13,89.39,1162.07
2026-01-08,SKU-061,Product 61,8,141.95,1135.6
2025-11-19,SKU-007,Product 7,16,81.18,1298.88
2025-07-29,SKU-002,Product 2,18,116.06,2089.08
2025-07-01,SKU-034,Product 34,25,133.9,3347.5
2026-06-10,SKU-019,Product 19,7,83.88,587.16
2025-07-19,SKU-005,Product 5,26,112.77,2932.02
2025-07-03,SKU-023,Product 23,13,129.88,1688.44
2025-08-26,SKU-087,Product 87,33,123.31,4069.23
2026-05-23,SKU-018,Product 18,36,89.39,3218.04
2025-07-20,SKU-036,Product 36,12,130.42,1565.04
2025-01-19,SKU-048,Product 48,16,18.02,288.32
2025-11-26,SKU-033,Product 33,32,53.43,1709.76
2026-07-05,SKU-036,Product 36,15,130.42,1956.3
2025-02-19,SKU-016,Product 16,17,128.07,2177.19
2025-12-15,SKU-058,Product 58,2,122.59,245.18
2025-12-20,SKU-027,Product 27,28,15.58,436.24
2025-04-16,SKU-014,Product 14,4,51.74,206.96
2025-06-26,SKU-084,Product 84,1,108.64,108.64
2025-11-15,SKU-005,Product 5,26,112.77,2932.02
2025-01-25,SKU-094,Product 94,12,25.25,303.0
2026-02-08,SKU-001,Product 1,37,133.59,4942.83
2026-05-24,SKU-094,Product 94,50,25.25,1262.5
2026-01-13,SKU-095,Product 95,26,77.08,2004.08
2026-07-30,SKU-038,Product 38,23,30.86,709.78
2026-02-01,SKU-027,Product 27,36,15.58,560.88
2026-05-20,SKU-011,Product 11,36,77.13,2776.68
2026-03-28,SKU-003,Product 3,10,70.92,709.2
2026-07-14,SKU-035,Product 35,15,42.05,630.75
2026-03-01,SKU-071,Product 71,44,41.39,1821.16
2026-03-12,SKU-044,Product 44,3,14.73,44.19
2026-06-14,SKU-008,Product 8,18,38.61,694.98
2025-12-17,SKU-061,Product 61,8,141.95,1135.6
2025-08-01,SKU-011,Product 11,18,77.13,1388.34
2026-01-13,SKU-082,Product 82,35,82.39,2883.65
2025-04-08,SKU-078,Product 78,19,23.81,452.39
2025-11-20,SKU-017,Product 17,8,88.02,704.16
2025-07-02,SKU-041,Product 41,3,33.9,101.7
2025-01-25,SKU-085,Product 85,4,53.4,213.6
2025-10-27,SKU-087,Product 87,33,123.31,4069.23
2026-05-09,SKU-081,Product 81,3,66.67,200.01
2025-10-27,SKU-100,Product 100,20,56.59,1131.8
2025-03-08,SKU-071,Product 71,18,41.39,745.02
2025-02-13,SKU-032,Product 32,2,97.86,195.72
2025-05-18,SKU-071,Product 71,22,41.39,910.58
2025-03-25,SKU-089,Product 89,15,62.65,939.75
2025-10-21,SKU-038,Product 38,7,30.86,216.02
2025-05-04,SKU-066,Product 66,24,50.43,1210.32
2025-06-28,SKU-033,Product 33,1,53.43,53.43
2025-06-24,SKU-003,Product 3,1,70.92,70.92
2025-06-04,SKU-084,Product 84,21,108.64,2281.44
2026-02-04,SKU-026,Product 26,30,66.33,1989.9
2026-03-23,SKU-051,Product 51,9,104.22,937.98
2025-05-01,SKU-019,Product 19,12,83.88,1006.56
2025-10-30,SKU-055,Product 55,12,53.76,645.12
2025-02-07,SKU-001,Product 1,10,133.59,1335.9
2026-01-28,SKU-043,Product 43,18,124.39,2239.02
2025-10-14,SKU-072,Product 72,12,108.25,1299.0
2025-12-16,SKU-039,Product 39,30,9.81,294.3
2026-05-16,SKU-028,Product 28,39,68.24,2661.36
2026-02-13,SKU-015,Product 15,24,98.54,2364.96
2025-01-25,SKU-070,Product 70,13,38.61,501.93
2026-03-13,SKU-066,Product 66,35,50.43,1765.05
2025-06-18,SKU-083,Product 83,28,134.11,3755.08
2025-11-06,SKU-078,Product 78,5,23.81,119.05
2025-10-16,SKU-012,Product 12,2,112.29,224.58
2025-09-01,SKU-027,Product 27,22,15.58,342.76
2025-01-01,SKU-038,Product 38,1,30.86,30.86
2025-05-14,SKU-070,Product 70,5,38.61,193.05
2026-03-14,SKU-056,Product 56,6,140.51,843.06
2026-06-15,SKU-026,Product 26,15,66.33,994.95
2026-02-09,SKU-035,Product 35,37,42.05,1555.85
2025-06-01,SKU-002,Product 2,16,116.06,1856.96
2025-07-03,SKU-052,Product 52,9,79.76,717.84
2025-07-28,SKU-092,Product 92,16,131.65,2106.4
2025-05-03,SKU-079,Product 79,24,39.06,937.44
2025-02-05,SKU-009,Product 9,3,33.35,100.05
2025-09-05,SKU-077,Product 77,25,62.14,1553.5
2025-02-06,SKU-081,Product 81,3,66.67,200.01
2026-02-13,SKU-075,Product 75,31,13.71,425.01
2025-03-23,SKU-058,Product 58,18,122.59,2206.62
2026-05-20,SKU-026,Product 26,47,66.33,3117.51
2026-03-22,SKU-017,Product 17,19,88.02,1672.38
2025-04-06,SKU-031,Product 31,5,52.96,264.8
2025-06-22,SKU-059,Product 59,18,143.98,2591.64
2025-12-27,SKU-066,Product 66,43,50.43,2168.49
2026-03-07,SKU-097,Product 97,3,45.27,135.81
2026-06-25,SKU-029,Product 29,34,43.36,1474.24
2026-05-06,SKU-100,Product 100,53,56.59,2999.27
2025-07-20,SKU-070,Product 70,8,38.61,308.88
2026-04-07,SKU-100,Product 100,50,56.59,2829.5
2026-02-05,SKU-097,Product 97,24,45.27,1086.48
2025-02-07,SKU-017,Product 17,7,88.02,616.14
2025-03-22,SKU-035,Product 35,1,42.05,42.05
2026-03-21,SKU-100,Product 100,39,56.59,2207.01
2025-12-25,SKU-090,Product 90,28,41.98,1175.44
2025-02-01,SKU-091,Product 91,11,12.64,139.04
2025-11-19,SKU-070,Product 70,13,38.61,501.93
2025-07-14,SKU-011,Product 11,2,77.13,154.26
2026-01-13,SKU-081,Product 81,35,66.67,2333.45
2025-07-16,SKU-099,Product 99,28,48.68,1363.04
2026-06-27,SKU-037,Product 37,19,83.51,1586.69
2025-07-22,SKU-069,Product 69,28,113.3,3172.4
2025-10-05,SKU-077,Product 77,19,62.14,1180.66
2026-01-12,SKU-058,Product 58,44,122.59,5393.96
2026-03-20,SKU-039,Product 39,13,9.81,127.53
2026-02-10,SKU-078,Product 78,21,23.81,500.01
2025-08-19,SKU-027,Product 27,4,15.58,62.32
2025-03-23,SKU-037,Product 37,11,83.51,918.61
2026-04-20,SKU-032,Product 32,48,97.86,4697.28
2025-03-01,SKU-094,Product 94,9,25.25,227.25
2026-05-31,SKU-023,Product 23,51,129.88,6623.88
2025-04-09,SKU-085,Product 85,19,53.4,1014.6
2026-02-10,SKU-095,Product 95,34,77.08,2620.72
2026-02-28,SKU-021,Product 21,35,71.49,2502.15
2025-07-26,SKU-048,Product 48,4,18.02,72.08
2026-06-17,SKU-005,Product 5,7,112.77,789.39
2025-07-22,SKU-081,Product 81,6,66.67,400.02
2026-07-18,SKU-069,Product 69,23,113.3,2605.9
2026-04-16,SKU-070,Product 70,48,38.61,1853.28
2025-01-15,SKU-099,Product 99,5,48.68,243.4
2026-07-13,SKU-014,Product 14,54,51.74,2793.96
2026-07-23,SKU-044,Product 44,59,14.73,869.07
2025-06-29,SKU-073,Product 73,15,120.54,1808.1
2026-02-27,SKU-019,Product 19,35,83.88,2935.8
2025-03-27,SKU-079,Product 79,11,39.06,429.66
2025-03-01,SKU-099,Product 99,3,48.68,146.04
2025-05-14,SKU-049,Product 49,15,6.44,96.6
2026-02-20,SKU-083,Product 83,41,134.11,5498.51
2025-02-05,SKU-093,Product 93,3,41.04,123.12
2025-12-11,SKU-048,Product 48,41,18.02,738.82
2025-07-16,SKU-065,Product 65,30,29.77,893.1
2025-01-25,SKU-038,Product 38,16,30.86,493.76
2025-05-16,SKU-002,Product 2,6,116.06,696.36
2025-10-15,SKU-079,Product 79,7,39.06,273.42
2025-01-14,SKU-076,Product 76,3,5.46,16.38
2025-08-24,SKU-055,Product 55,8,53.76,430.08
2025-07-01,SKU-056,Product 56,11,140.51,1545.61
2025-08-31,SKU-009,Product 9,15,33.35,500.25
2025-08-19,SKU-033,Product 33,6,53.43,320.58
2026-06-19,SKU-092,Product 92,45,131.65,5924.25
2025-12-07,SKU-002,Product 2,41,116.06,4758.46
2025-12-02,SKU-032,Product 32,16,97.86,1565.76
2026-03-31,SKU-028,Product 28,20,68.24,1364.8
2025-03-17,SKU-061,Product 61,8,141.95,1135.6
2026-06-22,SKU-093,Product 93,3,41.04,123.12
2025-05-15,SKU-090,Product 90,5,41.98,209.9
2025-07-09,SKU-030,Product 30,7,117.66,823.62
2025-03-26,SKU-088,Product 88,5,65.71,328.55
2026-07-25,SKU-095,Product 95,51,77.08,3931.08
2025-02-17,SKU-083,Product 83,14,134.11,1877.54
2025-02-13,SKU-031,Product 31,2,52.96,105.92
2025-09-19,SKU-026,Product 26,30,66.33,1989.9
2026-03-30,SKU-022,Product 22,50,59.25,2962.5
2026-06-27,SKU-043,Product 43,41,124.39,5099.99
2026-07-16,SKU-036,Product 36,11,130.42,1434.62
2025-11-12,SKU-033,Product 33,5,53.43,267.15
2026-03-26,SKU-029,Product 29,30,43.36,1300.8
2025-12-24,SKU-071,Product 71,17,41.39,703.63
2025-01-28,SKU-058,Product 58,5,122.59,612.95
2025-06-16,SKU-017,Product 17,9,88.02,792.18
2025-02-28,SKU-070,Product 70,6,38.61,231.66
2026-01-26,SKU-033,Product 33,21,53.43,1122.03
2025-07-14,SKU-068,Product 68,26,65.88,1712.88
2026-07-04,SKU-020,Product 20,23,89.85,2066.55
2025-11-28,SKU-028,Product 28,10,68.24,682.4
2025-01-14,SKU-059,Product 59,10,143.98,1439.8
2025-06-11,SKU-075,Product 75,7,13.71,95.97
2025-02-24,SKU-069,Product 69,8,113.3,906.4
2025-02-27,SKU-005,Product 5,2,112.77,225.54
2025-04-23,SKU-090,Product 90,7,41.98,293.86
2026-03-05,SKU-059,Product 59,9,143.98,1295.82
2025-11-11,SKU-053,Product 53,13,11.29,146.77
2026-05-25,SKU-001,Product 1,54,133.59,7213.86
2025-07-15,SKU-087,Product 87,8,123.31,986.48
2026-05-18,SKU-064,Product 64,25,117.63,2940.75
2026-03-27,SKU-045,Product 45,30,80.28,2408.4
2026-04-03,SKU-001,Product 1,13,133.59,1736.67
2026-04-27,SKU-069,Product 69,24,113.3,2719.2
2025-10-09,SKU-039,Product 39,19,9.81,186.39
2025-11-07,SKU-093,Product 93,15,41.04,615.6
2025-01-12,SKU-091,Product 91,10,12.64,126.4
2026-07-20,SKU-029,Product 29,27,43.36,1170.72
2026-01-27,SKU-039,Product 39,12,9.81,117.72
2025-07-13,SKU-030,Product 30,2,117.66,235.32
2025-02-26,SKU-025,Product 25,5,126.63,633.15
2025-07-25,SKU-005,Product 5,12,112.77,1353.24
2026-06-19,SKU-036,Product 36,3,130.42,391.26
2025-11-09,SKU-035,Product 35,13,42.05,546.65
2025-01-14,SKU-083,Product 83,2,134.11,268.22
2025-11-27,SKU-042,Product 42,24,42.29,1014.96
2026-02-17,SKU-045,Product 45,9,80.28,722.52
2025-11-19,SKU-045,Product 45,37,80.28,2970.36
2025-10-10,SKU-064,Product 64,12,117.63,1411.56
2025-01-27,SKU-040,Product 40,3,20.93,62.79
2025-06-03,SKU-030,Product 30,10,117.66,1176.6
2025-08-30,SKU-006,Product 6,2,16.92,33.84
2026-04-08,SKU-076,Product 76,44,5.46,240.24
2026-02-07,SKU-074,Product 74,21,102.79,2158.59
2025-03-02,SKU-091,Product 91,15,12.64,189.6
2026-06-07,SKU-042,Product 42,14,42.29,592.06
2025-12-16,SKU-099,Product 99,5,48.68,243.4
2026-02-16,SKU-016,Product 16,34,128.07,4354.38
2026-06-28,SKU-033,Product 33,49,53.43,2618.07
2025-07-13,SKU-003,Product 3,2,70.92,141.84
2025-10-11,SKU-013,Product 13,29,106.67,3093.43
2025-11-07,SKU-100,Product 100,39,56.59,2207.01
2026-02-09,SKU-048,Product 48,24,18.02,432.48
2025-01-28,SKU-026,Product 26,2,66.33,132.66
2025-08-09,SKU-071,Product 71,15,41.39,620.85
2026-07-21,SKU-051,Product 51,11,104.22,1146.42
2025-05-28,SKU-017,Product 17,24,88.02,2112.48
2026-04-15,SKU-052,Product 52,10,79.76,797.6
2025-04-02,SKU-068,Product 68,13,65.88,856.44
2025-06-03,SKU-082,Product 82,5,82.39,411.95
2026-01-29,SKU-036,Product 36,15,130.42,1956.3
2026-02-02,SKU-091,Product 91,15,12.64,189.6
2025-02-24,SKU-055,Product 55,2,53.76,107.52
2026-07-18,SKU-064,Product 64,43,117.63,5058.09
2025-02-20,SKU-009,Product 9,1,33.35,33.35
2025-08-04,SKU-046,Product 46,14,105.52,1477.28
2025-02-25,SKU-022,Product 22,19,59.25,1125.75
2026-07-20,SKU-013,Product 13,39,106.67,4160.13
2025-06-20,SKU-017,Product 17,7,88.02,616.14
2026-02-01,SKU-072,Product 72,27,108.25,2922.75
2025-06-11,SKU-093,Product 93,23,41.04,943.92
2026-06-17,SKU-051,Product 51,33,104.22,3439.26
2025-10-16,SKU-062,Product 62,9,40.67,366.03
2026-03-10,SKU-056,Product 56,26,140.51,3653.26
2025-05-12,SKU-065,Product 65,11,29.77,327.47
2025-06-18,SKU-079,Product 79,7,39.06,273.42
2025-10-23,SKU-039,Product 39,2,9.81,19.62
2025-02-05,SKU-045,Product 45,2,80.28,160.56
2025-06-02,SKU-017,Product 17,19,88.02,1672.38
2025-06-22,SKU-080,Product 80,15,14.32,214.8
2026-05-21,SKU-056,Product 56,14,140.51,1967.14
2026-03-01,SKU-098,Product 98,6,5.2,31.2
2025-01-14,SKU-049,Product 49,10,6.44,64.4
2026-03-05,SKU-057,Product 57,45,27.94,1257.3
2026-07-09,SKU-089,Product 89,38,62.65,2380.7
2025-07-09,SKU-009,Product 9,19,33.35,633.65
2025-10-03,SKU-010,Product 10,21,84.95,1783.95
2025-05-01,SKU-054,Product 54,8,85.15,681.2
2025-02-21,SKU-074,Product 74,18,102.79,1850.22
2025-01-18,SKU-024,Product 24,5,109.76,548.8
2025-09-09,SKU-088,Product 88,27,65.71,1774.17
2026-02-08,SKU-043,Product 43,40,124.39,4975.6
2025-07-17,SKU-082,Product 82,20,82.39,1647.8
2026-07-26,SKU-009,Product 9,7,33.35,233.45
2025-08-06,SKU-089,Product 89,14,62.65,877.1
2026-07-17,SKU-036,Product 36,35,130.42,4564.7
2026-03-18,SKU-039,Product 39,32,9.81,313.92
2026-06-15,SKU-083,Product 83,33,134.11,4425.63
2025-04-18,SKU-086,Product 86,15,117.55,1763.25
2026-05-03,SKU-033,Product 33,21,53.43,1122.03
2025-07-05,SKU-011,Product 11,9,77.13,694.17
2025-07-05,SKU-078,Product 78,21,23.81,500.01
2026-02-14,SKU-082,Product 82,25,82.39,2059.75
2026-06-04,SKU-067,Product 67,55,99.67,5481.85
2025-12-26,SKU-096,Product 96,5,57.25,286.25
2025-04-19,SKU-086,Product 86,12,117.55,1410.6
2025-04-02,SKU-037,Product 37,10,83.51,835.1
2025-08-04,SKU-013,Product 13,10,106.67,1066.7
2025-04-03,SKU-047,Product 47,17,38.43,653.31
2025-01-11,SKU-058,Product 58,11,122.59,1348.49
2025-03-27,SKU-062,Product 62,8,40.67,325.36
2026-05-01,SKU-047,Product 47,35,38.43,1345.05
2026-04-27,SKU-051,Product 51,21,104.22,2188.62
2026-04-17,SKU-002,Product 2,27,116.06,3133.62
2025-12-17,SKU-014,Product 14,22,51.74,1138.28
2025-11-23,SKU-051,Product 51,26,104.22,2709.72
2025-09-19,SKU-059,Product 59,18,143.98,2591.64
2026-01-28,SKU-060,Product 60,15,70.14,1052.1
2025-11-06,SKU-009,Product 9,20,33.35,667.0
2025-07-03,SKU-068,Product 68,29,65.88,1910.52
2025-04-19,SKU-077,Product 77,4,62.14,248.56
2025-03-25,SKU-061,Product 61,12,141.95,1703.4
2025-05-25,SKU-037,Product 37,22,83.51,1837.22
2026-06-05,SKU-062,Product 62,44,40.67,1789.48
2025-03-15,SKU-100,Product 100,12,56.59,679.08
2025-09-20,SKU-097,Product 97,33,45.27,1493.91
2025-04-23,SKU-032,Product 32,3,97.86,293.58
2025-11-15,SKU-069,Product 69,15,113.3,1699.5
2025-01-05,SKU-013,Product 13,11,106.67,1173.37
2025-01-27,SKU-024,Product 24,1,109.76,109.76
2026-07-17,SKU-038,Product 38,3,30.86,92.58
2025-04-05,SKU-090,Product 90,8,41.98,335.84
2025-09-19,SKU-069,Product 69,14,113.3,1586.2
2025-07-07,SKU-039,Product 39,1,9.81,9.81
2025-12-05,SKU-026,Product 26,27,66.33,1790.91
2025-08-02,SKU-049,Product 49,10,6.44,64.4
2025-04-16,SKU-065,Product 65,13,29.77,387.01
2025-01-29,SKU-072,Product 72,5,108.25,541.25
2025-04-12,SKU-032,Product 32,4,97.86,391.44
2025-11-25,SKU-097,Product 97,21,45.27,950.67
2025-06-20,SKU-023,Product 23,5,129.88,649.4
2025-08-16,SKU-031,Product 31,13,52.96,688.48
2026-01-18,SKU-003,Product 3,23,70.92,1631.16
2025-02-28,SKU-019,Product 19,19,83.88,1593.72
2026-01-12,SKU-030,Product 30,41,117.66,4824.06
2025-11-23,SKU-090,Product 90,24,41.98,1007.52
2026-06-18,SKU-026,Product 26,11,66.33,729.63
2025-12-17,SKU-060,Product 60,2,70.14,140.28
2025-11-08,SKU-038,Product 38,20,30.86,617.2
2025-08-23,SKU-007,Product 7,4,81.18,324.72
2026-07-05,SKU-008,Product 8,46,38.61,1776.06
2025-08-17,SKU-095,Product 95,17,77.08,1310.36
2025-08-30,SKU-077,Product 77,4,62.14,248.56
2025-05-17,SKU-094,Product 94,13,25.25,328.25
2025-11-18,SKU-092,Product 92,21,131.65,2764.65
2026-02-07,SKU-081,Product 81,37,66.67,2466.79
2026-01-13,SKU-032,Product 32,20,97.86,1957.2
2026-04-30,SKU-062,Product 62,24,40.67,976.08
2025-03-14,SKU-011,Product 11,17,77.13,1311.21
2026-06-02,SKU-036,Product 36,7,130.42,912.94
2025-12-19,SKU-082,Product 82,5,82.39,411.95
2025-09-16,SKU-051,Product 51,2,104.22,208.44
2025-11-27,SKU-060,Product 60,10,70.14,701.4
2025-11-07,SKU-073,Product 73,28,120.54,3375.12
2025-03-09,SKU-005,Product 5,6,112.77,676.62
2025-12-16,SKU-078,Product 78,39,23.81,928.59
2025-07-18,SKU-092,Product 92,22,131.65,2896.3
2026-04-15,SKU-030,Product 30,6,117.66,705.96
2025-03-03,SKU-058,Product 58,2,122.59,245.18
2026-07-17,SKU-015,Product 15,23,98.54,2266.42
2025-07-22,SKU-023,Product 23,26,129.88,3376.88
2025-07-11,SKU-090,Product 90,19,41.98,797.62
2026-07-13,SKU-070,Product 70,27,38.61,1042.47
2025-09-18,SKU-031,Product 31,35,52.96,1853.6
2026-01-06,SKU-040,Product 40,32,20.93,669.76
2026-02-17,SKU-085,Product 85,43,53.4,2296.2
2025-03-13,SKU-057,Product 57,20,27.94,558.8
2025-04-30,SKU-087,Product 87,6,123.31,739.86
2025-01-14,SKU-060,Product 60,10,70.14,701.4
2026-05-05,SKU-099,Product 99,17,48.68,827.56
2025-02-16,SKU-022,Product 22,2,59.25,118.5
2025-11-11,SKU-055,Product 55,2,53.76,107.52
2025-09-30,SKU-065,Product 65,33,29.77,982.41
2025-12-16,SKU-035,Product 35,11,42.05,462.55
2026-03-14,SKU-088,Product 88,32,65.71,2102.72
2026-06-07,SKU-028,Product 28,18,68.24,1228.32
2025-04-24,SKU-028,Product 28,17,68.24,1160.08
2025-12-08,SKU-023,Product 23,19,129.88,2467.72
2026-01-28,SKU-010,Product 10,9,84.95,764.55
2025-01-20,SKU-007,Product 7,12,81.18,974.16
2025-06-20,SKU-099,Product 99,15,48.68,730.2
2025-05-22,SKU-054,Product 54,12,85.15,1021.8
2026-03-22,SKU-029,Product 29,46,43.36,1994.56
2026-05-05,SKU-080,Product 80,49,14.32,701.68
2025-05-10,SKU-050,Product 50,21,42.38,889.98
2025-10-27,SKU-045,Product 45,17,80.28,1364.76
2025-10-20,SKU-079,Product 79,35,39.06,1367.1
2025-07-23,SKU-084,Product 84,24,108.64,2607.36
2026-05-16,SKU-024,Product 24,43,109.76,4719.68
2025-03-21,SKU-044,Product 44,9,14.73,132.57
2025-05-25,SKU-017,Product 17,26,88.02,2288.52
2025-03-12,SKU-002,Product 2,9,116.06,1044.54
2026-02-04,SKU-090,Product 90,15,41.98,629.7
2026-06-29,SKU-030,Product 30,49,117.66,5765.34
2025-12-02,SKU-033,Product 33,5,53.43,267.15
2025-11-25,SKU-058,Product 58,2,122.59,245.18
2025-11-09,SKU-066,Product 66,7,50.43,353.01
2025-06-05,SKU-045,Product 45,27,80.28,2167.56
2025-09-01,SKU-004,Product 4,24,70.1,1682.4
2026-01-03,SKU-019,Product 19,26,83.88,2180.88
2025-06-29,SKU-047,Product 47,5,38.43,192.15
2025-06-10,SKU-016,Product 16,14,128.07,1792.98
2025-09-15,SKU-014,Product 14,14,51.74,724.36
2025-09-30,SKU-019,Product 19,24,83.88,2013.12
2026-03-03,SKU-044,Product 44,16,14.73,235.68
2025-07-09,SKU-042,Product 42,15,42.29,634.35
2025-07-16,SKU-010,Product 10,28,84.95,2378.6
2026-02-07,SKU-015,Product 15,15,98.54,1478.1
2026-03-11,SKU-098,Product 98,48,5.2,249.6
2025-10-06,SKU-024,Product 24,34,109.76,3731.84
2026-07-18,SKU-078,Product 78,15,23.81,357.15
2025-01-15,SKU-063,Product 63,13,85.06,1105.78
2025-10-12,SKU-048,Product 48,34,18.02,612.68
2025-11-18,SKU-084,Product 84,18,108.64,1955.52
2025-03-11,SKU-040,Product 40,10,20.93,209.3
2025-05-18,SKU-073,Product 73,3,120.54,361.62
2026-05-27,SKU-004,Product 4,25,70.1,1752.5
2025-11-03,SKU-064,Product 64,28,117.63,3293.64
2026-07-27,SKU-001,Product 1,59,133.59,7881.81
2025-01-01,SKU-094,Product 94,4,25.25,101.0
2025-06-02,SKU-071,Product 71,19,41.39,786.41
2026-01-02,SKU-005,Product 5,11,112.77,1240.47
2025-06-15,SKU-031,Product 31,20,52.96,1059.2
2025-12-18,SKU-049,Product 49,19,6.44,122.36
2025-08-03,SKU-049,Product 49,14,6.44,90.16
2026-02-18,SKU-088,Product 88,40,65.71,2628.4
2025-12-23,SKU-065,Product 65,37,29.77,1101.49
2025-09-17,SKU-028,Product 28,23,68.24,1569.52
2025-11-01,SKU-088,Product 88,18,65.71,1182.78
2025-01-03,SKU-043,Product 43,1,124.39,124.39
2025-01-19,SKU-085,Product 85,2,53.4,106.8
2025-04-07,SKU-091,Product 91,16,12.64,202.24
2026-04-04,SKU-087,Product 87,43,123.31,5302.33
2026-03-17,SKU-071,Product 71,16,41.39,662.24
2025-10-16,SKU-046,Product 46,29,105.52,3060.08
2025-03-28,SKU-100,Product 100,7,56.59,396.13
2025-04-28,SKU-060,Product 60,17,70.14,1192.38
2026-06-29,SKU-012,Product 12,49,112.29,5502.21
2025-04-29,SKU-071,Product 71,20,41.39,827.8
2025-07-01,SKU-052,Product 52,19,79.76,1515.44
2025-06-24,SKU-043,Product 43,9,124.39,1119.51
2025-04-09,SKU-097,Product 97,10,45.27,452.7
2026-05-09,SKU-097,Product 97,21,45.27,950.67
2025-06-01,SKU-022,Product 22,14,59.25,829.5
2026-01-25,SKU-012,Product 12,24,112.29,2694.96
2025-04-01,SKU-042,Product 42,14,42.29,592.06
2025-07-05,SKU-048,Product 48,11,18.02,198.22
2025-09-03,SKU-100,Product 100,18,56.59,1018.62
2025-12-12,SKU-044,Product 44,2,14.73,29.46
2025-07-09,SKU-074,Product 74,11,102.79,1130.69
2025-07-30,SKU-047,Product 47,18,38.43,691.74
2025-07-11,SKU-029,Product 29,27,43.36,1170.72
2026-05-04,SKU-006,Product 6,38,16.92,642.96
2025-01-26,SKU-091,Product 91,3,12.64,37.92
2026-03-09,SKU-082,Product 82,16,82.39,1318.24
2026-07-24,SKU-084,Product 84,55,108.64,5975.2
2025-01-30,SKU-016,Product 16,4,128.07,512.28
2026-05-12,SKU-055,Product 55,46,53.76,2472.96
2025-03-11,SKU-033,Product 33,12,53.43,641.16
2026-02-09,SKU-045,Product 45,34,80.28,2729.52
2025-02-02,SKU-084,Product 84,2,108.64,217.28
2026-01-19,SKU-053,Product 53,23,11.29,259.67
2026-03-06,SKU-039,Product 39,25,9.81,245.25
2025-03-03,SKU-069,Product 69,3,113.3,339.9
2026-06-15,SKU-082,Product 82,45,82.39,3707.55
2026-01-08,SKU-085,Product 85,20,53.4,1068.0
2025-12-14,SKU-047,Product 47,2,38.43,76.86
2026-01-19,SKU-070,Product 70,29,38.61,1119.69
2025-05-09,SKU-005,Product 5,18,112.77,2029.86
2025-11-12,SKU-065,Product 65,26,29.77,774.02
2026-07-28,SKU-048,Product 48,55,18.02,991.1
2025-03-01,SKU-060,Product 60,11,70.14,771.54
2025-06-12,SKU-043,Product 43,16,124.39,1990.24
2026-02-12,SKU-002,Product 2,24,116.06,2785.44
2026-01-29,SKU-033,Product 33,12,53.43,641.16
2025-11-14,SKU-040,Product 40,31,20.93,648.83
2025-02-04,SKU-059,Product 59,2,143.98,287.96
2026-04-19,SKU-035,Product 35,34,42.05,1429.7
2026-04-24,SKU-024,Product 24,34,109.76,3731.84
2026-07-19,SKU-022,Product 22,7,59.25,414.75
2025-10-11,SKU-087,Product 87,34,123.31,4192.54
2025-08-03,SKU-080,Product 80,23,14.32,329.36
2025-08-05,SKU-001,Product 1,23,133.59,3072.57
2025-01-06,SKU-003,Product 3,1,70.92,70.92
2026-05-24,SKU-062,Product 62,3,40.67,122.01
2025-08-13,SKU-015,Product 15,32,98.54,3153.28
2026-02-04,SKU-073,Product 73,27,120.54,3254.58
2026-07-31,SKU-034,Product 34,31,133.9,4150.9
2025-07-06,SKU-005,Product 5,21,112.77,2368.17
2025-03-16,SKU-064,Product 64,16,117.63,1882.08
2026-07-03,SKU-061,Product 61,50,141.95,7097.5
2026-04-18,SKU-090,Product 90,13,41.98,545.74
2025-12-02,SKU-042,Product 42,24,42.29,1014.96
2025-10-16,SKU-064,Product 64,9,117.63,1058.67
2025-10-30,SKU-031,Product 31,35,52.96,1853.6
2025-07-21,SKU-038,Product 38,2,30.86,61.72
2026-06-16,SKU-062,Product 62,15,40.67,610.05
2026-07-08,SKU-041,Product 41,42,33.9,1423.8
2026-06-19,SKU-041,Product 41,7,33.9,237.3
2025-09-20,SKU-020,Product 20,14,89.85,1257.9
2026-06-16,SKU-055,Product 55,45,53.76,2419.2
2025-05-04,SKU-084,Product 84,22,108.64,2390.08
2025-02-08,SKU-012,Product 12,15,112.29,1684.35
2025-11-21,SKU-082,Product 82,5,82.39,411.95
2026-05-06,SKU-029,Product 29,7,43.36,303.52
2026-06-24,SKU-074,Product 74,34,102.79,3494.86
2025-08-07,SKU-050,Product 50,2,42.38,84.76
2026-07-09,SKU-077,Product 77,38,62.14,2361.32
2025-06-26,SKU-082,Product 82,17,82.39,1400.63
2026-05-02,SKU-014,Product 14,10,51.74,517.4
2025-10-19,SKU-065,Product 65,12,29.77,357.24
2026-07-23,SKU-064,Product 64,43,117.63,5058.09
2026-07-26,SKU-066,Product 66,59,50.43,2975.37
2026-07-25,SKU-006,Product 6,43,16.92,727.56
2026-07-28,SKU-033,Product 33,35,53.43,1870.05
2026-01-31,SKU-032,Product 32,36,97.86,3522.96
2025-04-22,SKU-031,Product 31,23,52.96,1218.08
2025-11-06,SKU-066,Product 66,23,50.43,1159.89
2025-01-30,SKU-013,Product 13,3,106.67,320.01
2025-04-25,SKU-065,Product 65,11,29.77,327.47
2026-01-30,SKU-045,Product 45,3,80.28,240.84
2025-06-10,SKU-081,Product 81,21,66.67,1400.07
2025-11-06,SKU-090,Product 90,23,41.98,965.54
2025-10-04,SKU-001,Product 1,29,133.59,3874.11
2025-03-14,SKU-047,Product 47,19,38.43,730.17
2026-03-22,SKU-004,Product 4,16,70.1,1121.6
2025-03-04,SKU-027,Product 27,15,15.58,233.7
2025-06-27,SKU-033,Product 33,11,53.43,587.73
2025-02-02,SKU-055,Product 55,11,53.76,591.36
2026-02-04,SKU-093,Product 93,39,41.04,1600.56
2025-06-10,SKU-092,Product 92,10,131.65,1316.5
2026-07-25,SKU-030,Product 30,35,117.66,4118.1
2025-08-01,SKU-067,Product 67,14,99.67,1395.38
2025-03-28,SKU-096,Product 96,13,57.25,744.25
2025-01-16,SKU-010,Product 10,16,84.95,1359.2
2026-01-04,SKU-012,Product 12,5,112.29,561.45
2025-07-10,SKU-019,Product 19,15,83.88,1258.2
2025-12-02,SKU-005,Product 5,30,112.77,3383.1
2026-06-08,SKU-051,Product 51,40,104.22,4168.8
2026-05-15,SKU-097,Product 97,25,45.27,1131.75
2026-04-29,SKU-061,Product 61,21,141.95,2980.95
2026-03-23,SKU-042,Product 42,23,42.29,972.67
2025-09-22,SKU-097,Product 97,28,45.27,1267.56
2026-02-24,SKU-022,Product 22,19,59.25,1125.75
2026-07-02,SKU-005,Product 5,19,112.77,2142.63
2025-02-13,SKU-053,Product 53,2,11.29,22.58
2026-06-25,SKU-070,Product 70,34,38.61,1312.74
2025-11-20,SKU-001,Product 1,16,133.59,2137.44
2025-05-07,SKU-080,Product 80,6,14.32,85.92
2025-09-05,SKU-086,Product 86,2,117.55,235.1
2025-04-22,SKU-016,Product 16,17,128.07,2177.19
2026-04-28,SKU-058,Product 58,38,122.59,4658.42
2026-01-15,SKU-087,Product 87,23,123.31,2836.13
2026-01-18,SKU-066,Product 66,11,50.43,554.73
2026-03-28,SKU-048,Product 48,23,18.02,414.46
2025-01-24,SKU-028,Product 28,1,68.24,68.24
2026-02-18,SKU-005,Product 5,25,112.77,2819.25
2026-07-17,SKU-015,Product 15,11,98.54,1083.94
2025-02-25,SKU-064,Product 64,12,117.63,1411.56
2026-03-15,SKU-016,Product 16,42,128.07,5378.94
2025-10-07,SKU-019,Product 19,22,83.88,1845.36
2026-01-23,SKU-026,Product 26,42,66.33,2785.86
2025-05-18,SKU-012,Product 12,11,112.29,1235.19
2026-04-21,SKU-083,Product 83,10,134.11,1341.1
2026-02-03,SKU-075,Product 75,42,13.71,575.82
2026-02-06,SKU-032,Product 32,30,97.86,2935.8
2025-12-01,SKU-004,Product 4,41,70.1,2874.1
2025-04-16,SKU-092,Product 92,20,131.65,2633.0
2025-07-28,SKU-063,Product 63,18,85.06,1531.08
2025-11-23,SKU-073,Product 73,40,120.54,4821.6
2025-03-12,SKU-080,Product 80,5,14.32,71.6
2025-03-17,SKU-039,Product 39,6,9.81,58.86
2025-03-27,SKU-046,Product 46,21,105.52,2215.92
2025-07-06,SKU-002,Product 2,15,116.06,1740.9
2025-04-03,SKU-097,Product 97,20,45.27,905.4
2026-04-13,SKU-052,Product 52,41,79.76,3270.16
2025-04-10,SKU-051,Product 51,9,104.22,937.98
2025-08-05,SKU-044,Product 44,25,14.73,368.25
2025-10-06,SKU-100,Product 100,22,56.59,1244.98
2025-10-09,SKU-074,Product 74,19,102.79,1953.01
2025-11-18,SKU-069,Product 69,29,113.3,3285.7
2025-08-14,SKU-065,Product 65,28,29.77,833.56
2025-04-27,SKU-071,Product 71,3,41.39,124.17
2025-07-02,SKU-083,Product 83,19,134.11,2548.09
2025-11-04,SKU-045,Product 45,38,80.28,3050.64
2025-07-04,SKU-083,Product 83,11,134.11,1475.21
2025-03-24,SKU-095,Product 95,14,77.08,1079.12
2026-01-05,SKU-061,Product 61,14,141.95,1987.3
2026-07-03,SKU-002,Product 2,23,116.06,2669.38
2025-03-31,SKU-085,Product 85,21,53.4,1121.4
2025-09-07,SKU-060,Product 60,20,70.14,1402.8
2025-07-22,SKU-055,Product 55,6,53.76,322.56
2026-06-04,SKU-017,Product 17,3,88.02,264.06
2025-10-12,SKU-071,Product 71,22,41.39,910.58
2025-03-05,SKU-012,Product 12,3,112.29,336.87
2025-06-28,SKU-041,Product 41,15,33.9,508.5
2026-06-03,SKU-030,Product 30,25,117.66,2941.5
2026-04-20,SKU-051,Product 51,24,104.22,2501.28
2026-05-18,SKU-057,Product 57,43,27.94,1201.42
2025-06-05,SKU-011,Product 11,10,77.13,771.3
2025-01-25,SKU-037,Product 37,12,83.51,1002.12
2025-06-27,SKU-053,Product 53,15,11.29,169.35
2025-04-25,SKU-040,Product 40,20,20.93,418.6
2026-07-11,SKU-045,Product 45,38,80.28,3050.64
2025-07-18,SKU-034,Product 34,2,133.9,267.8
2026-02-26,SKU-011,Product 11,19,77.13,1465.47
2025-05-05,SKU-100,Product 100,14,56.59,792.26
2025-05-07,SKU-008,Product 8,4,38.61,154.44
2025-11-08,SKU-090,Product 90,39,41.98,1637.22
2025-05-27,SKU-058,Product 58,26,122.59,3187.34
2025-03-09,SKU-050,Product 50,2,42.38,84.76
2025-08-09,SKU-016,Product 16,30,128.07,3842.1
2026-04-10,SKU-012,Product 12,47,112.29,5277.63
2026-01-30,SKU-100,Product 100,30,56.59,1697.7
2025-05-14,SKU-092,Product 92,8,131.65,1053.2
2025-10-06,SKU-059,Product 59,7,143.98,1007.86
2026-05-27,SKU-014,Product 14,36,51.74,1862.64
2026-02-24,SKU-039,Product 39,47,9.81,461.07
2025-10-21,SKU-039,Product 39,27,9.81,264.87
2025-11-29,SKU-081,Product 81,5,66.67,333.35
2025-11-24,SKU-052,Product 52,10,79.76,797.6
2026-01-27,SKU-097,Product 97,39,45.27,1765.53
2025-08-22,SKU-050,Product 50,4,42.38,169.52
2025-08-21,SKU-021,Product 21,4,71.49,285.96
2026-07-06,SKU-074,Product 74,34,102.79,3494.86
2025-03-18,SKU-004,Product 4,18,70.1,1261.8
2026-04-12,SKU-076,Product 76,30,5.46,163.8
2025-03-08,SKU-094,Product 94,4,25.25,101.0
2025-06-23,SKU-004,Product 4,1,70.1,70.1
2025-03-07,SKU-094,Product 94,6,25.25,151.5
2025-11-04,SKU-059,Product 59,23,143.98,3311.54
2025-04-09,SKU-042,Product 42,6,42.29,253.74
2025-10-18,SKU-049,Product 49,5,6.44,32.2
2026-03-21,SKU-002,Product 2,36,116.06,4178.16
2025-08-22,SKU-012,Product 12,8,112.29,898.32
2025-11-23,SKU-090,Product 90,35,41.98,1469.3
2026-06-25,SKU-077,Product 77,15,62.14,932.1
2025-01-17,SKU-024,Product 24,6,109.76,658.56
2025-09-15,SKU-017,Product 17,7,88.02,616.14
2026-05-10,SKU-093,Product 93,21,41.04,861.84
2026-01-19,SKU-056,Product 56,23,140.51,3231.73
2026-04-26,SKU-079,Product 79,34,39.06,1328.04
2026-02-22,SKU-085,Product 85,44,53.4,2349.6
2025-12-31,SKU-098,Product 98,43,5.2,223.6
2025-10-25,SKU-078,Product 78,25,23.81,595.25
2025-03-04,SKU-016,Product 16,1,128.07,128.07
2025-12-18,SKU-063,Product 63,8,85.06,680.48
2026-04-23,SKU-071,Product 71,38,41.39,1572.82
2025-04-30,SKU-064,Product 64,22,117.63,2587.86
2025-09-21,SKU-003,Product 3,26,70.92,1843.92
2026-03-10,SKU-066,Product 66,13,50.43,655.59
2025-12-04,SKU-078,Product 78,41,23.81,976.21
2026-01-21,SKU-025,Product 25,27,126.63,3419.01
2026-06-04,SKU-087,Product 87,48,123.31,5918.88
2025-03-21,SKU-081,Product 81,7,66.67,466.69
2025-06-18,SKU-092,Product 92,5,131.65,658.25
2025-07-05,SKU-018,Product 18,13,89.39,1162.07
2025-12-10,SKU-018,Product 18,38,89.39,3396.82
2025-07-04,SKU-044,Product 44,11,14.73,162.03
2026-06-17,SKU-001,Product 1,45,133.59,6011.55
2026-02-04,SKU-069,Product 69,12,113.3,1359.6
2025-01-24,SKU-071,Product 71,14,41.39,579.46
2025-03-28,SKU-049,Product 49,14,6.44,90.16
2026-02-07,SKU-069,Product 69,27,113.3,3059.1
2026-06-17,SKU-076,Product 76,48,5.46,262.08
2025-02-06,SKU-093,Product 93,14,41.04,574.56
2025-03-13,SKU-094,Product 94,10,25.25,252.5
2026-03-15,SKU-058,Product 58,42,122.59,5148.78
2025-05-18,SKU-016,Product 16,5,128.07,640.35
2025-11-03,SKU-031,Product 31,25,52.96,1324.0
2026-04-27,SKU-081,Product 81,10,66.67,666.7
2026-04-10,SKU-093,Product 93,17,41.04,697.68
2025-08-03,SKU-007,Product 7,29,81.18,2354.22
2025-04-22,SKU-057,Product 57,17,27.94,474.98
2025-02-21,SKU-083,Product 83,5,134.11,670.55
2025-03-18,SKU-027,Product 27,8,15.58,124.64
2025-02-14,SKU-033,Product 33,12,53.43,641.16
2025-07-01,SKU-099,Product 99,11,48.68,535.48
2025-12-13,SKU-100,Product 100,33,56.59,1867.47
2025-06-27,SKU-087,Product 87,21,123.31,2589.51
2025-08-21,SKU-009,Product 9,19,33.35,633.65
2025-07-14,SKU-064,Product 64,12,117.63,1411.56
2026-07-31,SKU-028,Product 28,11,68.24,750.64
2026-04-20,SKU-011,Product 11,10,77.13,771.3
2026-02-06,SKU-031,Product 31,6,52.96,317.76
2025-03-25,SKU-045,Product 45,15,80.28,1204.2
2026-01-11,SKU-044,Product 44,17,14.73,250.41
2026-06-19,SKU-087,Product 87,45,123.31,5548.95
2025-12-03,SKU-068,Product 68,27,65.88,1778.76
2025-01-11,SKU-076,Product 76,9,5.46,49.14
2026-05-18,SKU-036,Product 36,14,130.42,1825.88
2025-04-30,SKU-049,Product 49,4,6.44,25.76
2025-06-23,SKU-032,Product 32,24,97.86,2348.64
2025-07-22,SKU-089,Product 89,16,62.65,1002.4
2025-12-17,SKU-051,Product 51,33,104.22,3439.26
2025-04-01,SKU-064,Product 64,2,117.63,235.26
2026-03-05,SKU-090,Product 90,35,41.98,1469.3
2026-01-11,SKU-081,Product 81,32,66.67,2133.44
2025-11-25,SKU-050,Product 50,21,42.38,889.98
2025-06-05,SKU-012,Product 12,10,112.29,1122.9
2025-06-22,SKU-086,Product 86,22,117.55,2586.1
2025-08-20,SKU-081,Product 81,30,66.67,2000.1
2025-05-27,SKU-082,Product 82,12,82.39,988.68
2025-02-13,SKU-038,Product 38,14,30.86,432.04
2025-10-16,SKU-079,Product 79,9,39.06,351.54
2025-12-09,SKU-038,Product 38,13,30.86,401.18
2025-06-27,SKU-052,Product 52,1,79.76,79.76
2025-05-30,SKU-040,Product 40,26,20.93,544.18
2026-05-12,SKU-028,Product 28,46,68.24,3139.04
2026-01-21,SKU-012,Product 12,24,112.29,2694.96
2025-01-18,SKU-086,Product 86,10,117.55,1175.5
2026-02-02,SKU-073,Product 73,33,120.54,3977.82
2026-03-04,SKU-001,Product 1,32,133.59,4274.88
2025-08-05,SKU-014,Product 14,10,51.74,517.4
2026-02-17,SKU-024,Product 24,43,109.76,4719.68
2025-07-19,SKU-045,Product 45,10,80.28,802.8
2025-07-25,SKU-062,Product 62,18,40.67,732.06
2026-05-02,SKU-080,Product 80,42,14.32,601.44
2026-06-11,SKU-021,Product 21,29,71.49,2073.21
2025-06-30,SKU-034,Product 34,13,133.9,1740.7
2025-07-22,SKU-025,Product 25,8,126.63,1013.04
2026-07-12,SKU-091,Product 91,54,12.64,682.56
2026-07-03,SKU-005,Product 5,15,112.77,1691.55
2025-04-26,SKU-048,Product 48,19,18.02,342.38
2025-06-29,SKU-004,Product 4,19,70.1,1331.9
2025-05-14,SKU-050,Product 50,13,42.38,550.94
2025-04-08,SKU-032,Product 32,7,97.86,685.02
2026-04-04,SKU-072,Product 72,30,108.25,3247.5
2026-01-07,SKU-065,Product 65,43,29.77,1280.11
2025-01-10,SKU-018,Product 18,7,89.39,625.73
2025-09-24,SKU-070,Product 70,9,38.61,347.49
2025-08-07,SKU-079,Product 79,10,39.06,390.6
2025-08-08,SKU-100,Product 100,14,56.59,792.26
2026-06-23,SKU-028,Product 28,18,68.24,1228.32
2025-10-14,SKU-031,Product 31,37,52.96,1959.52
2025-06-06,SKU-010,Product 10,21,84.95,1783.95
2025-08-16,SKU-031,Product 31,17,52.96,900.32
2026-07-24,SKU-099,Product 99,15,48.68,730.2
2025-01-13,SKU-055,Product 55,10,53.76,537.6
2026-06-15,SKU-083,Product 83,7,134.11,938.77
2025-01-04,SKU-070,Product 70,2,38.61,77.22
2026-03-12,SKU-046,Product 46,32,105.52,3376.64
2025-01-17,SKU-100,Product 100,14,56.59,792.26
2026-05-10,SKU-042,Product 42,39,42.29,1649.31
2025-04-30,SKU-040,Product 40,3,20.93,62.79
2026-01-02,SKU-061,Product 61,2,141.95,283.9
2025-07-16,SKU-086,Product 86,8,117.55,940.4
2025-06-18,SKU-008,Product 8,20,38.61,772.2
2026-01-26,SKU-047,Product 47,24,38.43,922.32
2026-06-17,SKU-015,Product 15,26,98.54,2562.04
2025-01-26,SKU-049,Product 49,3,6.44,19.32
2025-01-23,SKU-093,Product 93,12,41.04,492.48
2026-04-25,SKU-091,Product 91,41,12.64,518.24
2025-08-25,SKU-084,Product 84,22,108.64,2390.08
2025-04-27,SKU-095,Product 95,11,77.08,847.88
2026-05-19,SKU-084,Product 84,54,108.64,5866.56
2025-03-15,SKU-091,Product 91,5,12.64,63.2
2026-02-06,SKU-064,Product 64,12,117.63,1411.56
2025-10-04,SKU-042,Product 42,31,42.29,1310.99
2025-08-26,SKU-089,Product 89,20,62.65,1253.0
2026-01-07,SKU-074,Product 74,23,102.79,2364.17
2025-10-25,SKU-031,Product 31,12,52.96,635.52
2026-07-19,SKU-081,Product 81,15,66.67,1000.05
2025-10-24,SKU-003,Product 3,7,70.92,496.44
2026-02-11,SKU-009,Product 9,46,33.35,1534.1
2026-04-21,SKU-089,Product 89,13,62.65,814.45
2025-11-07,SKU-005,Product 5,5,112.77,563.85
2026-05-06,SKU-014,Product 14,21,51.74,1086.54
2026-06-11,SKU-030,Product 30,56,117.66,6588.96
2025-01-17,SKU-017,Product 17,6,88.02,528.12
2026-05-04,SKU-038,Product 38,42,30.86,1296.12
2026-07-06,SKU-006,Product 6,23,16.92,389.16
2025-05-07,SKU-035,Product 35,8,42.05,336.4
2025-11-03,SKU-013,Product 13,12,106.67,1280.04
2025-11-19,SKU-028,Product 28,13,68.24,887.12
2026-05-09,SKU-005,Product 5,28,112.77,3157.56
2025-03-23,SKU-025,Product 25,18,126.63,2279.34
2025-06-17,SKU-011,Product 11,18,77.13,1388.34
2026-03-12,SKU-067,Product 67,48,99.67,4784.16
2026-03-18,SKU-025,Product 25,13,126.63,1646.19
2026-04-25,SKU-072,Product 72,34,108.25,3680.5
2025-03-31,SKU-002,Product 2,13,116.06,1508.78
2025-04-06,SKU-032,Product 32,5,97.86,489.3
2025-02-05,SKU-089,Product 89,16,62.65,1002.4
2026-01-03,SKU-088,Product 88,29,65.71,1905.59
2025-09-08,SKU-012,Product 12,29,112.29,3256.41
2025-06-01,SKU-049,Product 49,7,6.44,45.08
2025-05-21,SKU-056,Product 56,20,140.51,2810.2
2026-03-30,SKU-033,Product 33,6,53.43,320.58
2026-01-15,SKU-070,Product 70,23,38.61,888.03
2026-01-31,SKU-026,Product 26,6,66.33,397.98
2025-06-26,SKU-055,Product 55,3,53.76,161.28
2026-03-12,SKU-038,Product 38,3,30.86,92.58
2025-06-26,SKU-096,Product 96,26,57.25,1488.5
2025-03-17,SKU-091,Product 91,1,12.64,12.64
2026-02-01,SKU-029,Product 29,12,43.36,520.32
2026-03-15,SKU-019,Product 19,42,83.88,3522.96
2025-01-28,SKU-040,Product 40,4,20.93,83.72
2026-05-05,SKU-022,Product 22,53,59.25,3140.25
2025-09-07,SKU-060,Product 60,18,70.14,1262.52
2025-05-17,SKU-024,Product 24,20,109.76,2195.2
2025-09-18,SKU-018,Product 18,2,89.39,178.78
2025-09-01,SKU-092,Product 92,27,131.65,3554.55
2025-03-28,SKU-001,Product 1,10,133.59,1335.9
2025-09-23,SKU-040,Product 40,33,20.93,690.69
2026-04-27,SKU-015,Product 15,31,98.54,3054.74
2025-01-24,SKU-095,Product 95,6,77.08,462.48
2026-01-18,SKU-097,Product 97,23,45.27,1041.21
2026-03-02,SKU-075,Product 75,44,13.71,603.24
2025-08-27,SKU-031,Product 31,4,52.96,211.84
2025-11-20,SKU-065,Product 65,26,29.77,774.02
2026-04-07,SKU-097,Product 97,27,45.27,1222.29
2026-03-03,SKU-047,Product 47,35,38.43,1345.05
2025-10-24,SKU-023,Product 23,5,129.88,649.4
2025-06-02,SKU-065,Product 65,16,29.77,476.32
2025-08-31,SKU-098,Product 98,27,5.2,140.4
2026-06-08,SKU-019,Product 19,37,83.88,3103.56
2026-02-27,SKU-013,Product 13,35,106.67,3733.45
2025-03-16,SKU-045,Product 45,19,80.28,1525.32
2026-05-05,SKU-083,Product 83,49,134.11,6571.39
2026-03-18,SKU-075,Product 75,6,13.71,82.26
2025-01-01,SKU-099,Product 99,9,48.68,438.12
2025-08-07,SKU-058,Product 58,25,122.59,3064.75
2025-12-19,SKU-003,Product 3,36,70.92,2553.12
2026-07-27,SKU-067,Product 67,51,99.67,5083.17
2025-04-27,SKU-046,Product 46,8,105.52,844.16
2025-07-07,SKU-055,Product 55,9,53.76,483.84
2025-03-27,SKU-054,Product 54,8,85.15,681.2
2026-06-16,SKU-027,Product 27,56,15.58,872.48
2025-07-30,SKU-015,Product 15,29,98.54,2857.66
2026-01-09,SKU-048,Product 48,44,18.02,792.88
2026-04-12,SKU-072,Product 72,34,108.25,3680.5
2025-08-11,SKU-094,Product 94,23,25.25,580.75
2025-10-31,SKU-018,Product 18,15,89.39,1340.85
2025-07-10,SKU-039,Product 39,21,9.81,206.01
2025-01-01,SKU-077,Product 77,10,62.14,621.4
2026-03-12,SKU-071,Product 71,29,41.39,1200.31
2025-01-11,SKU-036,Product 36,10,130.42,1304.2
2025-09-25,SKU-058,Product 58,33,122.59,4045.47
2026-02-12,SKU-077,Product 77,28,62.14,1739.92
2025-09-13,SKU-065,Product 65,20,29.77,595.4
2026-06-28,SKU-035,Product 35,57,42.05,2396.85
2026-05-28,SKU-013,Product 13,3,106.67,320.01
2026-02-02,SKU-063,Product 63,27,85.06,2296.62
2025-11-05,SKU-069,Product 69,10,113.3,1133.0
2025-02-17,SKU-077,Product 77,13,62.14,807.82
2025-02-23,SKU-018,Product 18,10,89.39,893.9
2026-02-25,SKU-072,Product 72,35,108.25,3788.75
2025-12-06,SKU-092,Product 92,11,131.65,1448.15
2026-03-05,SKU-041,Product 41,35,33.9,1186.5
2026-07-01,SKU-028,Product 28,26,68.24,1774.24
2026-07-02,SKU-049,Product 49,57,6.44,367.08
2025-01-20,SKU-006,Product 6,16,16.92,270.72
2026-02-01,SKU-011,Product 11,24,77.13,1851.12
2025-09-18,SKU-072,Product 72,28,108.25,3031.0
2026-07-09,SKU-041,Product 41,38,33.9,1288.2
2026-01-24,SKU-093,Product 93,12,41.04,492.48
2025-11-09,SKU-044,Product 44,18,14.73,265.14
2026-02-27,SKU-099,Product 99,31,48.68,1509.08
2025-08-02,SKU-035,Product 35,2,42.05,84.1
2026-07-25,SKU-036,Product 36,31,130.42,4043.02
2026-05-22,SKU-089,Product 89,32,62.65,2004.8
2025-07-06,SKU-099,Product 99,1,48.68,48.68
2025-12-30,SKU-058,Product 58,43,122.59,5271.37
2025-06-25,SKU-078,Product 78,28,23.81,666.68
2025-02-22,SKU-076,Product 76,3,5.46,16.38
2025-03-18,SKU-099,Product 99,8,48.68,389.44
2026-01-25,SKU-062,Product 62,12,40.67,488.04
2025-05-08,SKU-003,Product 3,1,70.92,70.92
2025-06-17,SKU-056,Product 56,24,140.51,3372.24
2025-01-10,SKU-008,Product 8,5,38.61,193.05
2026-04-23,SKU-098,Product 98,10,5.2,52.0
2025-04-09,SKU-006,Product 6,19,16.92,321.48
2025-03-05,SKU-029,Product 29,9,43.36,390.24
2025-10-13,SKU-012,Product 12,7,112.29,786.03
2026-01-26,SKU-096,Product 96,12,57.25,687.0
2026-02-13,SKU-053,Product 53,37,11.29,417.73
2025-10-28,SKU-081,Product 81,12,66.67,800.04
2026-05-03,SKU-065,Product 65,42,29.77,1250.34
2026-04-04,SKU-047,Product 47,16,38.43,614.88
2026-03-01,SKU-082,Product 82,28,82.39,2306.92
2025-01-19,SKU-073,Product 73,16,120.54,1928.64
2025-10-15,SKU-016,Product 16,17,128.07,2177.19
2025-12-08,SKU-016,Product 16,30,128.07,3842.1
2025-06-23,SKU-096,Product 96,5,57.25,286.25
2025-03-07,SKU-065,Product 65,2,29.77,59.54
2026-04-27,SKU-100,Product 100,49,56.59,2772.91
2026-06-04,SKU-077,Product 77,3,62.14,186.42
2025-11-20,SKU-067,Product 67,10,99.67,996.7
2026-01-28,SKU-079,Product 79,33,39.06,1288.98
2025-08-13,SKU-078,Product 78,28,23.81,666.68
2026-04-10,SKU-081,Product 81,6,66.67,400.02
2026-01-07,SKU-044,Product 44,14,14.73,206.22
2025-10-21,SKU-003,Product 3,7,70.92,496.44
2026-04-23,SKU-058,Product 58,6,122.59,735.54
2025-02-25,SKU-024,Product 24,18,109.76,1975.68
2025-12-06,SKU-073,Product 73,35,120.54,4218.9
2025-06-05,SKU-020,Product 20,14,89.85,1257.9
2026-05-10,SKU-025,Product 25,28,126.63,3545.64
2026-02-26,SKU-092,Product 92,28,131.65,3686.2
2026-05-24,SKU-060,Product 60,40,70.14,2805.6
2025-07-13,SKU-088,Product 88,26,65.71,1708.46
2026-02-20,SKU-037,Product 37,44,83.51,3674.44
2025-09-26,SKU-061,Product 61,7,141.95,993.65
2026-06-26,SKU-099,Product 99,53,48.68,2580.04
2025-05-02,SKU-019,Product 19,14,83.88,1174.32
2026-03-24,SKU-091,Product 91,43,12.64,543.52
2025-08-16,SKU-090,Product 90,28,41.98,1175.44
2025-10-02,SKU-034,Product 34,31,133.9,4150.9
2025-11-07,SKU-045,Product 45,20,80.28,1605.6
2025-04-03,SKU-003,Product 3,13,70.92,921.96
2025-12-26,SKU-006,Product 6,2,16.92,33.84
2026-03-02,SKU-043,Product 43,41,124.39,5099.99
2026-04-14,SKU-077,Product 77,41,62.14,2547.74
2025-05-25,SKU-096,Product 96,17,57.25,973.25
2025-04-15,SKU-039,Product 39,10,9.81,98.1
2026-02-09,SKU-061,Product 61,40,141.95,5678.0
2026-02-07,SKU-020,Product 20,15,89.85,1347.75
2026-07-23,SKU-079,Product 79,35,39.06,1367.1
2026-04-02,SKU-076,Product 76,43,5.46,234.78
2026-02-08,SKU-018,Product 18,24,89.39,2145.36
2026-05-20,SKU-060,Product 60,3,70.14,210.42
2026-03-14,SKU-043,Product 43,22,124.39,2736.58
2025-01-10,SKU-069,Product 69,3,113.3,339.9
2026-02-05,SKU-099,Product 99,12,48.68,584.16
2025-12-05,SKU-071,Product 71,5,41.39,206.95
2025-06-10,SKU-036,Product 36,1,130.42,130.42
2025-02-21,SKU-074,Product 74,16,102.79,1644.64
2025-03-04,SKU-075,Product 75,2,13.71,27.42
2026-07-08,SKU-029,Product 29,3,43.36,130.08
2025-10-21,SKU-006,Product 6,25,16.92,423.0
2026-02-22,SKU-087,Product 87,22,123.31,2712.82
2026-01-26,SKU-025,Product 25,45,126.63,5698.35
2025-03-16,SKU-072,Product 72,9,108.25,974.25
2025-06-07,SKU-073,Product 73,3,120.54,361.62
2025-01-14,SKU-032,Product 32,7,97.86,685.02
2026-07-09,SKU-071,Product 71,23,41.39,951.97
2025-09-29,SKU-058,Product 58,12,122.59,1471.08
2025-04-17,SKU-062,Product 62,3,40.67,122.01
2026-06-15,SKU-011,Product 11,33,77.13,2545.29
2025-10-31,SKU-060,Product 60,12,70.14,841.68
2025-10-06,SKU-014,Product 14,4,51.74,206.96
2025-01-13,SKU-030,Product 30,2,117.66,235.32
2026-04-09,SKU-069,Product 69,34,113.3,3852.2
2025-01-20,SKU-097,Product 97,8,45.27,362.16
2025-03-20,SKU-033,Product 33,11,53.43,587.73
2026-03-11,SKU-037,Product 37,48,83.51,4008.48
2026-07-21,SKU-060,Product 60,59,70.14,4138.26
2026-01-13,SKU-051,Product 51,14,104.22,1459.08
2025-12-21,SKU-034,Product 34,5,133.9,669.5
2025-12-18,SKU-043,Product 43,31,124.39,3856.09
2025-12-29,SKU-036,Product 36,11,130.42,1434.62
2026-05-18,SKU-100,Product 100,46,56.59,2603.14
2026-06-03,SKU-041,Product 41,7,33.9,237.3
2025-10-28,SKU-019,Product 19,15,83.88,1258.2
2026-05-12,SKU-091,Product 91,7,12.64,88.48
2026-07-05,SKU-018,Product 18,54,89.39,4827.06
2026-04-25,SKU-093,Product 93,38,41.04,1559.52
2025-03-06,SKU-017,Product 17,13,88.02,1144.26
2025-08-08,SKU-039,Product 39,25,9.81,245.25
2026-03-08,SKU-003,Product 3,19,70.92,1347.48
2025-10-22,SKU-006,Product 6,7,16.92,118.44
2025-11-11,SKU-049,Product 49,13,6.44,83.72
2026-05-29,SKU-048,Product 48,3,18.02,54.06
2025-01-15,SKU-071,Product 71,15,41.39,620.85
2026-02-24,SKU-056,Product 56,3,140.51,421.53
2025-02-28,SKU-068,Product 68,9,65.88,592.92
2026-04-28,SKU-028,Product 28,17,68.24,1160.08
2026-07-15,SKU-064,Product 64,31,117.63,3646.53
2025-10-25,SKU-017,Product 17,30,88.02,2640.6
2025-03-01,SKU-040,Product 40,7,20.93,146.51
2026-03-24,SKU-007,Product 7,16,81.18,1298.88
2025-04-04,SKU-049,Product 49,14,6.44,90.16
2026-04-24,SKU-004,Product 4,27,70.1,1892.7
2025-08-22,SKU-084,Product 84,28,108.64,3041.92
2026-01-26,SKU-003,Product 3,21,70.92,1489.32
2025-07-29,SKU-006,Product 6,6,16.92,101.52
2025-03-04,SKU-049,Product 49,14,6.44,90.16
2026-02-19,SKU-006,Product 6,47,16.92,795.24
2025-10-16,SKU-070,Product 70,34,38.61,1312.74
2025-03-07,SKU-064,Product 64,9,117.63,1058.67
2026-01-31,SKU-069,Product 69,27,113.3,3059.1
2026-06-20,SKU-097,Product 97,18,45.27,814.86
2026-03-24,SKU-095,Product 95,16,77.08,1233.28
2025-10-12,SKU-039,Product 39,37,9.81,362.97
2025-10-16,SKU-093,Product 93,32,41.04,1313.28
2026-05-19,SKU-010,Product 10,39,84.95,3313.05
2025-11-30,SKU-057,Product 57,21,27.94,586.74
2025-08-13,SKU-091,Product 91,6,12.64,75.84
2026-04-25,SKU-050,Product 50,20,42.38,847.6
2026-05-16,SKU-013,Product 13,17,106.67,1813.39
2025-05-26,SKU-072,Product 72,8,108.25,866.0
2025-06-11,SKU-078,Product 78,18,23.81,428.58
2025-07-14,SKU-085,Product 85,4,53.4,213.6
2025-06-03,SKU-086,Product 86,25,117.55,2938.75
2025-03-04,SKU-016,Product 16,15,128.07,1921.05
2025-07-02,SKU-082,Product 82,23,82.39,1894.97
2026-01-01,SKU-026,Product 26,28,66.33,1857.24
2025-08-29,SKU-097,Product 97,29,45.27,1312.83
2026-02-27,SKU-017,Product 17,25,88.02,2200.5
2025-05-24,SKU-071,Product 71,6,41.39,248.34
2025-01-16,SKU-056,Product 56,3,140.51,421.53
2025-06-07,SKU-064,Product 64,9,117.63,1058.67
2026-04-11,SKU-006,Product 6,37,16.92,626.04
2025-08-28,SKU-017,Product 17,31,88.02,2728.62
2025-06-07,SKU-098,Product 98,9,5.2,46.8
2025-09-06,SKU-057,Product 57,11,27.94,307.34
2026-07-26,SKU-049,Product 49,59,6.44,379.96
2025-10-05,SKU-060,Product 60,21,70.14,1472.94
2025-07-05,SKU-002,Product 2,29,116.06,3365.74
2025-07-23,SKU-091,Product 91,24,12.64,303.36
2025-07-30,SKU-009,Product 9,6,33.35,200.1
2026-05-22,SKU-067,Product 67,7,99.67,697.69
2025-06-20,SKU-021,Product 21,1,71.49,71.49
2025-02-08,SKU-015,Product 15,15,98.54,1478.1
2025-12-07,SKU-099,Product 99,5,48.68,243.4
2025-06-19,SKU-044,Product 44,5,14.73,73.65
2025-02-02,SKU-084,Product 84,2,108.64,217.28
2025-09-26,SKU-069,Product 69,7,113.3,793.1
2025-05-29,SKU-020,Product 20,1,89.85,89.85
2026-07-05,SKU-061,Product 61,27,141.95,3832.65
2026-07-04,SKU-042,Product 42,11,42.29,465.19
2026-03-11,SKU-012,Product 12,26,112.29,2919.54
2025-05-23,SKU-060,Product 60,26,70.14,1823.64
2025-04-15,SKU-022,Product 22,3,59.25,177.75
2025-01-22,SKU-038,Product 38,13,30.86,401.18
2025-07-02,SKU-054,Product 54,9,85.15,766.35
2025-05-25,SKU-075,Product 75,1,13.71,13.71
2026-03-18,SKU-085,Product 85,46,53.4,2456.4
2025-12-26,SKU-067,Product 67,40,99.67,3986.8
2026-01-28,SKU-091,Product 91,30,12.64,379.2
2025-09-28,SKU-096,Product 96,28,57.25,1603.0
2026-04-16,SKU-004,Product 4,27,70.1,1892.7
2026-04-16,SKU-088,Product 88,48,65.71,3154.08
2026-03-07,SKU-046,Product 46,25,105.52,2638.0
2026-06-28,SKU-068,Product 68,34,65.88,2239.92
2025-11-07,SKU-006,Product 6,33,16.92,558.36
2025-07-15,SKU-062,Product 62,22,40.67,894.74
2025-01-29,SKU-086,Product 86,16,117.55,1880.8
2026-07-13,SKU-062,Product 62,42,40.67,1708.14
2025-02-17,SKU-008,Product 8,12,38.61,463.32
2026-01-13,SKU-056,Product 56,2,140.51,281.02
2025-09-06,SKU-088,Product 88,25,65.71,1642.75
2025-10-18,SKU-055,Product 55,17,53.76,913.92
2025-10-23,SKU-072,Product 72,22,108.25,2381.5
2026-06-29,SKU-092,Product 92,45,131.65,5924.25
2025-05-22,SKU-038,Product 38,25,30.86,771.5
2026-01-22,SKU-065,Product 65,12,29.77,357.24
2025-04-25,SKU-014,Product 14,22,51.74,1138.28
2025-12-04,SKU-006,Product 6,22,16.92,372.24
2025-02-08,SKU-035,Product 35,15,42.05,630.75
2026-04-09,SKU-028,Product 28,47,68.24,3207.28
2025-10-25,SKU-072,Product 72,38,108.25,4113.5
2025-01-12,SKU-008,Product 8,12,38.61,463.32
2025-04-10,SKU-005,Product 5,7,112.77,789.39
2025-04-07,SKU-062,Product 62,16,40.67,650.72
2025-03-01,SKU-067,Product 67,5,99.67,498.35
2025-01-08,SKU-027,Product 27,11,15.58,171.38
2025-09-28,SKU-006,Product 6,19,16.92,321.48
2025-11-03,SKU-005,Product 5,33,112.77,3721.41
2026-03-28,SKU-044,Product 44,16,14.73,235.68
2025-02-28,SKU-027,Product 27,6,15.58,93.48
2025-08-18,SKU-042,Product 42,26,42.29,1099.54
2026-02-02,SKU-027,Product 27,36,15.58,560.88
2025-11-05,SKU-039,Product 39,10,9.81,98.1
2025-02-25,SKU-010,Product 10,15,84.95,1274.25
2025-02-21,SKU-007,Product 7,12,81.18,974.16
2025-05-04,SKU-081,Product 81,11,66.67,733.37
2025-11-17,SKU-084,Product 84,39,108.64,4236.96
2025-05-25,SKU-061,Product 61,13,141.95,1845.35
2025-04-17,SKU-031,Product 31,10,52.96,529.6
2026-06-17,SKU-075,Product 75,41,13.71,562.11
2026-07-25,SKU-057,Product 57,51,27.94,1424.94
2026-04-09,SKU-074,Product 74,44,102.79,4522.76
2026-02-04,SKU-041,Product 41,30,33.9,1017.0
2025-06-02,SKU-024,Product 24,12,109.76,1317.12
2025-03-06,SKU-051,Product 51,2,104.22,208.44
2026-05-12,SKU-013,Product 13,25,106.67,2666.75
2026-03-27,SKU-022,Product 22,23,59.25,1362.75
2025-04-29,SKU-074,Product 74,14,102.79,1439.06
2025-03-02,SKU-046,Product 46,7,105.52,738.64
2025-08-15,SKU-089,Product 89,2,62.65,125.3
2025-07-23,SKU-022,Product 22,14,59.25,829.5
2025-10-16,SKU-059,Product 59,7,143.98,1007.86
2026-01-25,SKU-036,Product 36,27,130.42,3521.34
2026-01-13,SKU-035,Product 35,17,42.05,714.85
2026-02-13,SKU-009,Product 9,3,33.35,100.05
2025-09-14,SKU-073,Product 73,34,120.54,4098.36
2025-02-03,SKU-030,Product 30,14,117.66,1647.24
2025-03-25,SKU-009,Product 9,10,33.35,333.5
2026-02-05,SKU-012,Product 12,46,112.29,5165.34
2025-08-21,SKU-009,Product 9,26,33.35,867.1
2025-01-30,SKU-018,Product 18,4,89.39,357.56
2025-02-12,SKU-040,Product 40,15,20.93,313.95
2025-11-06,SKU-071,Product 71,39,41.39,1614.21
2025-11-13,SKU-088,Product 88,2,65.71,131.42
2026-06-27,SKU-088,Product 88,19,65.71,1248.49
2026-03-17,SKU-019,Product 19,6,83.88,503.28
2025-05-22,SKU-075,Product 75,3,13.71,41.13
2025-09-15,SKU-079,Product 79,23,39.06,898.38
2025-01-25,SKU-095,Product 95,5,77.08,385.4
2025-06-15,SKU-004,Product 4,20,70.1,1402.0
2026-04-18,SKU-007,Product 7,13,81.18,1055.34
2026-06-30,SKU-010,Product 10,38,84.95,3228.1
2025-12-21,SKU-099,Product 99,34,48.68,1655.12
2025-09-26,SKU-079,Product 79,21,39.06,820.26
2025-07-06,SKU-063,Product 63,13,85.06,1105.78
2025-09-03,SKU-044,Product 44,4,14.73,58.92
2026-04-16,SKU-094,Product 94,17,25.25,429.25
2025-03-21,SKU-072,Product 72,7,108.25,757.75
2025-07-25,SKU-037,Product 37,2,83.51,167.02
2025-09-11,SKU-082,Product 82,34,82.39,2801.26
2026-01-01,SKU-049,Product 49,26,6.44,167.44
2025-10-23,SKU-048,Product 48,22,18.02,396.44
2025-02-27,SKU-018,Product 18,5,89.39,446.95
2025-11-29,SKU-024,Product 24,16,109.76,1756.16
2026-04-21,SKU-097,Product 97,52,45.27,2354.04
2025-04-21,SKU-067,Product 67,12,99.67,1196.04
2026-06-18,SKU-033,Product 33,26,53.43,1389.18
2025-07-22,SKU-008,Product 8,8,38.61,308.88
2025-02-18,SKU-045,Product 45,8,80.28,642.24
2025-09-10,SKU-096,Product 96,16,57.25,916.0
2025-07-27,SKU-048,Product 48,31,18.02,558.62
2025-06-19,SKU-085,Product 85,11,53.4,587.4
2025-01-06,SKU-082,Product 82,11,82.39,906.29
2025-02-28,SKU-083,Product 83,13,134.11,1743.43
2025-08-24,SKU-002,Product 2,17,116.06,1973.02
2026-02-27,SKU-005,Product 5,3,112.77,338.31
2025-01-19,SKU-071,Product 71,4,41.39,165.56
2025-04-08,SKU-016,Product 16,3,128.07,384.21
2026-07-08,SKU-100,Product 100,19,56.59,1075.21
2025-04-06,SKU-017,Product 17,16,88.02,1408.32
2025-12-23,SKU-091,Product 91,39,12.64,492.96
2025-08-25,SKU-089,Product 89,31,62.65,1942.15
2026-04-30,SKU-010,Product 10,24,84.95,2038.8
2025-05-30,SKU-096,Product 96,5,57.25,286.25
2026-07-21,SKU-094,Product 94,51,25.25,1287.75
2025-11-13,SKU-048,Product 48,18,18.02,324.36
2026-07-11,SKU-020,Product 20,19,89.85,1707.15
2026-06-12,SKU-061,Product 61,14,141.95,1987.3
2025-10-05,SKU-033,Product 33,31,53.43,1656.33
2025-09-17,SKU-048,Product 48,21,18.02,378.42
2025-02-03,SKU-018,Product 18,1,89.39,89.39
2025-10-05,SKU-058,Product 58,12,122.59,1471.08
2025-05-25,SKU-056,Product 56,24,140.51,3372.24
2025-02-10,SKU-039,Product 39,1,9.81,9.81
2025-06-14,SKU-067,Product 67,9,99.67,897.03
2026-04-11,SKU-063,Product 63,37,85.06,3147.22
2026-04-29,SKU-063,Product 63,17,85.06,1446.02
2026-02-14,SKU-092,Product 92,21,131.65,2764.65
2026-07-19,SKU-083,Product 83,31,134.11,4157.41
2026-03-04,SKU-025,Product 25,28,126.63,3545.64
2025-10-08,SKU-061,Product 61,7,141.95,993.65
2026-02-25,SKU-090,Product 90,3,41.98,125.94
2025-07-07,SKU-050,Product 50,29,42.38,1229.02
2026-03-22,SKU-091,Product 91,43,12.64,543.52
2025-08-27,SKU-013,Product 13,24,106.67,2560.08
2026-07-06,SKU-006,Product 6,50,16.92,846.0
2025-03-21,SKU-040,Product 40,9,20.93,188.37
2026-03-09,SKU-100,Product 100,38,56.59,2150.42
2025-09-10,SKU-075,Product 75,20,13.71,274.2
2026-07-14,SKU-054,Product 54,23,85.15,1958.45
2026-06-24,SKU-069,Product 69,30,113.3,3399.0
2026-07-26,SKU-086,Product 86,11,117.55,1293.05
2026-01-09,SKU-035,Product 35,32,42.05,1345.6
2025-06-16,SKU-082,Product 82,3,82.39,247.17
2025-09-03,SKU-031,Product 31,2,52.96,105.92
2026-05-26,SKU-020,Product 20,43,89.85,3863.55
2025-01-09,SKU-079,Product 79,8,39.06,312.48
2025-06-20,SKU-044,Product 44,20,14.73,294.6
2025-03-13,SKU-067,Product 67,10,99.67,996.7
2025-08-30,SKU-009,Product 9,6,33.35,200.1
2025-03-21,SKU-070,Product 70,11,38.61,424.71
2026-05-23,SKU-044,Product 44,54,14.73,795.42
2025-08-02,SKU-041,Product 41,10,33.9,339.0
2025-05-18,SKU-052,Product 52,20,79.76,1595.2
2026-05-02,SKU-027,Product 27,45,15.58,701.1
2026-07-03,SKU-017,Product 17,15,88.02,1320.3
2025-11-30,SKU-070,Product 70,8,38.61,308.88
2026-01-31,SKU-052,Product 52,12,79.76,957.12
2026-04-06,SKU-026,Product 26,33,66.33,2188.89
2026-01-27,SKU-018,Product 18,18,89.39,1609.02
2026-02-15,SKU-091,Product 91,25,12.64,316.0
2025-06-24,SKU-017,Product 17,20,88.02,1760.4
2025-02-06,SKU-042,Product 42,4,42.29,169.16
2025-03-02,SKU-049,Product 49,2,6.44,12.88
2025-12-21,SKU-013,Product 13,17,106.67,1813.39
2025-11-04,SKU-070,Product 70,31,38.61,1196.91
2025-09-20,SKU-061,Product 61,28,141.95,3974.6
2025-04-02,SKU-074,Product 74,7,102.79,719.53
2026-05-27,SKU-043,Product 43,43,124.39,5348.77
2025-08-12,SKU-026,Product 26,19,66.33,1260.27
2025-08-09,SKU-036,Product 36,30,130.42,3912.6
2025-01-20,SKU-078,Product 78,1,23.81,23.81
2025-08-08,SKU-080,Product 80,27,14.32,386.64
2026-06-07,SKU-096,Product 96,55,57.25,3148.75
2025-03-29,SKU-025,Product 25,14,126.63,1772.82
2026-03-30,SKU-046,Product 46,10,105.52,1055.2
2025-09-13,SKU-100,Product 100,6,56.59,339.54
2025-12-13,SKU-064,Product 64,2,117.63,235.26
2025-10-08,SKU-056,Product 56,7,140.51,983.57
2025-06-19,SKU-043,Product 43,22,124.39,2736.58
2026-01-31,SKU-093,Product 93,21,41.04,861.84
2026-05-17,SKU-087,Product 87,46,123.31,5672.26
2025-09-03,SKU-095,Product 95,34,77.08,2620.72
2026-07-22,SKU-072,Product 72,11,108.25,1190.75
2025-11-24,SKU-006,Product 6,24,16.92,406.08
2026-04-04,SKU-033,Product 33,33,53.43,1763.19
2025-08-03,SKU-044,Product 44,16,14.73,235.68
2026-02-22,SKU-039,Product 39,15,9.81,147.15
2025-04-19,SKU-032,Product 32,15,97.86,1467.9
2025-01-26,SKU-087,Product 87,1,123.31,123.31
2025-11-11,SKU-076,Product 76,18,5.46,98.28
2026-01-15,SKU-008,Product 8,2,38.61,77.22
2025-05-03,SKU-009,Product 9,9,33.35,300.15
2026-03-05,SKU-097,Product 97,19,45.27,860.13
2025-09-29,SKU-061,Product 61,4,141.95,567.8
2025-02-11,SKU-062,Product 62,1,40.67,40.67
2026-06-11,SKU-064,Product 64,37,117.63,4352.31
2026-01-13,SKU-074,Product 74,35,102.79,3597.65
2025-06-12,SKU-059,Product 59,5,143.98,719.9
2026-04-25,SKU-013,Product 13,20,106.67,2133.4
2025-04-04,SKU-081,Product 81,1,66.67,66.67
2025-06-11,SKU-030,Product 30,3,117.66,352.98
2025-08-02,SKU-089,Product 89,14,62.65,877.1
2026-03-07,SKU-088,Product 88,12,65.71,788.52
2025-08-07,SKU-095,Product 95,29,77.08,2235.32
2026-02-14,SKU-009,Product 9,37,33.35,1233.95
2025-01-05,SKU-046,Product 46,4,105.52,422.08
2025-06-02,SKU-030,Product 30,8,117.66,941.28
2025-11-19,SKU-031,Product 31,32,52.96,1694.72
2025-05-19,SKU-008,Product 8,6,38.61,231.66
2025-05-20,SKU-012,Product 12,22,112.29,2470.38
2025-11-27,SKU-081,Product 81,8,66.67,533.36
2026-01-18,SKU-028,Product 28,17,68.24,1160.08
2026-06-26,SKU-057,Product 57,45,27.94,1257.3
2025-06-06,SKU-040,Product 40,9,20.93,188.37
2025-02-27,SKU-060,Product 60,2,70.14,140.28
2025-03-01,SKU-048,Product 48,6,18.02,108.12
2026-03-27,SKU-062,Product 62,33,40.67,1342.11
2026-07-15,SKU-073,Product 73,31,120.54,3736.74
2026-04-12,SKU-050,Product 50,34,42.38,1440.92
2025-09-01,SKU-069,Product 69,29,113.3,3285.7
2025-04-10,SKU-004,Product 4,16,70.1,1121.6
2025-10-22,SKU-063,Product 63,27,85.06,2296.62
2025-11-12,SKU-086,Product 86,5,117.55,587.75
2025-10-02,SKU-060,Product 60,33,70.14,2314.62
2026-07-28,SKU-089,Product 89,15,62.65,939.75
2026-05-22,SKU-031,Product 31,32,52.96,1694.72
2025-06-06,SKU-084,Product 84,9,108.64,977.76
2025-03-06,SKU-024,Product 24,11,109.76,1207.36
2025-08-03,SKU-059,Product 59,29,143.98,4175.42
2026-07-30,SKU-020,Product 20,23,89.85,2066.55
2025-03-22,SKU-008,Product 8,5,38.61,193.05
2025-07-04,SKU-051,Product 51,27,104.22,2813.94
2026-05-03,SKU-057,Product 57,3,27.94,83.82
2026-01-06,SKU-024,Product 24,26,109.76,2853.76
2025-07-09,SKU-078,Product 78,25,23.81,595.25
2026-03-22,SKU-066,Product 66,36,50.43,1815.48
2025-04-24,SKU-077,Product 77,22,62.14,1367.08
2025-05-25,SKU-017,Product 17,17,88.02,1496.34
2026-07-01,SKU-099,Product 99,57,48.68,2774.76
2026-02-05,SKU-088,Product 88,6,65.71,394.26
2025-04-08,SKU-056,Product 56,7,140.51,983.57
2025-08-21,SKU-047,Product 47,30,38.43,1152.9
2025-10-13,SKU-038,Product 38,9,30.86,277.74
2026-01-11,SKU-099,Product 99,41,48.68,1995.88
2026-07-12,SKU-029,Product 29,23,43.36,997.28
2025-08-01,SKU-029,Product 29,18,43.36,780.48
2026-07-07,SKU-069,Product 69,11,113.3,1246.3
2025-11-14,SKU-032,Product 32,39,97.86,3816.54
2026-05-11,SKU-095,Product 95,46,77.08,3545.68
2026-03-23,SKU-082,Product 82,43,82.39,3542.77
2025-04-28,SKU-078,Product 78,1,23.81,23.81
2026-03-12,SKU-004,Product 4,6,70.1,420.6
2026-06-12,SKU-067,Product 67,52,99.67,5182.84
2026-06-26,SKU-091,Product 91,45,12.64,568.8
2026-03-21,SKU-021,Product 21,33,71.49,2359.17
2026-07-06,SKU-026,Product 26,27,66.33,1790.91
2026-05-13,SKU-054,Product 54,3,85.15,255.45
2025-08-18,SKU-051,Product 51,28,104.22,2918.16
2025-05-01,SKU-054,Product 54,11,85.15,936.65
2025-05-22,SKU-034,Product 34,1,133.9,133.9
2025-07-09,SKU-081,Product 81,21,66.67,1400.07
2026-01-19,SKU-006,Product 6,8,16.92,135.36
2026-04-17,SKU-098,Product 98,17,5.2,88.4
2025-11-23,SKU-048,Product 48,8,18.02,144.16
2025-08-10,SKU-068,Product 68,30,65.88,1976.4
2025-01-09,SKU-015,Product 15,3,98.54,295.62
2026-06-01,SKU-007,Product 7,14,81.18,1136.52
2026-03-26,SKU-076,Product 76,26,5.46,141.96
2025-11-15,SKU-071,Product 71,31,41.39,1283.09
2025-06-26,SKU-072,Product 72,26,108.25,2814.5
2025-10-15,SKU-019,Product 19,32,83.88,2684.16
2025-12-20,SKU-073,Product 73,22,120.54,2651.88
2025-04-02,SKU-012,Product 12,10,112.29,1122.9
2026-04-24,SKU-077,Product 77,6,62.14,372.84
2026-04-07,SKU-020,Product 20,10,89.85,898.5
2026-03-27,SKU-036,Product 36,3,130.42,391.26
2026-07-14,SKU-060,Product 60,23,70.14,1613.22
2025-10-27,SKU-098,Product 98,2,5.2,10.4
2025-12-25,SKU-043,Product 43,42,124.39,5224.38
2025-10-19,SKU-100,Product 100,20,56.59,1131.8
2025-08-27,SKU-074,Product 74,22,102.79,2261.38
2025-06-28,SKU-091,Product 91,3,12.64,37.92
2026-05-28,SKU-020,Product 20,40,89.85,3594.0
2025-04-09,SKU-050,Product 50,7,42.38,296.66
2026-02-15,SKU-090,Product 90,40,41.98,1679.2
2025-02-08,SKU-075,Product 75,2,13.71,27.42
2026-01-07,SKU-031,Product 31,11,52.96,582.56
2025-06-15,SKU-006,Product 6,20,16.92,338.4
2025-07-23,SKU-100,Product 100,22,56.59,1244.98
2025-11-30,SKU-049,Product 49,24,6.44,154.56
2025-09-24,SKU-010,Product 10,11,84.95,934.45
2026-05-22,SKU-078,Product 78,50,23.81,1190.5
2025-06-27,SKU-069,Product 69,7,113.3,793.1
2025-05-09,SKU-078,Product 78,16,23.81,380.96
2025-09-25,SKU-067,Product 67,33,99.67,3289.11
2026-03-10,SKU-058,Product 58,22,122.59,2696.98
2025-08-26,SKU-052,Product 52,15,79.76,1196.4
2025-06-03,SKU-092,Product 92,1,131.65,131.65
2025-03-08,SKU-090,Product 90,6,41.98,251.88
2025-11-01,SKU-071,Product 71,23,41.39,951.97
2026-07-16,SKU-052,Product 52,43,79.76,3429.68
2026-03-04,SKU-076,Product 76,6,5.46,32.76
2026-04-14,SKU-097,Product 97,41,45.27,1856.07
2026-05-29,SKU-076,Product 76,14,5.46,76.44
2026-07-27,SKU-030,Product 30,47,117.66,5530.02
2025-10-22,SKU-079,Product 79,32,39.06,1249.92
2026-04-12,SKU-064,Product 64,51,117.63,5999.13
2025-09-06,SKU-098,Product 98,25,5.2,130.0
2025-11-20,SKU-035,Product 35,29,42.05,1219.45
2025-01-09,SKU-058,Product 58,8,122.59,980.72
2026-06-16,SKU-026,Product 26,30,66.33,1989.9
2025-06-28,SKU-007,Product 7,7,81.18,568.26
2026-07-23,SKU-017,Product 17,27,88.02,2376.54
2026-02-23,SKU-066,Product 66,15,50.43,756.45
2026-03-31,SKU-028,Product 28,20,68.24,1364.8
2025-09-30,SKU-007,Product 7,16,81.18,1298.88
2026-01-19,SKU-077,Product 77,20,62.14,1242.8
2025-12-22,SKU-056,Product 56,2,140.51,281.02
2025-02-13,SKU-024,Product 24,14,109.76,1536.64
2025-06-05,SKU-030,Product 30,16,117.66,1882.56
2025-12-27,SKU-037,Product 37,31,83.51,2588.81
2025-03-17,SKU-017,Product 17,9,88.02,792.18
2025-08-11,SKU-070,Product 70,8,38.61,308.88
2025-03-09,SKU-094,Product 94,17,25.25,429.25
2026-06-08,SKU-089,Product 89,48,62.65,3007.2
2026-05-31,SKU-015,Product 15,29,98.54,2857.66
2026-05-04,SKU-073,Product 73,53,120.54,6388.62
2026-06-20,SKU-049,Product 49,26,6.44,167.44
2025-03-09,SKU-015,Product 15,13,98.54,1281.02
2025-12-26,SKU-058,Product 58,25,122.59,3064.75
2025-06-04,SKU-075,Product 75,1,13.71,13.71
2025-07-13,SKU-074,Product 74,14,102.79,1439.06
2025-11-22,SKU-018,Product 18,29,89.39,2592.31
2026-04-11,SKU-056,Product 56,51,140.51,7166.01
2025-09-22,SKU-012,Product 12,21,112.29,2358.09
2026-03-10,SKU-028,Product 28,16,68.24,1091.84
2025-04-05,SKU-053,Product 53,7,11.29,79.03
2025-03-23,SKU-018,Product 18,7,89.39,625.73
2025-04-01,SKU-036,Product 36,16,130.42,2086.72
2025-02-20,SKU-091,Product 91,16,12.64,202.24
2026-04-21,SKU-002,Product 2,34,116.06,3946.04
2026-02-07,SKU-014,Product 14,6,51.74,310.44
2026-07-21,SKU-091,Product 91,43,12.64,543.52
2026-02-20,SKU-081,Product 81,44,66.67,2933.48
2025-12-18,SKU-037,Product 37,19,83.51,1586.69
2026-02-06,SKU-046,Product 46,37,105.52,3904.24
2025-09-14,SKU-067,Product 67,30,99.67,2990.1
2025-04-18,SKU-073,Product 73,3,120.54,361.62
2026-04-26,SKU-042,Product 42,38,42.29,1607.02
2025-12-10,SKU-052,Product 52,2,79.76,159.52
2025-10-20,SKU-043,Product 43,12,124.39,1492.68
2025-04-17,SKU-017,Product 17,1,88.02,88.02
2025-04-10,SKU-008,Product 8,7,38.61,270.27
2026-02-28,SKU-020,Product 20,22,89.85,1976.7
2025-05-22,SKU-033,Product 33,24,53.43,1282.32
2026-04-17,SKU-092,Product 92,41,131.65,5397.65
2025-10-16,SKU-085,Product 85,34,53.4,1815.6
2025-01-15,SKU-004,Product 4,7,70.1,490.7
2025-12-25,SKU-013,Product 13,11,106.67,1173.37
2026-07-13,SKU-080,Product 80,58,14.32,830.56
2025-10-31,SKU-039,Product 39,12,9.81,117.72
2025-04-18,SKU-092,Product 92,18,131.65,2369.7
2025-04-27,SKU-018,Product 18,8,89.39,715.12
2025-08-20,SKU-041,Product 41,19,33.9,644.1
2025-04-23,SKU-054,Product 54,15,85.15,1277.25
2026-06-10,SKU-024,Product 24,26,109.76,2853.76
2025-04-27,SKU-069,Product 69,22,113.3,2492.6
2025-05-21,SKU-015,Product 15,5,98.54,492.7
2025-10-11,SKU-098,Product 98,24,5.2,124.8
2025-08-22,SKU-048,Product 48,6,18.02,108.12
2026-05-29,SKU-097,Product 97,25,45.27,1131.75
2025-03-29,SKU-035,Product 35,5,42.05,210.25
2025-11-15,SKU-003,Product 3,7,70.92,496.44
2026-03-12,SKU-024,Product 24,32,109.76,3512.32
2025-03-26,SKU-023,Product 23,8,129.88,1039.04
2025-03-14,SKU-089,Product 89,8,62.65,501.2
2025-12-15,SKU-059,Product 59,39,143.98,5615.22
2025-08-17,SKU-045,Product 45,30,80.28,2408.4
2025-01-16,SKU-038,Product 38,3,30.86,92.58
2025-05-09,SKU-010,Product 10,18,84.95,1529.1
2025-04-04,SKU-060,Product 60,16,70.14,1122.24
2025-01-02,SKU-051,Product 51,7,104.22,729.54
2025-09-14,SKU-027,Product 27,2,15.58,31.16
2026-01-14,SKU-038,Product 38,38,30.86,1172.68
2026-01-23,SKU-068,Product 68,24,65.88,1581.12
2025-04-17,SKU-019,Product 19,6,83.88,503.28
2026-03-28,SKU-020,Product 20,46,89.85,4133.1
2026-03-17,SKU-065,Product 65,19,29.77,565.63
2025-07-01,SKU-053,Product 53,19,11.29,214.51
2025-03-14,SKU-046,Product 46,20,105.52,2110.4
2026-02-08,SKU-036,Product 36,24,130.42,3130.08
2025-07-04,SKU-051,Product 51,23,104.22,2397.06
2025-12-18,SKU-093,Product 93,33,41.04,1354.32
2025-07-24,SKU-033,Product 33,16,53.43,854.88
2025-08-21,SKU-007,Product 7,15,81.18,1217.7
2026-04-12,SKU-019,Product 19,30,83.88,2516.4
2025-02-06,SKU-085,Product 85,4,53.4,213.6
2025-02-11,SKU-099,Product 99,9,48.68,438.12
2025-06-07,SKU-089,Product 89,25,62.65,1566.25
2025-08-27,SKU-098,Product 98,33,5.2,171.6
2025-07-16,SKU-032,Product 32,8,97.86,782.88
2026-02-28,SKU-009,Product 9,41,33.35,1367.35
2026-01-17,SKU-048,Product 48,8,18.02,144.16
2025-09-18,SKU-093,Product 93,14,41.04,574.56
2025-08-03,SKU-096,Product 96,12,57.25,687.0
2025-03-26,SKU-035,Product 35,15,42.05,630.75
2025-04-19,SKU-074,Product 74,15,102.79,1541.85
2025-03-20,SKU-088,Product 88,19,65.71,1248.49
2025-05-01,SKU-059,Product 59,17,143.98,2447.66
2025-03-06,SKU-053,Product 53,14,11.29,158.06
2025-10-08,SKU-083,Product 83,7,134.11,938.77
2025-10-10,SKU-052,Product 52,27,79.76,2153.52
2026-05-07,SKU-095,Product 95,53,77.08,4085.24
2025-08-28,SKU-027,Product 27,17,15.58,264.86
2026-03-04,SKU-063,Product 63,22,85.06,1871.32
2025-10-11,SKU-064,Product 64,9,117.63,1058.67
2026-05-05,SKU-010,Product 10,17,84.95,1444.15
2026-02-27,SKU-009,Product 9,3,33.35,100.05
2025-07-04,SKU-075,Product 75,29,13.71,397.59
2025-12-24,SKU-075,Product 75,2,13.71,27.42
2025-12-26,SKU-089,Product 89,5,62.65,313.25
2025-10-20,SKU-091,Product 91,25,12.64,316.0
2025-10-27,SKU-006,Product 6,35,16.92,592.2
2026-01-02,SKU-013,Product 13,40,106.67,4266.8
2026-06-30,SKU-045,Product 45,3,80.28,240.84
2025-01-03,SKU-005,Product 5,12,112.77,1353.24
2026-05-14,SKU-009,Product 9,25,33.35,833.75
2025-04-01,SKU-041,Product 41,5,33.9,169.5
2025-11-27,SKU-073,Product 73,27,120.54,3254.58
2025-11-24,SKU-047,Product 47,32,38.43,1229.76
2025-07-16,SKU-036,Product 36,26,130.42,3390.92
2025-11-08,SKU-098,Product 98,13,5.2,67.6
2026-04-27,SKU-047,Product 47,17,38.43,653.31
2025-05-19,SKU-025,Product 25,3,126.63,379.89
2025-09-19,SKU-016,Product 16,14,128.07,1792.98
2025-01-31,SKU-095,Product 95,12,77.08,924.96
2025-12-26,SKU-092,Product 92,2,131.65,263.3
2025-02-12,SKU-010,Product 10,17,84.95,1444.15
2025-09-19,SKU-085,Product 85,7,53.4,373.8
2025-01-07,SKU-086,Product 86,1,117.55,117.55
2026-06-13,SKU-053,Product 53,7,11.29,79.03
2026-04-30,SKU-073,Product 73,38,120.54,4580.52
2026-04-13,SKU-073,Product 73,6,120.54,723.24
2025-04-10,SKU-022,Product 22,18,59.25,1066.5
2025-09-19,SKU-013,Product 13,7,106.67,746.69
2025-08-20,SKU-094,Product 94,30,25.25,757.5
2025-05-20,SKU-011,Product 11,1,77.13,77.13
2025-03-17,SKU-072,Product 72,11,108.25,1190.75
2025-01-12,SKU-098,Product 98,2,5.2,10.4
2025-01-07,SKU-029,Product 29,3,43.36,130.08
2026-02-09,SKU-033,Product 33,3,53.43,160.29
2026-04-06,SKU-062,Product 62,44,40.67,1789.48
2025-09-25,SKU-089,Product 89,9,62.65,563.85
2025-09-27,SKU-075,Product 75,31,13.71,425.01
2025-03-04,SKU-026,Product 26,6,66.33,397.98
2026-04-22,SKU-094,Product 94,45,25.25,1136.25
2026-02-17,SKU-003,Product 3,28,70.92,1985.76
2026-07-15,SKU-047,Product 47,19,38.43,730.17
2025-01-07,SKU-004,Product 4,4,70.1,280.4
2026-04-13,SKU-087,Product 87,34,123.31,4192.54
2025-04-17,SKU-085,Product 85,4,53.4,213.6
2025-08-19,SKU-005,Product 5,2,112.77,225.54
2026-07-04,SKU-077,Product 77,57,62.14,3541.98
2026-07-14,SKU-088,Product 88,58,65.71,3811.18
2025-03-11,SKU-061,Product 61,19,141.95,2697.05
2026-07-27,SKU-075,Product 75,23,13.71,315.33
2025-12-16,SKU-095,Product 95,14,77.08,1079.12
2026-06-27,SKU-087,Product 87,41,123.31,5055.71
2025-06-25,SKU-052,Product 52,28,79.76,2233.28
2025-03-03,SKU-007,Product 7,5,81.18,405.9
2025-10-17,SKU-097,Product 97,35,45.27,1584.45
2026-05-30,SKU-045,Product 45,36,80.28,2890.08
2025-11-20,SKU-095,Product 95,34,77.08,2620.72
2026-02-11,SKU-009,Product 9,40,33.35,1334.0
2025-04-11,SKU-039,Product 39,22,9.81,215.82
2025-06-12,SKU-073,Product 73,3,120.54,361.62
2026-02-26,SKU-059,Product 59,44,143.98,6335.12
2025-06-25,SKU-039,Product 39,22,9.81,215.82
2025-09-15,SKU-046,Product 46,25,105.52,2638.0
2026-04-03,SKU-086,Product 86,20,117.55,2351.0
2025-04-16,SKU-036,Product 36,7,130.42,912.94
2025-07-07,SKU-082,Product 82,19,82.39,1565.41
2026-04-22,SKU-071,Product 71,45,41.39,1862.55
2025-04-28,SKU-045,Product 45,8,80.28,642.24
2025-02-09,SKU-069,Product 69,2,113.3,226.6
2025-10-13,SKU-047,Product 47,4,38.43,153.72
2025-01-22,SKU-038,Product 38,13,30.86,401.18
2025-01-18,SKU-003,Product 3,11,70.92,780.12
2025-10-07,SKU-026,Product 26,19,66.33,1260.27
2026-06-27,SKU-004,Product 4,57,70.1,3995.7
2026-04-30,SKU-015,Product 15,31,98.54,3054.74
2026-07-01,SKU-094,Product 94,23,25.25,580.75
2026-02-11,SKU-028,Product 28,9,68.24,614.16
2025-10-07,SKU-031,Product 31,14,52.96,741.44
2026-05-12,SKU-066,Product 66,50,50.43,2521.5
2025-10-16,SKU-073,Product 73,4,120.54,482.16
2026-02-22,SKU-035,Product 35,12,42.05,504.6
2026-07-14,SKU-024,Product 24,11,109.76,1207.36
2025-02-05,SKU-045,Product 45,1,80.28,80.28
2026-07-10,SKU-001,Product 1,15,133.59,2003.85
2025-11-02,SKU-050,Product 50,2,42.38,84.76
2026-05-06,SKU-025,Product 25,28,126.63,3545.64
2025-04-03,SKU-010,Product 10,22,84.95,1868.9
2026-03-09,SKU-045,Product 45,42,80.28,3371.76
2025-07-11,SKU-057,Product 57,11,27.94,307.34
2026-04-19,SKU-071,Product 71,27,41.39,1117.53
2025-04-22,SKU-020,Product 20,6,89.85,539.1
2026-04-08,SKU-095,Product 95,6,77.08,462.48
2026-03-23,SKU-092,Product 92,16,131.65,2106.4
2025-04-06,SKU-031,Product 31,14,52.96,741.44
2025-09-25,SKU-058,Product 58,2,122.59,245.18
2026-04-21,SKU-027,Product 27,45,15.58,701.1
2026-04-15,SKU-049,Product 49,44,6.44,283.36
2025-04-17,SKU-031,Product 31,6,52.96,317.76
2026-03-27,SKU-074,Product 74,6,102.79,616.74
2025-02-24,SKU-023,Product 23,5,129.88,649.4
2025-12-14,SKU-080,Product 80,42,14.32,601.44
2025-12-28,SKU-003,Product 3,8,70.92,567.36
2025-05-20,SKU-073,Product 73,6,120.54,723.24
2025-09-26,SKU-064,Product 64,16,117.63,1882.08
2026-05-31,SKU-025,Product 25,3,126.63,379.89
2025-08-13,SKU-059,Product 59,15,143.98,2159.7
2025-12-29,SKU-090,Product 90,34,41.98,1427.32
2025-05-30,SKU-004,Product 4,12,70.1,841.2
2026-05-26,SKU-044,Product 44,25,14.73,368.25
2025-01-04,SKU-098,Product 98,11,5.2,57.2
2025-09-15,SKU-027,Product 27,11,15.58,171.38
2026-02-11,SKU-095,Product 95,34,77.08,2620.72
2025-05-01,SKU-039,Product 39,1,9.81,9.81
2026-06-08,SKU-097,Product 97,44,45.27,1991.88
2026-05-31,SKU-037,Product 37,18,83.51,1503.18
2025-05-16,SKU-028,Product 28,23,68.24,1569.52
2026-04-12,SKU-051,Product 51,6,104.22,625.32
2026-04-22,SKU-054,Product 54,41,85.15,3491.15
2026-03-30,SKU-049,Product 49,10,6.44,64.4
2026-01-27,SKU-087,Product 87,30,123.31,3699.3
2025-05-21,SKU-096,Product 96,17,57.25,973.25
2026-04-25,SKU-004,Product 4,10,70.1,701.0
2026-05-23,SKU-068,Product 68,7,65.88,461.16
2026-02-12,SKU-062,Product 62,24,40.67,976.08
2026-05-21,SKU-091,Product 91,32,12.64,404.48
2025-08-06,SKU-039,Product 39,4,9.81,39.24
2025-02-27,SKU-040,Product 40,6,20.93,125.58
2025-06-06,SKU-044,Product 44,7,14.73,103.11
2025-06-18,SKU-023,Product 23,11,129.88,1428.68
2025-08-21,SKU-069,Product 69,24,113.3,2719.2
2026-03-18,SKU-072,Product 72,29,108.25,3139.25
2026-04-09,SKU-074,Product 74,17,102.79,1747.43
2026-03-15,SKU-054,Product 54,32,85.15,2724.8
2025-10-02,SKU-054,Product 54,4,85.15,340.6
2025-01-16,SKU-021,Product 21,9,71.49,643.41
2025-08-30,SKU-009,Product 9,24,33.35,800.4
2025-01-28,SKU-054,Product 54,17,85.15,1447.55
2025-03-03,SKU-063,Product 63,7,85.06,595.42
2026-06-07,SKU-035,Product 35,11,42.05,462.55
2025-11-01,SKU-001,Product 1,23,133.59,3072.57
2025-01-15,SKU-018,Product 18,8,89.39,715.12
2025-07-14,SKU-100,Product 100,22,56.59,1244.98
2026-02-19,SKU-084,Product 84,15,108.64,1629.6
2025-05-01,SKU-032,Product 32,6,97.86,587.16
2025-04-28,SKU-024,Product 24,6,109.76,658.56
2026-07-15,SKU-043,Product 43,11,124.39,1368.29
2026-04-14,SKU-078,Product 78,41,23.81,976.21
2025-05-31,SKU-030,Product 30,1,117.66,117.66
2025-02-03,SKU-030,Product 30,7,117.66,823.62
2025-09-23,SKU-034,Product 34,16,133.9,2142.4
2025-12-18,SKU-062,Product 62,31,40.67,1260.77
2025-09-16,SKU-030,Product 30,23,117.66,2706.18
2026-03-12,SKU-063,Product 63,13,85.06,1105.78
2025-05-16,SKU-050,Product 50,5,42.38,211.9
2026-05-06,SKU-037,Product 37,7,83.51,584.57
2026-06-10,SKU-009,Product 9,14,33.35,466.9
2025-02-26,SKU-095,Product 95,12,77.08,924.96
2026-03-20,SKU-004,Product 4,49,70.1,3434.9
2026-02-16,SKU-070,Product 70,3,38.61,115.83
2026-04-14,SKU-094,Product 94,20,25.25,505.0
2025-09-28,SKU-011,Product 11,26,77.13,2005.38
2025-09-03,SKU-083,Product 83,15,134.11,2011.65
2025-09-01,SKU-089,Product 89,20,62.65,1253.0
2025-03-31,SKU-070,Product 70,11,38.61,424.71
2026-07-06,SKU-078,Product 78,30,23.81,714.3
2025-10-25,SKU-080,Product 80,22,14.32,315.04
2025-10-07,SKU-089,Product 89,29,62.65,1816.85
2025-06-25,SKU-090,Product 90,26,41.98,1091.48
2025-02-03,SKU-066,Product 66,17,50.43,857.31
2026-02-17,SKU-082,Product 82,31,82.39,2554.09
2026-01-01,SKU-021,Product 21,40,71.49,2859.6
2025-10-06,SKU-074,Product 74,17,102.79,1747.43
2025-04-23,SKU-069,Product 69,23,113.3,2605.9
2026-06-30,SKU-025,Product 25,34,126.63,4305.42
2026-03-10,SKU-078,Product 78,39,23.81,928.59
2025-12-26,SKU-057,Product 57,20,27.94,558.8
2026-04-06,SKU-003,Product 3,47,70.92,3333.24
2025-03-01,SKU-060,Product 60,11,70.14,771.54
2026-05-09,SKU-057,Product 57,17,27.94,474.98
2026-04-23,SKU-068,Product 68,17,65.88,1119.96
2026-01-26,SKU-075,Product 75,33,13.71,452.43
2025-06-06,SKU-047,Product 47,23,38.43,883.89
2025-03-29,SKU-001,Product 1,8,133.59,1068.72
2025-09-24,SKU-027,Product 27,11,15.58,171.38
2026-02-02,SKU-065,Product 65,18,29.77,535.86
2026-02-07,SKU-060,Product 60,40,70.14,2805.6
2025-06-29,SKU-091,Product 91,9,12.64,113.76
2026-06-07,SKU-043,Product 43,55,124.39,6841.45
2025-07-10,SKU-081,Product 81,3,66.67,200.01
2026-06-01,SKU-051,Product 51,11,104.22,1146.42
2025-07-16,SKU-085,Product 85,28,53.4,1495.2
2026-07-24,SKU-017,Product 17,39,88.02,3432.78
2025-11-26,SKU-061,Product 61,40,141.95,5678.0
2025-05-28,SKU-061,Product 61,3,141.95,425.85
2026-03-06,SKU-007,Product 7,38,81.18,3084.84
2025-01-13,SKU-081,Product 81,1,66.67,66.67
2025-09-13,SKU-027,Product 27,18,15.58,280.44
2025-03-29,SKU-035,Product 35,15,42.05,630.75
2025-04-16,SKU-083,Product 83,1,134.11,134.11
2025-12-22,SKU-066,Product 66,28,50.43,1412.04
2026-01-22,SKU-054,Product 54,18,85.15,1532.7
2025-08-15,SKU-077,Product 77,13,62.14,807.82
2025-11-21,SKU-024,Product 24,24,109.76,2634.24
2025-11-13,SKU-098,Product 98,31,5.2,161.2
2025-08-19,SKU-053,Product 53,15,11.29,169.35
2026-04-12,SKU-019,Product 19,17,83.88,1425.96
2025-08-15,SKU-080,Product 80,6,14.32,85.92
2025-12-10,SKU-091,Product 91,27,12.64,341.28
2025-03-22,SKU-090,Product 90,1,41.98,41.98
2025-08-06,SKU-053,Product 53,29,11.29,327.41
2025-09-14,SKU-047,Product 47,32,38.43,1229.76
2025-02-24,SKU-033,Product 33,3,53.43,160.29
2025-10-12,SKU-090,Product 90,4,41.98,167.92
2026-06-03,SKU-004,Product 4,22,70.1,1542.2
2025-04-20,SKU-067,Product 67,21,99.67,2093.07
2025-05-04,SKU-051,Product 51,11,104.22,1146.42
2026-05-06,SKU-077,Product 77,14,62.14,869.96
2026-04-15,SKU-026,Product 26,27,66.33,1790.91
2025-09-13,SKU-098,Product 98,25,5.2,130.0
2025-10-16,SKU-015,Product 15,34,98.54,3350.36
2026-03-27,SKU-019,Product 19,33,83.88,2768.04
2025-05-04,SKU-069,Product 69,1,113.3,113.3
2026-06-18,SKU-023,Product 23,3,129.88,389.64
2025-06-23,SKU-017,Product 17,13,88.02,1144.26
2025-05-01,SKU-067,Product 67,4,99.67,398.68
2025-10-14,SKU-030,Product 30,12,117.66,1411.92
2025-01-16,SKU-051,Product 51,11,104.22,1146.42
2026-01-01,SKU-058,Product 58,2,122.59,245.18
2025-03-08,SKU-061,Product 61,6,141.95,851.7
2025-08-27,SKU-098,Product 98,29,5.2,150.8
2025-09-23,SKU-071,Product 71,4,41.39,165.56
2025-01-26,SKU-076,Product 76,13,5.46,70.98
2025-04-30,SKU-061,Product 61,4,141.95,567.8
2026-04-05,SKU-077,Product 77,13,62.14,807.82
2025-12-24,SKU-037,Product 37,11,83.51,918.61
2026-06-27,SKU-042,Product 42,3,42.29,126.87
2025-07-21,SKU-036,Product 36,6,130.42,782.52
2026-04-19,SKU-061,Product 61,44,141.95,6245.8
2025-02-17,SKU-084,Product 84,7,108.64,760.48
2025-10-11,SKU-061,Product 61,9,141.95,1277.55
2025-06-11,SKU-056,Product 56,5,140.51,702.55
2026-01-30,SKU-085,Product 85,15,53.4,801.0
2026-01-06,SKU-076,Product 76,35,5.46,191.1
2026-04-01,SKU-041,Product 41,6,33.9,203.4
2025-09-19,SKU-005,Product 5,35,112.77,3946.95
2025-03-10,SKU-082,Product 82,16,82.39,1318.24
2026-03-23,SKU-057,Product 57,26,27.94,726.44
2026-03-14,SKU-050,Product 50,22,42.38,932.36
2026-07-25,SKU-017,Product 17,27,88.02,2376.54
2026-03-06,SKU-027,Product 27,3,15.58,46.74
2025-10-18,SKU-060,Product 60,20,70.14,1402.8
2026-05-24,SKU-025,Product 25,25,126.63,3165.75
2026-05-29,SKU-080,Product 80,18,14.32,257.76
2025-07-07,SKU-010,Product 10,17,84.95,1444.15
2025-03-18,SKU-024,Product 24,9,109.76,987.84
2026-05-08,SKU-066,Product 66,46,50.43,2319.78
2026-06-09,SKU-045,Product 45,48,80.28,3853.44
2026-07-22,SKU-014,Product 14,35,51.74,1810.9
2026-05-25,SKU-049,Product 49,43,6.44,276.92
2025-01-26,SKU-089,Product 89,6,62.65,375.9
2025-12-21,SKU-098,Product 98,2,5.2,10.4
2026-07-18,SKU-042,Product 42,27,42.29,1141.83
2025-01-06,SKU-059,Product 59,7,143.98,1007.86
2025-12-18,SKU-095,Product 95,5,77.08,385.4
2025-04-24,SKU-005,Product 5,15,112.77,1691.55
2025-03-23,SKU-047,Product 47,14,38.43,538.02
2026-03-27,SKU-046,Product 46,33,105.52,3482.16
2025-10-06,SKU-036,Product 36,22,130.42,2869.24
2025-03-26,SKU-070,Product 70,11,38.61,424.71
2025-04-28,SKU-050,Product 50,8,42.38,339.04
2025-01-30,SKU-074,Product 74,1,102.79,102.79
2025-06-05,SKU-032,Product 32,3,97.86,293.58
2026-05-04,SKU-043,Product 43,24,124.39,2985.36
2025-06-27,SKU-037,Product 37,13,83.51,1085.63
2026-07-28,SKU-095,Product 95,35,77.08,2697.8
2026-05-03,SKU-041,Product 41,24,33.9,813.6
2025-05-20,SKU-041,Product 41,5,33.9,169.5
2025-09-23,SKU-026,Product 26,4,66.33,265.32
2025-07-04,SKU-100,Product 100,15,56.59,848.85
2026-07-10,SKU-062,Product 62,58,40.67,2358.86
2025-03-18,SKU-004,Product 4,9,70.1,630.9
2026-06-16,SKU-051,Product 51,3,104.22,312.66
2025-05-11,SKU-083,Product 83,5,134.11,670.55
2025-11-01,SKU-046,Product 46,15,105.52,1582.8
2025-08-26,SKU-100,Product 100,26,56.59,1471.34
2026-05-05,SKU-021,Product 21,31,71.49,2216.19
2025-03-18,SKU-062,Product 62,8,40.67,325.36
2025-12-23,SKU-074,Product 74,11,102.79,1130.69
2025-08-14,SKU-060,Product 60,2,70.14,140.28
2025-01-04,SKU-090,Product 90,8,41.98,335.84
2025-10-22,SKU-016,Product 16,20,128.07,2561.4
2025-02-17,SKU-090,Product 90,14,41.98,587.72
2026-07-29,SKU-068,Product 68,7,65.88,461.16
2026-07-03,SKU-067,Product 67,50,99.67,4983.5
2026-07-05,SKU-045,Product 45,57,80.28,4575.96
2025-09-28,SKU-015,Product 15,7,98.54,689.78
2025-07-22,SKU-028,Product 28,12,68.24,818.88
2026-05-04,SKU-080,Product 80,42,14.32,601.44
2025-12-08,SKU-072,Product 72,24,108.25,2598.0
2026-01-21,SKU-098,Product 98,33,5.2,171.6
2025-03-29,SKU-025,Product 25,8,126.63,1013.04
2025-09-21,SKU-075,Product 75,28,13.71,383.88
2026-03-15,SKU-078,Product 78,29,23.81,690.49
2026-03-09,SKU-085,Product 85,45,53.4,2403.0
2026-02-11,SKU-087,Product 87,24,123.31,2959.44
2025-04-26,SKU-035,Product 35,9,42.05,378.45
2026-02-05,SKU-049,Product 49,33,6.44,212.52
2025-07-30,SKU-075,Product 75,10,13.71,137.1
2025-06-09,SKU-023,Product 23,23,129.88,2987.24
2025-03-05,SKU-013,Product 13,11,106.67,1173.37
2025-08-29,SKU-092,Product 92,6,131.65,789.9
2025-09-20,SKU-052,Product 52,28,79.76,2233.28
2025-12-23,SKU-020,Product 20,17,89.85,1527.45
2025-09-30,SKU-033,Product 33,14,53.43,748.02
2025-10-22,SKU-006,Product 6,12,16.92,203.04
2025-02-04,SKU-022,Product 22,1,59.25,59.25
2025-09-19,SKU-100,Product 100,32,56.59,1810.88
2026-07-10,SKU-007,Product 7,46,81.18,3734.28
2025-03-10,SKU-019,Product 19,18,83.88,1509.84
2025-10-08,SKU-073,Product 73,34,120.54,4098.36
2025-09-21,SKU-042,Product 42,33,42.29,1395.57
2025-12-27,SKU-070,Product 70,34,38.61,1312.74
2026-06-24,SKU-015,Product 15,30,98.54,2956.2
2026-02-16,SKU-037,Product 37,15,83.51,1252.65
2026-03-23,SKU-003,Product 3,6,70.92,425.52
2026-01-19,SKU-100,Product 100,11,56.59,622.49
2025-11-29,SKU-039,Product 39,35,9.81,343.35
2026-01-25,SKU-027,Product 27,6,15.58,93.48
2025-02-14,SKU-072,Product 72,13,108.25,1407.25
2026-01-20,SKU-033,Product 33,20,53.43,1068.6
2025-01-17,SKU-037,Product 37,12,83.51,1002.12
2025-05-21,SKU-013,Product 13,6,106.67,640.02
2025-07-15,SKU-048,Product 48,22,18.02,396.44
2025-03-02,SKU-025,Product 25,5,126.63,633.15
2025-10-07,SKU-063,Product 63,9,85.06,765.54
2025-12-24,SKU-021,Product 21,25,71.49,1787.25
2025-05-28,SKU-033,Product 33,19,53.43,1015.17
2025-04-11,SKU-046,Product 46,22,105.52,2321.44
2026-05-07,SKU-063,Product 63,42,85.06,3572.52
2025-07-01,SKU-036,Product 36,23,130.42,2999.66
2025-09-17,SKU-067,Product 67,21,99.67,2093.07
2025-07-23,SKU-056,Product 56,8,140.51,1124.08
2025-12-15,SKU-009,Product 9,36,33.35,1200.6
2025-06-23,SKU-010,Product 10,26,84.95,2208.7
2025-05-29,SKU-073,Product 73,3,120.54,361.62
2026-03-23,SKU-026,Product 26,46,66.33,3051.18
2025-02-16,SKU-029,Product 29,8,43.36,346.88
2025-03-16,SKU-053,Product 53,15,11.29,169.35
2025-06-21,SKU-021,Product 21,13,71.49,929.37
2025-09-03,SKU-036,Product 36,27,130.42,3521.34
2025-02-17,SKU-049,Product 49,6,6.44,38.64
2026-04-13,SKU-100,Product 100,10,56.59,565.9
2026-01-02,SKU-049,Product 49,37,6.44,238.28
2025-12-17,SKU-032,Product 32,31,97.86,3033.66
2025-11-13,SKU-042,Product 42,2,42.29,84.58
2025-05-25,SKU-026,Product 26,26,66.33,1724.58
2025-09-20,SKU-081,Product 81,21,66.67,1400.07
2026-02-14,SKU-016,Product 16,37,128.07,4738.59
2026-02-20,SKU-074,Product 74,25,102.79,2569.75
2025-01-23,SKU-092,Product 92,1,131.65,131.65
2026-07-10,SKU-017,Product 17,11,88.02,968.22
2025-01-08,SKU-092,Product 92,13,131.65,1711.45
2025-07-23,SKU-043,Product 43,24,124.39,2985.36
2026-07-17,SKU-062,Product 62,43,40.67,1748.81
2025-04-22,SKU-072,Product 72,18,108.25,1948.5
2025-04-18,SKU-003,Product 3,1,70.92,70.92
2025-07-16,SKU-080,Product 80,26,14.32,372.32
2025-07-20,SKU-085,Product 85,14,53.4,747.6
2026-06-11,SKU-003,Product 3,41,70.92,2907.72
2025-07-09,SKU-051,Product 51,23,104.22,2397.06
2025-04-03,SKU-002,Product 2,2,116.06,232.12
2025-07-25,SKU-031,Product 31,20,52.96,1059.2
2026-06-25,SKU-098,Product 98,57,5.2,296.4
2025-10-10,SKU-002,Product 2,14,116.06,1624.84
2026-02-14,SKU-020,Product 20,9,89.85,808.65
2025-08-29,SKU-021,Product 21,22,71.49,1572.78
2026-04-27,SKU-065,Product 65,28,29.77,833.56
2025-06-18,SKU-054,Product 54,26,85.15,2213.9
2025-11-22,SKU-016,Product 16,2,128.07,256.14
2025-05-24,SKU-042,Product 42,24,42.29,1014.96
2025-11-05,SKU-089,Product 89,5,62.65,313.25
2026-07-21,SKU-038,Product 38,31,30.86,956.66
2025-02-13,SKU-078,Product 78,18,23.81,428.58
2026-03-05,SKU-031,Product 31,35,52.96,1853.6
2025-10-13,SKU-020,Product 20,12,89.85,1078.2
2025-08-10,SKU-047,Product 47,6,38.43,230.58
2025-05-16,SKU-033,Product 33,17,53.43,908.31
2026-06-12,SKU-036,Product 36,52,130.42,6781.84
2025-04-18,SKU-080,Product 80,20,14.32,286.4
2026-03-14,SKU-076,Product 76,13,5.46,70.98
2025-04-28,SKU-004,Product 4,8,70.1,560.8
2025-05-04,SKU-028,Product 28,3,68.24,204.72
2025-09-06,SKU-076,Product 76,25,5.46,136.5
2026-06-09,SKU-067,Product 67,14,99.67,1395.38
2026-06-12,SKU-059,Product 59,26,143.98,3743.48
2025-09-26,SKU-070,Product 70,4,38.61,154.44
2026-01-22,SKU-031,Product 31,12,52.96,635.52
2025-05-22,SKU-064,Product 64,22,117.63,2587.86
2025-03-06,SKU-036,Product 36,5,130.42,652.1
2025-04-02,SKU-083,Product 83,4,134.11,536.44
2025-02-23,SKU-052,Product 52,15,79.76,1196.4
2025-08-30,SKU-089,Product 89,27,62.65,1691.55
2026-04-09,SKU-030,Product 30,47,117.66,5530.02
2025-11-22,SKU-093,Product 93,24,41.04,984.96
2026-07-15,SKU-062,Product 62,7,40.67,284.69
2025-10-20,SKU-096,Product 96,20,57.25,1145.0
2025-04-25,SKU-070,Product 70,20,38.61,772.2
2025-06-28,SKU-060,Product 60,28,70.14,1963.92
2026-01-28,SKU-096,Product 96,3,57.25,171.75
2025-01-24,SKU-040,Product 40,15,20.93,313.95
2025-03-08,SKU-068,Product 68,2,65.88,131.76
2025-03-01,SKU-062,Product 62,11,40.67,447.37
2025-11-20,SKU-087,Product 87,8,123.31,986.48
2025-01-03,SKU-075,Product 75,6,13.71,82.26
2025-11-24,SKU-029,Product 29,37,43.36,1604.32
2025-12-15,SKU-002,Product 2,36,116.06,4178.16
2026-06-08,SKU-093,Product 93,44,41.04,1805.76
2026-05-11,SKU-077,Product 77,17,62.14,1056.38
2025-07-16,SKU-023,Product 23,6,129.88,779.28
2025-03-09,SKU-087,Product 87,5,123.31,616.55
2025-10-12,SKU-057,Product 57,32,27.94,894.08
2026-04-16,SKU-079,Product 79,27,39.06,1054.62
2026-02-23,SKU-016,Product 16,3,128.07,384.21
2026-04-04,SKU-045,Product 45,33,80.28,2649.24
2025-01-10,SKU-090,Product 90,6,41.98,251.88
2025-06-20,SKU-077,Product 77,16,62.14,994.24
2026-07-19,SKU-021,Product 21,11,71.49,786.39
2025-09-08,SKU-037,Product 37,20,83.51,1670.2
2026-05-30,SKU-100,Product 100,40,56.59,2263.6
2025-02-20,SKU-007,Product 7,2,81.18,162.36
2025-07-06,SKU-093,Product 93,19,41.04,779.76
2025-02-16,SKU-065,Product 65,12,29.77,357.24
2025-09-18,SKU-092,Product 92,18,131.65,2369.7
2026-07-11,SKU-013,Product 13,23,106.67,2453.41
2025-06-05,SKU-046,Product 46,12,105.52,1266.24
2025-04-14,SKU-032,Product 32,23,97.86,2250.78
2025-04-13,SKU-071,Product 71,4,41.39,165.56
2026-07-28,SKU-089,Product 89,59,62.65,3696.35
2026-06-08,SKU-081,Product 81,3,66.67,200.01
2026-07-12,SKU-022,Product 22,27,59.25,1599.75
2025-04-04,SKU-024,Product 24,5,109.76,548.8
2026-07-31,SKU-095,Product 95,59,77.08,4547.72
2025-04-15,SKU-049,Product 49,15,6.44,96.6
2026-07-30,SKU-008,Product 8,27,38.61,1042.47
2025-08-20,SKU-030,Product 30,22,117.66,2588.52
2025-09-08,SKU-044,Product 44,29,14.73,427.17
2025-05-03,SKU-053,Product 53,3,11.29,33.87
2025-01-29,SKU-091,Product 91,17,12.64,214.88
2026-02-27,SKU-089,Product 89,22,62.65,1378.3
2025-06-21,SKU-034,Product 34,17,133.9,2276.3
2025-05-11,SKU-038,Product 38,3,30.86,92.58
2025-09-15,SKU-006,Product 6,9,16.92,152.28
2026-07-20,SKU-016,Product 16,51,128.07,6531.57
2025-12-06,SKU-056,Product 56,19,140.51,2669.69
2026-05-01,SKU-086,Product 86,7,117.55,822.85
2026-03-28,SKU-042,Product 42,23,42.29,972.67
2026-05-26,SKU-053,Product 53,51,11.29,575.79
2026-04-16,SKU-093,Product 93,20,41.04,820.8
2026-07-12,SKU-021,Product 21,23,71.49,1644.27
2025-08-26,SKU-002,Product 2,8,116.06,928.48
2025-06-09,SKU-049,Product 49,20,6.44,128.8
2025-07-19,SKU-058,Product 58,26,122.59,3187.34
2025-01-16,SKU-007,Product 7,4,81.18,324.72
2026-06-17,SKU-024,Product 24,41,109.76,4500.16
2025-07-07,SKU-055,Product 55,13,53.76,698.88
2025-03-05,SKU-065,Product 65,2,29.77,59.54
2026-01-19,SKU-037,Product 37,14,83.51,1169.14
2025-11-21,SKU-004,Product 4,34,70.1,2383.4
2025-07-02,SKU-050,Product 50,25,42.38,1059.5
2026-01-22,SKU-025,Product 25,9,126.63,1139.67
2026-07-21,SKU-063,Product 63,47,85.06,3997.82
2026-02-13,SKU-013,Product 13,18,106.67,1920.06
2026-03-09,SKU-061,Product 61,45,141.95,6387.75
2025-05-19,SKU-069,Product 69,12,113.3,1359.6
2025-03-11,SKU-062,Product 62,13,40.67,528.71
2026-07-14,SKU-027,Product 27,58,15.58,903.64
2025-02-27,SKU-042,Product 42,6,42.29,253.74
2026-07-05,SKU-007,Product 7,46,81.18,3734.28
2025-03-07,SKU-027,Product 27,18,15.58,280.44
2026-01-04,SKU-083,Product 83,37,134.11,4962.07
2025-07-25,SKU-091,Product 91,30,12.64,379.2
2026-03-10,SKU-008,Product 8,19,38.61,733.59
2025-01-30,SKU-050,Product 50,16,42.38,678.08
2025-08-24,SKU-036,Product 36,13,130.42,1695.46
2025-06-13,SKU-024,Product 24,3,109.76,329.28
2025-06-13,SKU-006,Product 6,9,16.92,152.28
2025-10-29,SKU-052,Product 52,35,79.76,2791.6
2026-02-17,SKU-026,Product 26,21,66.33,1392.93
2025-02-01,SKU-097,Product 97,8,45.27,362.16
2025-06-12,SKU-089,Product 89,1,62.65,62.65
2026-04-20,SKU-041,Product 41,20,33.9,678.0
2025-11-19,SKU-055,Product 55,8,53.76,430.08
2025-06-15,SKU-065,Product 65,7,29.77,208.39
2025-09-25,SKU-050,Product 50,21,42.38,889.98
2025-11-18,SKU-024,Product 24,16,109.76,1756.16
2025-06-20,SKU-085,Product 85,3,53.4,160.2
2026-03-27,SKU-019,Product 19,23,83.88,1929.24
2026-07-27,SKU-080,Product 80,23,14.32,329.36
2025-12-01,SKU-046,Product 46,10,105.52,1055.2
2026-05-12,SKU-031,Product 31,3,52.96,158.88
2025-06-08,SKU-013,Product 13,1,106.67,106.67
2025-08-19,SKU-082,Product 82,8,82.39,659.12
2026-01-13,SKU-066,Product 66,44,50.43,2218.92
2026-05-11,SKU-100,Product 100,17,56.59,962.03
2025-06-01,SKU-079,Product 79,24,39.06,937.44
2025-05-06,SKU-097,Product 97,4,45.27,181.08
2026-07-26,SKU-004,Product 4,59,70.1,4135.9
2025-07-05,SKU-020,Product 20,1,89.85,89.85
2026-03-22,SKU-037,Product 37,6,83.51,501.06
2025-01-12,SKU-067,Product 67,5,99.67,498.35
2025-12-11,SKU-078,Product 78,22,23.81,523.82
2025-05-08,SKU-056,Product 56,19,140.51,2669.69
2026-04-18,SKU-031,Product 31,51,52.96,2700.96
2025-02-14,SKU-066,Product 66,7,50.43,353.01
2025-07-04,SKU-056,Product 56,21,140.51,2950.71
2026-03-16,SKU-060,Product 60,13,70.14,911.82
2025-11-06,SKU-070,Product 70,36,38.61,1389.96
2026-03-14,SKU-026,Product 26,9,66.33,596.97
2025-11-16,SKU-065,Product 65,18,29.77,535.86
2025-07-28,SKU-050,Product 50,4,42.38,169.52
2025-04-11,SKU-077,Product 77,1,62.14,62.14
2025-11-20,SKU-051,Product 51,24,104.22,2501.28
2025-11-15,SKU-004,Product 4,39,70.1,2733.9
2026-02-16,SKU-087,Product 87,34,123.31,4192.54
2025-05-17,SKU-044,Product 44,5,14.73,73.65
2025-06-09,SKU-070,Product 70,9,38.61,347.49
2026-07-20,SKU-046,Product 46,3,105.52,316.56
2025-12-12,SKU-058,Product 58,36,122.59,4413.24
2025-04-26,SKU-006,Product 6,23,16.92,389.16
2025-05-23,SKU-084,Product 84,13,108.64,1412.32
2026-04-18,SKU-052,Product 52,37,79.76,2951.12
2025-11-20,SKU-091,Product 91,32,12.64,404.48
2026-05-19,SKU-073,Product 73,7,120.54,843.78
2025-03-23,SKU-005,Product 5,12,112.77,1353.24
2026-02-28,SKU-015,Product 15,31,98.54,3054.74
2026-03-26,SKU-043,Product 43,40,124.39,4975.6
2025-11-28,SKU-034,Product 34,10,133.9,1339.0
2025-06-29,SKU-043,Product 43,27,124.39,3358.53
2025-06-12,SKU-038,Product 38,25,30.86,771.5
2026-03-26,SKU-035,Product 35,40,42.05,1682.0
2026-01-28,SKU-013,Product 13,45,106.67,4800.15
2025-02-21,SKU-084,Product 84,16,108.64,1738.24
2025-05-23,SKU-002,Product 2,15,116.06,1740.9
2026-07-26,SKU-034,Product 34,43,133.9,5757.7
2025-05-03,SKU-075,Product 75,6,13.71,82.26
2025-03-04,SKU-027,Product 27,14,15.58,218.12
2026-07-26,SKU-067,Product 67,35,99.67,3488.45
2025-11-15,SKU-046,Product 46,37,105.52,3904.24
2026-03-18,SKU-059,Product 59,46,143.98,6623.08
2026-02-16,SKU-063,Product 63,43,85.06,3657.58
2026-03-13,SKU-079,Product 79,39,39.06,1523.34
2025-11-21,SKU-005,Product 5,32,112.77,3608.64
2025-10-31,SKU-047,Product 47,30,38.43,1152.9
2026-04-16,SKU-034,Product 34,24,133.9,3213.6
2025-11-18,SKU-055,Product 55,34,53.76,1827.84
2026-07-23,SKU-044,Product 44,3,14.73,44.19
2025-12-27,SKU-009,Product 9,2,33.35,66.7
2025-01-08,SKU-049,Product 49,5,6.44,32.2
2025-10-09,SKU-093,Product 93,9,41.04,369.36
2026-04-18,SKU-027,Product 27,31,15.58,482.98
2026-07-01,SKU-054,Product 54,38,85.15,3235.7
2026-06-16,SKU-040,Product 40,30,20.93,627.9
2026-01-12,SKU-042,Product 42,35,42.29,1480.15
2025-08-24,SKU-074,Product 74,22,102.79,2261.38
2025-01-19,SKU-094,Product 94,16,25.25,404.0
2025-10-03,SKU-091,Product 91,19,12.64,240.16
2026-07-15,SKU-032,Product 32,11,97.86,1076.46
2025-01-14,SKU-067,Product 67,11,99.67,1096.37
2026-02-04,SKU-012,Product 12,21,112.29,2358.09
2026-01-20,SKU-046,Product 46,8,105.52,844.16
2025-03-22,SKU-078,Product 78,9,23.81,214.29
2025-05-27,SKU-024,Product 24,7,109.76,768.32
2025-10-26,SKU-079,Product 79,15,39.06,585.9
2025-12-03,SKU-090,Product 90,30,41.98,1259.4
2025-06-28,SKU-081,Product 81,28,66.67,1866.76
2026-07-19,SKU-046,Product 46,43,105.52,4537.36
2026-06-15,SKU-080,Product 80,15,14.32,214.8
2025-07-21,SKU-018,Product 18,28,89.39,2502.92
2025-02-06,SKU-032,Product 32,15,97.86,1467.9
2025-02-23,SKU-085,Product 85,7,53.4,373.8
2025-09-11,SKU-008,Product 8,6,38.61,231.66
2026-07-05,SKU-049,Product 49,42,6.44,270.48
2025-03-19,SKU-028,Product 28,1,68.24,68.24
2025-08-31,SKU-077,Product 77,20,62.14,1242.8
2025-02-07,SKU-025,Product 25,3,126.63,379.89
2025-02-17,SKU-071,Product 71,3,41.39,124.17
2026-06-14,SKU-021,Product 21,3,71.49,214.47
2026-03-31,SKU-047,Product 47,6,38.43,230.58
2026-04-13,SKU-038,Product 38,6,30.86,185.16
2025-04-06,SKU-009,Product 9,1,33.35,33.35
2025-01-27,SKU-002,Product 2,6,116.06,696.36
2025-05-04,SKU-018,Product 18,22,89.39,1966.58
2026-02-25,SKU-034,Product 34,47,133.9,6293.3
2025-03-09,SKU-017,Product 17,12,88.02,1056.24
2025-04-16,SKU-015,Product 15,17,98.54,1675.18
2025-09-12,SKU-045,Product 45,32,80.28,2568.96
2026-02-23,SKU-031,Product 31,15,52.96,794.4
2025-05-19,SKU-099,Product 99,3,48.68,146.04
2026-05-10,SKU-036,Product 36,24,130.42,3130.08
2025-04-07,SKU-056,Product 56,20,140.51,2810.2
2026-01-16,SKU-086,Product 86,23,117.55,2703.65
2025-06-14,SKU-072,Product 72,22,108.25,2381.5
2026-02-07,SKU-034,Product 34,40,133.9,5356.0
2026-07-30,SKU-016,Product 16,7,128.07,896.49
2026-07-13,SKU-063,Product 63,35,85.06,2977.1
2026-02-04,SKU-075,Product 75,46,13.71,630.66
2025-11-21,SKU-090,Product 90,5,41.98,209.9
2025-05-17,SKU-065,Product 65,11,29.77,327.47
2026-06-24,SKU-039,Product 39,57,9.81,559.17
2025-05-19,SKU-024,Product 24,18,109.76,1975.68
2026-02-10,SKU-046,Product 46,21,105.52,2215.92
2025-10-31,SKU-075,Product 75,18,13.71,246.78
2025-07-16,SKU-094,Product 94,18,25.25,454.5
2025-05-12,SKU-037,Product 37,13,83.51,1085.63
2026-02-12,SKU-088,Product 88,12,65.71,788.52
2025-01-25,SKU-100,Product 100,13,56.59,735.67
2026-07-17,SKU-070,Product 70,7,38.61,270.27
2026-03-20,SKU-032,Product 32,33,97.86,3229.38
2025-11-15,SKU-016,Product 16,21,128.07,2689.47
2025-05-27,SKU-075,Product 75,3,13.71,41.13
2026-03-09,SKU-096,Product 96,9,57.25,515.25
2026-05-11,SKU-027,Product 27,39,15.58,607.62
2025-08-17,SKU-077,Product 77,6,62.14,372.84
2026-03-02,SKU-098,Product 98,22,5.2,114.4
2025-12-01,SKU-031,Product 31,16,52.96,847.36
2026-01-18,SKU-048,Product 48,14,18.02,252.28
2026-04-09,SKU-088,Product 88,13,65.71,854.23
2025-08-19,SKU-044,Product 44,21,14.73,309.33
2025-04-05,SKU-022,Product 22,5,59.25,296.25
2025-07-29,SKU-096,Product 96,8,57.25,458.0
2026-01-21,SKU-023,Product 23,30,129.88,3896.4
2026-05-12,SKU-032,Product 32,14,97.86,1370.04
2026-01-06,SKU-059,Product 59,38,143.98,5471.24
2026-04-13,SKU-076,Product 76,34,5.46,185.64
2025-03-15,SKU-053,Product 53,12,11.29,135.48
2025-05-20,SKU-017,Product 17,25,88.02,2200.5
2026-03-05,SKU-011,Product 11,45,77.13,3470.85
2025-12-19,SKU-019,Product 19,33,83.88,2768.04
2025-05-08,SKU-036,Product 36,8,130.42,1043.36
2025-10-04,SKU-025,Product 25,17,126.63,2152.71
2025-04-20,SKU-001,Product 1,21,133.59,2805.39
2026-06-05,SKU-063,Product 63,25,85.06,2126.5
2026-04-27,SKU-061,Product 61,42,141.95,5961.9
2025-03-19,SKU-014,Product 14,14,51.74,724.36
2025-12-23,SKU-051,Product 51,17,104.22,1771.74
2025-10-28,SKU-031,Product 31,17,52.96,900.32
2026-01-08,SKU-012,Product 12,29,112.29,3256.41
2025-10-14,SKU-080,Product 80,7,14.32,100.24
2025-12-29,SKU-033,Product 33,11,53.43,587.73
2025-08-25,SKU-044,Product 44,15,14.73,220.95
2025-07-25,SKU-044,Product 44,18,14.73,265.14
2025-02-04,SKU-023,Product 23,5,129.88,649.4
2025-11-12,SKU-051,Product 51,15,104.22,1563.3
2026-05-08,SKU-014,Product 14,46,51.74,2380.04
2026-07-17,SKU-037,Product 37,39,83.51,3256.89
2025-12-01,SKU-072,Product 72,5,108.25,541.25
2026-01-06,SKU-068,Product 68,14,65.88,922.32
2025-09-23,SKU-092,Product 92,16,131.65,2106.4
2025-02-12,SKU-003,Product 3,13,70.92,921.96
2025-11-02,SKU-042,Product 42,5,42.29,211.45
2025-04-12,SKU-059,Product 59,12,143.98,1727.76
2025-03-07,SKU-098,Product 98,10,5.2,52.0
2025-05-17,SKU-029,Product 29,1,43.36,43.36
2025-02-08,SKU-061,Product 61,17,141.95,2413.15
2026-05-16,SKU-073,Product 73,35,120.54,4218.9
2026-02-14,SKU-002,Product 2,43,116.06,4990.58
2026-03-12,SKU-093,Product 93,32,41.04,1313.28
2025-07-06,SKU-091,Product 91,25,12.64,316.0
2025-04-29,SKU-038,Product 38,11,30.86,339.46
2026-03-19,SKU-004,Product 4,46,70.1,3224.6
2025-01-25,SKU-038,Product 38,15,30.86,462.9
2025-05-17,SKU-051,Product 51,5,104.22,521.1
2025-12-16,SKU-051,Product 51,14,104.22,1459.08
2025-12-15,SKU-085,Product 85,28,53.4,1495.2
2026-01-24,SKU-082,Product 82,18,82.39,1483.02
2025-03-18,SKU-058,Product 58,16,122.59,1961.44
2026-02-20,SKU-036,Product 36,18,130.42,2347.56
2025-03-03,SKU-096,Product 96,6,57.25,343.5
2026-02-05,SKU-088,Product 88,46,65.71,3022.66
2025-10-29,SKU-074,Product 74,38,102.79,3906.02
2025-01-05,SKU-027,Product 27,1,15.58,15.58
2026-07-04,SKU-011,Product 11,46,77.13,3547.98
2026-06-14,SKU-020,Product 20,26,89.85,2336.1
2025-09-27,SKU-070,Product 70,33,38.61,1274.13
2026-07-04,SKU-025,Product 25,7,126.63,886.41
2025-05-06,SKU-025,Product 25,23,126.63,2912.49
2026-05-06,SKU-027,Product 27,31,15.58,482.98
2025-11-15,SKU-006,Product 6,2,16.92,33.84
2025-01-17,SKU-005,Product 5,8,112.77,902.16
2025-05-28,SKU-017,Product 17,26,88.02,2288.52
2025-03-31,SKU-093,Product 93,13,41.04,533.52
2026-04-18,SKU-007,Product 7,41,81.18,3328.38
2025-05-22,SKU-027,Product 27,17,15.58,264.86
2026-01-14,SKU-059,Product 59,29,143.98,4175.42
2026-01-01,SKU-005,Product 5,26,112.77,2932.02
2025-08-19,SKU-007,Product 7,24,81.18,1948.32
2025-10-06,SKU-060,Product 60,22,70.14,1543.08
2025-09-07,SKU-013,Product 13,27,106.67,2880.09
2025-04-17,SKU-022,Product 22,6,59.25,355.5
2025-02-02,SKU-043,Product 43,6,124.39,746.34
2025-10-11,SKU-017,Product 17,9,88.02,792.18
2025-07-25,SKU-062,Product 62,20,40.67,813.4
2026-01-06,SKU-033,Product 33,26,53.43,1389.18
2026-06-15,SKU-037,Product 37,45,83.51,3757.95
2026-04-21,SKU-035,Product 35,41,42.05,1724.05
2025-07-30,SKU-052,Product 52,18,79.76,1435.68
2026-07-19,SKU-039,Product 39,15,9.81,147.15
2025-12-25,SKU-023,Product 23,14,129.88,1818.32
2025-10-18,SKU-082,Product 82,10,82.39,823.9
2025-07-23,SKU-085,Product 85,22,53.4,1174.8
2025-04-03,SKU-079,Product 79,1,39.06,39.06
2025-09-01,SKU-058,Product 58,33,122.59,4045.47
2025-04-12,SKU-072,Product 72,22,108.25,2381.5
2025-12-20,SKU-086,Product 86,2,117.55,235.1
2026-03-10,SKU-017,Product 17,3,88.02,264.06
2026-07-22,SKU-084,Product 84,3,108.64,325.92
2026-06-13,SKU-076,Product 76,41,5.46,223.86
2025-12-11,SKU-055,Product 55,30,53.76,1612.8
2026-07-30,SKU-032,Product 32,47,97.86,4599.42
2026-07-25,SKU-060,Product 60,47,70.14,3296.58
2026-04-21,SKU-052,Product 52,48,79.76,3828.48
2025-09-07,SKU-061,Product 61,4,141.95,567.8
2026-07-26,SKU-030,Product 30,51,117.66,6000.66
2025-07-23,SKU-070,Product 70,26,38.61,1003.86
2026-02-01,SKU-040,Product 40,18,20.93,376.74
2025-10-25,SKU-029,Product 29,2,43.36,86.72
2025-02-21,SKU-049,Product 49,12,6.44,77.28
2026-07-08,SKU-054,Product 54,7,85.15,596.05
2026-05-05,SKU-001,Product 1,49,133.59,6545.91
2025-01-31,SKU-083,Product 83,6,134.11,804.66
2026-03-24,SKU-055,Product 55,39,53.76,2096.64
2025-05-29,SKU-054,Product 54,7,85.15,596.05
2025-02-10,SKU-058,Product 58,14,122.59,1716.26
2026-06-08,SKU-091,Product 91,52,12.64,657.28
2025-06-25,SKU-005,Product 5,22,112.77,2480.94
2026-07-29,SKU-059,Product 59,43,143.98,6191.14
2025-02-23,SKU-070,Product 70,15,38.61,579.15
2026-03-19,SKU-037,Product 37,36,83.51,3006.36
2026-07-05,SKU-069,Product 69,38,113.3,4305.4
2025-08-21,SKU-087,Product 87,26,123.31,3206.06
2025-10-16,SKU-030,Product 30,17,117.66,2000.22
2025-05-24,SKU-037,Product 37,20,83.51,1670.2
2025-08-15,SKU-053,Product 53,10,11.29,112.9
2025-05-26,SKU-040,Product 40,12,20.93,251.16
2025-06-06,SKU-043,Product 43,16,124.39,1990.24
2026-07-02,SKU-034,Product 34,57,133.9,7632.3
2025-05-27,SKU-043,Product 43,22,124.39,2736.58
2025-09-17,SKU-042,Product 42,9,42.29,380.61
2025-12-03,SKU-042,Product 42,21,42.29,888.09
2026-02-27,SKU-042,Product 42,3,42.29,126.87
2025-02-07,SKU-071,Product 71,13,41.39,538.07
2026-02-18,SKU-003,Product 3,9,70.92,638.28
2026-04-01,SKU-042,Product 42,43,42.29,1818.47
2026-06-02,SKU-031,Product 31,11,52.96,582.56
2025-06-27,SKU-031,Product 31,1,52.96,52.96
2026-07-28,SKU-016,Product 16,3,128.07,384.21
2025-06-22,SKU-047,Product 47,22,38.43,845.46
2026-01-25,SKU-006,Product 6,36,16.92,609.12
2026-05-13,SKU-042,Product 42,39,42.29,1649.31
2025-04-21,SKU-033,Product 33,7,53.43,374.01
2025-01-21,SKU-019,Product 19,11,83.88,922.68
2025-06-02,SKU-038,Product 38,17,30.86,524.62
2025-07-21,SKU-046,Product 46,30,105.52,3165.6
2026-05-12,SKU-018,Product 18,28,89.39,2502.92
2026-03-30,SKU-050,Product 50,30,42.38,1271.4
2026-04-26,SKU-014,Product 14,52,51.74,2690.48
2025-10-19,SKU-052,Product 52,25,79.76,1994.0
2025-12-21,SKU-037,Product 37,42,83.51,3507.42
2026-02-28,SKU-019,Product 19,28,83.88,2348.64
2025-12-29,SKU-058,Product 58,14,122.59,1716.26
2025-04-13,SKU-054,Product 54,16,85.15,1362.4
2025-12-05,SKU-034,Product 34,24,133.9,3213.6
2025-01-27,SKU-045,Product 45,4,80.28,321.12
2026-04-02,SKU-043,Product 43,3,124.39,373.17
2026-07-29,SKU-050,Product 50,7,42.38,296.66
2026-05-27,SKU-043,Product 43,32,124.39,3980.48
2025-08-12,SKU-098,Product 98,17,5.2,88.4
2026-07-09,SKU-081,Product 81,34,66.67,2266.78
2025-01-30,SKU-021,Product 21,16,71.49,1143.84
2026-07-13,SKU-071,Product 71,39,41.39,1614.21
2025-03-12,SKU-003,Product 3,20,70.92,1418.4
2025-08-23,SKU-097,Product 97,2,45.27,90.54
2025-03-06,SKU-047,Product 47,11,38.43,422.73
2025-01-27,SKU-017,Product 17,10,88.02,880.2
2025-08-16,SKU-038,Product 38,28,30.86,864.08
2025-06-21,SKU-008,Product 8,11,38.61,424.71
2026-06-08,SKU-028,Product 28,29,68.24,1978.96
2026-04-02,SKU-032,Product 32,23,97.86,2250.78
2025-04-13,SKU-080,Product 80,3,14.32,42.96
2026-01-04,SKU-052,Product 52,29,79.76,2313.04
2025-08-24,SKU-027,Product 27,4,15.58,62.32
2025-06-27,SKU-064,Product 64,11,117.63,1293.93
2025-10-18,SKU-019,Product 19,22,83.88,1845.36
2025-09-26,SKU-015,Product 15,21,98.54,2069.34
2025-11-17,SKU-099,Product 99,26,48.68,1265.68
2025-05-16,SKU-003,Product 3,20,70.92,1418.4
2025-06-03,SKU-021,Product 21,17,71.49,1215.33
2025-02-16,SKU-031,Product 31,11,52.96,582.56
2025-09-08,SKU-074,Product 74,27,102.79,2775.33
2026-06-04,SKU-062,Product 62,14,40.67,569.38
2026-06-18,SKU-016,Product 16,26,128.07,3329.82
2025-10-13,SKU-054,Product 54,14,85.15,1192.1
2025-07-15,SKU-040,Product 40,2,20.93,41.86
2026-02-27,SKU-049,Product 49,3,6.44,19.32
2026-06-19,SKU-077,Product 77,33,62.14,2050.62
2025-10-20,SKU-080,Product 80,5,14.32,71.6
2026-03-27,SKU-022,Product 22,20,59.25,1185.0
2025-06-06,SKU-051,Product 51,1,104.22,104.22
2025-11-22,SKU-018,Product 18,16,89.39,1430.24
2025-06-23,SKU-034,Product 34,1,133.9,133.9
2025-01-25,SKU-026,Product 26,12,66.33,795.96
2025-06-09,SKU-075,Product 75,1,13.71,13.71
2025-04-02,SKU-026,Product 26,7,66.33,464.31
2026-03-31,SKU-052,Product 52,10,79.76,797.6
2025-05-06,SKU-084,Product 84,9,108.64,977.76
2025-02-28,SKU-048,Product 48,13,18.02,234.26
2026-03-21,SKU-045,Product 45,6,80.28,481.68
2026-06-29,SKU-040,Product 40,7,20.93,146.51
2025-08-20,SKU-039,Product 39,19,9.81,186.39
2026-07-21,SKU-077,Product 77,3,62.14,186.42
2025-09-23,SKU-051,Product 51,14,104.22,1459.08
2026-05-02,SKU-009,Product 9,10,33.35,333.5
2025-10-24,SKU-099,Product 99,20,48.68,973.6
2026-05-21,SKU-091,Product 91,36,12.64,455.04
2025-12-03,SKU-096,Product 96,16,57.25,916.0
2025-07-17,SKU-001,Product 1,28,133.59,3740.52
2025-02-12,SKU-095,Product 95,14,77.08,1079.12
2025-07-19,SKU-072,Product 72,24,108.25,2598.0
2026-03-16,SKU-054,Product 54,22,85.15,1873.3
2025-07-01,SKU-013,Product 13,29,106.67,3093.43
2025-05-09,SKU-050,Product 50,13,42.38,550.94
2025-12-05,SKU-094,Product 94,22,25.25,555.5
2026-06-06,SKU-067,Product 67,22,99.67,2192.74
2025-10-29,SKU-014,Product 14,25,51.74,1293.5
2026-07-19,SKU-091,Product 91,39,12.64,492.96
2025-01-01,SKU-029,Product 29,15,43.36,650.4
2025-11-03,SKU-051,Product 51,12,104.22,1250.64
2026-05-28,SKU-055,Product 55,32,53.76,1720.32
2025-12-22,SKU-075,Product 75,19,13.71,260.49
2026-01-18,SKU-070,Product 70,14,38.61,540.54
2025-06-13,SKU-066,Product 66,7,50.43,353.01
2025-07-07,SKU-073,Product 73,15,120.54,1808.1
2026-01-12,SKU-033,Product 33,41,53.43,2190.63
2025-12-05,SKU-049,Product 49,24,6.44,154.56
2026-03-03,SKU-092,Product 92,19,131.65,2501.35
2025-09-18,SKU-005,Product 5,7,112.77,789.39
2025-09-12,SKU-025,Product 25,9,126.63,1139.67
2026-01-25,SKU-037,Product 37,33,83.51,2755.83
2026-06-28,SKU-039,Product 39,11,9.81,107.91
2025-05-01,SKU-099,Product 99,11,48.68,535.48
2025-08-22,SKU-080,Product 80,4,14.32,57.28
2025-08-07,SKU-022,Product 22,17,59.25,1007.25
2025-03-31,SKU-026,Product 26,8,66.33,530.64
2025-01-22,SKU-062,Product 62,9,40.67,366.03
2026-03-27,SKU-034,Product 34,13,133.9,1740.7
2025-12-03,SKU-034,Product 34,27,133.9,3615.3
2025-08-13,SKU-047,Product 47,6,38.43,230.58
2025-09-25,SKU-014,Product 14,31,51.74,1603.94
2025-08-17,SKU-067,Product 67,32,99.67,3189.44
2025-06-20,SKU-019,Product 19,7,83.88,587.16
2026-07-15,SKU-094,Product 94,39,25.25,984.75
2025-03-22,SKU-073,Product 73,11,120.54,1325.94
2026-01-01,SKU-013,Product 13,28,106.67,2986.76
2025-07-22,SKU-058,Product 58,28,122.59,3432.52
2026-05-08,SKU-003,Product 3,32,70.92,2269.44
2026-06-12,SKU-049,Product 49,41,6.44,264.04
2026-06-23,SKU-018,Product 18,53,89.39,4737.67
2025-12-22,SKU-071,Product 71,34,41.39,1407.26
2026-05-06,SKU-016,Product 16,21,128.07,2689.47
2026-01-14,SKU-047,Product 47,38,38.43,1460.34
2025-10-15,SKU-004,Product 4,34,70.1,2383.4
2026-03-10,SKU-026,Product 26,13,66.33,862.29
2025-10-22,SKU-038,Product 38,30,30.86,925.8
2025-02-06,SKU-017,Product 17,4,88.02,352.08
2025-11-29,SKU-001,Product 1,24,133.59,3206.16
2025-11-05,SKU-077,Product 77,33,62.14,2050.62
2026-06-27,SKU-060,Product 60,26,70.14,1823.64
2025-02-11,SKU-054,Product 54,18,85.15,1532.7
2025-10-16,SKU-020,Product 20,24,89.85,2156.4
2025-10-19,SKU-035,Product 35,25,42.05,1051.25
2025-04-26,SKU-099,Product 99,9,48.68,438.12
2025-01-04,SKU-090,Product 90,1,41.98,41.98
2025-02-09,SKU-025,Product 25,6,126.63,759.78
2025-09-22,SKU-020,Product 20,35,89.85,3144.75
2026-07-15,SKU-011,Product 11,11,77.13,848.43
2025-05-08,SKU-055,Product 55,11,53.76,591.36
2026-02-18,SKU-043,Product 43,31,124.39,3856.09
2026-02-24,SKU-014,Product 14,15,51.74,776.1
2026-05-03,SKU-037,Product 37,38,83.51,3173.38
2026-04-22,SKU-048,Product 48,10,18.02,180.2
2025-05-11,SKU-080,Product 80,13,14.32,186.16
2026-05-25,SKU-002,Product 2,14,116.06,1624.84
2026-02-14,SKU-078,Product 78,9,23.81,214.29
2025-10-13,SKU-038,Product 38,29,30.86,894.94
2025-11-13,SKU-030,Product 30,26,117.66,3059.16
2025-03-06,SKU-053,Product 53,11,11.29,124.19
2026-02-01,SKU-046,Product 46,45,105.52,4748.4
2025-11-22,SKU-005,Product 5,13,112.77,1466.01
2026-01-31,SKU-076,Product 76,18,5.46,98.28
2025-06-09,SKU-075,Product 75,12,13.71,164.52
2025-11-02,SKU-087,Product 87,25,123.31,3082.75
2025-02-23,SKU-007,Product 7,19,81.18,1542.42
2025-04-05,SKU-019,Product 19,20,83.88,1677.6
2025-04-26,SKU-077,Product 77,9,62.14,559.26
2025-10-03,SKU-038,Product 38,31,30.86,956.66
2025-09-19,SKU-055,Product 55,30,53.76,1612.8
2025-02-08,SKU-059,Product 59,11,143.98,1583.78
2025-09-02,SKU-074,Product 74,13,102.79,1336.27
2026-04-03,SKU-012,Product 12,43,112.29,4828.47
2026-02-15,SKU-089,Product 89,31,62.65,1942.15
2025-04-03,SKU-040,Product 40,20,20.93,418.6
2025-04-18,SKU-096,Product 96,18,57.25,1030.5
2026-07-27,SKU-096,Product 96,3,57.25,171.75
2026-01-02,SKU-059,Product 59,26,143.98,3743.48
2025-06-22,SKU-068,Product 68,5,65.88,329.4
2026-07-15,SKU-070,Product 70,50,38.61,1930.5
2025-02-04,SKU-028,Product 28,10,68.24,682.4
2025-05-19,SKU-019,Product 19,13,83.88,1090.44
2026-01-26,SKU-050,Product 50,45,42.38,1907.1
2025-06-23,SKU-090,Product 90,24,41.98,1007.52
2025-11-07,SKU-007,Product 7,31,81.18,2516.58
2025-12-18,SKU-039,Product 39,11,9.81,107.91
2025-07-09,SKU-080,Product 80,15,14.32,214.8
2025-06-17,SKU-077,Product 77,28,62.14,1739.92
2025-07-11,SKU-066,Product 66,21,50.43,1059.03
2026-07-06,SKU-030,Product 30,27,117.66,3176.82
2025-05-07,SKU-076,Product 76,14,5.46,76.44
2025-12-15,SKU-036,Product 36,42,130.42,5477.64
2025-06-03,SKU-071,Product 71,26,41.39,1076.14
2025-10-31,SKU-080,Product 80,10,14.32,143.2
2025-07-04,SKU-072,Product 72,27,108.25,2922.75
2025-02-06,SKU-065,Product 65,3,29.77,89.31
2026-01-09,SKU-014,Product 14,5,51.74,258.7
2026-01-30,SKU-017,Product 17,18,88.02,1584.36
2025-11-15,SKU-060,Product 60,18,70.14,1262.52
2025-10-24,SKU-060,Product 60,38,70.14,2665.32
2025-09-19,SKU-095,Product 95,4,77.08,308.32
2025-08-13,SKU-007,Product 7,19,81.18,1542.42
2025-03-08,SKU-096,Product 96,1,57.25,57.25
2026-01-08,SKU-088,Product 88,32,65.71,2102.72
2025-01-31,SKU-042,Product 42,10,42.29,422.9
2026-07-09,SKU-051,Product 51,3,104.22,312.66
2025-05-01,SKU-071,Product 71,11,41.39,455.29
2025-08-19,SKU-005,Product 5,17,112.77,1917.09
2026-03-18,SKU-072,Product 72,9,108.25,974.25
2026-01-02,SKU-057,Product 57,40,27.94,1117.6
2025-04-09,SKU-055,Product 55,9,53.76,483.84
2025-01-13,SKU-081,Product 81,10,66.67,666.7
2025-11-11,SKU-078,Product 78,23,23.81,547.63
2025-07-21,SKU-093,Product 93,6,41.04,246.24
2025-11-13,SKU-098,Product 98,15,5.2,78.0
2025-08-17,SKU-091,Product 91,13,12.64,164.32
2025-05-06,SKU-078,Product 78,9,23.81,214.29
2026-07-18,SKU-059,Product 59,54,143.98,7774.92
2026-07-12,SKU-027,Product 27,31,15.58,482.98
2026-05-10,SKU-016,Product 16,46,128.07,5891.22
2026-05-31,SKU-004,Product 4,44,70.1,3084.4
2025-07-24,SKU-099,Product 99,26,48.68,1265.68
2025-05-21,SKU-098,Product 98,3,5.2,15.6
2025-10-10,SKU-041,Product 41,7,33.9,237.3
2026-02-08,SKU-014,Product 14,27,51.74,1396.98
2026-04-14,SKU-022,Product 22,30,59.25,1777.5
2026-04-12,SKU-076,Product 76,3,5.46,16.38
2026-04-13,SKU-078,Product 78,23,23.81,547.63
2025-01-11,SKU-030,Product 30,1,117.66,117.66
2026-03-27,SKU-024,Product 24,26,109.76,2853.76
2025-10-22,SKU-077,Product 77,12,62.14,745.68
2025-01-21,SKU-006,Product 6,9,16.92,152.28
2025-04-11,SKU-055,Product 55,21,53.76,1128.96
2025-12-01,SKU-096,Product 96,32,57.25,1832.0
2025-06-07,SKU-088,Product 88,19,65.71,1248.49
2025-02-22,SKU-087,Product 87,3,123.31,369.93
2025-09-16,SKU-067,Product 67,28,99.67,2790.76
2026-03-03,SKU-016,Product 16,6,128.07,768.42
2025-10-27,SKU-060,Product 60,22,70.14,1543.08
2025-03-23,SKU-044,Product 44,18,14.73,265.14
2025-12-04,SKU-002,Product 2,5,116.06,580.3
2026-05-06,SKU-040,Product 40,39,20.93,816.27
2026-01-07,SKU-097,Product 97,20,45.27,905.4
2026-02-26,SKU-073,Product 73,3,120.54,361.62
2026-03-20,SKU-088,Product 88,6,65.71,394.26
2025-11-12,SKU-072,Product 72,26,108.25,2814.5
2026-06-24,SKU-056,Product 56,38,140.51,5339.38
2026-02-22,SKU-035,Product 35,44,42.05,1850.2
2025-04-07,SKU-073,Product 73,2,120.54,241.08
2025-01-24,SKU-030,Product 30,16,117.66,1882.56
2026-02-07,SKU-029,Product 29,3,43.36,130.08
2026-02-15,SKU-091,Product 91,15,12.64,189.6
2026-02-12,SKU-008,Product 8,18,38.61,694.98
2026-04-04,SKU-060,Product 60,33,70.14,2314.62
2026-07-16,SKU-006,Product 6,3,16.92,50.76
2025-06-24,SKU-054,Product 54,9,85.15,766.35
2025-03-05,SKU-080,Product 80,10,14.32,143.2
2025-10-13,SKU-052,Product 52,9,79.76,717.84
2025-12-10,SKU-076,Product 76,5,5.46,27.3
2026-01-24,SKU-045,Product 45,42,80.28,3371.76
2026-04-23,SKU-034,Product 34,27,133.9,3615.3
2025-06-26,SKU-008,Product 8,22,38.61,849.42
2025-03-07,SKU-080,Product 80,18,14.32,257.76
2025-09-29,SKU-021,Product 21,24,71.49,1715.76
2025-09-06,SKU-054,Product 54,29,85.15,2469.35
2026-02-20,SKU-086,Product 86,15,117.55,1763.25
2025-10-06,SKU-014,Product 14,9,51.74,465.66
2026-07-30,SKU-060,Product 60,59,70.14,4138.26
2025-01-19,SKU-055,Product 55,6,53.76,322.56
2026-03-07,SKU-034,Product 34,45,133.9,6025.5
2026-06-07,SKU-062,Product 62,55,40.67,2236.85
2025-11-12,SKU-022,Product 22,36,59.25,2133.0
2025-03-21,SKU-043,Product 43,2,124.39,248.78
2026-06-13,SKU-088,Product 88,33,65.71,2168.43
2026-06-15,SKU-098,Product 98,56,5.2,291.2
2026-01-23,SKU-021,Product 21,27,71.49,1930.23
2025-01-24,SKU-034,Product 34,2,133.9,267.8
2025-10-29,SKU-041,Product 41,12,33.9,406.8
2025-06-22,SKU-092,Product 92,11,131.65,1448.15
2026-06-23,SKU-066,Product 66,41,50.43,2067.63
2026-04-09,SKU-042,Product 42,34,42.29,1437.86
2025-08-23,SKU-081,Product 81,13,66.67,866.71
2026-02-13,SKU-006,Product 6,37,16.92,626.04
2025-10-15,SKU-008,Product 8,7,38.61,270.27
2025-02-23,SKU-035,Product 35,10,42.05,420.5
2026-05-31,SKU-020,Product 20,40,89.85,3594.0
2025-10-15,SKU-003,Product 3,34,70.92,2411.28
2026-04-26,SKU-035,Product 35,48,42.05,2018.4
2025-11-09,SKU-086,Product 86,28,117.55,3291.4
2025-11-05,SKU-005,Product 5,10,112.77,1127.7
2025-11-26,SKU-031,Product 31,18,52.96,953.28
2026-02-15,SKU-092,Product 92,15,131.65,1974.75
2026-07-26,SKU-048,Product 48,11,18.02,198.22
2025-06-07,SKU-076,Product 76,27,5.46,147.42
2026-05-14,SKU-052,Product 52,50,79.76,3988.0
2026-04-20,SKU-029,Product 29,34,43.36,1474.24
2025-06-14,SKU-091,Product 91,14,12.64,176.96
2026-03-11,SKU-021,Product 21,13,71.49,929.37
2025-03-10,SKU-076,Product 76,12,5.46,65.52
2026-03-02,SKU-025,Product 25,19,126.63,2405.97
2025-09-19,SKU-035,Product 35,4,42.05,168.2
2026-02-07,SKU-075,Product 75,40,13.71,548.4
2025-06-03,SKU-025,Product 25,10,126.63,1266.3
2025-09-23,SKU-082,Product 82,7,82.39,576.73
2025-03-24,SKU-010,Product 10,19,84.95,1614.05
2025-12-31,SKU-061,Product 61,31,141.95,4400.45
2025-01-23,SKU-049,Product 49,10,6.44,64.4
2025-04-07,SKU-003,Product 3,22,70.92,1560.24
2025-08-11,SKU-004,Product 4,15,70.1,1051.5
2026-05-06,SKU-010,Product 10,28,84.95,2378.6
2026-01-04,SKU-064,Product 64,5,117.63,588.15
2025-09-20,SKU-006,Product 6,25,16.92,423.0
2026-01-23,SKU-049,Product 49,12,6.44,77.28
2026-03-03,SKU-037,Product 37,28,83.51,2338.28
2026-07-09,SKU-010,Product 10,42,84.95,3567.9
2026-03-23,SKU-064,Product 64,39,117.63,4587.57
2025-01-19,SKU-075,Product 75,12,13.71,164.52
2026-03-15,SKU-052,Product 52,6,79.76,478.56
2026-06-12,SKU-050,Product 50,48,42.38,2034.24
2025-05-31,SKU-056,Product 56,24,140.51,3372.24
2025-01-11,SKU-007,Product 7,2,81.18,162.36
2025-06-07,SKU-054,Product 54,21,85.15,1788.15
2026-04-27,SKU-087,Product 87,10,123.31,1233.1
2025-06-22,SKU-086,Product 86,20,117.55,2351.0
2025-12-12,SKU-035,Product 35,13,42.05,546.65
2025-02-06,SKU-091,Product 91,5,12.64,63.2
2025-11-18,SKU-040,Product 40,10,20.93,209.3
2025-01-10,SKU-079,Product 79,1,39.06,39.06
2025-10-31,SKU-042,Product 42,20,42.29,845.8
2025-12-10,SKU-005,Product 5,5,112.77,563.85
2026-07-10,SKU-047,Product 47,38,38.43,1460.34
2026-02-19,SKU-063,Product 63,9,85.06,765.54
2025-10-17,SKU-044,Product 44,27,14.73,397.71
2025-08-11,SKU-073,Product 73,12,120.54,1446.48
2025-12-28,SKU-046,Product 46,43,105.52,4537.36
2026-01-23,SKU-089,Product 89,6,62.65,375.9
2026-03-16,SKU-032,Product 32,45,97.86,4403.7
2025-07-04,SKU-055,Product 55,23,53.76,1236.48
2025-07-16,SKU-071,Product 71,18,41.39,745.02
2026-07-08,SKU-025,Product 25,27,126.63,3419.01
2025-02-07,SKU-039,Product 39,16,9.81,156.96
2026-01-23,SKU-041,Product 41,27,33.9,915.3
2025-08-12,SKU-072,Product 72,19,108.25,2056.75
2026-04-22,SKU-078,Product 78,45,23.81,1071.45
2025-02-01,SKU-085,Product 85,10,53.4,534.0
2026-05-13,SKU-004,Product 4,21,70.1,1472.1
2025-05-11,SKU-096,Product 96,21,57.25,1202.25
2025-09-17,SKU-097,Product 97,4,45.27,181.08
2025-02-25,SKU-089,Product 89,14,62.65,877.1
2025-07-11,SKU-014,Product 14,25,51.74,1293.5
2025-11-28,SKU-077,Product 77,40,62.14,2485.6
2025-10-17,SKU-044,Product 44,37,14.73,545.01
2025-01-16,SKU-099,Product 99,5,48.68,243.4
2026-05-25,SKU-078,Product 78,10,23.81,238.1
2025-08-14,SKU-074,Product 74,17,102.79,1747.43
2025-11-21,SKU-037,Product 37,8,83.51,668.08
2026-01-22,SKU-083,Product 83,45,134.11,6034.95
2025-08-27,SKU-059,Product 59,4,143.98,575.92
2025-09-17,SKU-060,Product 60,11,70.14,771.54
2025-07-20,SKU-057,Product 57,6,27.94,167.64
2025-10-21,SKU-090,Product 90,5,41.98,209.9
2025-12-10,SKU-077,Product 77,19,62.14,1180.66
2025-09-08,SKU-004,Product 4,16,70.1,1121.6
2025-06-02,SKU-026,Product 26,16,66.33,1061.28
2025-09-03,SKU-050,Product 50,25,42.38,1059.5
2025-02-06,SKU-035,Product 35,2,42.05,84.1
2025-06-26,SKU-075,Product 75,21,13.71,287.91
2025-08-29,SKU-041,Product 41,31,33.9,1050.9
2026-05-21,SKU-069,Product 69,50,113.3,5665.0
2025-09-09,SKU-084,Product 84,6,108.64,651.84
2026-04-29,SKU-048,Product 48,42,18.02,756.84
2026-07-05,SKU-087,Product 87,15,123.31,1849.65
2025-08-02,SKU-086,Product 86,16,117.55,1880.8
2025-07-17,SKU-027,Product 27,28,15.58,436.24
2025-07-09,SKU-067,Product 67,17,99.67,1694.39
2025-03-11,SKU-094,Product 94,5,25.25,126.25
2026-05-05,SKU-011,Product 11,10,77.13,771.3
2025-02-10,SKU-093,Product 93,13,41.04,533.52
2025-08-26,SKU-034,Product 34,24,133.9,3213.6
2025-05-11,SKU-020,Product 20,6,89.85,539.1
2026-06-11,SKU-001,Product 1,18,133.59,2404.62
2026-02-22,SKU-082,Product 82,12,82.39,988.68
2026-02-24,SKU-071,Product 71,44,41.39,1821.16
2026-07-08,SKU-079,Product 79,54,39.06,2109.24
2026-07-18,SKU-002,Product 2,11,116.06,1276.66
2025-09-15,SKU-071,Product 71,23,41.39,951.97
2025-07-27,SKU-015,Product 15,18,98.54,1773.72
2025-01-21,SKU-068,Product 68,3,65.88,197.64
2026-02-19,SKU-098,Product 98,3,5.2,15.6
2025-11-28,SKU-031,Product 31,24,52.96,1271.04
2026-07-30,SKU-060,Product 60,27,70.14,1893.78
2026-04-26,SKU-032,Product 32,20,97.86,1957.2
2026-03-15,SKU-041,Product 41,39,33.9,1322.1
2025-02-28,SKU-068,Product 68,1,65.88,65.88
2025-07-20,SKU-031,Product 31,12,52.96,635.52
2026-02-10,SKU-072,Product 72,6,108.25,649.5
2025-03-12,SKU-016,Product 16,9,128.07,1152.63
2026-03-08,SKU-088,Product 88,3,65.71,197.13
2025-01-15,SKU-082,Product 82,15,82.39,1235.85
2025-09-12,SKU-003,Product 3,25,70.92,1773.0
2025-04-13,SKU-040,Product 40,7,20.93,146.51
2025-08-14,SKU-024,Product 24,17,109.76,1865.92
2026-04-03,SKU-018,Product 18,30,89.39,2681.7
2025-10-07,SKU-015,Product 15,7,98.54,689.78
2026-03-10,SKU-071,Product 71,29,41.39,1200.31
2025-09-15,SKU-009,Product 9,4,33.35,133.4
2025-12-19,SKU-003,Product 3,16,70.92,1134.72
2025-04-29,SKU-051,Product 51,14,104.22,1459.08
2025-09-08,SKU-086,Product 86,4,117.55,470.2
2026-06-20,SKU-010,Product 10,49,84.95,4162.55
2025-09-30,SKU-045,Product 45,16,80.28,1284.48
2026-04-17,SKU-097,Product 97,10,45.27,452.7
2026-06-24,SKU-063,Product 63,49,85.06,4167.94
2025-06-22,SKU-019,Product 19,11,83.88,922.68
2025-02-28,SKU-063,Product 63,10,85.06,850.6
2025-11-06,SKU-016,Product 16,15,128.07,1921.05
2025-01-05,SKU-085,Product 85,12,53.4,640.8
2025-04-27,SKU-018,Product 18,12,89.39,1072.68
2025-02-01,SKU-034,Product 34,16,133.9,2142.4
2025-02-26,SKU-099,Product 99,7,48.68,340.76
2025-11-29,SKU-068,Product 68,40,65.88,2635.2
2026-03-01,SKU-002,Product 2,38,116.06,4410.28
2026-02-18,SKU-098,Product 98,47,5.2,244.4
2025-09-22,SKU-083,Product 83,9,134.11,1206.99
2025-12-06,SKU-037,Product 37,27,83.51,2254.77
2025-08-25,SKU-006,Product 6,8,16.92,135.36
2026-01-11,SKU-014,Product 14,44,51.74,2276.56
2025-11-11,SKU-085,Product 85,23,53.4,1228.2
2026-01-16,SKU-068,Product 68,41,65.88,2701.08
2026-02-26,SKU-054,Product 54,47,85.15,4002.05
2026-06-08,SKU-063,Product 63,29,85.06,2466.74
2026-05-24,SKU-033,Product 33,32,53.43,1709.76
2026-06-17,SKU-012,Product 12,7,112.29,786.03
2026-01-13,SKU-084,Product 84,23,108.64,2498.72
2025-03-21,SKU-020,Product 20,9,89.85,808.65
2025-08-07,SKU-028,Product 28,32,68.24,2183.68
2025-11-17,SKU-039,Product 39,26,9.81,255.06
2026-07-07,SKU-061,Product 61,38,141.95,5394.1
2025-08-25,SKU-051,Product 51,4,104.22,416.88
2026-06-07,SKU-014,Product 14,3,51.74,155.22
2026-03-08,SKU-056,Product 56,38,140.51,5339.38
2026-05-27,SKU-071,Product 71,10,41.39,413.9
2025-12-03,SKU-096,Product 96,30,57.25,1717.5
2025-08-02,SKU-032,Product 32,10,97.86,978.6
2025-10-21,SKU-069,Product 69,12,113.3,1359.6
2025-04-15,SKU-004,Product 4,10,70.1,701.0
2026-03-11,SKU-035,Product 35,42,42.05,1766.1
2026-02-10,SKU-055,Product 55,6,53.76,322.56
2025-09-19,SKU-036,Product 36,35,130.42,4564.7
2025-01-29,SKU-081,Product 81,8,66.67,533.36
2025-07-19,SKU-048,Product 48,10,18.02,180.2
2026-02-17,SKU-055,Product 55,9,53.76,483.84
2025-06-04,SKU-049,Product 49,21,6.44,135.24
2025-09-11,SKU-097,Product 97,6,45.27,271.62
2025-01-06,SKU-061,Product 61,13,141.95,1845.35
2026-05-17,SKU-002,Product 2,36,116.06,4178.16
2026-04-14,SKU-005,Product 5,34,112.77,3834.18
2026-07-10,SKU-100,Product 100,15,56.59,848.85
2026-03-18,SKU-066,Product 66,46,50.43,2319.78
2025-04-19,SKU-039,Product 39,20,9.81,196.2
2026-03-04,SKU-029,Product 29,48,43.36,2081.28
2026-07-06,SKU-007,Product 7,38,81.18,3084.84
2025-12-15,SKU-052,Product 52,2,79.76,159.52
2025-04-09,SKU-032,Product 32,22,97.86,2152.92
2025-09-21,SKU-062,Product 62,9,40.67,366.03
2026-05-28,SKU-082,Product 82,18,82.39,1483.02
2025-11-23,SKU-054,Product 54,18,85.15,1532.7
2025-08-03,SKU-005,Product 5,21,112.77,2368.17
2025-10-26,SKU-006,Product 6,33,16.92,558.36
2025-07-21,SKU-023,Product 23,14,129.88,1818.32
2025-07-21,SKU-085,Product 85,26,53.4,1388.4
2026-07-31,SKU-069,Product 69,3,113.3,339.9
2026-07-26,SKU-031,Product 31,31,52.96,1641.76
2026-04-21,SKU-050,Product 50,20,42.38,847.6
2026-02-12,SKU-050,Product 50,21,42.38,889.98
2025-01-15,SKU-005,Product 5,1,112.77,112.77
2025-12-16,SKU-048,Product 48,36,18.02,648.72
2025-01-30,SKU-065,Product 65,14,29.77,416.78
2025-04-05,SKU-092,Product 92,17,131.65,2238.05
2026-05-05,SKU-040,Product 40,42,20.93,879.06
2025-06-25,SKU-072,Product 72,13,108.25,1407.25
2025-11-18,SKU-082,Product 82,34,82.39,2801.26
2025-11-20,SKU-082,Product 82,10,82.39,823.9
2025-10-06,SKU-089,Product 89,9,62.65,563.85
2025-01-09,SKU-068,Product 68,5,65.88,329.4
2025-06-05,SKU-080,Product 80,9,14.32,128.88
2025-08-16,SKU-084,Product 84,28,108.64,3041.92
2025-08-12,SKU-025,Product 25,8,126.63,1013.04
2026-01-07,SKU-016,Product 16,38,128.07,4866.66
2025-08-24,SKU-010,Product 10,26,84.95,2208.7
2025-04-05,SKU-069,Product 69,7,113.3,793.1
2025-08-30,SKU-087,Product 87,9,123.31,1109.79
2026-05-31,SKU-029,Product 29,47,43.36,2037.92
2025-07-23,SKU-084,Product 84,30,108.64,3259.2
2025-06-27,SKU-046,Product 46,5,105.52,527.6
2025-06-13,SKU-055,Product 55,24,53.76,1290.24
2025-08-06,SKU-053,Product 53,4,11.29,45.16
2025-02-11,SKU-023,Product 23,15,129.88,1948.2
2026-07-30,SKU-097,Product 97,15,45.27,679.05
2026-04-06,SKU-048,Product 48,3,18.02,54.06
2025-04-21,SKU-043,Product 43,20,124.39,2487.8
2025-02-01,SKU-059,Product 59,17,143.98,2447.66
2025-05-07,SKU-087,Product 87,4,123.31,493.24
2025-10-19,SKU-082,Product 82,15,82.39,1235.85
2025-09-02,SKU-057,Product 57,6,27.94,167.64
2025-06-16,SKU-005,Product 5,18,112.77,2029.86
2026-07-03,SKU-040,Product 40,42,20.93,879.06
2025-03-23,SKU-042,Product 42,14,42.29,592.06
2025-06-16,SKU-053,Product 53,3,11.29,33.87
2025-05-30,SKU-075,Product 75,3,13.71,41.13
2026-04-04,SKU-029,Product 29,40,43.36,1734.4
2026-06-27,SKU-075,Product 75,3,13.71,41.13
2025-01-08,SKU-050,Product 50,3,42.38,127.14
2025-09-04,SKU-061,Product 61,25,141.95,3548.75
2026-04-11,SKU-045,Product 45,34,80.28,2729.52
2026-07-27,SKU-052,Product 52,39,79.76,3110.64
2026-07-31,SKU-064,Product 64,43,117.63,5058.09
2025-12-14,SKU-029,Product 29,39,43.36,1691.04
2025-03-10,SKU-049,Product 49,2,6.44,12.88
2025-10-29,SKU-076,Product 76,30,5.46,163.8
2025-08-28,SKU-076,Product 76,26,5.46,141.96
2025-09-06,SKU-018,Product 18,18,89.39,1609.02
2025-12-22,SKU-025,Product 25,39,126.63,4938.57
2025-04-22,SKU-014,Product 14,12,51.74,620.88
2025-06-12,SKU-058,Product 58,14,122.59,1716.26
2026-06-04,SKU-072,Product 72,48,108.25,5196.0
2025-07-07,SKU-031,Product 31,7,52.96,370.72
2025-10-10,SKU-001,Product 1,27,133.59,3606.93
2026-03-12,SKU-067,Product 67,16,99.67,1594.72
2025-03-15,SKU-044,Product 44,8,14.73,117.84
2025-01-04,SKU-016,Product 16,1,128.07,128.07
2025-09-07,SKU-042,Product 42,18,42.29,761.22
2026-07-11,SKU-100,Product 100,23,56.59,1301.57
2025-10-10,SKU-093,Product 93,36,41.04,1477.44
2026-06-15,SKU-014,Product 14,45,51.74,2328.3
2026-02-05,SKU-073,Product 73,12,120.54,1446.48
2026-01-28,SKU-040,Product 40,3,20.93,62.79
2026-01-05,SKU-017,Product 17,29,88.02,2552.58
2025-11-29,SKU-032,Product 32,35,97.86,3425.1
2025-03-21,SKU-043,Product 43,7,124.39,870.73
2026-03-02,SKU-032,Product 32,22,97.86,2152.92
2025-07-26,SKU-076,Product 76,31,5.46,169.26
2026-04-12,SKU-007,Product 7,20,81.18,1623.6
2025-02-18,SKU-004,Product 4,12,70.1,841.2
2026-06-01,SKU-001,Product 1,29,133.59,3874.11
2025-10-14,SKU-059,Product 59,24,143.98,3455.52
2025-06-10,SKU-012,Product 12,18,112.29,2021.22
2026-06-24,SKU-080,Product 80,45,14.32,644.4
2025-01-18,SKU-097,Product 97,9,45.27,407.43
2025-12-04,SKU-081,Product 81,30,66.67,2000.1
2025-01-20,SKU-094,Product 94,12,25.25,303.0
2026-07-14,SKU-073,Product 73,42,120.54,5062.68
2025-03-24,SKU-085,Product 85,19,53.4,1014.6
2025-11-15,SKU-060,Product 60,31,70.14,2174.34
2025-01-21,SKU-027,Product 27,14,15.58,218.12
2025-04-14,SKU-038,Product 38,6,30.86,185.16
2025-09-08,SKU-044,Product 44,11,14.73,162.03
2025-12-24,SKU-028,Product 28,5,68.24,341.2
2026-03-29,SKU-070,Product 70,10,38.61,386.1
2025-08-30,SKU-015,Product 15,33,98.54,3251.82
2025-11-24,SKU-041,Product 41,18,33.9,610.2
2026-01-23,SKU-007,Product 7,15,81.18,1217.7
2026-04-08,SKU-050,Product 50,30,42.38,1271.4
2026-04-23,SKU-015,Product 15,20,98.54,1970.8
2026-03-25,SKU-048,Product 48,33,18.02,594.66
2025-05-04,SKU-016,Product 16,3,128.07,384.21
2026-04-03,SKU-088,Product 88,13,65.71,854.23
2026-03-02,SKU-063,Product 63,9,85.06,765.54
2025-09-07,SKU-086,Product 86,25,117.55,2938.75
2025-08-03,SKU-071,Product 71,25,41.39,1034.75
2026-01-11,SKU-032,Product 32,11,97.86,1076.46
2025-01-16,SKU-012,Product 12,1,112.29,112.29
2025-03-17,SKU-047,Product 47,12,38.43,461.16
2025-06-02,SKU-046,Product 46,3,105.52,316.56
2025-06-27,SKU-059,Product 59,24,143.98,3455.52
2025-10-17,SKU-032,Product 32,7,97.86,685.02
2025-01-03,SKU-021,Product 21,15,71.49,1072.35
2026-07-19,SKU-007,Product 7,31,81.18,2516.58
2026-06-22,SKU-041,Product 41,37,33.9,1254.3
2025-06-24,SKU-009,Product 9,15,33.35,500.25
2025-09-05,SKU-036,Product 36,18,130.42,2347.56
2025-07-14,SKU-091,Product 91,24,12.64,303.36
2025-11-07,SKU-032,Product 32,36,97.86,3522.96
2025-07-25,SKU-091,Product 91,10,12.64,126.4
2025-04-11,SKU-006,Product 6,21,16.92,355.32
2026-01-13,SKU-091,Product 91,38,12.64,480.32
2025-06-04,SKU-032,Product 32,7,97.86,685.02
2025-06-11,SKU-040,Product 40,5,20.93,104.65
2025-04-12,SKU-020,Product 20,12,89.85,1078.2
2026-07-27,SKU-091,Product 91,43,12.64,543.52
2025-02-03,SKU-021,Product 21,14,71.49,1000.86
2025-02-24,SKU-023,Product 23,12,129.88,1558.56
2026-07-31,SKU-054,Product 54,7,85.15,596.05
2025-07-18,SKU-022,Product 22,26,59.25,1540.5
2026-03-04,SKU-056,Product 56,22,140.51,3091.22
2025-09-01,SKU-091,Product 91,29,12.64,366.56
2025-05-09,SKU-047,Product 47,1,38.43,38.43
2026-02-19,SKU-007,Product 7,15,81.18,1217.7
2026-06-02,SKU-014,Product 14,51,51.74,2638.74
2025-07-19,SKU-096,Product 96,14,57.25,801.5
2025-10-05,SKU-053,Product 53,31,11.29,349.99
2026-03-12,SKU-090,Product 90,45,41.98,1889.1
2025-05-14,SKU-043,Product 43,20,124.39,2487.8
2025-05-26,SKU-054,Product 54,15,85.15,1277.25
2025-04-12,SKU-042,Product 42,21,42.29,888.09
2026-01-27,SKU-098,Product 98,30,5.2,156.0
2026-05-27,SKU-084,Product 84,54,108.64,5866.56
2026-06-13,SKU-098,Product 98,11,5.2,57.2
2026-05-15,SKU-071,Product 71,3,41.39,124.17
2025-11-25,SKU-096,Product 96,16,57.25,916.0
2025-08-15,SKU-061,Product 61,19,141.95,2697.05
2026-01-05,SKU-009,Product 9,23,33.35,767.05
2025-02-26,SKU-044,Product 44,5,14.73,73.65
2025-11-16,SKU-011,Product 11,23,77.13,1773.99
2025-04-29,SKU-064,Product 64,4,117.63,470.52
2026-03-16,SKU-094,Product 94,9,25.25,227.25
2026-05-01,SKU-011,Product 11,10,77.13,771.3
2025-01-12,SKU-008,Product 8,7,38.61,270.27
2025-06-02,SKU-060,Product 60,7,70.14,490.98
2025-05-26,SKU-030,Product 30,7,117.66,823.62
2025-05-26,SKU-078,Product 78,15,23.81,357.15
2026-04-06,SKU-049,Product 49,37,6.44,238.28
2025-01-22,SKU-043,Product 43,3,124.39,373.17
2026-02-13,SKU-005,Product 5,28,112.77,3157.56
2025-04-27,SKU-027,Product 27,14,15.58,218.12
2026-04-04,SKU-001,Product 1,27,133.59,3606.93
2025-05-03,SKU-077,Product 77,1,62.14,62.14
2026-05-12,SKU-074,Product 74,21,102.79,2158.59
2025-03-12,SKU-040,Product 40,17,20.93,355.81
2025-12-27,SKU-029,Product 29,5,43.36,216.8
2026-04-28,SKU-087,Product 87,52,123.31,6412.12
2025-07-27,SKU-016,Product 16,18,128.07,2305.26
2025-01-15,SKU-052,Product 52,3,79.76,239.28
2025-07-03,SKU-053,Product 53,7,11.29,79.03
2025-10-22,SKU-008,Product 8,37,38.61,1428.57
2025-06-03,SKU-084,Product 84,14,108.64,1520.96
2025-09-13,SKU-042,Product 42,30,42.29,1268.7
2025-08-12,SKU-012,Product 12,10,112.29,1122.9
2025-08-25,SKU-079,Product 79,8,39.06,312.48
2026-06-01,SKU-088,Product 88,33,65.71,2168.43
2025-05-30,SKU-079,Product 79,17,39.06,664.02
2025-05-09,SKU-040,Product 40,9,20.93,188.37
2025-02-27,SKU-039,Product 39,1,9.81,9.81
2025-09-26,SKU-003,Product 3,33,70.92,2340.36
2026-04-09,SKU-009,Product 9,40,33.35,1334.0
2026-01-18,SKU-050,Product 50,41,42.38,1737.58
2026-04-12,SKU-033,Product 33,20,53.43,1068.6
2025-11-23,SKU-075,Product 75,26,13.71,356.46
2026-02-19,SKU-011,Product 11,25,77.13,1928.25
2025-12-23,SKU-055,Product 55,2,53.76,107.52
2025-10-13,SKU-009,Product 9,2,33.35,66.7
2026-06-03,SKU-064,Product 64,3,117.63,352.89
2025-03-12,SKU-026,Product 26,16,66.33,1061.28
2026-03-07,SKU-093,Product 93,6,41.04,246.24
2025-08-02,SKU-069,Product 69,14,113.3,1586.2
2025-08-14,SKU-039,Product 39,30,9.81,294.3
2026-05-01,SKU-069,Product 69,38,113.3,4305.4
2025-02-03,SKU-098,Product 98,8,5.2,41.6
2026-02-27,SKU-051,Product 51,12,104.22,1250.64
2025-02-25,SKU-071,Product 71,18,41.39,745.02
2025-03-25,SKU-071,Product 71,1,41.39,41.39
2026-04-25,SKU-039,Product 39,52,9.81,510.12
2026-04-04,SKU-047,Product 47,37,38.43,1421.91
2026-06-05,SKU-048,Product 48,18,18.02,324.36
2025-08-16,SKU-016,Product 16,8,128.07,1024.56
2025-09-07,SKU-025,Product 25,6,126.63,759.78
2026-07-26,SKU-022,Product 22,43,59.25,2547.75
2026-03-14,SKU-008,Product 8,49,38.61,1891.89
2025-01-30,SKU-013,Product 13,4,106.67,426.68
2025-10-29,SKU-032,Product 32,23,97.86,2250.78
2026-06-08,SKU-050,Product 50,55,42.38,2330.9
2026-02-02,SKU-071,Product 71,36,41.39,1490.04
2025-01-03,SKU-080,Product 80,9,14.32,128.88
2026-04-17,SKU-007,Product 7,17,81.18,1380.06
2025-02-21,SKU-057,Product 57,18,27.94,502.92
2025-07-26,SKU-069,Product 69,10,113.3,1133.0
2025-04-25,SKU-072,Product 72,17,108.25,1840.25
2025-08-05,SKU-008,Product 8,2,38.61,77.22
2025-05-07,SKU-022,Product 22,8,59.25,474.0
2025-01-26,SKU-047,Product 47,12,38.43,461.16
2026-02-21,SKU-018,Product 18,6,89.39,536.34
2025-11-24,SKU-097,Product 97,40,45.27,1810.8
2025-09-02,SKU-087,Product 87,15,123.31,1849.65
2026-04-12,SKU-046,Product 46,3,105.52,316.56
2026-05-11,SKU-041,Product 41,3,33.9,101.7
2026-02-05,SKU-051,Product 51,46,104.22,4794.12
2025-05-20,SKU-009,Product 9,17,33.35,566.95
2026-01-17,SKU-033,Product 33,14,53.43,748.02
2026-05-14,SKU-047,Product 47,39,38.43,1498.77
2025-11-01,SKU-013,Product 13,15,106.67,1600.05
2026-03-09,SKU-072,Product 72,3,108.25,324.75
2025-05-18,SKU-046,Product 46,22,105.52,2321.44
2025-10-24,SKU-049,Product 49,38,6.44,244.72
2025-07-19,SKU-043,Product 43,26,124.39,3234.14
2025-05-05,SKU-058,Product 58,3,122.59,367.77
2026-02-01,SKU-080,Product 80,24,14.32,343.68
2025-08-04,SKU-081,Product 81,16,66.67,1066.72
2025-01-27,SKU-018,Product 18,10,89.39,893.9
2026-04-19,SKU-034,Product 34,51,133.9,6828.9
2025-07-24,SKU-083,Product 83,16,134.11,2145.76
2026-06-19,SKU-090,Product 90,33,41.98,1385.34
2025-04-03,SKU-047,Product 47,7,38.43,269.01
2025-11-16,SKU-025,Product 25,21,126.63,2659.23
2026-04-02,SKU-047,Product 47,3,38.43,115.29
2025-05-22,SKU-082,Product 82,12,82.39,988.68
2026-05-02,SKU-014,Product 14,17,51.74,879.58
2026-03-24,SKU-070,Product 70,36,38.61,1389.96
2025-06-09,SKU-061,Product 61,1,141.95,141.95
2025-06-08,SKU-012,Product 12,20,112.29,2245.8
2025-10-28,SKU-030,Product 30,5,117.66,588.3
2025-10-02,SKU-031,Product 31,16,52.96,847.36
2025-09-25,SKU-064,Product 64,7,117.63,823.41
2025-09-25,SKU-008,Product 8,9,38.61,347.49
2026-06-07,SKU-019,Product 19,29,83.88,2432.52
2026-03-09,SKU-041,Product 41,32,33.9,1084.8
2026-06-06,SKU-026,Product 26,3,66.33,198.99
2025-06-26,SKU-006,Product 6,22,16.92,372.24
2025-12-07,SKU-089,Product 89,27,62.65,1691.55
2026-03-06,SKU-027,Product 27,38,15.58,592.04
2025-08-11,SKU-097,Product 97,32,45.27,1448.64
2026-06-29,SKU-079,Product 79,38,39.06,1484.28
2025-07-17,SKU-081,Product 81,22,66.67,1466.74
2025-10-21,SKU-023,Product 23,32,129.88,4156.16
2025-03-25,SKU-040,Product 40,8,20.93,167.44
2025-03-07,SKU-090,Product 90,5,41.98,209.9
2025-08-10,SKU-097,Product 97,15,45.27,679.05
2026-03-18,SKU-078,Product 78,19,23.81,452.39
2025-06-16,SKU-007,Product 7,22,81.18,1785.96
2025-09-08,SKU-088,Product 88,27,65.71,1774.17
2026-01-03,SKU-023,Product 23,31,129.88,4026.28
2025-10-24,SKU-088,Product 88,22,65.71,1445.62
