Date,Product_ID,Product_Name,Quantity,Price,Revenue
22-02-2025,SKU-088,Product 88,8,65.71,525.68
19-06-2025,SKU-062,Product 62,24,40.67,976.08
04-03-2026,SKU-095,Product 95,12,77.08,924.96
08-09-2025,SKU-082,Product 82,20,82.39,1647.8
23-09-2025,SKU-043,Product 43,35,124.39,4353.65
09-06-2026,SKU-052,Product 52,52,79.76,4147.52
27-04-2025,SKU-041,Product 41,11,33.9,372.9
29-04-2026,SKU-053,Product 53,10,11.29,112.9
05-05-2026,SKU-059,Product 59,17,143.98,2447.66
06-03-2025,SKU-021,Product 21,3,71.49,214.47
16-04-2025,SKU-003,Product 3,9,70.92,638.28
27-03-2025,SKU-042,Product 42,15,42.29,634.35
20-05-2026,SKU-100,Product 100,14,56.59,792.26
16-07-2025,SKU-008,Product 8,28,38.61,1081.08
23-11-2025,SKU-035,Product 35,8,42.05,336.4
28-05-2026,SKU-004,Product 4,51,70.1,3575.1
28-01-2026,SKU-026,Product 26,18,66.33,1193.94
19-12-2025,SKU-088,Product 88,2,65.71,131.42
24-01-2025,SKU-089,Product 89,11,62.65,689.15
02-08-2025,SKU-028,Product 28,12,68.24,818.88
25-05-2026,SKU-009,Product 9,32,33.35,1067.2
04-07-2026,SKU-026,Product 26,38,66.33,2520.54
26-04-2025,SKU-023,Product 23,22,129.88,2857.36
18-04-2025,SKU-001,Product 1,18,133.59,2404.62
19-04-2025,SKU-096,Product 96,6,57.25,343.5
27-02-2026,SKU-037,Product 37,15,83.51,1252.65
10-02-2026,SKU-011,Product 11,31,77.13,2391.03
16-01-2025,SKU-086,Product 86,9,117.55,1057.95
29-04-2026,SKU-029,Product 29,42,43.36,1821.12
04-02-2025,SKU-068,Product 68,17,65.88,1119.96
29-06-2025,SKU-050,Product 50,25,42.38,1059.5
23-06-2025,SKU-097,Product 97,18,45.27,814.86
17-09-2025,SKU-069,Product 69,21,113.3,2379.3
19-03-2026,SKU-060,Product 60,32,70.14,2244.48
09-07-2026,SKU-011,Product 11,11,77.13,848.43
15-04-2025,SKU-044,Product 44,13,14.73,191.49
17-02-2026,SKU-018,Product 18,34,89.39,3039.26
16-10-2025,SKU-033,Product 33,4,53.43,213.72
04-01-2026,SKU-040,Product 40,40,20.93,837.2
16-07-2026,SKU-026,Product 26,7,66.33,464.31
18-01-2025,SKU-022,Product 22,9,59.25,533.25
19-06-2026,SKU-017,Product 17,33,88.02,2904.66
20-01-2026,SKU-044,Product 44,35,14.73,515.55
10-02-2026,SKU-040,Product 40,31,20.93,648.83
25-04-2025,SKU-055,Product 55,14,53.76,752.64
14-12-2025,SKU-064,Product 64,42,117.63,4940.46
05-11-2025,SKU-012,Product 12,20,112.29,2245.8
23-12-2025,SKU-034,Product 34,17,133.9,2276.3
14-08-2025,SKU-077,Product 77,23,62.14,1429.22
21-02-2026,SKU-042,Product 42,44,42.29,1860.76
22-04-2026,SKU-069,Product 69,13,113.3,1472.9
09-08-2025,SKU-017,Product 17,17,88.02,1496.34
26-02-2026,SKU-094,Product 94,19,25.25,479.75
02-10-2025,SKU-009,Product 9,12,33.35,400.2
07-06-2025,SKU-067,Product 67,12,99.67,1196.04
09-11-2025,SKU-037,Product 37,28,83.51,2338.28
08-10-2025,SKU-052,Product 52,24,79.76,1914.24
06-06-2026,SKU-012,Product 12,14,112.29,1572.06
04-05-2026,SKU-056,Product 56,31,140.51,4355.81
28-07-2025,SKU-062,Product 62,6,40.67,244.02
29-03-2025,SKU-017,Product 17,8,88.02,704.16
11-05-2025,SKU-095,Product 95,20,77.08,1541.6
20-03-2026,SKU-025,Product 25,3,126.63,379.89
19-07-2025,SKU-058,Product 58,22,122.59,2696.98
16-03-2026,SKU-085,Product 85,42,53.4,2242.8
19-04-2025,SKU-064,Product 64,15,117.63,1764.45
14-02-2025,SKU-010,Product 10,17,84.95,1444.15
18-07-2026,SKU-082,Product 82,27,82.39,2224.53
18-11-2025,SKU-076,Product 76,37,5.46,202.02
24-07-2026,SKU-031,Product 31,59,52.96,3124.64
30-06-2025,SKU-094,Product 94,5,25.25,126.25
08-03-2026,SKU-057,Product 57,3,27.94,83.82
22-03-2025,SKU-035,Product 35,18,42.05,756.9
27-02-2025,SKU-088,Product 88,19,65.71,1248.49
19-05-2026,SKU-016,Product 16,50,128.07,6403.5
27-05-2026,SKU-020,Product 20,7,89.85,628.95
15-11-2025,SKU-073,Product 73,31,120.54,3736.74
17-02-2025,SKU-025,Product 25,16,126.63,2026.08
30-05-2026,SKU-066,Product 66,40,50.43,2017.2
22-02-2025,SKU-077,Product 77,17,62.14,1056.38
13-04-2026,SKU-018,Product 18,51,89.39,4558.89
15-06-2026,SKU-099,Product 99,37,48.68,1801.16
25-12-2025,SKU-009,Product 9,42,33.35,1400.7
17-06-2026,SKU-025,Product 25,48,126.63,6078.24
16-04-2025,SKU-090,Product 90,3,41.98,125.94
04-01-2025,SKU-095,Product 95,9,77.08,693.72
17-02-2025,SKU-099,Product 99,3,48.68,146.04
06-06-2026,SKU-053,Product 53,22,11.29,248.38
17-07-2025,SKU-012,Product 12,24,112.29,2694.96
13-05-2026,SKU-024,Product 24,10,109.76,1097.6
25-10-2025,SKU-073,Product 73,35,120.54,4218.9
04-04-2026,SKU-084,Product 84,27,108.64,2933.28
19-01-2025,SKU-056,Product 56,14,140.51,1967.14
18-06-2026,SKU-091,Product 91,41,12.64,518.24
27-07-2026,SKU-042,Product 42,7,42.29,296.03
20-05-2026,SKU-045,Product 45,50,80.28,4014
10-06-2026,SKU-006,Product 6,33,16.92,558.36
08-02-2026,SKU-032,Product 32,6,97.86,587.16
13-05-2026,SKU-008,Product 8,3,38.61,115.83
30-06-2025,SKU-047,Product 47,5,38.43,192.15
13-04-2025,SKU-035,Product 35,7,42.05,294.35
01-03-2026,SKU-051,Product 51,48,104.22,5002.56
17-02-2026,SKU-096,Product 96,43,57.25,2461.75
20-01-2025,SKU-060,Product 60,4,70.14,280.56
14-08-2025,SKU-024,Product 24,6,109.76,658.56
28-05-2025,SKU-080,Product 80,5,14.32,71.6
31-12-2025,SKU-049,Product 49,26,6.44,167.44
09-08-2025,SKU-025,Product 25,6,126.63,759.78
05-01-2025,SKU-093,Product 93,4,41.04,164.16
29-11-2025,SKU-047,Product 47,24,38.43,922.32
13-02-2025,SKU-087,Product 87,2,123.31,246.62
23-10-2025,SKU-068,Product 68,27,65.88,1778.76
21-01-2025,SKU-078,Product 78,3,23.81,71.43
25-12-2025,SKU-019,Product 19,17,83.88,1425.96
06-05-2026,SKU-044,Product 44,17,14.73,250.41
24-04-2025,SKU-086,Product 86,1,117.55,117.55
24-12-2025,SKU-014,Product 14,31,51.74,1603.94
17-03-2025,SKU-030,Product 30,13,117.66,1529.58
02-08-2025,SKU-095,Product 95,23,77.08,1772.84
10-10-2025,SKU-065,Product 65,17,29.77,506.09
20-02-2025,SKU-048,Product 48,11,18.02,198.22
11-03-2025,SKU-050,Product 50,20,42.38,847.6
27-02-2025,SKU-016,Product 16,3,128.07,384.21
14-08-2025,SKU-032,Product 32,28,97.86,2740.08
05-02-2025,SKU-020,Product 20,2,89.85,179.7
01-06-2025,SKU-066,Product 66,19,50.43,958.17
11-07-2025,SKU-077,Product 77,17,62.14,1056.38
02-09-2025,SKU-006,Product 6,18,16.92,304.56
18-07-2026,SKU-006,Product 6,23,16.92,389.16
12-05-2025,SKU-063,Product 63,15,85.06,1275.9
05-04-2025,SKU-071,Product 71,20,41.39,827.8
07-11-2025,SKU-067,Product 67,10,99.67,996.7
09-05-2025,SKU-005,Product 5,9,112.77,1014.93
27-06-2025,SKU-001,Product 1,15,133.59,2003.85
23-06-2025,SKU-097,Product 97,15,45.27,679.05
16-04-2025,SKU-038,Product 38,18,30.86,555.48
16-04-2026,SKU-074,Product 74,17,102.79,1747.43
21-04-2025,SKU-003,Product 3,7,70.92,496.44
25-02-2025,SKU-004,Product 4,2,70.1,140.2
30-10-2025,SKU-049,Product 49,5,6.44,32.2
05-02-2026,SKU-025,Product 25,15,126.63,1899.45
19-02-2026,SKU-046,Product 46,6,105.52,633.12
03-10-2025,SKU-051,Product 51,36,104.22,3751.92
25-05-2026,SKU-052,Product 52,47,79.76,3748.72
28-06-2026,SKU-083,Product 83,53,134.11,7107.83
07-01-2026,SKU-089,Product 89,29,62.65,1816.85
30-08-2025,SKU-077,Product 77,18,62.14,1118.52
02-05-2025,SKU-033,Product 33,19,53.43,1015.17
23-05-2025,SKU-028,Product 28,1,68.24,68.24
09-08-2025,SKU-098,Product 98,10,5.2,52
04-06-2026,SKU-067,Product 67,44,99.67,4385.48
23-10-2025,SKU-059,Product 59,17,143.98,2447.66
09-07-2026,SKU-044,Product 44,7,14.73,103.11
27-11-2025,SKU-001,Product 1,27,133.59,3606.93
28-07-2025,SKU-092,Product 92,20,131.65,2633
15-12-2025,SKU-035,Product 35,11,42.05,462.55
11-07-2025,SKU-005,Product 5,19,112.77,2142.63
05-08-2025,SKU-056,Product 56,27,140.51,3793.77
29-06-2026,SKU-071,Product 71,7,41.39,289.73
19-04-2026,SKU-016,Product 16,10,128.07,1280.7
21-02-2026,SKU-074,Product 74,15,102.79,1541.85
05-09-2025,SKU-020,Product 20,18,89.85,1617.3
24-09-2025,SKU-056,Product 56,4,140.51,562.04
07-01-2026,SKU-085,Product 85,29,53.4,1548.6
20-09-2025,SKU-048,Product 48,14,18.02,252.28
25-06-2026,SKU-021,Product 21,15,71.49,1072.35
25-04-2025,SKU-078,Product 78,6,23.81,142.86
14-11-2025,SKU-073,Product 73,34,120.54,4098.36
23-06-2026,SKU-088,Product 88,53,65.71,3482.63
25-03-2025,SKU-040,Product 40,2,20.93,41.86
01-08-2025,SKU-078,Product 78,12,23.81,285.72
18-12-2025,SKU-004,Product 4,5,70.1,350.5
19-08-2025,SKU-055,Product 55,17,53.76,913.92
12-05-2025,SKU-028,Product 28,15,68.24,1023.6
10-07-2026,SKU-080,Product 80,34,14.32,486.88
25-01-2025,SKU-031,Product 31,3,52.96,158.88
21-02-2026,SKU-062,Product 62,22,40.67,894.74
23-03-2025,SKU-055,Product 55,7,53.76,376.32
26-06-2025,SKU-056,Product 56,13,140.51,1826.63
26-02-2025,SKU-026,Product 26,19,66.33,1260.27
19-06-2025,SKU-018,Product 18,26,89.39,2324.14
14-06-2025,SKU-008,Product 8,14,38.61,540.54
28-03-2025,SKU-032,Product 32,10,97.86,978.6
08-02-2025,SKU-025,Product 25,15,126.63,1899.45
28-11-2025,SKU-058,Product 58,13,122.59,1593.67
17-07-2026,SKU-036,Product 36,58,130.42,7564.36
18-04-2025,SKU-031,Product 31,14,52.96,741.44
08-05-2026,SKU-096,Product 96,53,57.25,3034.25
27-04-2025,SKU-074,Product 74,4,102.79,411.16
13-07-2025,SKU-084,Product 84,20,108.64,2172.8
04-06-2025,SKU-081,Product 81,21,66.67,1400.07
10-01-2025,SKU-037,Product 37,7,83.51,584.57
22-01-2025,SKU-071,Product 71,14,41.39,579.46
04-11-2025,SKU-068,Product 68,31,65.88,2042.28
15-06-2026,SKU-081,Product 81,41,66.67,2733.47
21-01-2026,SKU-035,Product 35,12,42.05,504.6
09-06-2025,SKU-044,Product 44,21,14.73,309.33
20-03-2025,SKU-070,Product 70,1,38.61,38.61
02-01-2025,SKU-011,Product 11,8,77.13,617.04
02-01-2026,SKU-010,Product 10,43,84.95,3652.85
03-01-2025,SKU-075,Product 75,7,13.71,95.97
19-04-2025,SKU-093,Product 93,7,41.04,287.28
10-11-2025,SKU-026,Product 26,5,66.33,331.65
30-07-2026,SKU-078,Product 78,19,23.81,452.39
02-05-2026,SKU-042,Product 42,38,42.29,1607.02
20-04-2026,SKU-080,Product 80,34,14.32,486.88
26-10-2025,SKU-044,Product 44,35,14.73,515.55
18-10-2025,SKU-035,Product 35,10,42.05,420.5
21-03-2026,SKU-029,Product 29,33,43.36,1430.88
18-07-2025,SKU-011,Product 11,6,77.13,462.78
14-09-2025,SKU-099,Product 99,27,48.68,1314.36
22-06-2026,SKU-020,Product 20,41,89.85,3683.85
17-03-2025,SKU-064,Product 64,4,117.63,470.52
30-07-2026,SKU-004,Product 4,51,70.1,3575.1
28-04-2026,SKU-060,Product 60,17,70.14,1192.38
22-07-2025,SKU-047,Product 47,20,38.43,768.6
15-05-2026,SKU-038,Product 38,50,30.86,1543
12-09-2025,SKU-067,Product 67,30,99.67,2990.1
05-03-2026,SKU-073,Product 73,45,120.54,5424.3
06-02-2026,SKU-044,Product 44,18,14.73,265.14
19-07-2026,SKU-024,Product 24,15,109.76,1646.4
30-07-2026,SKU-002,Product 2,43,116.06,4990.58
26-06-2026,SKU-023,Product 23,38,129.88,4935.44
27-08-2025,SKU-056,Product 56,24,140.51,3372.24
15-09-2025,SKU-039,Product 39,21,9.81,206.01
30-11-2025,SKU-084,Product 84,2,108.64,217.28
03-05-2025,SKU-015,Product 15,4,98.54,394.16
18-07-2026,SKU-057,Product 57,54,27.94,1508.76
29-04-2026,SKU-038,Product 38,49,30.86,1512.14
19-11-2025,SKU-068,Product 68,24,65.88,1581.12
10-03-2025,SKU-029,Product 29,17,43.36,737.12
16-08-2025,SKU-017,Product 17,4,88.02,352.08
20-04-2026,SKU-091,Product 91,34,12.64,429.76
16-03-2025,SKU-062,Product 62,5,40.67,203.35
21-09-2025,SKU-063,Product 63,4,85.06,340.24
02-06-2025,SKU-013,Product 13,1,106.67,106.67
03-04-2025,SKU-079,Product 79,5,39.06,195.3
12-08-2025,SKU-002,Product 2,15,116.06,1740.9
29-05-2026,SKU-042,Product 42,40,42.29,1691.6
10-03-2025,SKU-047,Product 47,17,38.43,653.31
14-09-2025,SKU-021,Product 21,30,71.49,2144.7
27-01-2025,SKU-051,Product 51,11,104.22,1146.42
06-07-2026,SKU-008,Product 8,54,38.61,2084.94
09-07-2026,SKU-040,Product 40,38,20.93,795.34
31-05-2026,SKU-044,Product 44,51,14.73,751.23
13-02-2025,SKU-094,Product 94,2,25.25,50.5
22-03-2026,SKU-066,Product 66,23,50.43,1159.89
21-05-2025,SKU-088,Product 88,3,65.71,197.13
24-02-2025,SKU-014,Product 14,16,51.74,827.84
07-07-2026,SKU-007,Product 7,38,81.18,3084.84
13-09-2025,SKU-006,Product 6,18,16.92,304.56
15-08-2025,SKU-026,Product 26,8,66.33,530.64
03-09-2025,SKU-049,Product 49,6,6.44,38.64
01-06-2026,SKU-045,Product 45,44,80.28,3532.32
24-05-2025,SKU-031,Product 31,8,52.96,423.68
03-07-2026,SKU-004,Product 4,11,70.1,771.1
16-03-2026,SKU-008,Product 8,32,38.61,1235.52
25-02-2025,SKU-019,Product 19,3,83.88,251.64
07-01-2025,SKU-057,Product 57,9,27.94,251.46
06-10-2025,SKU-079,Product 79,34,39.06,1328.04
27-01-2025,SKU-056,Product 56,6,140.51,843.06
23-06-2026,SKU-043,Product 43,45,124.39,5597.55
24-05-2025,SKU-091,Product 91,17,12.64,214.88
10-02-2025,SKU-030,Product 30,9,117.66,1058.94
22-05-2026,SKU-015,Product 15,43,98.54,4237.22
30-03-2025,SKU-086,Product 86,1,117.55,117.55
08-07-2025,SKU-068,Product 68,13,65.88,856.44
28-02-2025,SKU-002,Product 2,13,116.06,1508.78
15-02-2026,SKU-023,Product 23,15,129.88,1948.2
05-02-2025,SKU-090,Product 90,17,41.98,713.66
14-08-2025,SKU-088,Product 88,26,65.71,1708.46
29-08-2025,SKU-052,Product 52,15,79.76,1196.4
03-05-2026,SKU-054,Product 54,28,85.15,2384.2
01-02-2025,SKU-032,Product 32,17,97.86,1663.62
06-02-2026,SKU-029,Product 29,18,43.36,780.48
09-05-2025,SKU-051,Product 51,14,104.22,1459.08
30-11-2025,SKU-035,Product 35,32,42.05,1345.6
26-07-2026,SKU-061,Product 61,3,141.95,425.85
11-05-2025,SKU-009,Product 9,8,33.35,266.8
12-01-2025,SKU-086,Product 86,8,117.55,940.4
20-07-2025,SKU-034,Product 34,26,133.9,3481.4
09-02-2026,SKU-024,Product 24,3,109.76,329.28
26-01-2026,SKU-012,Product 12,33,112.29,3705.57
27-07-2025,SKU-090,Product 90,14,41.98,587.72
13-04-2025,SKU-097,Product 97,19,45.27,860.13
23-03-2025,SKU-009,Product 9,9,33.35,300.15
09-01-2025,SKU-001,Product 1,12,133.59,1603.08
04-08-2025,SKU-069,Product 69,8,113.3,906.4
10-02-2025,SKU-027,Product 27,3,15.58,46.74
03-10-2025,SKU-034,Product 34,31,133.9,4150.9
14-03-2025,SKU-063,Product 63,9,85.06,765.54
05-04-2025,SKU-019,Product 19,17,83.88,1425.96
08-10-2025,SKU-098,Product 98,9,5.2,46.8
04-01-2025,SKU-084,Product 84,10,108.64,1086.4
11-04-2026,SKU-005,Product 5,30,112.77,3383.1
16-02-2025,SKU-052,Product 52,11,79.76,877.36
26-12-2025,SKU-038,Product 38,42,30.86,1296.12
21-11-2025,SKU-069,Product 69,34,113.3,3852.2
13-02-2026,SKU-093,Product 93,43,41.04,1764.72
14-07-2026,SKU-081,Product 81,54,66.67,3600.18
28-09-2025,SKU-082,Product 82,4,82.39,329.56
20-09-2025,SKU-014,Product 14,25,51.74,1293.5
03-03-2025,SKU-037,Product 37,1,83.51,83.51
14-07-2026,SKU-068,Product 68,58,65.88,3821.04
31-05-2026,SKU-043,Product 43,36,124.39,4478.04
28-08-2025,SKU-094,Product 94,33,25.25,833.25
22-01-2025,SKU-059,Product 59,16,143.98,2303.68
23-07-2025,SKU-002,Product 2,22,116.06,2553.32
05-12-2025,SKU-075,Product 75,33,13.71,452.43
23-01-2026,SKU-008,Product 8,45,38.61,1737.45
24-01-2025,SKU-049,Product 49,11,6.44,70.84
14-11-2025,SKU-092,Product 92,5,131.65,658.25
15-10-2025,SKU-074,Product 74,22,102.79,2261.38
22-08-2025,SKU-098,Product 98,19,5.2,98.8
29-04-2025,SKU-039,Product 39,14,9.81,137.34
09-11-2025,SKU-090,Product 90,26,41.98,1091.48
06-01-2025,SKU-064,Product 64,9,117.63,1058.67
02-01-2026,SKU-048,Product 48,29,18.02,522.58
06-04-2025,SKU-086,Product 86,14,117.55,1645.7
20-06-2025,SKU-079,Product 79,20,39.06,781.2
06-05-2025,SKU-092,Product 92,4,131.65,526.6
11-10-2025,SKU-002,Product 2,34,116.06,3946.04
28-01-2026,SKU-086,Product 86,18,117.55,2115.9
09-01-2026,SKU-050,Product 50,23,42.38,974.74
28-08-2025,SKU-042,Product 42,13,42.29,549.77
25-03-2026,SKU-037,Product 37,19,83.51,1586.69
11-01-2025,SKU-092,Product 92,12,131.65,1579.8
19-07-2025,SKU-066,Product 66,28,50.43,1412.04
10-06-2025,SKU-028,Product 28,5,68.24,341.2
05-09-2025,SKU-072,Product 72,20,108.25,2165
30-03-2026,SKU-074,Product 74,43,102.79,4419.97
28-04-2026,SKU-056,Product 56,17,140.51,2388.67
06-02-2026,SKU-046,Product 46,3,105.52,316.56
20-05-2025,SKU-009,Product 9,24,33.35,800.4
16-06-2026,SKU-066,Product 66,15,50.43,756.45
25-01-2025,SKU-043,Product 43,15,124.39,1865.85
11-04-2026,SKU-069,Product 69,37,113.3,4192.1
07-06-2025,SKU-037,Product 37,14,83.51,1169.14
17-11-2025,SKU-047,Product 47,10,38.43,384.3
15-02-2026,SKU-095,Product 95,18,77.08,1387.44
03-02-2026,SKU-065,Product 65,3,29.77,89.31
05-04-2025,SKU-015,Product 15,1,98.54,98.54
06-04-2025,SKU-057,Product 57,8,27.94,223.52
16-03-2026,SKU-044,Product 44,13,14.73,191.49
23-02-2025,SKU-046,Product 46,12,105.52,1266.24
23-03-2025,SKU-011,Product 11,18,77.13,1388.34
15-02-2026,SKU-004,Product 4,21,70.1,1472.1
14-08-2025,SKU-095,Product 95,19,77.08,1464.52
16-05-2026,SKU-026,Product 26,43,66.33,2852.19
24-09-2025,SKU-021,Product 21,7,71.49,500.43
18-04-2025,SKU-066,Product 66,6,50.43,302.58
18-11-2025,SKU-020,Product 20,5,89.85,449.25
15-07-2025,SKU-077,Product 77,16,62.14,994.24
14-03-2025,SKU-091,Product 91,10,12.64,126.4
29-10-2025,SKU-071,Product 71,2,41.39,82.78
03-04-2026,SKU-059,Product 59,6,143.98,863.88
11-11-2025,SKU-003,Product 3,7,70.92,496.44
12-03-2025,SKU-003,Product 3,6,70.92,425.52
25-02-2025,SKU-010,Product 10,3,84.95,254.85
23-06-2025,SKU-075,Product 75,1,13.71,13.71
04-08-2025,SKU-099,Product 99,6,48.68,292.08
20-02-2026,SKU-086,Product 86,34,117.55,3996.7
10-11-2025,SKU-025,Product 25,31,126.63,3925.53
04-07-2025,SKU-037,Product 37,11,83.51,918.61
21-02-2025,SKU-091,Product 91,16,12.64,202.24
28-04-2025,SKU-071,Product 71,3,41.39,124.17
02-05-2026,SKU-066,Product 66,31,50.43,1563.33
09-06-2025,SKU-035,Product 35,1,42.05,42.05
25-04-2025,SKU-071,Product 71,7,41.39,289.73
21-11-2025,SKU-041,Product 41,2,33.9,67.8
24-07-2026,SKU-007,Product 7,27,81.18,2191.86
08-11-2025,SKU-079,Product 79,39,39.06,1523.34
26-02-2025,SKU-037,Product 37,6,83.51,501.06
01-05-2026,SKU-054,Product 54,14,85.15,1192.1
10-11-2025,SKU-045,Product 45,5,80.28,401.4
18-04-2026,SKU-067,Product 67,6,99.67,598.02
21-02-2026,SKU-044,Product 44,12,14.73,176.76
17-08-2025,SKU-027,Product 27,15,15.58,233.7
14-07-2025,SKU-084,Product 84,8,108.64,869.12
31-07-2026,SKU-043,Product 43,27,124.39,3358.53
18-06-2026,SKU-051,Product 51,3,104.22,312.66
04-11-2025,SKU-062,Product 62,25,40.67,1016.75
29-04-2026,SKU-047,Product 47,21,38.43,807.03
05-12-2025,SKU-086,Product 86,22,117.55,2586.1
21-04-2025,SKU-075,Product 75,7,13.71,95.97
02-07-2026,SKU-048,Product 48,3,18.02,54.06
25-06-2026,SKU-089,Product 89,19,62.65,1190.35
10-05-2025,SKU-073,Product 73,11,120.54,1325.94
12-01-2025,SKU-061,Product 61,15,141.95,2129.25
19-07-2026,SKU-099,Product 99,31,48.68,1509.08
22-11-2025,SKU-067,Product 67,13,99.67,1295.71
01-06-2025,SKU-023,Product 23,24,129.88,3117.12
08-03-2026,SKU-079,Product 79,19,39.06,742.14
30-07-2026,SKU-029,Product 29,47,43.36,2037.92
27-03-2025,SKU-063,Product 63,2,85.06,170.12
12-08-2025,SKU-028,Product 28,30,68.24,2047.2
27-04-2025,SKU-031,Product 31,11,52.96,582.56
02-01-2026,SKU-032,Product 32,29,97.86,2837.94
30-06-2026,SKU-013,Product 13,26,106.67,2773.42
24-09-2025,SKU-063,Product 63,23,85.06,1956.38
01-11-2025,SKU-046,Product 46,36,105.52,3798.72
04-06-2026,SKU-087,Product 87,29,123.31,3575.99
06-07-2026,SKU-078,Product 78,30,23.81,714.3
23-12-2025,SKU-100,Product 100,14,56.59,792.26
07-04-2025,SKU-033,Product 33,22,53.43,1175.46
20-02-2026,SKU-024,Product 24,3,109.76,329.28
01-09-2025,SKU-058,Product 58,15,122.59,1838.85
05-06-2026,SKU-062,Product 62,48,40.67,1952.16
14-08-2025,SKU-037,Product 37,32,83.51,2672.32
25-08-2025,SKU-002,Product 2,28,116.06,3249.68
19-07-2026,SKU-033,Product 33,55,53.43,2938.65
03-07-2025,SKU-071,Product 71,23,41.39,951.97
08-06-2026,SKU-099,Product 99,11,48.68,535.48
22-12-2025,SKU-003,Product 3,22,70.92,1560.24
08-06-2026,SKU-076,Product 76,48,5.46,262.08
19-06-2025,SKU-094,Product 94,22,25.25,555.5
01-01-2026,SKU-077,Product 77,20,62.14,1242.8
24-01-2025,SKU-088,Product 88,12,65.71,788.52
25-01-2026,SKU-088,Product 88,15,65.71,985.65
10-03-2026,SKU-077,Product 77,6,62.14,372.84
24-11-2025,SKU-097,Product 97,29,45.27,1312.83
13-03-2025,SKU-073,Product 73,13,120.54,1567.02
25-02-2026,SKU-057,Product 57,12,27.94,335.28
21-11-2025,SKU-047,Product 47,34,38.43,1306.62
22-02-2026,SKU-046,Product 46,6,105.52,633.12
20-07-2025,SKU-088,Product 88,16,65.71,1051.36
27-12-2025,SKU-048,Product 48,43,18.02,774.86
04-07-2025,SKU-074,Product 74,21,102.79,2158.59
03-02-2026,SKU-068,Product 68,6,65.88,395.28
26-02-2026,SKU-033,Product 33,47,53.43,2511.21
04-08-2025,SKU-075,Product 75,29,13.71,397.59
13-05-2025,SKU-078,Product 78,15,23.81,357.15
29-06-2026,SKU-041,Product 41,38,33.9,1288.2
21-09-2025,SKU-064,Product 64,7,117.63,823.41
05-06-2025,SKU-008,Product 8,12,38.61,463.32
08-09-2025,SKU-022,Product 22,11,59.25,651.75
16-10-2025,SKU-049,Product 49,37,6.44,238.28
20-02-2025,SKU-073,Product 73,6,120.54,723.24
02-10-2025,SKU-065,Product 65,4,29.77,119.08
03-01-2025,SKU-009,Product 9,12,33.35,400.2
18-03-2026,SKU-083,Product 83,42,134.11,5632.62
09-07-2026,SKU-025,Product 25,7,126.63,886.41
04-04-2026,SKU-008,Product 8,13,38.61,501.93
27-03-2025,SKU-047,Product 47,18,38.43,691.74
03-05-2026,SKU-090,Product 90,35,41.98,1469.3
02-10-2025,SKU-052,Product 52,16,79.76,1276.16
16-01-2026,SKU-005,Product 5,29,112.77,3270.33
08-04-2025,SKU-082,Product 82,4,82.39,329.56
27-01-2026,SKU-093,Product 93,24,41.04,984.96
01-09-2025,SKU-058,Product 58,6,122.59,735.54
12-03-2026,SKU-063,Product 63,48,85.06,4082.88
18-03-2025,SKU-059,Product 59,13,143.98,1871.74
01-01-2026,SKU-028,Product 28,34,68.24,2320.16
29-04-2026,SKU-029,Product 29,7,43.36,303.52
23-01-2026,SKU-078,Product 78,36,23.81,857.16
20-07-2025,SKU-079,Product 79,20,39.06,781.2
13-03-2026,SKU-023,Product 23,22,129.88,2857.36
05-04-2026,SKU-036,Product 36,23,130.42,2999.66
22-07-2025,SKU-099,Product 99,8,48.68,389.44
28-03-2026,SKU-070,Product 70,16,38.61,617.76
23-01-2025,SKU-095,Product 95,12,77.08,924.96
15-02-2026,SKU-003,Product 3,46,70.92,3262.32
18-11-2025,SKU-044,Product 44,13,14.73,191.49
05-10-2025,SKU-098,Product 98,14,5.2,72.8
19-04-2026,SKU-087,Product 87,27,123.31,3329.37
17-05-2025,SKU-094,Product 94,25,25.25,631.25
20-07-2026,SKU-086,Product 86,19,117.55,2233.45
07-07-2026,SKU-060,Product 60,34,70.14,2384.76
04-02-2025,SKU-083,Product 83,3,134.11,402.33
23-10-2025,SKU-062,Product 62,10,40.67,406.7
15-01-2026,SKU-051,Product 51,11,104.22,1146.42
25-09-2025,SKU-028,Product 28,33,68.24,2251.92
12-08-2025,SKU-091,Product 91,28,12.64,353.92
13-02-2026,SKU-086,Product 86,18,117.55,2115.9
19-06-2026,SKU-056,Product 56,52,140.51,7306.52
31-01-2026,SKU-066,Product 66,24,50.43,1210.32
20-02-2026,SKU-099,Product 99,28,48.68,1363.04
01-03-2025,SKU-015,Product 15,6,98.54,591.24
11-02-2026,SKU-033,Product 33,27,53.43,1442.61
01-06-2026,SKU-042,Product 42,18,42.29,761.22
10-03-2026,SKU-095,Product 95,19,77.08,1464.52
17-04-2025,SKU-026,Product 26,12,66.33,795.96
08-07-2026,SKU-020,Product 20,27,89.85,2425.95
16-02-2025,SKU-045,Product 45,2,80.28,160.56
03-10-2025,SKU-088,Product 88,21,65.71,1379.91
21-10-2025,SKU-074,Product 74,22,102.79,2261.38
26-10-2025,SKU-075,Product 75,35,13.71,479.85
07-02-2026,SKU-049,Product 49,37,6.44,238.28
05-04-2025,SKU-014,Product 14,4,51.74,206.96
03-04-2025,SKU-061,Product 61,22,141.95,3122.9
22-11-2025,SKU-044,Product 44,5,14.73,73.65
08-05-2026,SKU-071,Product 71,24,41.39,993.36
16-01-2025,SKU-026,Product 26,8,66.33,530.64
14-01-2026,SKU-072,Product 72,29,108.25,3139.25
04-10-2025,SKU-065,Product 65,31,29.77,922.87
28-02-2025,SKU-064,Product 64,1,117.63,117.63
27-07-2025,SKU-052,Product 52,24,79.76,1914.24
29-05-2025,SKU-097,Product 97,7,45.27,316.89
15-04-2026,SKU-098,Product 98,10,5.2,52
10-03-2026,SKU-093,Product 93,29,41.04,1190.16
31-03-2026,SKU-100,Product 100,43,56.59,2433.37
09-04-2026,SKU-043,Product 43,3,124.39,373.17
15-06-2025,SKU-018,Product 18,16,89.39,1430.24
28-07-2026,SKU-081,Product 81,31,66.67,2066.77
29-08-2025,SKU-024,Product 24,6,109.76,658.56
28-07-2026,SKU-026,Product 26,55,66.33,3648.15
14-03-2025,SKU-053,Product 53,2,11.29,22.58
06-10-2025,SKU-027,Product 27,31,15.58,482.98
08-11-2025,SKU-073,Product 73,26,120.54,3134.04
03-10-2025,SKU-003,Product 3,19,70.92,1347.48
14-07-2026,SKU-077,Product 77,58,62.14,3604.12
08-06-2025,SKU-070,Product 70,23,38.61,888.03
25-04-2026,SKU-020,Product 20,20,89.85,1797
08-10-2025,SKU-074,Product 74,31,102.79,3186.49
01-09-2025,SKU-090,Product 90,29,41.98,1217.42
27-05-2026,SKU-001,Product 1,36,133.59,4809.24
22-01-2025,SKU-037,Product 37,1,83.51,83.51
07-04-2026,SKU-018,Product 18,27,89.39,2413.53
28-03-2026,SKU-041,Product 41,26,33.9,881.4
13-07-2025,SKU-051,Product 51,26,104.22,2709.72
31-03-2025,SKU-026,Product 26,10,66.33,663.3
20-04-2026,SKU-069,Product 69,45,113.3,5098.5
06-08-2025,SKU-092,Product 92,14,131.65,1843.1
08-12-2025,SKU-060,Product 60,16,70.14,1122.24
17-05-2025,SKU-068,Product 68,8,65.88,527.04
14-02-2025,SKU-009,Product 9,15,33.35,500.25
16-04-2026,SKU-070,Product 70,51,38.61,1969.11
15-11-2025,SKU-055,Product 55,15,53.76,806.4
12-02-2026,SKU-016,Product 16,37,128.07,4738.59
24-03-2026,SKU-072,Product 72,46,108.25,4979.5
05-06-2026,SKU-097,Product 97,3,45.27,135.81
04-06-2026,SKU-085,Product 85,25,53.4,1335
22-06-2026,SKU-023,Product 23,7,129.88,909.16
23-03-2026,SKU-079,Product 79,19,39.06,742.14
06-11-2025,SKU-098,Product 98,15,5.2,78
12-10-2025,SKU-045,Product 45,24,80.28,1926.72
13-12-2025,SKU-062,Product 62,27,40.67,1098.09
05-06-2026,SKU-060,Product 60,37,70.14,2595.18
28-01-2025,SKU-068,Product 68,9,65.88,592.92
31-05-2026,SKU-061,Product 61,14,141.95,1987.3
22-06-2026,SKU-054,Product 54,3,85.15,255.45
26-06-2025,SKU-050,Product 50,28,42.38,1186.64
07-05-2025,SKU-080,Product 80,1,14.32,14.32
14-04-2026,SKU-002,Product 2,30,116.06,3481.8
28-04-2026,SKU-058,Product 58,31,122.59,3800.29
05-07-2026,SKU-087,Product 87,30,123.31,3699.3
01-02-2025,SKU-095,Product 95,5,77.08,385.4
15-03-2025,SKU-006,Product 6,16,16.92,270.72
01-07-2026,SKU-065,Product 65,19,29.77,565.63
13-03-2026,SKU-028,Product 28,49,68.24,3343.76
01-02-2026,SKU-042,Product 42,42,42.29,1776.18
09-06-2025,SKU-016,Product 16,14,128.07,1792.98
16-01-2025,SKU-008,Product 8,2,38.61,77.22
09-10-2025,SKU-019,Product 19,22,83.88,1845.36
28-01-2026,SKU-077,Product 77,36,62.14,2237.04
15-07-2025,SKU-032,Product 32,14,97.86,1370.04
29-07-2025,SKU-094,Product 94,27,25.25,681.75
19-06-2026,SKU-008,Product 8,22,38.61,849.42
15-03-2025,SKU-051,Product 51,12,104.22,1250.64
26-06-2026,SKU-093,Product 93,38,41.04,1559.52
19-03-2025,SKU-077,Product 77,18,62.14,1118.52
29-07-2026,SKU-083,Product 83,59,134.11,7912.49
11-03-2025,SKU-050,Product 50,2,42.38,84.76
08-01-2026,SKU-072,Product 72,29,108.25,3139.25
08-02-2025,SKU-007,Product 7,7,81.18,568.26
31-03-2025,SKU-067,Product 67,13,99.67,1295.71
31-05-2025,SKU-078,Product 78,5,23.81,119.05
16-01-2026,SKU-078,Product 78,26,23.81,619.06
12-10-2025,SKU-039,Product 39,24,9.81,235.44
16-07-2025,SKU-050,Product 50,20,42.38,847.6
26-02-2026,SKU-032,Product 32,3,97.86,293.58
25-09-2025,SKU-058,Product 58,19,122.59,2329.21
15-09-2025,SKU-088,Product 88,25,65.71,1642.75
20-11-2025,SKU-003,Product 3,2,70.92,141.84
05-06-2026,SKU-021,Product 21,44,71.49,3145.56
17-02-2025,SKU-028,Product 28,6,68.24,409.44
11-07-2025,SKU-084,Product 84,23,108.64,2498.72
05-05-2026,SKU-090,Product 90,53,41.98,2224.94
17-03-2025,SKU-046,Product 46,15,105.52,1582.8
29-09-2025,SKU-065,Product 65,7,29.77,208.39
19-03-2025,SKU-030,Product 30,2,117.66,235.32
09-01-2025,SKU-094,Product 94,4,25.25,101
24-01-2025,SKU-014,Product 14,14,51.74,724.36
13-01-2026,SKU-012,Product 12,35,112.29,3930.15
02-02-2026,SKU-050,Product 50,30,42.38,1271.4
08-07-2025,SKU-066,Product 66,7,50.43,353.01
12-12-2025,SKU-067,Product 67,8,99.67,797.36
28-07-2025,SKU-024,Product 24,8,109.76,878.08
08-08-2025,SKU-049,Product 49,27,6.44,173.88
21-03-2026,SKU-066,Product 66,46,50.43,2319.78
26-06-2025,SKU-057,Product 57,9,27.94,251.46
20-02-2026,SKU-046,Product 46,31,105.52,3271.12
29-09-2025,SKU-064,Product 64,26,117.63,3058.38
21-03-2025,SKU-001,Product 1,1,133.59,133.59
02-07-2025,SKU-081,Product 81,25,66.67,1666.75
21-02-2026,SKU-005,Product 5,22,112.77,2480.94
28-02-2025,SKU-098,Product 98,2,5.2,10.4
04-12-2025,SKU-100,Product 100,13,56.59,735.67
29-07-2025,SKU-075,Product 75,18,13.71,246.78
20-07-2025,SKU-091,Product 91,28,12.64,353.92
17-10-2025,SKU-066,Product 66,32,50.43,1613.76
02-01-2026,SKU-075,Product 75,23,13.71,315.33
22-07-2025,SKU-039,Product 39,8,9.81,78.48
19-11-2025,SKU-078,Product 78,37,23.81,880.97
11-03-2026,SKU-010,Product 10,16,84.95,1359.2
05-11-2025,SKU-100,Product 100,36,56.59,2037.24
09-06-2026,SKU-095,Product 95,3,77.08,231.24
25-07-2025,SKU-079,Product 79,22,39.06,859.32
15-02-2025,SKU-084,Product 84,17,108.64,1846.88
21-11-2025,SKU-002,Product 2,5,116.06,580.3
11-06-2026,SKU-016,Product 16,41,128.07,5250.87
28-10-2025,SKU-041,Product 41,10,33.9,339
15-08-2025,SKU-041,Product 41,26,33.9,881.4
06-03-2026,SKU-026,Product 26,35,66.33,2321.55
12-02-2026,SKU-036,Product 36,31,130.42,4043.02
15-07-2025,SKU-002,Product 2,14,116.06,1624.84
24-03-2025,SKU-081,Product 81,18,66.67,1200.06
13-07-2025,SKU-011,Product 11,2,77.13,154.26
04-07-2026,SKU-041,Product 41,42,33.9,1423.8
10-07-2026,SKU-022,Product 22,50,59.25,2962.5
26-04-2026,SKU-019,Product 19,34,83.88,2851.92
26-07-2025,SKU-083,Product 83,18,134.11,2413.98
13-02-2025,SKU-026,Product 26,3,66.33,198.99
11-05-2025,SKU-042,Product 42,20,42.29,845.8
08-09-2025,SKU-012,Product 12,34,112.29,3817.86
18-09-2025,SKU-003,Product 3,14,70.92,992.88
05-05-2025,SKU-068,Product 68,9,65.88,592.92
17-01-2026,SKU-009,Product 9,26,33.35,867.1
09-09-2025,SKU-061,Product 61,32,141.95,4542.4
25-02-2025,SKU-090,Product 90,11,41.98,461.78
11-06-2026,SKU-033,Product 33,7,53.43,374.01
04-09-2025,SKU-034,Product 34,4,133.9,535.6
08-10-2025,SKU-065,Product 65,17,29.77,506.09
03-10-2025,SKU-012,Product 12,36,112.29,4042.44
30-07-2026,SKU-038,Product 38,15,30.86,462.9
10-10-2025,SKU-084,Product 84,27,108.64,2933.28
08-11-2025,SKU-078,Product 78,34,23.81,809.54
05-04-2026,SKU-065,Product 65,13,29.77,387.01
21-01-2026,SKU-092,Product 92,15,131.65,1974.75
12-01-2025,SKU-081,Product 81,1,66.67,66.67
24-05-2025,SKU-048,Product 48,24,18.02,432.48
04-07-2026,SKU-081,Product 81,7,66.67,466.69
03-07-2026,SKU-005,Product 5,30,112.77,3383.1
22-06-2026,SKU-048,Product 48,7,18.02,126.14
03-12-2025,SKU-076,Product 76,41,5.46,223.86
20-04-2025,SKU-052,Product 52,21,79.76,1674.96
05-07-2025,SKU-001,Product 1,17,133.59,2271.03
11-11-2025,SKU-016,Product 16,7,128.07,896.49
14-05-2025,SKU-079,Product 79,11,39.06,429.66
18-06-2026,SKU-085,Product 85,22,53.4,1174.8
22-08-2025,SKU-077,Product 77,15,62.14,932.1
08-02-2025,SKU-053,Product 53,10,11.29,112.9
28-02-2026,SKU-040,Product 40,28,20.93,586.04
14-01-2025,SKU-016,Product 16,14,128.07,1792.98
25-08-2025,SKU-071,Product 71,13,41.39,538.07
22-07-2026,SKU-015,Product 15,11,98.54,1083.94
31-01-2025,SKU-006,Product 6,16,16.92,270.72
28-02-2026,SKU-058,Product 58,41,122.59,5026.19
09-10-2025,SKU-043,Product 43,2,124.39,248.78
24-08-2025,SKU-059,Product 59,28,143.98,4031.44
28-06-2025,SKU-049,Product 49,17,6.44,109.48
11-04-2025,SKU-067,Product 67,15,99.67,1495.05
24-05-2026,SKU-066,Product 66,25,50.43,1260.75
25-02-2026,SKU-079,Product 79,44,39.06,1718.64
29-04-2025,SKU-090,Product 90,22,41.98,923.56
06-06-2026,SKU-001,Product 1,55,133.59,7347.45
25-04-2025,SKU-017,Product 17,9,88.02,792.18
01-02-2026,SKU-002,Product 2,24,116.06,2785.44
08-03-2025,SKU-080,Product 80,12,14.32,171.84
13-06-2025,SKU-096,Product 96,3,57.25,171.75
06-06-2025,SKU-005,Product 5,27,112.77,3044.79
20-10-2025,SKU-049,Product 49,17,6.44,109.48
26-10-2025,SKU-076,Product 76,10,5.46,54.6
14-03-2026,SKU-027,Product 27,49,15.58,763.42
27-01-2026,SKU-057,Product 57,3,27.94,83.82
03-01-2025,SKU-008,Product 8,4,38.61,154.44
24-10-2025,SKU-073,Product 73,22,120.54,2651.88
13-07-2025,SKU-089,Product 89,6,62.65,375.9
16-10-2025,SKU-008,Product 8,17,38.61,656.37
01-02-2025,SKU-009,Product 9,5,33.35,166.75
07-11-2025,SKU-095,Product 95,2,77.08,154.16
10-01-2026,SKU-025,Product 25,11,126.63,1392.93
09-06-2026,SKU-094,Product 94,7,25.25,176.75
23-02-2025,SKU-007,Product 7,11,81.18,892.98
24-08-2025,SKU-087,Product 87,17,123.31,2096.27
21-02-2025,SKU-065,Product 65,10,29.77,297.7
08-01-2026,SKU-004,Product 4,41,70.1,2874.1
02-10-2025,SKU-006,Product 6,36,16.92,609.12
22-05-2025,SKU-021,Product 21,17,71.49,1215.33
18-11-2025,SKU-011,Product 11,40,77.13,3085.2
07-04-2026,SKU-054,Product 54,30,85.15,2554.5
25-07-2025,SKU-044,Product 44,18,14.73,265.14
10-01-2025,SKU-063,Product 63,15,85.06,1275.9
07-10-2025,SKU-024,Product 24,7,109.76,768.32
24-10-2025,SKU-050,Product 50,15,42.38,635.7
02-05-2025,SKU-036,Product 36,19,130.42,2477.98
08-01-2026,SKU-039,Product 39,2,9.81,19.62
27-05-2026,SKU-043,Product 43,29,124.39,3607.31
10-10-2025,SKU-095,Product 95,32,77.08,2466.56
02-10-2025,SKU-096,Product 96,29,57.25,1660.25
16-12-2025,SKU-026,Product 26,33,66.33,2188.89
11-03-2025,SKU-002,Product 2,19,116.06,2205.14
23-06-2026,SKU-013,Product 13,15,106.67,1600.05
26-05-2025,SKU-022,Product 22,1,59.25,59.25
25-11-2025,SKU-067,Product 67,37,99.67,3687.79
21-07-2026,SKU-089,Product 89,11,62.65,689.15
14-02-2025,SKU-064,Product 64,11,117.63,1293.93
19-01-2026,SKU-037,Product 37,44,83.51,3674.44
14-12-2025,SKU-058,Product 58,8,122.59,980.72
16-02-2026,SKU-056,Product 56,34,140.51,4777.34
28-01-2025,SKU-076,Product 76,2,5.46,10.92
27-09-2025,SKU-041,Product 41,2,33.9,67.8
10-06-2026,SKU-039,Product 39,33,9.81,323.73
26-07-2025,SKU-043,Product 43,12,124.39,1492.68
25-04-2026,SKU-002,Product 2,48,116.06,5570.88
19-06-2025,SKU-038,Product 38,5,30.86,154.3
21-08-2025,SKU-074,Product 74,15,102.79,1541.85
24-03-2025,SKU-041,Product 41,17,33.9,576.3
14-04-2025,SKU-079,Product 79,21,39.06,820.26
10-01-2026,SKU-024,Product 24,35,109.76,3841.6
02-12-2025,SKU-045,Product 45,19,80.28,1525.32
02-12-2025,SKU-010,Product 10,35,84.95,2973.25
27-01-2025,SKU-083,Product 83,13,134.11,1743.43
26-05-2026,SKU-003,Product 3,51,70.92,3616.92
10-02-2026,SKU-052,Product 52,18,79.76,1435.68
03-07-2026,SKU-038,Product 38,7,30.86,216.02
05-06-2026,SKU-001,Product 1,22,133.59,2938.98
02-11-2025,SKU-021,Product 21,18,71.49,1286.82
15-03-2026,SKU-060,Product 60,19,70.14,1332.66
29-01-2025,SKU-007,Product 7,16,81.18,1298.88
09-06-2026,SKU-019,Product 19,37,83.88,3103.56
18-09-2025,SKU-065,Product 65,4,29.77,119.08
28-07-2025,SKU-021,Product 21,18,71.49,1286.82
28-01-2025,SKU-019,Product 19,17,83.88,1425.96
22-06-2025,SKU-086,Product 86,3,117.55,352.65
26-08-2025,SKU-008,Product 8,31,38.61,1196.91
11-10-2025,SKU-090,Product 90,14,41.98,587.72
31-01-2026,SKU-007,Product 7,24,81.18,1948.32
15-05-2025,SKU-100,Product 100,1,56.59,56.59
19-03-2025,SKU-023,Product 23,21,129.88,2727.48
26-05-2025,SKU-021,Product 21,1,71.49,71.49
29-03-2026,SKU-095,Product 95,13,77.08,1002.04
18-07-2026,SKU-015,Product 15,58,98.54,5715.32
23-03-2025,SKU-061,Product 61,18,141.95,2555.1
05-01-2026,SKU-081,Product 81,11,66.67,733.37
29-06-2026,SKU-039,Product 39,42,9.81,412.02
04-07-2025,SKU-045,Product 45,3,80.28,240.84
04-05-2025,SKU-091,Product 91,11,12.64,139.04
21-03-2026,SKU-015,Product 15,36,98.54,3547.44
15-04-2025,SKU-018,Product 18,10,89.39,893.9
29-04-2025,SKU-047,Product 47,24,38.43,922.32
13-06-2026,SKU-094,Product 94,33,25.25,833.25
30-05-2026,SKU-066,Product 66,29,50.43,1462.47
18-10-2025,SKU-027,Product 27,17,15.58,264.86
09-07-2025,SKU-013,Product 13,7,106.67,746.69
05-08-2025,SKU-096,Product 96,27,57.25,1545.75
01-02-2025,SKU-080,Product 80,3,14.32,42.96
01-05-2025,SKU-019,Product 19,3,83.88,251.64
30-07-2025,SKU-072,Product 72,23,108.25,2489.75
08-01-2026,SKU-017,Product 17,23,88.02,2024.46
29-12-2025,SKU-057,Product 57,5,27.94,139.7
19-06-2025,SKU-018,Product 18,28,89.39,2502.92
25-11-2025,SKU-022,Product 22,32,59.25,1896
27-05-2026,SKU-036,Product 36,40,130.42,5216.8
08-03-2026,SKU-061,Product 61,16,141.95,2271.2
30-09-2025,SKU-017,Product 17,24,88.02,2112.48
20-07-2026,SKU-029,Product 29,23,43.36,997.28
12-07-2025,SKU-033,Product 33,5,53.43,267.15
23-04-2025,SKU-061,Product 61,22,141.95,3122.9
02-04-2026,SKU-042,Product 42,26,42.29,1099.54
29-06-2025,SKU-095,Product 95,27,77.08,2081.16
30-05-2025,SKU-046,Product 46,14,105.52,1477.28
29-11-2025,SKU-024,Product 24,32,109.76,3512.32
20-09-2025,SKU-010,Product 10,21,84.95,1783.95
01-09-2025,SKU-055,Product 55,31,53.76,1666.56
06-12-2025,SKU-007,Product 7,38,81.18,3084.84
17-04-2026,SKU-062,Product 62,51,40.67,2074.17
29-07-2026,SKU-027,Product 27,19,15.58,296.02
20-03-2026,SKU-076,Product 76,46,5.46,251.16
15-08-2025,SKU-016,Product 16,13,128.07,1664.91
02-06-2025,SKU-059,Product 59,12,143.98,1727.76
29-06-2025,SKU-099,Product 99,1,48.68,48.68
25-06-2025,SKU-012,Product 12,5,112.29,561.45
25-04-2025,SKU-078,Product 78,1,23.81,23.81
10-07-2026,SKU-053,Product 53,3,11.29,33.87
04-03-2026,SKU-003,Product 3,32,70.92,2269.44
05-10-2025,SKU-088,Product 88,17,65.71,1117.07
21-05-2026,SKU-008,Product 8,32,38.61,1235.52
16-09-2025,SKU-036,Product 36,11,130.42,1434.62
15-03-2025,SKU-061,Product 61,9,141.95,1277.55
19-02-2026,SKU-039,Product 39,28,9.81,274.68
25-03-2026,SKU-075,Product 75,6,13.71,82.26
25-05-2025,SKU-077,Product 77,26,62.14,1615.64
09-04-2026,SKU-005,Product 5,3,112.77,338.31
12-01-2026,SKU-076,Product 76,14,5.46,76.44
01-06-2025,SKU-001,Product 1,7,133.59,935.13
11-02-2025,SKU-077,Product 77,2,62.14,124.28
22-07-2025,SKU-002,Product 2,22,116.06,2553.32
16-06-2025,SKU-026,Product 26,11,66.33,729.63
11-01-2026,SKU-084,Product 84,38,108.64,4128.32
10-02-2025,SKU-089,Product 89,2,62.65,125.3
01-02-2025,SKU-075,Product 75,10,13.71,137.1
20-12-2025,SKU-092,Product 92,31,131.65,4081.15
05-02-2025,SKU-033,Product 33,9,53.43,480.87
29-03-2025,SKU-008,Product 8,17,38.61,656.37
09-07-2026,SKU-092,Product 92,38,131.65,5002.7
10-02-2025,SKU-079,Product 79,8,39.06,312.48
29-11-2025,SKU-006,Product 6,19,16.92,321.48
12-05-2025,SKU-085,Product 85,10,53.4,534
27-07-2026,SKU-057,Product 57,31,27.94,866.14
25-04-2026,SKU-028,Product 28,45,68.24,3070.8
17-08-2025,SKU-013,Product 13,13,106.67,1386.71
10-01-2025,SKU-063,Product 63,8,85.06,680.48
11-03-2026,SKU-088,Product 88,32,65.71,2102.72
17-04-2025,SKU-044,Product 44,20,14.73,294.6
11-05-2025,SKU-009,Product 9,21,33.35,700.35
10-05-2025,SKU-067,Product 67,5,99.67,498.35
04-07-2026,SKU-023,Product 23,26,129.88,3376.88
10-10-2025,SKU-045,Product 45,7,80.28,561.96
24-06-2025,SKU-055,Product 55,28,53.76,1505.28
23-04-2025,SKU-079,Product 79,22,39.06,859.32
09-02-2025,SKU-026,Product 26,8,66.33,530.64
07-11-2025,SKU-001,Product 1,13,133.59,1736.67
12-11-2025,SKU-005,Product 5,34,112.77,3834.18
07-04-2025,SKU-001,Product 1,1,133.59,133.59
23-04-2026,SKU-077,Product 77,20,62.14,1242.8
26-03-2025,SKU-058,Product 58,8,122.59,980.72
27-01-2026,SKU-031,Product 31,36,52.96,1906.56
10-09-2025,SKU-043,Product 43,4,124.39,497.56
22-04-2026,SKU-038,Product 38,13,30.86,401.18
06-11-2025,SKU-022,Product 22,10,59.25,592.5
30-04-2025,SKU-034,Product 34,14,133.9,1874.6
23-06-2025,SKU-082,Product 82,5,82.39,411.95
03-04-2025,SKU-061,Product 61,19,141.95,2697.05
24-01-2026,SKU-048,Product 48,33,18.02,594.66
23-07-2025,SKU-051,Product 51,20,104.22,2084.4
29-03-2025,SKU-003,Product 3,18,70.92,1276.56
04-01-2026,SKU-028,Product 28,32,68.24,2183.68
20-11-2025,SKU-094,Product 94,32,25.25,808
16-07-2025,SKU-044,Product 44,22,14.73,324.06
09-06-2026,SKU-045,Product 45,33,80.28,2649.24
03-05-2025,SKU-100,Product 100,24,56.59,1358.16
05-09-2025,SKU-010,Product 10,20,84.95,1699
15-03-2025,SKU-072,Product 72,16,108.25,1732
08-02-2026,SKU-069,Product 69,30,113.3,3399
27-07-2025,SKU-009,Product 9,22,33.35,733.7
12-12-2025,SKU-018,Product 18,36,89.39,3218.04
26-11-2025,SKU-070,Product 70,10,38.61,386.1
29-10-2025,SKU-065,Product 65,33,29.77,982.41
14-02-2025,SKU-023,Product 23,1,129.88,129.88
25-05-2026,SKU-086,Product 86,7,117.55,822.85
29-03-2026,SKU-069,Product 69,16,113.3,1812.8
21-11-2025,SKU-096,Product 96,34,57.25,1946.5
02-01-2025,SKU-059,Product 59,9,143.98,1295.82
20-01-2025,SKU-030,Product 30,9,117.66,1058.94
17-11-2025,SKU-084,Product 84,23,108.64,2498.72
11-02-2025,SKU-046,Product 46,14,105.52,1477.28
31-05-2025,SKU-032,Product 32,1,97.86,97.86
08-07-2025,SKU-090,Product 90,9,41.98,377.82
29-10-2025,SKU-061,Product 61,15,141.95,2129.25
18-04-2025,SKU-025,Product 25,1,126.63,126.63
08-01-2025,SKU-059,Product 59,3,143.98,431.94
14-01-2025,SKU-067,Product 67,14,99.67,1395.38
23-10-2025,SKU-021,Product 21,22,71.49,1572.78
23-04-2025,SKU-060,Product 60,23,70.14,1613.22
28-03-2025,SKU-031,Product 31,8,52.96,423.68
29-12-2025,SKU-064,Product 64,23,117.63,2705.49
07-05-2025,SKU-007,Product 7,11,81.18,892.98
04-07-2026,SKU-092,Product 92,30,131.65,3949.5
20-04-2025,SKU-077,Product 77,12,62.14,745.68
03-08-2025,SKU-062,Product 62,10,40.67,406.7
26-12-2025,SKU-098,Product 98,42,5.2,218.4
11-10-2025,SKU-043,Product 43,2,124.39,248.78
22-03-2026,SKU-093,Product 93,19,41.04,779.76
13-01-2025,SKU-020,Product 20,5,89.85,449.25
25-05-2026,SKU-089,Product 89,7,62.65,438.55
04-09-2025,SKU-084,Product 84,9,108.64,977.76
16-02-2025,SKU-006,Product 6,4,16.92,67.68
31-12-2025,SKU-018,Product 18,8,89.39,715.12
21-05-2026,SKU-014,Product 14,29,51.74,1500.46
28-03-2026,SKU-085,Product 85,43,53.4,2296.2
24-10-2025,SKU-055,Product 55,15,53.76,806.4
02-04-2026,SKU-098,Product 98,33,5.2,171.6
21-04-2025,SKU-072,Product 72,6,108.25,649.5
01-05-2026,SKU-028,Product 28,3,68.24,204.72
23-02-2026,SKU-016,Product 16,3,128.07,384.21
02-03-2025,SKU-086,Product 86,1,117.55,117.55
19-01-2025,SKU-027,Product 27,5,15.58,77.9
09-01-2026,SKU-098,Product 98,2,5.2,10.4
13-07-2026,SKU-040,Product 40,54,20.93,1130.22
14-02-2026,SKU-044,Product 44,31,14.73,456.63
04-05-2025,SKU-004,Product 4,18,70.1,1261.8
10-07-2025,SKU-075,Product 75,7,13.71,95.97
15-03-2026,SKU-078,Product 78,3,23.81,71.43
09-07-2026,SKU-043,Product 43,3,124.39,373.17
11-05-2025,SKU-098,Product 98,16,5.2,83.2
27-06-2026,SKU-075,Product 75,34,13.71,466.14
13-04-2026,SKU-011,Product 11,13,77.13,1002.69
26-01-2025,SKU-017,Product 17,10,88.02,880.2
15-01-2026,SKU-060,Product 60,41,70.14,2875.74
03-09-2025,SKU-056,Product 56,25,140.51,3512.75
03-02-2026,SKU-051,Product 51,33,104.22,3439.26
05-04-2026,SKU-085,Product 85,27,53.4,1441.8
29-04-2026,SKU-088,Product 88,17,65.71,1117.07
05-03-2025,SKU-021,Product 21,17,71.49,1215.33
06-12-2025,SKU-070,Product 70,13,38.61,501.93
15-04-2025,SKU-100,Product 100,20,56.59,1131.8
16-03-2025,SKU-078,Product 78,9,23.81,214.29
16-02-2026,SKU-004,Product 4,47,70.1,3294.7
10-01-2026,SKU-069,Product 69,41,113.3,4645.3
11-01-2026,SKU-081,Product 81,44,66.67,2933.48
29-07-2026,SKU-095,Product 95,47,77.08,3622.76
09-04-2026,SKU-018,Product 18,17,89.39,1519.63
04-02-2026,SKU-012,Product 12,39,112.29,4379.31
21-11-2025,SKU-015,Product 15,40,98.54,3941.6
28-06-2025,SKU-023,Product 23,25,129.88,3247
03-08-2025,SKU-084,Product 84,19,108.64,2064.16
13-01-2026,SKU-066,Product 66,44,50.43,2218.92
27-04-2026,SKU-029,Product 29,38,43.36,1647.68
31-07-2025,SKU-036,Product 36,18,130.42,2347.56
30-12-2025,SKU-064,Product 64,40,117.63,4705.2
10-09-2025,SKU-008,Product 8,25,38.61,965.25
21-02-2026,SKU-030,Product 30,25,117.66,2941.5
09-01-2025,SKU-079,Product 79,12,39.06,468.72
13-04-2025,SKU-094,Product 94,4,25.25,101
30-10-2025,SKU-053,Product 53,30,11.29,338.7
23-06-2026,SKU-058,Product 58,34,122.59,4168.06
11-10-2025,SKU-051,Product 51,19,104.22,1980.18
04-05-2025,SKU-100,Product 100,13,56.59,735.67
29-05-2025,SKU-078,Product 78,7,23.81,166.67
03-05-2025,SKU-040,Product 40,3,20.93,62.79
16-07-2025,SKU-060,Product 60,2,70.14,140.28
30-09-2025,SKU-076,Product 76,7,5.46,38.22
01-04-2025,SKU-067,Product 67,20,99.67,1993.4
12-04-2026,SKU-082,Product 82,13,82.39,1071.07
04-02-2025,SKU-023,Product 23,3,129.88,389.64
14-04-2026,SKU-003,Product 3,44,70.92,3120.48
20-03-2026,SKU-006,Product 6,49,16.92,829.08
18-01-2025,SKU-026,Product 26,7,66.33,464.31
25-04-2026,SKU-075,Product 75,24,13.71,329.04
15-05-2025,SKU-091,Product 91,3,12.64,37.92
16-05-2026,SKU-056,Product 56,43,140.51,6041.93
23-06-2025,SKU-053,Product 53,28,11.29,316.12
06-01-2026,SKU-001,Product 1,2,133.59,267.18
15-05-2026,SKU-024,Product 24,35,109.76,3841.6
13-02-2026,SKU-003,Product 3,18,70.92,1276.56
16-02-2025,SKU-049,Product 49,3,6.44,19.32
27-09-2025,SKU-095,Product 95,7,77.08,539.56
19-03-2025,SKU-039,Product 39,16,9.81,156.96
29-07-2025,SKU-049,Product 49,16,6.44,103.04
16-09-2025,SKU-050,Product 50,9,42.38,381.42
14-01-2025,SKU-070,Product 70,6,38.61,231.66
02-03-2026,SKU-098,Product 98,9,5.2,46.8
21-03-2026,SKU-074,Product 74,33,102.79,3392.07
12-04-2025,SKU-066,Product 66,12,50.43,605.16
14-08-2025,SKU-005,Product 5,13,112.77,1466.01
05-02-2025,SKU-043,Product 43,9,124.39,1119.51
04-04-2025,SKU-071,Product 71,8,41.39,331.12
29-08-2025,SKU-091,Product 91,13,12.64,164.32
05-12-2025,SKU-006,Product 6,41,16.92,693.72
28-02-2025,SKU-067,Product 67,15,99.67,1495.05
28-02-2025,SKU-006,Product 6,15,16.92,253.8
18-05-2026,SKU-048,Product 48,50,18.02,901
28-04-2026,SKU-055,Product 55,31,53.76,1666.56
12-07-2026,SKU-042,Product 42,58,42.29,2452.82
21-05-2025,SKU-038,Product 38,8,30.86,246.88
06-11-2025,SKU-041,Product 41,18,33.9,610.2
29-01-2026,SKU-002,Product 2,36,116.06,4178.16
21-05-2026,SKU-078,Product 78,29,23.81,690.49
16-04-2025,SKU-009,Product 9,3,33.35,100.05
02-08-2025,SKU-076,Product 76,10,5.46,54.6
11-01-2026,SKU-060,Product 60,11,70.14,771.54
09-08-2025,SKU-005,Product 5,27,112.77,3044.79
13-05-2025,SKU-012,Product 12,21,112.29,2358.09
28-04-2026,SKU-015,Product 15,24,98.54,2364.96
28-04-2025,SKU-036,Product 36,17,130.42,2217.14
04-02-2025,SKU-075,Product 75,14,13.71,191.94
14-06-2025,SKU-074,Product 74,3,102.79,308.37
22-05-2026,SKU-062,Product 62,7,40.67,284.69
15-04-2026,SKU-007,Product 7,34,81.18,2760.12
02-10-2025,SKU-094,Product 94,21,25.25,530.25
16-04-2025,SKU-023,Product 23,3,129.88,389.64
19-03-2026,SKU-064,Product 64,19,117.63,2234.97
26-02-2026,SKU-002,Product 2,38,116.06,4410.28
21-10-2025,SKU-045,Product 45,15,80.28,1204.2
17-02-2025,SKU-040,Product 40,4,20.93,83.72
07-07-2026,SKU-093,Product 93,58,41.04,2380.32
04-01-2025,SKU-080,Product 80,4,14.32,57.28
29-04-2025,SKU-014,Product 14,6,51.74,310.44
25-05-2025,SKU-083,Product 83,17,134.11,2279.87
29-04-2026,SKU-078,Product 78,49,23.81,1166.69
29-06-2025,SKU-076,Product 76,25,5.46,136.5
14-09-2025,SKU-038,Product 38,18,30.86,555.48
29-05-2026,SKU-072,Product 72,25,108.25,2706.25
27-04-2026,SKU-061,Product 61,17,141.95,2413.15
21-12-2025,SKU-060,Product 60,28,70.14,1963.92
01-04-2026,SKU-063,Product 63,16,85.06,1360.96
10-03-2026,SKU-057,Product 57,39,27.94,1089.66
26-06-2026,SKU-020,Product 20,45,89.85,4043.25
07-05-2025,SKU-026,Product 26,1,66.33,66.33
13-03-2026,SKU-094,Product 94,29,25.25,732.25
14-03-2025,SKU-055,Product 55,5,53.76,268.8
29-04-2025,SKU-031,Product 31,17,52.96,900.32
21-09-2025,SKU-092,Product 92,21,131.65,2764.65
18-07-2025,SKU-017,Product 17,16,88.02,1408.32
19-01-2025,SKU-092,Product 92,7,131.65,921.55
02-04-2026,SKU-070,Product 70,37,38.61,1428.57
18-03-2026,SKU-008,Product 8,13,38.61,501.93
24-01-2025,SKU-023,Product 23,8,129.88,1039.04
12-08-2025,SKU-076,Product 76,32,5.46,174.72
20-04-2026,SKU-069,Product 69,3,113.3,339.9
16-06-2026,SKU-012,Product 12,18,112.29,2021.22
16-06-2025,SKU-009,Product 9,1,33.35,33.35
07-07-2025,SKU-093,Product 93,15,41.04,615.6
13-03-2025,SKU-015,Product 15,19,98.54,1872.26
25-01-2026,SKU-091,Product 91,6,12.64,75.84
23-05-2025,SKU-062,Product 62,15,40.67,610.05
16-09-2025,SKU-009,Product 9,9,33.35,300.15
20-11-2025,SKU-016,Product 16,10,128.07,1280.7
25-04-2026,SKU-015,Product 15,31,98.54,3054.74
19-09-2025,SKU-017,Product 17,21,88.02,1848.42
06-11-2025,SKU-011,Product 11,10,77.13,771.3
24-09-2025,SKU-070,Product 70,16,38.61,617.76
10-07-2026,SKU-004,Product 4,50,70.1,3505
16-10-2025,SKU-072,Product 72,22,108.25,2381.5
07-01-2026,SKU-025,Product 25,8,126.63,1013.04
29-04-2026,SKU-022,Product 22,7,59.25,414.75
20-07-2025,SKU-082,Product 82,18,82.39,1483.02
06-01-2026,SKU-002,Product 2,2,116.06,232.12
20-01-2026,SKU-033,Product 33,32,53.43,1709.76
23-10-2025,SKU-049,Product 49,15,6.44,96.6
08-09-2025,SKU-010,Product 10,11,84.95,934.45
17-03-2026,SKU-038,Product 38,42,30.86,1296.12
10-02-2026,SKU-099,Product 99,37,48.68,1801.16
20-06-2026,SKU-080,Product 80,49,14.32,701.68
01-05-2025,SKU-088,Product 88,8,65.71,525.68
23-09-2025,SKU-069,Product 69,7,113.3,793.1
14-03-2026,SKU-003,Product 3,6,70.92,425.52
31-10-2025,SKU-096,Product 96,23,57.25,1316.75
14-03-2026,SKU-063,Product 63,3,85.06,255.18
07-05-2025,SKU-031,Product 31,6,52.96,317.76
17-03-2026,SKU-075,Product 75,13,13.71,178.23
09-11-2025,SKU-031,Product 31,10,52.96,529.6
12-02-2026,SKU-047,Product 47,28,38.43,1076.04
03-04-2025,SKU-085,Product 85,19,53.4,1014.6
17-04-2026,SKU-033,Product 33,24,53.43,1282.32
07-05-2026,SKU-080,Product 80,14,14.32,200.48
07-04-2025,SKU-063,Product 63,19,85.06,1616.14
24-01-2026,SKU-081,Product 81,18,66.67,1200.06
08-03-2025,SKU-060,Product 60,8,70.14,561.12
04-05-2025,SKU-035,Product 35,11,42.05,462.55
21-06-2026,SKU-086,Product 86,45,117.55,5289.75
01-09-2025,SKU-014,Product 14,20,51.74,1034.8
09-01-2025,SKU-025,Product 25,3,126.63,379.89
23-11-2025,SKU-088,Product 88,24,65.71,1577.04
11-11-2025,SKU-090,Product 90,23,41.98,965.54
03-09-2025,SKU-085,Product 85,25,53.4,1335
06-01-2025,SKU-030,Product 30,2,117.66,235.32
28-09-2025,SKU-086,Product 86,33,117.55,3879.15
16-11-2025,SKU-017,Product 17,2,88.02,176.04
29-03-2026,SKU-075,Product 75,23,13.71,315.33
15-08-2025,SKU-097,Product 97,21,45.27,950.67
05-06-2026,SKU-062,Product 62,11,40.67,447.37
10-02-2026,SKU-041,Product 41,31,33.9,1050.9
26-06-2026,SKU-088,Product 88,57,65.71,3745.47
30-05-2026,SKU-066,Product 66,47,50.43,2370.21
07-06-2026,SKU-012,Product 12,33,112.29,3705.57
26-04-2026,SKU-031,Product 31,13,52.96,688.48
30-05-2026,SKU-017,Product 17,14,88.02,1232.28
09-07-2025,SKU-097,Product 97,19,45.27,860.13
08-09-2025,SKU-063,Product 63,16,85.06,1360.96
14-05-2026,SKU-094,Product 94,28,25.25,707
22-04-2026,SKU-089,Product 89,20,62.65,1253
22-08-2025,SKU-014,Product 14,6,51.74,310.44
16-01-2025,SKU-005,Product 5,8,112.77,902.16
31-12-2025,SKU-008,Product 8,17,38.61,656.37
08-07-2026,SKU-069,Product 69,38,113.3,4305.4
13-08-2025,SKU-005,Product 5,8,112.77,902.16
04-06-2025,SKU-019,Product 19,25,83.88,2097
03-07-2025,SKU-018,Product 18,3,89.39,268.17
12-07-2026,SKU-033,Product 33,35,53.43,1870.05
23-05-2026,SKU-012,Product 12,3,112.29,336.87
23-04-2025,SKU-079,Product 79,12,39.06,468.72
09-02-2025,SKU-029,Product 29,13,43.36,563.68
17-01-2025,SKU-016,Product 16,8,128.07,1024.56
25-07-2026,SKU-054,Product 54,3,85.15,255.45
09-04-2026,SKU-051,Product 51,27,104.22,2813.94
06-02-2026,SKU-082,Product 82,30,82.39,2471.7
10-07-2025,SKU-079,Product 79,29,39.06,1132.74
31-07-2025,SKU-027,Product 27,20,15.58,311.6
28-05-2025,SKU-004,Product 4,7,70.1,490.7
11-05-2026,SKU-060,Product 60,17,70.14,1192.38
29-11-2025,SKU-069,Product 69,5,113.3,566.5
04-06-2025,SKU-089,Product 89,12,62.65,751.8
10-06-2026,SKU-069,Product 69,7,113.3,793.1
11-10-2025,SKU-034,Product 34,37,133.9,4954.3
17-10-2025,SKU-095,Product 95,15,77.08,1156.2
11-05-2025,SKU-080,Product 80,5,14.32,71.6
03-07-2026,SKU-090,Product 90,53,41.98,2224.94
23-06-2025,SKU-090,Product 90,17,41.98,713.66
06-09-2025,SKU-041,Product 41,13,33.9,440.7
21-10-2025,SKU-084,Product 84,22,108.64,2390.08
11-05-2026,SKU-012,Product 12,39,112.29,4379.31
18-03-2025,SKU-041,Product 41,8,33.9,271.2
22-10-2025,SKU-083,Product 83,27,134.11,3620.97
24-06-2026,SKU-047,Product 47,3,38.43,115.29
18-05-2025,SKU-073,Product 73,8,120.54,964.32
23-05-2025,SKU-038,Product 38,8,30.86,246.88
11-12-2025,SKU-095,Product 95,11,77.08,847.88
29-07-2026,SKU-096,Product 96,51,57.25,2919.75
27-06-2026,SKU-051,Product 51,53,104.22,5523.66
26-06-2025,SKU-081,Product 81,24,66.67,1600.08
05-02-2026,SKU-090,Product 90,40,41.98,1679.2
15-07-2026,SKU-012,Product 12,35,112.29,3930.15
12-05-2025,SKU-065,Product 65,3,29.77,89.31
21-07-2025,SKU-038,Product 38,18,30.86,555.48
07-05-2026,SKU-088,Product 88,39,65.71,2562.69
22-02-2025,SKU-063,Product 63,16,85.06,1360.96
12-11-2025,SKU-003,Product 3,7,70.92,496.44
26-08-2025,SKU-092,Product 92,24,131.65,3159.6
15-02-2025,SKU-075,Product 75,16,13.71,219.36
25-07-2026,SKU-063,Product 63,43,85.06,3657.58
05-01-2025,SKU-069,Product 69,2,113.3,226.6
27-06-2026,SKU-073,Product 73,19,120.54,2290.26
06-02-2026,SKU-046,Product 46,24,105.52,2532.48
20-05-2025,SKU-041,Product 41,13,33.9,440.7
09-03-2025,SKU-088,Product 88,8,65.71,525.68
11-01-2026,SKU-085,Product 85,20,53.4,1068
27-06-2025,SKU-014,Product 14,17,51.74,879.58
05-05-2025,SKU-025,Product 25,8,126.63,1013.04
09-01-2026,SKU-048,Product 48,23,18.02,414.46
20-07-2025,SKU-084,Product 84,8,108.64,869.12
03-04-2025,SKU-087,Product 87,2,123.31,246.62
17-10-2025,SKU-043,Product 43,22,124.39,2736.58
22-02-2025,SKU-063,Product 63,8,85.06,680.48
07-04-2025,SKU-032,Product 32,11,97.86,1076.46
04-02-2025,SKU-007,Product 7,8,81.18,649.44
28-05-2025,SKU-029,Product 29,5,43.36,216.8
27-07-2025,SKU-039,Product 39,18,9.81,176.58
27-05-2026,SKU-043,Product 43,43,124.39,5348.77
31-03-2025,SKU-052,Product 52,8,79.76,638.08
05-07-2026,SKU-061,Product 61,23,141.95,3264.85
23-04-2026,SKU-013,Product 13,24,106.67,2560.08
04-08-2025,SKU-068,Product 68,25,65.88,1647
17-03-2026,SKU-066,Product 66,32,50.43,1613.76
12-02-2026,SKU-044,Product 44,9,14.73,132.57
10-08-2025,SKU-017,Product 17,12,88.02,1056.24
03-03-2026,SKU-017,Product 17,25,88.02,2200.5
18-04-2025,SKU-052,Product 52,17,79.76,1355.92
22-02-2025,SKU-084,Product 84,1,108.64,108.64
22-03-2026,SKU-099,Product 99,19,48.68,924.92
15-03-2026,SKU-095,Product 95,36,77.08,2774.88
30-08-2025,SKU-073,Product 73,6,120.54,723.24
06-02-2026,SKU-090,Product 90,37,41.98,1553.26
17-07-2026,SKU-070,Product 70,3,38.61,115.83
05-06-2026,SKU-004,Product 4,44,70.1,3084.4
01-02-2026,SKU-038,Product 38,39,30.86,1203.54
25-10-2025,SKU-062,Product 62,12,40.67,488.04
03-08-2025,SKU-083,Product 83,31,134.11,4157.41
16-01-2025,SKU-006,Product 6,11,16.92,186.12
06-04-2025,SKU-088,Product 88,7,65.71,459.97
01-05-2025,SKU-015,Product 15,21,98.54,2069.34
25-07-2026,SKU-035,Product 35,47,42.05,1976.35
19-04-2025,SKU-082,Product 82,1,82.39,82.39
07-11-2025,SKU-065,Product 65,26,29.77,774.02
13-02-2025,SKU-058,Product 58,13,122.59,1593.67
27-03-2025,SKU-020,Product 20,10,89.85,898.5
26-12-2025,SKU-083,Product 83,34,134.11,4559.74
07-05-2026,SKU-018,Product 18,46,89.39,4111.94
30-10-2025,SKU-030,Product 30,23,117.66,2706.18
12-01-2026,SKU-006,Product 6,20,16.92,338.4
04-02-2025,SKU-036,Product 36,2,130.42,260.84
22-03-2026,SKU-081,Product 81,36,66.67,2400.12
19-11-2025,SKU-060,Product 60,8,70.14,561.12
26-01-2026,SKU-041,Product 41,15,33.9,508.5
03-02-2026,SKU-004,Product 4,30,70.1,2103
11-07-2025,SKU-004,Product 4,19,70.1,1331.9
10-04-2026,SKU-012,Product 12,3,112.29,336.87
17-01-2025,SKU-037,Product 37,15,83.51,1252.65
20-03-2025,SKU-086,Product 86,14,117.55,1645.7
23-07-2026,SKU-031,Product 31,15,52.96,794.4
16-11-2025,SKU-038,Product 38,7,30.86,216.02
06-03-2025,SKU-055,Product 55,3,53.76,161.28
04-07-2026,SKU-080,Product 80,19,14.32,272.08
08-07-2025,SKU-089,Product 89,29,62.65,1816.85
22-06-2025,SKU-075,Product 75,20,13.71,274.2
11-01-2026,SKU-023,Product 23,23,129.88,2987.24
04-07-2026,SKU-045,Product 45,11,80.28,883.08
23-10-2025,SKU-003,Product 3,20,70.92,1418.4
12-11-2025,SKU-098,Product 98,34,5.2,176.8
30-01-2025,SKU-091,Product 91,17,12.64,214.88
31-05-2026,SKU-017,Product 17,3,88.02,264.06
22-10-2025,SKU-055,Product 55,2,53.76,107.52
08-03-2026,SKU-075,Product 75,19,13.71,260.49
01-06-2026,SKU-004,Product 4,14,70.1,981.4
15-05-2025,SKU-061,Product 61,20,141.95,2839
03-07-2026,SKU-063,Product 63,26,85.06,2211.56
23-01-2026,SKU-007,Product 7,21,81.18,1704.78
22-01-2026,SKU-085,Product 85,15,53.4,801
22-10-2025,SKU-097,Product 97,35,45.27,1584.45
01-10-2025,SKU-085,Product 85,36,53.4,1922.4
15-01-2026,SKU-031,Product 31,29,52.96,1535.84
03-01-2025,SKU-076,Product 76,8,5.46,43.68
30-05-2026,SKU-048,Product 48,7,18.02,126.14
04-01-2026,SKU-056,Product 56,43,140.51,6041.93
27-06-2026,SKU-021,Product 21,26,71.49,1858.74
24-05-2026,SKU-099,Product 99,47,48.68,2287.96
27-02-2025,SKU-077,Product 77,18,62.14,1118.52
23-01-2026,SKU-084,Product 84,45,108.64,4888.8
15-10-2025,SKU-030,Product 30,4,117.66,470.64
15-02-2026,SKU-046,Product 46,18,105.52,1899.36
29-07-2026,SKU-100,Product 100,11,56.59,622.49
02-01-2026,SKU-031,Product 31,31,52.96,1641.76
08-01-2025,SKU-092,Product 92,12,131.65,1579.8
28-06-2025,SKU-034,Product 34,9,133.9,1205.1
07-08-2025,SKU-055,Product 55,14,53.76,752.64
28-08-2025,SKU-078,Product 78,26,23.81,619.06
27-02-2026,SKU-088,Product 88,28,65.71,1839.88
29-04-2026,SKU-009,Product 9,17,33.35,566.95
20-07-2025,SKU-072,Product 72,24,108.25,2598
12-04-2025,SKU-018,Product 18,16,89.39,1430.24
18-06-2026,SKU-100,Product 100,33,56.59,1867.47
26-07-2025,SKU-046,Product 46,10,105.52,1055.2
19-01-2025,SKU-016,Product 16,9,128.07,1152.63
12-03-2026,SKU-058,Product 58,42,122.59,5148.78
11-04-2025,SKU-034,Product 34,15,133.9,2008.5
24-06-2026,SKU-076,Product 76,53,5.46,289.38
30-04-2026,SKU-044,Product 44,35,14.73,515.55
19-01-2026,SKU-098,Product 98,5,5.2,26
15-05-2026,SKU-058,Product 58,50,122.59,6129.5
16-05-2025,SKU-077,Product 77,25,62.14,1553.5
01-05-2026,SKU-086,Product 86,21,117.55,2468.55
03-07-2025,SKU-026,Product 26,1,66.33,66.33
02-06-2025,SKU-008,Product 8,17,38.61,656.37
31-03-2026,SKU-067,Product 67,47,99.67,4684.49
16-07-2025,SKU-065,Product 65,16,29.77,476.32
26-04-2025,SKU-058,Product 58,11,122.59,1348.49
08-06-2026,SKU-099,Product 99,3,48.68,146.04
10-09-2025,SKU-029,Product 29,20,43.36,867.2
21-02-2025,SKU-008,Product 8,10,38.61,386.1
23-02-2026,SKU-054,Product 54,3,85.15,255.45
18-04-2026,SKU-016,Product 16,27,128.07,3457.89
01-03-2025,SKU-033,Product 33,15,53.43,801.45
14-11-2025,SKU-099,Product 99,21,48.68,1022.28
20-07-2025,SKU-050,Product 50,16,42.38,678.08
09-04-2025,SKU-073,Product 73,21,120.54,2531.34
07-09-2025,SKU-006,Product 6,6,16.92,101.52
16-01-2026,SKU-043,Product 43,23,124.39,2860.97
24-02-2026,SKU-022,Product 22,38,59.25,2251.5
20-04-2026,SKU-037,Product 37,17,83.51,1419.67
14-06-2025,SKU-074,Product 74,27,102.79,2775.33
11-06-2026,SKU-006,Product 6,7,16.92,118.44
30-06-2026,SKU-031,Product 31,34,52.96,1800.64
07-02-2025,SKU-030,Product 30,4,117.66,470.64
06-12-2025,SKU-023,Product 23,27,129.88,3506.76
28-11-2025,SKU-039,Product 39,40,9.81,392.4
13-07-2026,SKU-082,Product 82,3,82.39,247.17
15-09-2025,SKU-069,Product 69,18,113.3,2039.4
15-10-2025,SKU-042,Product 42,34,42.29,1437.86
26-07-2025,SKU-041,Product 41,8,33.9,271.2
29-03-2026,SKU-060,Product 60,26,70.14,1823.64
10-02-2025,SKU-065,Product 65,4,29.77,119.08
01-04-2025,SKU-023,Product 23,14,129.88,1818.32
01-03-2025,SKU-054,Product 54,14,85.15,1192.1
05-02-2025,SKU-005,Product 5,4,112.77,451.08
16-05-2026,SKU-022,Product 22,32,59.25,1896
04-01-2025,SKU-029,Product 29,9,43.36,390.24
27-04-2025,SKU-009,Product 9,20,33.35,667
05-04-2025,SKU-086,Product 86,10,117.55,1175.5
11-06-2026,SKU-057,Product 57,33,27.94,922.02
16-06-2026,SKU-005,Product 5,18,112.77,2029.86
16-02-2025,SKU-090,Product 90,11,41.98,461.78
27-07-2025,SKU-097,Product 97,8,45.27,362.16
15-07-2025,SKU-094,Product 94,24,25.25,606
14-02-2026,SKU-076,Product 76,21,5.46,114.66
10-03-2026,SKU-099,Product 99,32,48.68,1557.76
29-06-2025,SKU-018,Product 18,21,89.39,1877.19
14-07-2025,SKU-095,Product 95,16,77.08,1233.28
21-05-2025,SKU-089,Product 89,20,62.65,1253
21-06-2026,SKU-026,Product 26,15,66.33,994.95
23-04-2025,SKU-039,Product 39,7,9.81,68.67
03-08-2025,SKU-037,Product 37,12,83.51,1002.12
30-04-2025,SKU-075,Product 75,4,13.71,54.84
27-09-2025,SKU-031,Product 31,16,52.96,847.36
03-06-2025,SKU-067,Product 67,16,99.67,1594.72
13-05-2025,SKU-095,Product 95,1,77.08,77.08
01-04-2026,SKU-093,Product 93,33,41.04,1354.32
11-05-2025,SKU-087,Product 87,1,123.31,123.31
27-09-2025,SKU-085,Product 85,4,53.4,213.6
13-04-2025,SKU-046,Product 46,7,105.52,738.64
24-09-2025,SKU-091,Product 91,26,12.64,328.64
18-02-2026,SKU-038,Product 38,22,30.86,678.92
16-06-2026,SKU-067,Product 67,48,99.67,4784.16
28-04-2026,SKU-044,Product 44,21,14.73,309.33
07-09-2025,SKU-048,Product 48,6,18.02,108.12
16-03-2026,SKU-092,Product 92,13,131.65,1711.45
11-02-2025,SKU-063,Product 63,3,85.06,255.18
02-04-2025,SKU-094,Product 94,19,25.25,479.75
31-10-2025,SKU-034,Product 34,5,133.9,669.5
30-07-2026,SKU-027,Product 27,35,15.58,545.3
02-07-2025,SKU-029,Product 29,13,43.36,563.68
08-06-2025,SKU-095,Product 95,20,77.08,1541.6
27-06-2026,SKU-051,Product 51,3,104.22,312.66
27-06-2026,SKU-058,Product 58,26,122.59,3187.34
19-06-2026,SKU-053,Product 53,45,11.29,508.05
27-07-2025,SKU-013,Product 13,24,106.67,2560.08
22-04-2026,SKU-057,Product 57,52,27.94,1452.88
24-02-2026,SKU-074,Product 74,44,102.79,4522.76
06-02-2026,SKU-033,Product 33,27,53.43,1442.61
07-02-2025,SKU-003,Product 3,15,70.92,1063.8
01-01-2026,SKU-007,Product 7,28,81.18,2273.04
11-03-2026,SKU-004,Product 4,29,70.1,2032.9
21-03-2025,SKU-023,Product 23,7,129.88,909.16
18-07-2026,SKU-034,Product 34,58,133.9,7766.2
09-06-2026,SKU-072,Product 72,55,108.25,5953.75
16-10-2025,SKU-030,Product 30,12,117.66,1411.92
05-04-2025,SKU-031,Product 31,14,52.96,741.44
08-10-2025,SKU-067,Product 67,29,99.67,2890.43
20-04-2025,SKU-041,Product 41,21,33.9,711.9
14-12-2025,SKU-074,Product 74,19,102.79,1953.01
01-03-2025,SKU-028,Product 28,7,68.24,477.68
20-02-2025,SKU-021,Product 21,7,71.49,500.43
22-07-2026,SKU-088,Product 88,15,65.71,985.65
13-06-2026,SKU-055,Product 55,14,53.76,752.64
27-12-2025,SKU-085,Product 85,28,53.4,1495.2
25-09-2025,SKU-075,Product 75,19,13.71,260.49
16-11-2025,SKU-025,Product 25,13,126.63,1646.19
07-03-2025,SKU-023,Product 23,20,129.88,2597.6
18-03-2025,SKU-074,Product 74,12,102.79,1233.48
30-01-2026,SKU-034,Product 34,18,133.9,2410.2
20-05-2026,SKU-074,Product 74,18,102.79,1850.22
07-08-2025,SKU-100,Product 100,10,56.59,565.9
05-05-2026,SKU-027,Product 27,35,15.58,545.3
03-06-2026,SKU-069,Product 69,48,113.3,5438.4
04-04-2025,SKU-008,Product 8,7,38.61,270.27
14-05-2026,SKU-040,Product 40,14,20.93,293.02
09-12-2025,SKU-009,Product 9,5,33.35,166.75
18-12-2025,SKU-094,Product 94,19,25.25,479.75
29-11-2025,SKU-028,Product 28,8,68.24,545.92
06-01-2026,SKU-029,Product 29,40,43.36,1734.4
05-06-2025,SKU-077,Product 77,9,62.14,559.26
03-02-2025,SKU-034,Product 34,3,133.9,401.7
13-11-2025,SKU-061,Product 61,15,141.95,2129.25
08-11-2025,SKU-051,Product 51,7,104.22,729.54
03-01-2026,SKU-036,Product 36,17,130.42,2217.14
18-02-2025,SKU-066,Product 66,3,50.43,151.29
31-07-2025,SKU-069,Product 69,29,113.3,3285.7
16-06-2026,SKU-025,Product 25,22,126.63,2785.86
17-06-2025,SKU-009,Product 9,3,33.35,100.05
06-02-2026,SKU-040,Product 40,12,20.93,251.16
02-03-2026,SKU-076,Product 76,41,5.46,223.86
25-05-2026,SKU-053,Product 53,18,11.29,203.22
01-08-2025,SKU-024,Product 24,2,109.76,219.52
01-05-2026,SKU-033,Product 33,45,53.43,2404.35
02-02-2025,SKU-032,Product 32,10,97.86,978.6
06-02-2025,SKU-056,Product 56,5,140.51,702.55
01-11-2025,SKU-058,Product 58,30,122.59,3677.7
15-05-2025,SKU-069,Product 69,8,113.3,906.4
20-02-2026,SKU-009,Product 9,25,33.35,833.75
12-02-2026,SKU-017,Product 17,40,88.02,3520.8
31-03-2026,SKU-028,Product 28,6,68.24,409.44
24-02-2025,SKU-046,Product 46,7,105.52,738.64
06-02-2026,SKU-100,Product 100,46,56.59,2603.14
26-04-2026,SKU-028,Product 28,10,68.24,682.4
27-03-2025,SKU-070,Product 70,12,38.61,463.32
17-10-2025,SKU-095,Product 95,2,77.08,154.16
22-12-2025,SKU-033,Product 33,19,53.43,1015.17
09-02-2026,SKU-075,Product 75,34,13.71,466.14
02-01-2025,SKU-082,Product 82,2,82.39,164.78
11-01-2026,SKU-002,Product 2,38,116.06,4410.28
04-09-2025,SKU-098,Product 98,34,5.2,176.8
02-12-2025,SKU-097,Product 97,19,45.27,860.13
13-12-2025,SKU-093,Product 93,30,41.04,1231.2
04-09-2025,SKU-026,Product 26,13,66.33,862.29
12-04-2026,SKU-004,Product 4,34,70.1,2383.4
08-04-2025,SKU-031,Product 31,6,52.96,317.76
26-03-2025,SKU-015,Product 15,10,98.54,985.4
08-06-2026,SKU-077,Product 77,11,62.14,683.54
24-05-2026,SKU-082,Product 82,43,82.39,3542.77
13-06-2026,SKU-099,Product 99,18,48.68,876.24
10-06-2026,SKU-093,Product 93,29,41.04,1190.16
23-05-2026,SKU-077,Product 77,43,62.14,2672.02
15-09-2025,SKU-058,Product 58,4,122.59,490.36
26-04-2026,SKU-066,Product 66,27,50.43,1361.61
22-10-2025,SKU-075,Product 75,2,13.71,27.42
07-01-2026,SKU-077,Product 77,38,62.14,2361.32
15-08-2025,SKU-087,Product 87,30,123.31,3699.3
07-02-2026,SKU-087,Product 87,15,123.31,1849.65
18-09-2025,SKU-037,Product 37,28,83.51,2338.28
19-07-2025,SKU-071,Product 71,30,41.39,1241.7
20-10-2025,SKU-035,Product 35,5,42.05,210.25
22-03-2025,SKU-095,Product 95,12,77.08,924.96
19-02-2026,SKU-033,Product 33,9,53.43,480.87
08-03-2025,SKU-058,Product 58,20,122.59,2451.8
02-10-2025,SKU-097,Product 97,33,45.27,1493.91
24-08-2025,SKU-018,Product 18,19,89.39,1698.41
01-03-2026,SKU-085,Product 85,6,53.4,320.4
31-03-2025,SKU-039,Product 39,16,9.81,156.96
28-11-2025,SKU-078,Product 78,27,23.81,642.87
16-01-2025,SKU-066,Product 66,7,50.43,353.01
28-02-2026,SKU-029,Product 29,35,43.36,1517.6
25-03-2025,SKU-094,Product 94,17,25.25,429.25
29-10-2025,SKU-093,Product 93,7,41.04,287.28
28-01-2025,SKU-045,Product 45,10,80.28,802.8
20-02-2025,SKU-032,Product 32,2,97.86,195.72
29-06-2026,SKU-068,Product 68,3,65.88,197.64
09-02-2026,SKU-099,Product 99,37,48.68,1801.16
20-03-2026,SKU-060,Product 60,9,70.14,631.26
07-01-2026,SKU-035,Product 35,20,42.05,841
27-04-2026,SKU-063,Product 63,38,85.06,3232.28
30-01-2025,SKU-024,Product 24,10,109.76,1097.6
25-05-2026,SKU-078,Product 78,43,23.81,1023.83
05-06-2026,SKU-017,Product 17,11,88.02,968.22
22-03-2025,SKU-079,Product 79,12,39.06,468.72
19-03-2025,SKU-029,Product 29,1,43.36,43.36
30-04-2025,SKU-025,Product 25,6,126.63,759.78
02-05-2025,SKU-028,Product 28,1,68.24,68.24
16-05-2025,SKU-036,Product 36,15,130.42,1956.3
17-09-2025,SKU-016,Product 16,30,128.07,3842.1
17-11-2025,SKU-071,Product 71,18,41.39,745.02
15-03-2025,SKU-085,Product 85,9,53.4,480.6
29-11-2025,SKU-100,Product 100,27,56.59,1527.93
18-01-2026,SKU-014,Product 14,41,51.74,2121.34
18-05-2026,SKU-096,Product 96,7,57.25,400.75
19-04-2025,SKU-010,Product 10,4,84.95,339.8
11-05-2026,SKU-021,Product 21,3,71.49,214.47
13-07-2025,SKU-098,Product 98,10,5.2,52
09-07-2026,SKU-099,Product 99,42,48.68,2044.56
16-10-2025,SKU-050,Product 50,37,42.38,1568.06
22-07-2026,SKU-002,Product 2,19,116.06,2205.14
05-09-2025,SKU-084,Product 84,20,108.64,2172.8
01-05-2025,SKU-066,Product 66,21,50.43,1059.03
03-05-2026,SKU-004,Product 4,31,70.1,2173.1
01-07-2026,SKU-100,Product 100,15,56.59,848.85
13-08-2025,SKU-014,Product 14,23,51.74,1190.02
30-07-2026,SKU-012,Product 12,19,112.29,2133.51
08-04-2026,SKU-014,Product 14,20,51.74,1034.8
23-06-2026,SKU-057,Product 57,53,27.94,1480.82
10-06-2025,SKU-087,Product 87,25,123.31,3082.75
23-12-2025,SKU-005,Product 5,17,112.77,1917.09
29-05-2026,SKU-084,Product 84,14,108.64,1520.96
18-03-2025,SKU-062,Product 62,11,40.67,447.37
30-01-2025,SKU-054,Product 54,17,85.15,1447.55
15-10-2025,SKU-072,Product 72,4,108.25,433
16-02-2026,SKU-034,Product 34,40,133.9,5356
22-04-2025,SKU-008,Product 8,15,38.61,579.15
02-10-2025,SKU-058,Product 58,21,122.59,2574.39
29-06-2026,SKU-065,Product 65,53,29.77,1577.81
01-06-2025,SKU-035,Product 35,1,42.05,42.05
10-06-2026,SKU-004,Product 4,29,70.1,2032.9
06-05-2026,SKU-024,Product 24,31,109.76,3402.56
28-03-2026,SKU-053,Product 53,13,11.29,146.77
22-06-2025,SKU-074,Product 74,7,102.79,719.53
27-04-2026,SKU-056,Product 56,21,140.51,2950.71
16-04-2025,SKU-073,Product 73,10,120.54,1205.4
14-03-2026,SKU-053,Product 53,29,11.29,327.41
14-01-2025,SKU-061,Product 61,13,141.95,1845.35
25-12-2025,SKU-045,Product 45,8,80.28,642.24
21-07-2025,SKU-087,Product 87,28,123.31,3452.68
28-03-2026,SKU-024,Product 24,43,109.76,4719.68
29-05-2025,SKU-090,Product 90,7,41.98,293.86
23-03-2026,SKU-045,Product 45,46,80.28,3692.88
17-10-2025,SKU-072,Product 72,12,108.25,1299
04-07-2025,SKU-098,Product 98,11,5.2,57.2
09-11-2025,SKU-028,Product 28,34,68.24,2320.16
29-10-2025,SKU-022,Product 22,5,59.25,296.25
22-01-2025,SKU-018,Product 18,1,89.39,89.39
09-12-2025,SKU-078,Product 78,38,23.81,904.78
18-08-2025,SKU-069,Product 69,28,113.3,3172.4
14-07-2026,SKU-021,Product 21,54,71.49,3860.46
30-07-2026,SKU-038,Product 38,47,30.86,1450.42
13-06-2025,SKU-075,Product 75,18,13.71,246.78
23-07-2026,SKU-047,Product 47,23,38.43,883.89
11-06-2026,SKU-080,Product 80,7,14.32,100.24
30-06-2026,SKU-040,Product 40,46,20.93,962.78
26-10-2025,SKU-035,Product 35,30,42.05,1261.5
14-07-2025,SKU-016,Product 16,6,128.07,768.42
29-09-2025,SKU-081,Product 81,33,66.67,2200.11
12-05-2026,SKU-065,Product 65,7,29.77,208.39
09-02-2025,SKU-072,Product 72,4,108.25,433
02-01-2025,SKU-077,Product 77,7,62.14,434.98
05-04-2026,SKU-034,Product 34,23,133.9,3079.7
21-03-2025,SKU-050,Product 50,7,42.38,296.66
17-10-2025,SKU-039,Product 39,7,9.81,68.67
07-05-2026,SKU-013,Product 13,39,106.67,4160.13
04-11-2025,SKU-099,Product 99,31,48.68,1509.08
01-05-2026,SKU-031,Product 31,14,52.96,741.44
20-12-2025,SKU-001,Product 1,31,133.59,4141.29
17-07-2026,SKU-054,Product 54,3,85.15,255.45
21-08-2025,SKU-025,Product 25,33,126.63,4178.79
23-10-2025,SKU-027,Product 27,32,15.58,498.56
20-02-2025,SKU-028,Product 28,8,68.24,545.92
26-09-2025,SKU-007,Product 7,33,81.18,2678.94
30-12-2025,SKU-007,Product 7,20,81.18,1623.6
03-05-2026,SKU-004,Product 4,49,70.1,3434.9
24-06-2026,SKU-068,Product 68,30,65.88,1976.4
06-07-2026,SKU-055,Product 55,54,53.76,2903.04
23-02-2025,SKU-033,Product 33,8,53.43,427.44
15-06-2025,SKU-030,Product 30,20,117.66,2353.2
06-04-2026,SKU-085,Product 85,3,53.4,160.2
19-02-2026,SKU-058,Product 58,28,122.59,3432.52
25-01-2025,SKU-083,Product 83,14,134.11,1877.54
28-08-2025,SKU-071,Product 71,33,41.39,1365.87
27-08-2025,SKU-079,Product 79,4,39.06,156.24
18-01-2026,SKU-073,Product 73,35,120.54,4218.9
07-03-2026,SKU-074,Product 74,45,102.79,4625.55
21-06-2026,SKU-015,Product 15,56,98.54,5518.24
05-04-2025,SKU-053,Product 53,2,11.29,22.58
29-05-2026,SKU-097,Product 97,25,45.27,1131.75
03-07-2026,SKU-001,Product 1,23,133.59,3072.57
30-12-2025,SKU-041,Product 41,14,33.9,474.6
23-04-2025,SKU-083,Product 83,11,134.11,1475.21
19-08-2025,SKU-061,Product 61,28,141.95,3974.6
27-06-2025,SKU-022,Product 22,19,59.25,1125.75
07-05-2025,SKU-068,Product 68,6,65.88,395.28
03-07-2026,SKU-045,Product 45,19,80.28,1525.32
27-06-2026,SKU-036,Product 36,11,130.42,1434.62
19-03-2026,SKU-022,Product 22,26,59.25,1540.5
23-07-2025,SKU-025,Product 25,20,126.63,2532.6
24-08-2025,SKU-069,Product 69,8,113.3,906.4
30-09-2025,SKU-031,Product 31,2,52.96,105.92
26-02-2026,SKU-006,Product 6,31,16.92,524.52
20-02-2026,SKU-096,Product 96,25,57.25,1431.25
13-04-2026,SKU-056,Product 56,3,140.51,421.53
29-12-2025,SKU-039,Product 39,43,9.81,421.83
21-01-2025,SKU-077,Product 77,7,62.14,434.98
04-01-2025,SKU-049,Product 49,3,6.44,19.32
08-12-2025,SKU-100,Product 100,11,56.59,622.49
15-01-2025,SKU-077,Product 77,8,62.14,497.12
17-10-2025,SKU-093,Product 93,2,41.04,82.08
15-11-2025,SKU-098,Product 98,31,5.2,161.2
03-03-2026,SKU-076,Product 76,9,5.46,49.14
13-01-2026,SKU-070,Product 70,32,38.61,1235.52
10-08-2025,SKU-090,Product 90,12,41.98,503.76
04-01-2025,SKU-025,Product 25,6,126.63,759.78
12-08-2025,SKU-022,Product 22,21,59.25,1244.25
11-12-2025,SKU-007,Product 7,36,81.18,2922.48
15-12-2025,SKU-018,Product 18,22,89.39,1966.58
06-06-2025,SKU-097,Product 97,14,45.27,633.78
06-05-2025,SKU-087,Product 87,23,123.31,2836.13
13-11-2025,SKU-033,Product 33,13,53.43,694.59
03-10-2025,SKU-001,Product 1,36,133.59,4809.24
05-03-2026,SKU-044,Product 44,16,14.73,235.68
18-03-2025,SKU-096,Product 96,9,57.25,515.25
10-05-2026,SKU-052,Product 52,49,79.76,3908.24
03-06-2025,SKU-042,Product 42,8,42.29,338.32
23-06-2026,SKU-039,Product 39,34,9.81,333.54
09-10-2025,SKU-100,Product 100,27,56.59,1527.93
29-04-2025,SKU-051,Product 51,11,104.22,1146.42
14-07-2025,SKU-084,Product 84,26,108.64,2824.64
31-01-2026,SKU-053,Product 53,42,11.29,474.18
05-02-2025,SKU-061,Product 61,11,141.95,1561.45
15-07-2026,SKU-022,Product 22,23,59.25,1362.75
01-03-2025,SKU-072,Product 72,2,108.25,216.5
10-08-2025,SKU-073,Product 73,23,120.54,2772.42
14-11-2025,SKU-011,Product 11,13,77.13,1002.69
27-10-2025,SKU-079,Product 79,38,39.06,1484.28
05-02-2026,SKU-086,Product 86,3,117.55,352.65
24-02-2025,SKU-082,Product 82,11,82.39,906.29
21-06-2026,SKU-017,Product 17,34,88.02,2992.68
11-07-2026,SKU-024,Product 24,3,109.76,329.28
15-02-2025,SKU-068,Product 68,1,65.88,65.88
16-08-2025,SKU-098,Product 98,8,5.2,41.6
21-02-2026,SKU-095,Product 95,18,77.08,1387.44
14-07-2025,SKU-021,Product 21,30,71.49,2144.7
31-01-2025,SKU-039,Product 39,6,9.81,58.86
07-06-2026,SKU-015,Product 15,55,98.54,5419.7
28-07-2026,SKU-100,Product 100,55,56.59,3112.45
28-05-2026,SKU-082,Product 82,54,82.39,4449.06
23-03-2026,SKU-036,Product 36,3,130.42,391.26
19-08-2025,SKU-077,Product 77,28,62.14,1739.92
11-06-2026,SKU-052,Product 52,29,79.76,2313.04
15-10-2025,SKU-071,Product 71,34,41.39,1407.26
16-10-2025,SKU-047,Product 47,4,38.43,153.72
07-04-2025,SKU-068,Product 68,10,65.88,658.8
28-01-2025,SKU-061,Product 61,2,141.95,283.9
07-07-2026,SKU-051,Product 51,54,104.22,5627.88
01-07-2026,SKU-021,Product 21,34,71.49,2430.66
20-11-2025,SKU-047,Product 47,29,38.43,1114.47
24-09-2025,SKU-031,Product 31,9,52.96,476.64
03-03-2026,SKU-008,Product 8,6,38.61,231.66
01-05-2026,SKU-088,Product 88,21,65.71,1379.91
01-08-2025,SKU-017,Product 17,8,88.02,704.16
19-10-2025,SKU-077,Product 77,25,62.14,1553.5
06-02-2025,SKU-078,Product 78,9,23.81,214.29
27-07-2025,SKU-039,Product 39,14,9.81,137.34
14-11-2025,SKU-048,Product 48,5,18.02,90.1
05-09-2025,SKU-087,Product 87,6,123.31,739.86
25-04-2025,SKU-065,Product 65,3,29.77,89.31
20-01-2026,SKU-028,Product 28,20,68.24,1364.8
09-11-2025,SKU-071,Product 71,5,41.39,206.95
08-02-2026,SKU-053,Product 53,6,11.29,67.74
08-04-2025,SKU-044,Product 44,9,14.73,132.57
19-04-2025,SKU-014,Product 14,4,51.74,206.96
18-02-2026,SKU-063,Product 63,6,85.06,510.36
03-03-2026,SKU-057,Product 57,19,27.94,530.86
29-07-2026,SKU-099,Product 99,43,48.68,2093.24
31-03-2025,SKU-082,Product 82,4,82.39,329.56
20-02-2026,SKU-065,Product 65,9,29.77,267.93
28-02-2026,SKU-100,Product 100,9,56.59,509.31
29-03-2026,SKU-072,Product 72,3,108.25,324.75
20-02-2026,SKU-064,Product 64,28,117.63,3293.64
08-05-2025,SKU-091,Product 91,24,12.64,303.36
20-03-2026,SKU-011,Product 11,39,77.13,3008.07
16-05-2025,SKU-073,Product 73,11,120.54,1325.94
13-03-2026,SKU-020,Product 20,13,89.85,1168.05
06-02-2025,SKU-067,Product 67,4,99.67,398.68
09-07-2026,SKU-001,Product 1,7,133.59,935.13
28-09-2025,SKU-053,Product 53,21,11.29,237.09
22-02-2026,SKU-085,Product 85,12,53.4,640.8
07-09-2025,SKU-045,Product 45,2,80.28,160.56
20-12-2025,SKU-042,Product 42,14,42.29,592.06
12-08-2025,SKU-075,Product 75,2,13.71,27.42
10-12-2025,SKU-008,Product 8,30,38.61,1158.3
16-04-2025,SKU-064,Product 64,20,117.63,2352.6
27-12-2025,SKU-046,Product 46,2,105.52,211.04
30-08-2025,SKU-056,Product 56,18,140.51,2529.18
25-01-2025,SKU-072,Product 72,10,108.25,1082.5
17-12-2025,SKU-080,Product 80,22,14.32,315.04
17-06-2025,SKU-033,Product 33,13,53.43,694.59
16-06-2026,SKU-029,Product 29,41,43.36,1777.76
30-04-2026,SKU-092,Product 92,42,131.65,5529.3
01-05-2026,SKU-046,Product 46,45,105.52,4748.4
15-06-2026,SKU-026,Product 26,41,66.33,2719.53
26-03-2026,SKU-035,Product 35,10,42.05,420.5
19-04-2025,SKU-051,Product 51,14,104.22,1459.08
04-04-2026,SKU-073,Product 73,10,120.54,1205.4
18-02-2026,SKU-016,Product 16,44,128.07,5635.08
06-04-2026,SKU-077,Product 77,33,62.14,2050.62
25-02-2025,SKU-044,Product 44,3,14.73,44.19
03-04-2026,SKU-094,Product 94,40,25.25,1010
14-08-2025,SKU-099,Product 99,8,48.68,389.44
23-06-2025,SKU-017,Product 17,9,88.02,792.18
22-03-2026,SKU-098,Product 98,39,5.2,202.8
10-06-2026,SKU-050,Product 50,55,42.38,2330.9
07-05-2026,SKU-071,Product 71,53,41.39,2193.67
30-01-2026,SKU-041,Product 41,24,33.9,813.6
15-08-2025,SKU-059,Product 59,17,143.98,2447.66
16-07-2026,SKU-047,Product 47,23,38.43,883.89
20-08-2025,SKU-050,Product 50,6,42.38,254.28
19-09-2025,SKU-031,Product 31,18,52.96,953.28
13-10-2025,SKU-057,Product 57,2,27.94,55.88
24-07-2025,SKU-091,Product 91,22,12.64,278.08
26-04-2025,SKU-029,Product 29,20,43.36,867.2
24-10-2025,SKU-087,Product 87,22,123.31,2712.82
27-01-2026,SKU-087,Product 87,9,123.31,1109.79
04-02-2026,SKU-001,Product 1,36,133.59,4809.24
14-03-2025,SKU-094,Product 94,15,25.25,378.75
20-06-2025,SKU-060,Product 60,26,70.14,1823.64
06-07-2025,SKU-042,Product 42,29,42.29,1226.41
20-10-2025,SKU-022,Product 22,7,59.25,414.75
11-03-2026,SKU-100,Product 100,9,56.59,509.31
16-12-2025,SKU-030,Product 30,30,117.66,3529.8
27-07-2025,SKU-048,Product 48,26,18.02,468.52
21-06-2025,SKU-055,Product 55,18,53.76,967.68
27-02-2025,SKU-014,Product 14,1,51.74,51.74
11-07-2026,SKU-051,Product 51,15,104.22,1563.3
29-05-2025,SKU-046,Product 46,10,105.52,1055.2
02-03-2025,SKU-030,Product 30,3,117.66,352.98
17-01-2026,SKU-088,Product 88,44,65.71,2891.24
05-03-2025,SKU-011,Product 11,1,77.13,77.13
25-09-2025,SKU-075,Product 75,11,13.71,150.81
21-02-2025,SKU-014,Product 14,15,51.74,776.1
13-12-2025,SKU-086,Product 86,19,117.55,2233.45
26-12-2025,SKU-076,Product 76,25,5.46,136.5
21-06-2025,SKU-025,Product 25,3,126.63,379.89
16-12-2025,SKU-075,Product 75,28,13.71,383.88
18-01-2026,SKU-050,Product 50,17,42.38,720.46
06-03-2026,SKU-090,Product 90,32,41.98,1343.36
12-07-2026,SKU-070,Product 70,46,38.61,1776.06
25-06-2026,SKU-081,Product 81,53,66.67,3533.51
31-08-2025,SKU-010,Product 10,24,84.95,2038.8
28-04-2026,SKU-012,Product 12,21,112.29,2358.09
03-01-2026,SKU-084,Product 84,40,108.64,4345.6
16-07-2025,SKU-012,Product 12,8,112.29,898.32
14-11-2025,SKU-090,Product 90,37,41.98,1553.26
09-10-2025,SKU-091,Product 91,34,12.64,429.76
13-02-2026,SKU-018,Product 18,46,89.39,4111.94
30-06-2025,SKU-063,Product 63,23,85.06,1956.38
28-06-2025,SKU-018,Product 18,13,89.39,1162.07
27-05-2025,SKU-056,Product 56,3,140.51,421.53
18-08-2025,SKU-098,Product 98,4,5.2,20.8
02-06-2025,SKU-083,Product 83,7,134.11,938.77
14-05-2026,SKU-031,Product 31,25,52.96,1324
20-05-2026,SKU-007,Product 7,36,81.18,2922.48
14-12-2025,SKU-097,Product 97,2,45.27,90.54
17-04-2026,SKU-035,Product 35,41,42.05,1724.05
27-01-2026,SKU-056,Product 56,3,140.51,421.53
25-12-2025,SKU-031,Product 31,25,52.96,1324
05-10-2025,SKU-047,Product 47,29,38.43,1114.47
15-06-2026,SKU-002,Product 2,37,116.06,4294.22
29-01-2026,SKU-087,Product 87,21,123.31,2589.51
25-01-2026,SKU-004,Product 4,21,70.1,1472.1
09-05-2026,SKU-056,Product 56,39,140.51,5479.89
12-02-2025,SKU-010,Product 10,7,84.95,594.65
05-11-2025,SKU-053,Product 53,26,11.29,293.54
08-01-2025,SKU-013,Product 13,2,106.67,213.34
18-01-2025,SKU-029,Product 29,7,43.36,303.52
02-06-2025,SKU-041,Product 41,5,33.9,169.5
28-06-2025,SKU-098,Product 98,28,5.2,145.6
30-04-2025,SKU-084,Product 84,21,108.64,2281.44
12-07-2025,SKU-100,Product 100,15,56.59,848.85
26-03-2026,SKU-074,Product 74,16,102.79,1644.64
20-05-2025,SKU-017,Product 17,24,88.02,2112.48
22-10-2025,SKU-030,Product 30,32,117.66,3765.12
08-04-2025,SKU-078,Product 78,18,23.81,428.58
29-06-2025,SKU-027,Product 27,28,15.58,436.24
06-11-2025,SKU-047,Product 47,28,38.43,1076.04
01-03-2026,SKU-086,Product 86,9,117.55,1057.95
02-01-2026,SKU-024,Product 24,20,109.76,2195.2
02-02-2026,SKU-007,Product 7,21,81.18,1704.78
29-10-2025,SKU-060,Product 60,5,70.14,350.7
25-03-2026,SKU-065,Product 65,3,29.77,89.31
03-04-2025,SKU-013,Product 13,5,106.67,533.35
29-06-2025,SKU-052,Product 52,3,79.76,239.28
08-03-2026,SKU-017,Product 17,25,88.02,2200.5
18-02-2025,SKU-100,Product 100,17,56.59,962.03
20-09-2025,SKU-094,Product 94,4,25.25,101
13-03-2025,SKU-090,Product 90,12,41.98,503.76
07-01-2026,SKU-067,Product 67,11,99.67,1096.37
03-10-2025,SKU-079,Product 79,4,39.06,156.24
04-04-2026,SKU-092,Product 92,30,131.65,3949.5
04-09-2025,SKU-082,Product 82,2,82.39,164.78
09-09-2025,SKU-020,Product 20,18,89.85,1617.3
02-12-2025,SKU-039,Product 39,41,9.81,402.21
23-01-2025,SKU-001,Product 1,7,133.59,935.13
27-04-2025,SKU-028,Product 28,1,68.24,68.24
16-10-2025,SKU-063,Product 63,32,85.06,2721.92
06-01-2026,SKU-054,Product 54,40,85.15,3406
19-04-2025,SKU-050,Product 50,10,42.38,423.8
26-04-2025,SKU-049,Product 49,9,6.44,57.96
23-06-2025,SKU-064,Product 64,24,117.63,2823.12
03-07-2025,SKU-026,Product 26,23,66.33,1525.59
25-05-2026,SKU-090,Product 90,3,41.98,125.94
03-01-2026,SKU-036,Product 36,5,130.42,652.1
31-03-2026,SKU-017,Product 17,6,88.02,528.12
07-05-2026,SKU-089,Product 89,14,62.65,877.1
01-03-2026,SKU-034,Product 34,44,133.9,5891.6
24-02-2025,SKU-024,Product 24,19,109.76,2085.44
16-02-2025,SKU-052,Product 52,7,79.76,558.32
12-09-2025,SKU-048,Product 48,18,18.02,324.36
11-05-2026,SKU-037,Product 37,46,83.51,3841.46
24-02-2026,SKU-037,Product 37,6,83.51,501.06
11-07-2025,SKU-026,Product 26,3,66.33,198.99
07-08-2025,SKU-086,Product 86,6,117.55,705.3
10-05-2025,SKU-026,Product 26,8,66.33,530.64
31-10-2025,SKU-071,Product 71,5,41.39,206.95
30-06-2025,SKU-093,Product 93,3,41.04,123.12
18-05-2026,SKU-057,Product 57,25,27.94,698.5
02-04-2025,SKU-014,Product 14,20,51.74,1034.8
25-02-2026,SKU-050,Product 50,44,42.38,1864.72
22-03-2025,SKU-093,Product 93,21,41.04,861.84
02-05-2025,SKU-095,Product 95,1,77.08,77.08
27-02-2025,SKU-082,Product 82,7,82.39,576.73
04-08-2025,SKU-072,Product 72,2,108.25,216.5
18-01-2025,SKU-057,Product 57,3,27.94,83.82
30-01-2025,SKU-062,Product 62,6,40.67,244.02
20-06-2026,SKU-067,Product 67,22,99.67,2192.74
11-04-2025,SKU-024,Product 24,6,109.76,658.56
03-04-2026,SKU-002,Product 2,10,116.06,1160.6
16-08-2025,SKU-048,Product 48,30,18.02,540.6
19-05-2025,SKU-017,Product 17,13,88.02,1144.26
23-05-2025,SKU-014,Product 14,24,51.74,1241.76
05-06-2026,SKU-041,Product 41,11,33.9,372.9
27-10-2025,SKU-056,Product 56,25,140.51,3512.75
27-01-2025,SKU-038,Product 38,10,30.86,308.6
09-03-2026,SKU-082,Product 82,9,82.39,741.51
20-03-2025,SKU-038,Product 38,8,30.86,246.88
28-12-2025,SKU-067,Product 67,23,99.67,2292.41
21-10-2025,SKU-050,Product 50,10,42.38,423.8
24-06-2026,SKU-035,Product 35,3,42.05,126.15
24-01-2025,SKU-037,Product 37,4,83.51,334.04
22-03-2026,SKU-048,Product 48,46,18.02,828.92
14-06-2026,SKU-009,Product 9,48,33.35,1600.8
07-05-2025,SKU-039,Product 39,14,9.81,137.34
07-02-2026,SKU-048,Product 48,30,18.02,540.6
13-09-2025,SKU-060,Product 60,2,70.14,140.28
26-07-2026,SKU-053,Product 53,31,11.29,349.99
28-11-2025,SKU-072,Product 72,13,108.25,1407.25
26-02-2025,SKU-029,Product 29,1,43.36,43.36
11-06-2026,SKU-011,Product 11,7,77.13,539.91
22-08-2025,SKU-077,Product 77,28,62.14,1739.92
04-01-2025,SKU-069,Product 69,2,113.3,226.6
14-03-2026,SKU-078,Product 78,22,23.81,523.82
04-01-2025,SKU-067,Product 67,15,99.67,1495.05
02-06-2026,SKU-039,Product 39,44,9.81,431.64
25-03-2026,SKU-010,Product 10,49,84.95,4162.55
30-05-2025,SKU-053,Product 53,15,11.29,169.35
19-08-2025,SKU-036,Product 36,26,130.42,3390.92
03-12-2025,SKU-027,Product 27,24,15.58,373.92
26-04-2026,SKU-068,Product 68,10,65.88,658.8
18-08-2025,SKU-086,Product 86,26,117.55,3056.3
07-05-2026,SKU-049,Product 49,46,6.44,296.24
10-09-2025,SKU-095,Product 95,34,77.08,2620.72
10-12-2025,SKU-097,Product 97,33,45.27,1493.91
23-01-2026,SKU-068,Product 68,33,65.88,2174.04
06-03-2026,SKU-048,Product 48,29,18.02,522.58
22-02-2025,SKU-068,Product 68,15,65.88,988.2
02-05-2026,SKU-065,Product 65,21,29.77,625.17
28-03-2025,SKU-054,Product 54,14,85.15,1192.1
14-03-2025,SKU-051,Product 51,8,104.22,833.76
19-02-2026,SKU-092,Product 92,18,131.65,2369.7
15-02-2026,SKU-059,Product 59,37,143.98,5327.26
12-02-2026,SKU-025,Product 25,9,126.63,1139.67
12-07-2025,SKU-055,Product 55,25,53.76,1344
24-05-2026,SKU-031,Product 31,36,52.96,1906.56
28-09-2025,SKU-020,Product 20,36,89.85,3234.6
07-12-2025,SKU-067,Product 67,2,99.67,199.34
31-08-2025,SKU-080,Product 80,24,14.32,343.68
26-11-2025,SKU-093,Product 93,35,41.04,1436.4
09-12-2025,SKU-085,Product 85,13,53.4,694.2
17-06-2026,SKU-002,Product 2,3,116.06,348.18
01-02-2026,SKU-080,Product 80,9,14.32,128.88
31-07-2026,SKU-038,Product 38,35,30.86,1080.1
12-02-2026,SKU-076,Product 76,31,5.46,169.26
03-01-2025,SKU-043,Product 43,10,124.39,1243.9
07-11-2025,SKU-085,Product 85,7,53.4,373.8
20-11-2025,SKU-006,Product 6,26,16.92,439.92
30-04-2026,SKU-019,Product 19,3,83.88,251.64
26-03-2025,SKU-084,Product 84,1,108.64,108.64
12-03-2026,SKU-014,Product 14,48,51.74,2483.52
24-04-2025,SKU-037,Product 37,17,83.51,1419.67
19-08-2025,SKU-087,Product 87,17,123.31,2096.27
23-03-2025,SKU-021,Product 21,4,71.49,285.96
19-10-2025,SKU-023,Product 23,12,129.88,1558.56
31-10-2025,SKU-043,Product 43,25,124.39,3109.75
04-05-2026,SKU-013,Product 13,53,106.67,5653.51
07-02-2026,SKU-053,Product 53,37,11.29,417.73
09-05-2025,SKU-083,Product 83,4,134.11,536.44
29-07-2026,SKU-059,Product 59,19,143.98,2735.62
19-06-2025,SKU-068,Product 68,24,65.88,1581.12
25-01-2025,SKU-095,Product 95,8,77.08,616.64
06-06-2026,SKU-068,Product 68,3,65.88,197.64
30-01-2025,SKU-006,Product 6,12,16.92,203.04
04-04-2026,SKU-042,Product 42,23,42.29,972.67
18-12-2025,SKU-011,Product 11,39,77.13,3008.07
28-06-2026,SKU-008,Product 8,3,38.61,115.83
28-06-2026,SKU-065,Product 65,15,29.77,446.55
20-07-2025,SKU-088,Product 88,16,65.71,1051.36
24-05-2026,SKU-085,Product 85,3,53.4,160.2
20-01-2026,SKU-016,Product 16,38,128.07,4866.66
11-06-2025,SKU-098,Product 98,23,5.2,119.6
14-08-2025,SKU-064,Product 64,6,117.63,705.78
21-11-2025,SKU-033,Product 33,2,53.43,106.86
27-09-2025,SKU-013,Product 13,23,106.67,2453.41
17-03-2026,SKU-074,Product 74,49,102.79,5036.71
23-10-2025,SKU-012,Product 12,20,112.29,2245.8
01-11-2025,SKU-009,Product 9,2,33.35,66.7
28-03-2026,SKU-021,Product 21,13,71.49,929.37
27-10-2025,SKU-070,Product 70,35,38.61,1351.35
24-01-2025,SKU-088,Product 88,14,65.71,919.94
23-03-2026,SKU-030,Product 30,43,117.66,5059.38
15-01-2026,SKU-052,Product 52,14,79.76,1116.64
30-07-2025,SKU-057,Product 57,29,27.94,810.26
16-01-2026,SKU-002,Product 2,5,116.06,580.3
19-01-2025,SKU-068,Product 68,5,65.88,329.4
10-05-2025,SKU-023,Product 23,10,129.88,1298.8
05-04-2025,SKU-066,Product 66,11,50.43,554.73
10-03-2025,SKU-084,Product 84,1,108.64,108.64
29-08-2025,SKU-042,Product 42,33,42.29,1395.57
04-04-2025,SKU-085,Product 85,1,53.4,53.4
02-02-2025,SKU-034,Product 34,6,133.9,803.4
11-12-2025,SKU-019,Product 19,16,83.88,1342.08
15-11-2025,SKU-029,Product 29,13,43.36,563.68
05-04-2025,SKU-043,Product 43,1,124.39,124.39
17-06-2025,SKU-025,Product 25,5,126.63,633.15
26-04-2026,SKU-038,Product 38,34,30.86,1049.24
22-05-2025,SKU-030,Product 30,5,117.66,588.3
16-08-2025,SKU-045,Product 45,8,80.28,642.24
16-03-2025,SKU-037,Product 37,12,83.51,1002.12
21-01-2026,SKU-010,Product 10,39,84.95,3313.05
25-06-2025,SKU-012,Product 12,24,112.29,2694.96
20-03-2025,SKU-031,Product 31,9,52.96,476.64
07-06-2026,SKU-024,Product 24,3,109.76,329.28
14-10-2025,SKU-047,Product 47,32,38.43,1229.76
03-03-2026,SKU-076,Product 76,28,5.46,152.88
25-05-2026,SKU-010,Product 10,47,84.95,3992.65
01-07-2025,SKU-027,Product 27,27,15.58,420.66
16-10-2025,SKU-044,Product 44,2,14.73,29.46
29-07-2025,SKU-021,Product 21,29,71.49,2073.21
15-11-2025,SKU-093,Product 93,29,41.04,1190.16
29-04-2026,SKU-065,Product 65,31,29.77,922.87
22-06-2026,SKU-020,Product 20,49,89.85,4402.65
07-09-2025,SKU-003,Product 3,32,70.92,2269.44
16-06-2025,SKU-006,Product 6,13,16.92,219.96
28-10-2025,SKU-048,Product 48,25,18.02,450.5
14-07-2026,SKU-065,Product 65,31,29.77,922.87
27-05-2025,SKU-074,Product 74,22,102.79,2261.38
14-02-2025,SKU-073,Product 73,6,120.54,723.24
08-10-2025,SKU-033,Product 33,22,53.43,1175.46
05-10-2025,SKU-012,Product 12,12,112.29,1347.48
28-08-2025,SKU-020,Product 20,31,89.85,2785.35
21-11-2025,SKU-018,Product 18,32,89.39,2860.48
27-03-2025,SKU-055,Product 55,11,53.76,591.36
01-03-2025,SKU-030,Product 30,1,117.66,117.66
20-07-2026,SKU-033,Product 33,55,53.43,2938.65
05-02-2026,SKU-068,Product 68,3,65.88,197.64
21-03-2025,SKU-081,Product 81,12,66.67,800.04
04-11-2025,SKU-050,Product 50,23,42.38,974.74
07-01-2026,SKU-091,Product 91,32,12.64,404.48
23-01-2025,SKU-029,Product 29,10,43.36,433.6
25-07-2026,SKU-045,Product 45,7,80.28,561.96
16-07-2025,SKU-076,Product 76,4,5.46,21.84
01-06-2025,SKU-062,Product 62,10,40.67,406.7
01-07-2026,SKU-023,Product 23,57,129.88,7403.16
20-01-2026,SKU-026,Product 26,26,66.33,1724.58
30-01-2026,SKU-061,Product 61,15,141.95,2129.25
17-06-2026,SKU-023,Product 23,15,129.88,1948.2
17-10-2025,SKU-066,Product 66,30,50.43,1512.9
10-05-2026,SKU-023,Product 23,39,129.88,5065.32
08-07-2026,SKU-043,Product 43,38,124.39,4726.82
28-07-2026,SKU-063,Product 63,59,85.06,5018.54
05-05-2025,SKU-094,Product 94,21,25.25,530.25
11-01-2026,SKU-004,Product 4,2,70.1,140.2
02-02-2025,SKU-005,Product 5,4,112.77,451.08
25-03-2026,SKU-032,Product 32,39,97.86,3816.54
19-09-2025,SKU-094,Product 94,9,25.25,227.25
21-09-2025,SKU-012,Product 12,23,112.29,2582.67
25-04-2025,SKU-080,Product 80,11,14.32,157.52
28-04-2026,SKU-094,Product 94,21,25.25,530.25
01-02-2026,SKU-068,Product 68,6,65.88,395.28
16-05-2026,SKU-083,Product 83,3,134.11,402.33
22-08-2025,SKU-056,Product 56,13,140.51,1826.63
20-05-2026,SKU-074,Product 74,32,102.79,3289.28
06-05-2026,SKU-006,Product 6,7,16.92,118.44
12-04-2025,SKU-070,Product 70,9,38.61,347.49
30-04-2026,SKU-076,Product 76,52,5.46,283.92
15-05-2025,SKU-098,Product 98,3,5.2,15.6
09-05-2025,SKU-096,Product 96,6,57.25,343.5
24-04-2025,SKU-089,Product 89,15,62.65,939.75
02-03-2025,SKU-043,Product 43,7,124.39,870.73
22-10-2025,SKU-065,Product 65,12,29.77,357.24
23-01-2026,SKU-096,Product 96,27,57.25,1545.75
17-06-2025,SKU-077,Product 77,3,62.14,186.42
17-02-2026,SKU-094,Product 94,15,25.25,378.75
07-01-2026,SKU-007,Product 7,17,81.18,1380.06
24-01-2025,SKU-002,Product 2,7,116.06,812.42
28-10-2025,SKU-097,Product 97,25,45.27,1131.75
11-02-2025,SKU-069,Product 69,8,113.3,906.4
19-02-2026,SKU-095,Product 95,44,77.08,3391.52
06-05-2026,SKU-056,Product 56,24,140.51,3372.24
15-12-2025,SKU-015,Product 15,14,98.54,1379.56
06-05-2025,SKU-018,Product 18,1,89.39,89.39
07-08-2025,SKU-034,Product 34,27,133.9,3615.3
26-01-2026,SKU-077,Product 77,39,62.14,2423.46
08-10-2025,SKU-063,Product 63,19,85.06,1616.14
14-12-2025,SKU-023,Product 23,25,129.88,3247
10-07-2026,SKU-062,Product 62,19,40.67,772.73
05-01-2026,SKU-047,Product 47,2,38.43,76.86
25-07-2026,SKU-087,Product 87,39,123.31,4809.09
22-07-2025,SKU-097,Product 97,6,45.27,271.62
24-03-2026,SKU-094,Product 94,9,25.25,227.25
24-06-2025,SKU-001,Product 1,17,133.59,2271.03
25-08-2025,SKU-022,Product 22,6,59.25,355.5
24-08-2025,SKU-038,Product 38,11,30.86,339.46
02-07-2025,SKU-034,Product 34,17,133.9,2276.3
21-06-2026,SKU-023,Product 23,53,129.88,6883.64
20-02-2026,SKU-058,Product 58,22,122.59,2696.98
28-11-2025,SKU-017,Product 17,27,88.02,2376.54
18-04-2025,SKU-036,Product 36,15,130.42,1956.3
17-03-2026,SKU-080,Product 80,16,14.32,229.12
28-03-2026,SKU-010,Product 10,20,84.95,1699
03-06-2025,SKU-090,Product 90,10,41.98,419.8
16-03-2026,SKU-037,Product 37,42,83.51,3507.42
23-05-2026,SKU-055,Product 55,7,53.76,376.32
22-02-2026,SKU-086,Product 86,22,117.55,2586.1
13-06-2026,SKU-047,Product 47,41,38.43,1575.63
02-10-2025,SKU-033,Product 33,2,53.43,106.86
05-04-2026,SKU-078,Product 78,23,23.81,547.63
29-08-2025,SKU-080,Product 80,6,14.32,85.92
28-07-2025,SKU-026,Product 26,12,66.33,795.96
08-01-2025,SKU-048,Product 48,9,18.02,162.18
21-05-2026,SKU-001,Product 1,3,133.59,400.77
16-08-2025,SKU-023,Product 23,28,129.88,3636.64
02-10-2025,SKU-015,Product 15,2,98.54,197.08
30-03-2026,SKU-015,Product 15,16,98.54,1576.64
20-11-2025,SKU-027,Product 27,24,15.58,373.92
15-09-2025,SKU-058,Product 58,18,122.59,2206.62
20-08-2025,SKU-036,Product 36,6,130.42,782.52
16-02-2026,SKU-087,Product 87,31,123.31,3822.61
04-09-2025,SKU-031,Product 31,11,52.96,582.56
10-10-2025,SKU-061,Product 61,12,141.95,1703.4
08-09-2025,SKU-069,Product 69,11,113.3,1246.3
05-09-2025,SKU-072,Product 72,13,108.25,1407.25
27-11-2025,SKU-065,Product 65,13,29.77,387.01
07-02-2025,SKU-011,Product 11,5,77.13,385.65
21-04-2026,SKU-091,Product 91,45,12.64,568.8
13-04-2025,SKU-062,Product 62,15,40.67,610.05
29-06-2026,SKU-037,Product 37,38,83.51,3173.38
29-05-2026,SKU-068,Product 68,44,65.88,2898.72
07-12-2025,SKU-012,Product 12,5,112.29,561.45
13-02-2025,SKU-064,Product 64,18,117.63,2117.34
07-05-2026,SKU-083,Product 83,31,134.11,4157.41
16-08-2025,SKU-061,Product 61,13,141.95,1845.35
26-02-2025,SKU-037,Product 37,16,83.51,1336.16
20-09-2025,SKU-081,Product 81,30,66.67,2000.1
25-06-2026,SKU-043,Product 43,53,124.39,6592.67
05-03-2025,SKU-082,Product 82,2,82.39,164.78
19-03-2025,SKU-021,Product 21,19,71.49,1358.31
28-06-2026,SKU-060,Product 60,38,70.14,2665.32
15-12-2025,SKU-099,Product 99,42,48.68,2044.56
28-05-2025,SKU-073,Product 73,17,120.54,2049.18
08-11-2025,SKU-073,Product 73,31,120.54,3736.74
29-04-2026,SKU-059,Product 59,21,143.98,3023.58
07-06-2025,SKU-077,Product 77,23,62.14,1429.22
14-11-2025,SKU-016,Product 16,29,128.07,3714.03
26-09-2025,SKU-027,Product 27,4,15.58,62.32
08-02-2025,SKU-091,Product 91,2,12.64,25.28
11-02-2025,SKU-014,Product 14,2,51.74,103.48
14-07-2025,SKU-008,Product 8,12,38.61,463.32
12-01-2026,SKU-035,Product 35,14,42.05,588.7
07-10-2025,SKU-013,Product 13,31,106.67,3306.77
15-02-2025,SKU-056,Product 56,18,140.51,2529.18
16-12-2025,SKU-043,Product 43,8,124.39,995.12
12-07-2026,SKU-024,Product 24,23,109.76,2524.48
28-06-2026,SKU-078,Product 78,38,23.81,904.78
06-04-2025,SKU-081,Product 81,1,66.67,66.67
09-08-2025,SKU-010,Product 10,27,84.95,2293.65
09-09-2025,SKU-009,Product 9,6,33.35,200.1
09-06-2026,SKU-001,Product 1,48,133.59,6412.32
27-08-2025,SKU-090,Product 90,29,41.98,1217.42
08-06-2026,SKU-095,Product 95,48,77.08,3699.84
16-04-2025,SKU-081,Product 81,21,66.67,1400.07
18-02-2026,SKU-091,Product 91,18,12.64,227.52
08-08-2025,SKU-059,Product 59,27,143.98,3887.46
24-04-2026,SKU-037,Product 37,24,83.51,2004.24
16-06-2026,SKU-022,Product 22,26,59.25,1540.5
13-06-2026,SKU-027,Product 27,14,15.58,218.12
12-02-2025,SKU-025,Product 25,14,126.63,1772.82
12-05-2026,SKU-042,Product 42,53,42.29,2241.37
14-12-2025,SKU-090,Product 90,5,41.98,209.9
24-06-2025,SKU-036,Product 36,20,130.42,2608.4
29-06-2026,SKU-020,Product 20,49,89.85,4402.65
23-02-2026,SKU-010,Product 10,31,84.95,2633.45
07-03-2026,SKU-068,Product 68,3,65.88,197.64
02-11-2025,SKU-090,Product 90,7,41.98,293.86
02-03-2026,SKU-092,Product 92,6,131.65,789.9
28-03-2025,SKU-098,Product 98,15,5.2,78
05-03-2025,SKU-070,Product 70,11,38.61,424.71
26-05-2026,SKU-041,Product 41,18,33.9,610.2
19-04-2026,SKU-032,Product 32,13,97.86,1272.18
01-12-2025,SKU-005,Product 5,2,112.77,225.54
02-02-2026,SKU-046,Product 46,6,105.52,633.12
29-08-2025,SKU-065,Product 65,15,29.77,446.55
26-01-2025,SKU-029,Product 29,10,43.36,433.6
17-06-2026,SKU-045,Product 45,26,80.28,2087.28
28-01-2025,SKU-070,Product 70,6,38.61,231.66
21-04-2026,SKU-044,Product 44,13,14.73,191.49
27-03-2025,SKU-067,Product 67,4,99.67,398.68
14-04-2025,SKU-059,Product 59,13,143.98,1871.74
16-03-2025,SKU-099,Product 99,20,48.68,973.6
31-05-2025,SKU-069,Product 69,5,113.3,566.5
14-05-2025,SKU-041,Product 41,20,33.9,678
06-05-2026,SKU-065,Product 65,10,29.77,297.7
29-06-2025,SKU-099,Product 99,19,48.68,924.92
23-01-2026,SKU-016,Product 16,30,128.07,3842.1
20-03-2026,SKU-058,Product 58,6,122.59,735.54
13-02-2026,SKU-065,Product 65,18,29.77,535.86
06-08-2025,SKU-031,Product 31,10,52.96,529.6
19-10-2025,SKU-092,Product 92,35,131.65,4607.75
29-05-2026,SKU-091,Product 91,47,12.64,594.08
06-01-2026,SKU-036,Product 36,43,130.42,5608.06
15-01-2026,SKU-084,Product 84,2,108.64,217.28
29-09-2025,SKU-081,Product 81,33,66.67,2200.11
14-02-2026,SKU-075,Product 75,25,13.71,342.75
22-06-2026,SKU-048,Product 48,41,18.02,738.82
24-02-2026,SKU-077,Product 77,9,62.14,559.26
17-07-2025,SKU-025,Product 25,22,126.63,2785.86
30-12-2025,SKU-097,Product 97,17,45.27,769.59
18-06-2025,SKU-011,Product 11,22,77.13,1696.86
26-12-2025,SKU-064,Product 64,14,117.63,1646.82
29-05-2026,SKU-082,Product 82,33,82.39,2718.87
12-03-2025,SKU-093,Product 93,8,41.04,328.32
01-12-2025,SKU-007,Product 7,38,81.18,3084.84
05-07-2026,SKU-043,Product 43,23,124.39,2860.97
03-07-2025,SKU-079,Product 79,7,39.06,273.42
05-07-2025,SKU-039,Product 39,25,9.81,245.25
22-02-2026,SKU-084,Product 84,22,108.64,2390.08
13-03-2025,SKU-063,Product 63,1,85.06,85.06
20-07-2025,SKU-007,Product 7,28,81.18,2273.04
29-06-2025,SKU-080,Product 80,17,14.32,243.44
29-09-2025,SKU-005,Product 5,12,112.77,1353.24
19-11-2025,SKU-015,Product 15,8,98.54,788.32
08-05-2025,SKU-073,Product 73,8,120.54,964.32
10-03-2026,SKU-022,Product 22,16,59.25,948
22-06-2025,SKU-080,Product 80,1,14.32,14.32
05-07-2025,SKU-051,Product 51,19,104.22,1980.18
16-01-2025,SKU-035,Product 35,11,42.05,462.55
17-05-2025,SKU-029,Product 29,3,43.36,130.08
01-01-2026,SKU-053,Product 53,23,11.29,259.67
28-12-2025,SKU-054,Product 54,20,85.15,1703
16-05-2025,SKU-055,Product 55,5,53.76,268.8
01-10-2025,SKU-020,Product 20,33,89.85,2965.05
30-07-2025,SKU-022,Product 22,29,59.25,1718.25
27-07-2026,SKU-064,Product 64,11,117.63,1293.93
16-03-2026,SKU-035,Product 35,49,42.05,2060.45
07-06-2025,SKU-086,Product 86,10,117.55,1175.5
14-06-2025,SKU-053,Product 53,1,11.29,11.29
03-05-2026,SKU-010,Product 10,45,84.95,3822.75
09-03-2026,SKU-019,Product 19,35,83.88,2935.8
22-05-2025,SKU-021,Product 21,13,71.49,929.37
28-08-2025,SKU-056,Product 56,15,140.51,2107.65
02-11-2025,SKU-019,Product 19,28,83.88,2348.64
22-04-2025,SKU-073,Product 73,4,120.54,482.16
25-03-2026,SKU-007,Product 7,26,81.18,2110.68
26-07-2025,SKU-024,Product 24,10,109.76,1097.6
18-07-2026,SKU-034,Product 34,15,133.9,2008.5
25-07-2026,SKU-011,Product 11,35,77.13,2699.55
21-06-2025,SKU-046,Product 46,11,105.52,1160.72
28-01-2026,SKU-070,Product 70,18,38.61,694.98
22-04-2025,SKU-032,Product 32,11,97.86,1076.46
14-08-2025,SKU-098,Product 98,8,5.2,41.6
01-03-2026,SKU-006,Product 6,3,16.92,50.76
15-09-2025,SKU-006,Product 6,23,16.92,389.16
19-01-2025,SKU-039,Product 39,12,9.81,117.72
11-01-2025,SKU-029,Product 29,13,43.36,563.68
07-04-2026,SKU-080,Product 80,6,14.32,85.92
04-04-2026,SKU-036,Product 36,30,130.42,3912.6
02-05-2026,SKU-059,Product 59,14,143.98,2015.72
17-03-2026,SKU-091,Product 91,9,12.64,113.76
31-01-2026,SKU-022,Product 22,3,59.25,177.75
08-02-2026,SKU-038,Product 38,6,30.86,185.16
19-09-2025,SKU-034,Product 34,4,133.9,535.6
14-11-2025,SKU-046,Product 46,29,105.52,3060.08
11-02-2026,SKU-079,Product 79,15,39.06,585.9
22-10-2025,SKU-085,Product 85,20,53.4,1068
23-11-2025,SKU-061,Product 61,40,141.95,5678
21-11-2025,SKU-006,Product 6,34,16.92,575.28
15-05-2025,SKU-019,Product 19,8,83.88,671.04
15-03-2026,SKU-039,Product 39,26,9.81,255.06
29-10-2025,SKU-065,Product 65,28,29.77,833.56
22-05-2025,SKU-067,Product 67,17,99.67,1694.39
13-02-2026,SKU-099,Product 99,21,48.68,1022.28
03-06-2025,SKU-019,Product 19,14,83.88,1174.32
22-08-2025,SKU-035,Product 35,4,42.05,168.2
01-01-2026,SKU-040,Product 40,17,20.93,355.81
19-06-2026,SKU-085,Product 85,15,53.4,801
26-05-2025,SKU-016,Product 16,7,128.07,896.49
22-10-2025,SKU-099,Product 99,20,48.68,973.6
12-08-2025,SKU-053,Product 53,23,11.29,259.67
22-06-2025,SKU-094,Product 94,7,25.25,176.75
14-08-2025,SKU-090,Product 90,32,41.98,1343.36
12-05-2026,SKU-095,Product 95,14,77.08,1079.12
13-06-2025,SKU-066,Product 66,24,50.43,1210.32
31-03-2026,SKU-089,Product 89,10,62.65,626.5
01-07-2026,SKU-017,Product 17,34,88.02,2992.68
16-02-2025,SKU-059,Product 59,6,143.98,863.88
09-02-2025,SKU-095,Product 95,14,77.08,1079.12
17-03-2026,SKU-016,Product 16,36,128.07,4610.52
23-11-2025,SKU-049,Product 49,37,6.44,238.28
23-06-2025,SKU-090,Product 90,26,41.98,1091.48
09-10-2025,SKU-086,Product 86,34,117.55,3996.7
03-08-2025,SKU-066,Product 66,12,50.43,605.16
01-07-2025,SKU-018,Product 18,13,89.39,1162.07
04-07-2026,SKU-003,Product 3,53,70.92,3758.76
08-06-2025,SKU-054,Product 54,27,85.15,2299.05
11-11-2025,SKU-065,Product 65,21,29.77,625.17
19-06-2026,SKU-082,Product 82,3,82.39,247.17
25-03-2025,SKU-038,Product 38,14,30.86,432.04
28-11-2025,SKU-092,Product 92,19,131.65,2501.35
13-02-2026,SKU-041,Product 41,18,33.9,610.2
04-03-2025,SKU-057,Product 57,18,27.94,502.92
19-02-2026,SKU-035,Product 35,37,42.05,1555.85
27-06-2026,SKU-076,Product 76,38,5.46,207.48
14-04-2025,SKU-099,Product 99,3,48.68,146.04
28-05-2026,SKU-008,Product 8,54,38.61,2084.94
16-12-2025,SKU-084,Product 84,30,108.64,3259.2
24-09-2025,SKU-095,Product 95,26,77.08,2004.08
16-07-2025,SKU-077,Product 77,30,62.14,1864.2
19-02-2026,SKU-001,Product 1,47,133.59,6278.73
30-05-2025,SKU-002,Product 2,1,116.06,116.06
11-06-2026,SKU-062,Product 62,48,40.67,1952.16
10-08-2025,SKU-024,Product 24,4,109.76,439.04
21-02-2026,SKU-028,Product 28,34,68.24,2320.16
23-02-2025,SKU-004,Product 4,8,70.1,560.8
04-11-2025,SKU-052,Product 52,18,79.76,1435.68
02-06-2025,SKU-084,Product 84,10,108.64,1086.4
23-05-2025,SKU-072,Product 72,22,108.25,2381.5
06-01-2026,SKU-021,Product 21,20,71.49,1429.8
24-03-2026,SKU-036,Product 36,19,130.42,2477.98
01-05-2025,SKU-023,Product 23,6,129.88,779.28
16-04-2025,SKU-044,Product 44,9,14.73,132.57
14-06-2025,SKU-006,Product 6,22,16.92,372.24
05-06-2025,SKU-087,Product 87,10,123.31,1233.1
06-10-2025,SKU-095,Product 95,7,77.08,539.56
05-02-2026,SKU-086,Product 86,30,117.55,3526.5
05-12-2025,SKU-036,Product 36,8,130.42,1043.36
04-11-2025,SKU-060,Product 60,25,70.14,1753.5
23-02-2025,SKU-072,Product 72,16,108.25,1732
10-07-2025,SKU-013,Product 13,17,106.67,1813.39
03-04-2025,SKU-002,Product 2,16,116.06,1856.96
07-04-2026,SKU-024,Product 24,20,109.76,2195.2
24-05-2025,SKU-063,Product 63,13,85.06,1105.78
27-02-2025,SKU-055,Product 55,5,53.76,268.8
09-03-2026,SKU-034,Product 34,45,133.9,6025.5
03-08-2025,SKU-081,Product 81,2,66.67,133.34
17-06-2025,SKU-024,Product 24,14,109.76,1536.64
05-06-2026,SKU-013,Product 13,7,106.67,746.69
22-01-2026,SKU-009,Product 9,36,33.35,1200.6
11-12-2025,SKU-034,Product 34,8,133.9,1071.2
30-04-2026,SKU-035,Product 35,38,42.05,1597.9
12-03-2025,SKU-020,Product 20,8,89.85,718.8
24-12-2025,SKU-087,Product 87,14,123.31,1726.34
13-06-2025,SKU-078,Product 78,12,23.81,285.72
04-03-2026,SKU-001,Product 1,9,133.59,1202.31
28-08-2025,SKU-084,Product 84,20,108.64,2172.8
09-07-2025,SKU-038,Product 38,5,30.86,154.3
05-09-2025,SKU-098,Product 98,4,5.2,20.8
11-01-2026,SKU-071,Product 71,35,41.39,1448.65
12-07-2026,SKU-091,Product 91,58,12.64,733.12
30-05-2025,SKU-011,Product 11,21,77.13,1619.73
20-08-2025,SKU-097,Product 97,19,45.27,860.13
20-06-2026,SKU-039,Product 39,37,9.81,362.97
25-05-2025,SKU-053,Product 53,24,11.29,270.96
31-03-2026,SKU-073,Product 73,50,120.54,6027
16-01-2026,SKU-013,Product 13,32,106.67,3413.44
14-03-2025,SKU-023,Product 23,12,129.88,1558.56
28-05-2025,SKU-047,Product 47,3,38.43,115.29
24-05-2026,SKU-015,Product 15,3,98.54,295.62
31-12-2025,SKU-099,Product 99,28,48.68,1363.04
05-09-2025,SKU-032,Product 32,27,97.86,2642.22
02-03-2025,SKU-036,Product 36,13,130.42,1695.46
07-04-2025,SKU-032,Product 32,22,97.86,2152.92
16-06-2026,SKU-096,Product 96,15,57.25,858.75
01-04-2025,SKU-072,Product 72,4,108.25,433
10-04-2025,SKU-048,Product 48,16,18.02,288.32
24-05-2026,SKU-027,Product 27,40,15.58,623.2
13-07-2025,SKU-014,Product 14,24,51.74,1241.76
03-10-2025,SKU-030,Product 30,12,117.66,1411.92
31-03-2026,SKU-088,Product 88,13,65.71,854.23
11-01-2026,SKU-088,Product 88,32,65.71,2102.72
08-06-2026,SKU-062,Product 62,3,40.67,122.01
04-08-2025,SKU-052,Product 52,23,79.76,1834.48
14-08-2025,SKU-048,Product 48,17,18.02,306.34
07-02-2026,SKU-064,Product 64,12,117.63,1411.56
27-08-2025,SKU-029,Product 29,11,43.36,476.96
05-05-2026,SKU-055,Product 55,28,53.76,1505.28
09-05-2026,SKU-030,Product 30,21,117.66,2470.86
06-04-2026,SKU-053,Product 53,27,11.29,304.83
09-07-2025,SKU-012,Product 12,15,112.29,1684.35
21-01-2025,SKU-005,Product 5,4,112.77,451.08
30-09-2025,SKU-039,Product 39,26,9.81,255.06
06-01-2026,SKU-060,Product 60,26,70.14,1823.64
14-04-2025,SKU-071,Product 71,6,41.39,248.34
09-07-2025,SKU-005,Product 5,25,112.77,2819.25
20-06-2025,SKU-039,Product 39,7,9.81,68.67
19-08-2025,SKU-075,Product 75,30,13.71,411.3
23-02-2025,SKU-022,Product 22,10,59.25,592.5
17-03-2025,SKU-077,Product 77,5,62.14,310.7
19-05-2025,SKU-020,Product 20,12,89.85,1078.2
30-01-2026,SKU-040,Product 40,30,20.93,627.9
28-11-2025,SKU-062,Product 62,32,40.67,1301.44
21-01-2025,SKU-010,Product 10,9,84.95,764.55
19-04-2025,SKU-012,Product 12,15,112.29,1684.35
25-01-2025,SKU-085,Product 85,2,53.4,106.8
25-03-2025,SKU-031,Product 31,7,52.96,370.72
30-05-2025,SKU-088,Product 88,14,65.71,919.94
12-04-2026,SKU-075,Product 75,30,13.71,411.3
13-07-2026,SKU-092,Product 92,42,131.65,5529.3
18-12-2025,SKU-008,Product 8,14,38.61,540.54
16-08-2025,SKU-078,Product 78,10,23.81,238.1
13-06-2025,SKU-072,Product 72,12,108.25,1299
18-09-2025,SKU-035,Product 35,14,42.05,588.7
17-08-2025,SKU-094,Product 94,15,25.25,378.75
20-06-2026,SKU-020,Product 20,41,89.85,3683.85
13-11-2025,SKU-080,Product 80,13,14.32,186.16
23-01-2026,SKU-033,Product 33,24,53.43,1282.32
27-02-2026,SKU-089,Product 89,9,62.65,563.85
23-07-2025,SKU-047,Product 47,18,38.43,691.74
12-03-2026,SKU-024,Product 24,13,109.76,1426.88
16-01-2025,SKU-026,Product 26,8,66.33,530.64
09-10-2025,SKU-039,Product 39,7,9.81,68.67
22-05-2026,SKU-054,Product 54,18,85.15,1532.7
23-09-2025,SKU-038,Product 38,30,30.86,925.8
02-01-2026,SKU-073,Product 73,17,120.54,2049.18
19-05-2026,SKU-092,Product 92,39,131.65,5134.35
27-02-2025,SKU-037,Product 37,5,83.51,417.55
01-07-2026,SKU-061,Product 61,11,141.95,1561.45
14-10-2025,SKU-082,Product 82,17,82.39,1400.63
10-03-2026,SKU-035,Product 35,22,42.05,925.1
12-01-2026,SKU-016,Product 16,5,128.07,640.35
24-07-2026,SKU-009,Product 9,27,33.35,900.45
20-03-2026,SKU-008,Product 8,3,38.61,115.83
24-12-2025,SKU-009,Product 9,22,33.35,733.7
12-06-2026,SKU-025,Product 25,41,126.63,5191.83
01-06-2026,SKU-073,Product 73,36,120.54,4339.44
09-09-2025,SKU-072,Product 72,34,108.25,3680.5
24-03-2025,SKU-039,Product 39,4,9.81,39.24
28-04-2026,SKU-043,Product 43,45,124.39,5597.55
22-11-2025,SKU-083,Product 83,40,134.11,5364.4
09-03-2025,SKU-028,Product 28,2,68.24,136.48
26-02-2026,SKU-057,Product 57,19,27.94,530.86
29-06-2026,SKU-020,Product 20,26,89.85,2336.1
05-12-2025,SKU-036,Product 36,22,130.42,2869.24
13-05-2025,SKU-028,Product 28,23,68.24,1569.52
16-01-2026,SKU-099,Product 99,32,48.68,1557.76
04-04-2026,SKU-071,Product 71,47,41.39,1945.33
19-06-2026,SKU-018,Product 18,7,89.39,625.73
23-07-2026,SKU-075,Product 75,19,13.71,260.49
11-08-2025,SKU-053,Product 53,15,11.29,169.35
30-08-2025,SKU-089,Product 89,13,62.65,814.45
21-02-2025,SKU-001,Product 1,12,133.59,1603.08
02-04-2025,SKU-087,Product 87,22,123.31,2712.82
10-05-2026,SKU-065,Product 65,46,29.77,1369.42
21-05-2025,SKU-035,Product 35,20,42.05,841
23-05-2025,SKU-009,Product 9,10,33.35,333.5
13-04-2025,SKU-020,Product 20,15,89.85,1347.75
22-02-2025,SKU-099,Product 99,17,48.68,827.56
29-03-2026,SKU-032,Product 32,10,97.86,978.6
15-12-2025,SKU-055,Product 55,22,53.76,1182.72
24-08-2025,SKU-038,Product 38,11,30.86,339.46
30-09-2025,SKU-040,Product 40,26,20.93,544.18
15-06-2025,SKU-007,Product 7,20,81.18,1623.6
26-03-2025,SKU-063,Product 63,18,85.06,1531.08
27-12-2025,SKU-058,Product 58,11,122.59,1348.49
14-01-2025,SKU-093,Product 93,8,41.04,328.32
19-05-2026,SKU-025,Product 25,7,126.63,886.41
02-07-2026,SKU-099,Product 99,30,48.68,1460.4
09-06-2025,SKU-091,Product 91,9,12.64,113.76
05-02-2025,SKU-060,Product 60,1,70.14,70.14
24-12-2025,SKU-049,Product 49,14,6.44,90.16
29-07-2025,SKU-017,Product 17,20,88.02,1760.4
13-09-2025,SKU-061,Product 61,2,141.95,283.9
24-04-2026,SKU-030,Product 30,34,117.66,4000.44
11-03-2026,SKU-051,Product 51,3,104.22,312.66
06-06-2026,SKU-031,Product 31,29,52.96,1535.84
17-07-2026,SKU-086,Product 86,54,117.55,6347.7
28-02-2026,SKU-091,Product 91,6,12.64,75.84
06-12-2025,SKU-056,Product 56,8,140.51,1124.08
31-10-2025,SKU-089,Product 89,7,62.65,438.55
20-02-2026,SKU-068,Product 68,31,65.88,2042.28
10-03-2025,SKU-006,Product 6,6,16.92,101.52
23-06-2026,SKU-095,Product 95,18,77.08,1387.44
11-11-2025,SKU-021,Product 21,36,71.49,2573.64
26-03-2026,SKU-059,Product 59,26,143.98,3743.48
25-10-2025,SKU-058,Product 58,20,122.59,2451.8
28-05-2025,SKU-038,Product 38,12,30.86,370.32
02-02-2026,SKU-039,Product 39,27,9.81,264.87
19-07-2025,SKU-040,Product 40,10,20.93,209.3
11-05-2026,SKU-074,Product 74,46,102.79,4728.34
23-07-2025,SKU-045,Product 45,28,80.28,2247.84
02-03-2025,SKU-064,Product 64,10,117.63,1176.3
25-09-2025,SKU-029,Product 29,35,43.36,1517.6
27-02-2026,SKU-041,Product 41,6,33.9,203.4
25-03-2026,SKU-022,Product 22,6,59.25,355.5
22-08-2025,SKU-024,Product 24,28,109.76,3073.28
23-04-2026,SKU-035,Product 35,10,42.05,420.5
26-01-2026,SKU-044,Product 44,18,14.73,265.14
04-03-2026,SKU-015,Product 15,48,98.54,4729.92
14-07-2025,SKU-017,Product 17,4,88.02,352.08
17-06-2025,SKU-064,Product 64,13,117.63,1529.19
09-01-2026,SKU-033,Product 33,26,53.43,1389.18
10-05-2025,SKU-037,Product 37,18,83.51,1503.18
09-09-2025,SKU-081,Product 81,18,66.67,1200.06
19-02-2025,SKU-045,Product 45,17,80.28,1364.76
08-07-2026,SKU-094,Product 94,38,25.25,959.5
10-04-2025,SKU-074,Product 74,4,102.79,411.16
09-07-2025,SKU-044,Product 44,9,14.73,132.57
19-05-2025,SKU-061,Product 61,20,141.95,2839
07-12-2025,SKU-078,Product 78,19,23.81,452.39
01-01-2026,SKU-054,Product 54,26,85.15,2213.9
13-01-2026,SKU-007,Product 7,32,81.18,2597.76
01-04-2025,SKU-071,Product 71,1,41.39,41.39
25-09-2025,SKU-090,Product 90,4,41.98,167.92
07-08-2025,SKU-033,Product 33,14,53.43,748.02
24-04-2026,SKU-057,Product 57,34,27.94,949.96
02-10-2025,SKU-092,Product 92,9,131.65,1184.85
07-06-2025,SKU-067,Product 67,1,99.67,99.67
26-06-2025,SKU-099,Product 99,5,48.68,243.4
04-04-2025,SKU-013,Product 13,20,106.67,2133.4
07-08-2025,SKU-089,Product 89,21,62.65,1315.65
14-04-2025,SKU-004,Product 4,4,70.1,280.4
19-01-2026,SKU-054,Product 54,20,85.15,1703
03-06-2025,SKU-056,Product 56,19,140.51,2669.69
08-01-2025,SKU-092,Product 92,3,131.65,394.95
07-02-2025,SKU-088,Product 88,4,65.71,262.84
22-10-2025,SKU-018,Product 18,20,89.39,1787.8
27-07-2025,SKU-047,Product 47,10,38.43,384.3
15-06-2025,SKU-071,Product 71,24,41.39,993.36
25-05-2026,SKU-075,Product 75,3,13.71,41.13
01-09-2025,SKU-017,Product 17,31,88.02,2728.62
17-08-2025,SKU-084,Product 84,21,108.64,2281.44
27-07-2026,SKU-031,Product 31,55,52.96,2912.8
07-01-2026,SKU-059,Product 59,41,143.98,5903.18
06-10-2025,SKU-057,Product 57,9,27.94,251.46
07-06-2025,SKU-021,Product 21,25,71.49,1787.25
19-01-2026,SKU-049,Product 49,2,6.44,12.88
12-01-2025,SKU-065,Product 65,15,29.77,446.55
26-04-2025,SKU-097,Product 97,22,45.27,995.94
03-12-2025,SKU-015,Product 15,27,98.54,2660.58
25-02-2026,SKU-041,Product 41,47,33.9,1593.3
30-05-2025,SKU-030,Product 30,23,117.66,2706.18
04-05-2026,SKU-089,Product 89,17,62.65,1065.05
15-06-2025,SKU-040,Product 40,14,20.93,293.02
20-06-2025,SKU-009,Product 9,11,33.35,366.85
18-01-2026,SKU-013,Product 13,44,106.67,4693.48
09-03-2025,SKU-017,Product 17,10,88.02,880.2
13-12-2025,SKU-088,Product 88,25,65.71,1642.75
04-07-2026,SKU-079,Product 79,50,39.06,1953
11-06-2026,SKU-059,Product 59,33,143.98,4751.34
09-07-2025,SKU-090,Product 90,11,41.98,461.78
14-09-2025,SKU-083,Product 83,16,134.11,2145.76
23-04-2026,SKU-071,Product 71,48,41.39,1986.72
21-02-2025,SKU-098,Product 98,15,5.2,78
16-01-2025,SKU-012,Product 12,10,112.29,1122.9
07-03-2025,SKU-049,Product 49,14,6.44,90.16
27-06-2025,SKU-020,Product 20,5,89.85,449.25
23-05-2025,SKU-065,Product 65,3,29.77,89.31
17-02-2025,SKU-013,Product 13,4,106.67,426.68
18-07-2026,SKU-075,Product 75,15,13.71,205.65
05-11-2025,SKU-002,Product 2,23,116.06,2669.38
15-11-2025,SKU-013,Product 13,15,106.67,1600.05
15-06-2026,SKU-042,Product 42,11,42.29,465.19
24-08-2025,SKU-067,Product 67,33,99.67,3289.11
18-02-2026,SKU-022,Product 22,37,59.25,2192.25
02-07-2025,SKU-077,Product 77,3,62.14,186.42
11-11-2025,SKU-063,Product 63,39,85.06,3317.34
18-03-2026,SKU-068,Product 68,23,65.88,1515.24
04-05-2025,SKU-098,Product 98,6,5.2,31.2
24-04-2026,SKU-023,Product 23,48,129.88,6234.24
12-08-2025,SKU-031,Product 31,19,52.96,1006.24
24-02-2025,SKU-098,Product 98,7,5.2,36.4
30-03-2025,SKU-063,Product 63,11,85.06,935.66
13-11-2025,SKU-016,Product 16,37,128.07,4738.59
05-06-2026,SKU-062,Product 62,14,40.67,569.38
29-09-2025,SKU-035,Product 35,33,42.05,1387.65
19-03-2026,SKU-089,Product 89,19,62.65,1190.35
08-01-2026,SKU-071,Product 71,41,41.39,1696.99
19-03-2026,SKU-099,Product 99,13,48.68,632.84
08-11-2025,SKU-038,Product 38,15,30.86,462.9
01-07-2026,SKU-091,Product 91,34,12.64,429.76
08-08-2025,SKU-053,Product 53,27,11.29,304.83
16-08-2025,SKU-068,Product 68,15,65.88,988.2
29-07-2026,SKU-063,Product 63,11,85.06,935.66
21-09-2025,SKU-067,Product 67,4,99.67,398.68
20-02-2025,SKU-002,Product 2,16,116.06,1856.96
06-01-2026,SKU-050,Product 50,43,42.38,1822.34
06-03-2025,SKU-099,Product 99,3,48.68,146.04
12-07-2025,SKU-075,Product 75,9,13.71,123.39
10-01-2025,SKU-025,Product 25,6,126.63,759.78
27-01-2025,SKU-039,Product 39,7,9.81,68.67
08-07-2026,SKU-037,Product 37,54,83.51,4509.54
28-05-2025,SKU-085,Product 85,22,53.4,1174.8
15-05-2026,SKU-076,Product 76,32,5.46,174.72
06-07-2025,SKU-067,Product 67,13,99.67,1295.71
05-01-2025,SKU-005,Product 5,6,112.77,676.62
05-04-2025,SKU-079,Product 79,10,39.06,390.6
22-02-2025,SKU-072,Product 72,13,108.25,1407.25
08-10-2025,SKU-065,Product 65,19,29.77,565.63
12-04-2025,SKU-086,Product 86,6,117.55,705.3
02-07-2026,SKU-056,Product 56,26,140.51,3653.26
11-09-2025,SKU-003,Product 3,6,70.92,425.52
18-05-2025,SKU-090,Product 90,25,41.98,1049.5
07-07-2025,SKU-056,Product 56,25,140.51,3512.75
18-05-2026,SKU-087,Product 87,21,123.31,2589.51
01-06-2026,SKU-035,Product 35,7,42.05,294.35
05-07-2025,SKU-075,Product 75,25,13.71,342.75
16-07-2026,SKU-033,Product 33,47,53.43,2511.21
04-04-2026,SKU-024,Product 24,50,109.76,5488
21-06-2025,SKU-062,Product 62,26,40.67,1057.42
13-04-2026,SKU-078,Product 78,34,23.81,809.54
03-07-2025,SKU-035,Product 35,29,42.05,1219.45
08-06-2025,SKU-099,Product 99,25,48.68,1217
01-02-2025,SKU-064,Product 64,12,117.63,1411.56
14-01-2026,SKU-033,Product 33,38,53.43,2030.34
22-05-2026,SKU-033,Product 33,3,53.43,160.29
12-03-2026,SKU-043,Product 43,32,124.39,3980.48
17-04-2026,SKU-058,Product 58,13,122.59,1593.67
01-07-2025,SKU-089,Product 89,11,62.65,689.15
08-05-2026,SKU-067,Product 67,21,99.67,2093.07
11-08-2025,SKU-055,Product 55,32,53.76,1720.32
09-04-2026,SKU-063,Product 63,44,85.06,3742.64
02-09-2025,SKU-013,Product 13,29,106.67,3093.43
22-05-2026,SKU-042,Product 42,7,42.29,296.03
13-07-2025,SKU-067,Product 67,6,99.67,598.02
07-02-2025,SKU-007,Product 7,15,81.18,1217.7
12-12-2025,SKU-034,Product 34,2,133.9,267.8
27-01-2026,SKU-029,Product 29,24,43.36,1040.64
09-05-2026,SKU-100,Product 100,46,56.59,2603.14
25-05-2026,SKU-042,Product 42,7,42.29,296.03
01-04-2025,SKU-052,Product 52,8,79.76,638.08
27-01-2025,SKU-041,Product 41,1,33.9,33.9
07-07-2025,SKU-048,Product 48,1,18.02,18.02
27-06-2026,SKU-096,Product 96,53,57.25,3034.25
16-12-2025,SKU-022,Product 22,39,59.25,2310.75
09-06-2025,SKU-046,Product 46,5,105.52,527.6
05-12-2025,SKU-009,Product 9,19,33.35,633.65
09-06-2026,SKU-006,Product 6,14,16.92,236.88
12-06-2025,SKU-050,Product 50,16,42.38,678.08
28-03-2025,SKU-072,Product 72,1,108.25,108.25
16-03-2025,SKU-073,Product 73,13,120.54,1567.02
22-05-2025,SKU-066,Product 66,24,50.43,1210.32
29-05-2026,SKU-091,Product 91,18,12.64,227.52
07-05-2026,SKU-099,Product 99,21,48.68,1022.28
07-04-2025,SKU-086,Product 86,2,117.55,235.1
21-06-2026,SKU-025,Product 25,3,126.63,379.89
07-10-2025,SKU-025,Product 25,36,126.63,4558.68
25-02-2025,SKU-076,Product 76,2,5.46,10.92
03-03-2026,SKU-048,Product 48,3,18.02,54.06
20-12-2025,SKU-032,Product 32,2,97.86,195.72
16-05-2025,SKU-051,Product 51,1,104.22,104.22
22-09-2025,SKU-076,Product 76,16,5.46,87.36
17-02-2026,SKU-021,Product 21,12,71.49,857.88
12-07-2025,SKU-045,Product 45,15,80.28,1204.2
01-07-2025,SKU-010,Product 10,23,84.95,1953.85
12-03-2026,SKU-029,Product 29,45,43.36,1951.2
29-07-2026,SKU-086,Product 86,59,117.55,6935.45
20-01-2026,SKU-072,Product 72,35,108.25,3788.75
24-03-2026,SKU-074,Product 74,26,102.79,2672.54
18-02-2025,SKU-011,Product 11,16,77.13,1234.08
31-10-2025,SKU-065,Product 65,36,29.77,1071.72
04-01-2025,SKU-039,Product 39,1,9.81,9.81
29-10-2025,SKU-086,Product 86,2,117.55,235.1
12-10-2025,SKU-031,Product 31,12,52.96,635.52
09-04-2026,SKU-095,Product 95,3,77.08,231.24
02-06-2026,SKU-077,Product 77,40,62.14,2485.6
22-02-2025,SKU-100,Product 100,15,56.59,848.85
23-06-2025,SKU-048,Product 48,17,18.02,306.34
24-09-2025,SKU-007,Product 7,11,81.18,892.98
22-02-2026,SKU-088,Product 88,38,65.71,2496.98
07-05-2026,SKU-041,Product 41,10,33.9,339
02-05-2025,SKU-013,Product 13,9,106.67,960.03
27-04-2025,SKU-034,Product 34,20,133.9,2678
20-01-2025,SKU-061,Product 61,9,141.95,1277.55
18-10-2025,SKU-085,Product 85,17,53.4,907.8
03-06-2026,SKU-062,Product 62,44,40.67,1789.48
13-02-2026,SKU-010,Product 10,3,84.95,254.85
19-03-2025,SKU-008,Product 8,16,38.61,617.76
18-05-2026,SKU-010,Product 10,50,84.95,4247.5
22-03-2025,SKU-023,Product 23,14,129.88,1818.32
04-07-2026,SKU-063,Product 63,15,85.06,1275.9
11-06-2026,SKU-064,Product 64,52,117.63,6116.76
23-09-2025,SKU-088,Product 88,16,65.71,1051.36
13-05-2026,SKU-016,Product 16,10,128.07,1280.7
27-09-2025,SKU-033,Product 33,28,53.43,1496.04
16-11-2025,SKU-007,Product 7,29,81.18,2354.22
26-02-2025,SKU-025,Product 25,11,126.63,1392.93
16-02-2025,SKU-004,Product 4,1,70.1,70.1
20-03-2026,SKU-052,Product 52,16,79.76,1276.16
21-05-2025,SKU-021,Product 21,25,71.49,1787.25
22-08-2025,SKU-084,Product 84,4,108.64,434.56
30-07-2026,SKU-087,Product 87,11,123.31,1356.41
02-03-2026,SKU-050,Product 50,16,42.38,678.08
25-06-2025,SKU-091,Product 91,17,12.64,214.88
15-06-2025,SKU-089,Product 89,26,62.65,1628.9
21-12-2025,SKU-015,Product 15,36,98.54,3547.44
05-07-2025,SKU-083,Product 83,21,134.11,2816.31
11-03-2025,SKU-096,Product 96,2,57.25,114.5
09-06-2026,SKU-040,Product 40,37,20.93,774.41
14-03-2026,SKU-048,Product 48,26,18.02,468.52
09-01-2025,SKU-080,Product 80,10,14.32,143.2
05-09-2025,SKU-054,Product 54,9,85.15,766.35
03-10-2025,SKU-028,Product 28,21,68.24,1433.04
06-09-2025,SKU-034,Product 34,4,133.9,535.6
14-07-2025,SKU-038,Product 38,4,30.86,123.44
12-07-2026,SKU-074,Product 74,19,102.79,1953.01
08-10-2025,SKU-097,Product 97,29,45.27,1312.83
21-11-2025,SKU-042,Product 42,26,42.29,1099.54
29-07-2026,SKU-096,Product 96,47,57.25,2690.75
12-04-2026,SKU-018,Product 18,6,89.39,536.34
06-06-2026,SKU-003,Product 3,25,70.92,1773
26-04-2026,SKU-030,Product 30,48,117.66,5647.68
22-08-2025,SKU-032,Product 32,15,97.86,1467.9
27-10-2025,SKU-043,Product 43,10,124.39,1243.9
24-04-2025,SKU-017,Product 17,17,88.02,1496.34
25-10-2025,SKU-057,Product 57,38,27.94,1061.72
10-09-2025,SKU-029,Product 29,20,43.36,867.2
03-06-2026,SKU-091,Product 91,7,12.64,88.48
22-02-2026,SKU-004,Product 4,38,70.1,2663.8
09-09-2025,SKU-063,Product 63,4,85.06,340.24
06-04-2025,SKU-017,Product 17,4,88.02,352.08
04-08-2025,SKU-024,Product 24,10,109.76,1097.6
13-06-2025,SKU-053,Product 53,3,11.29,33.87
18-10-2025,SKU-093,Product 93,37,41.04,1518.48
07-06-2026,SKU-048,Product 48,55,18.02,991.1
09-03-2025,SKU-002,Product 2,20,116.06,2321.2
12-10-2025,SKU-001,Product 1,32,133.59,4274.88
25-02-2025,SKU-010,Product 10,5,84.95,424.75
20-07-2026,SKU-038,Product 38,55,30.86,1697.3
29-04-2026,SKU-021,Product 21,31,71.49,2216.19
21-11-2025,SKU-078,Product 78,2,23.81,47.62
01-02-2025,SKU-039,Product 39,6,9.81,58.86
08-05-2026,SKU-094,Product 94,42,25.25,1060.5
30-11-2025,SKU-010,Product 10,32,84.95,2718.4
17-02-2025,SKU-096,Product 96,1,57.25,57.25
03-02-2025,SKU-006,Product 6,7,16.92,118.44
01-07-2026,SKU-062,Product 62,49,40.67,1992.83
23-04-2025,SKU-055,Product 55,17,53.76,913.92
22-01-2025,SKU-054,Product 54,12,85.15,1021.8
20-02-2026,SKU-039,Product 39,47,9.81,461.07
26-04-2026,SKU-020,Product 20,31,89.85,2785.35
19-08-2025,SKU-014,Product 14,24,51.74,1241.76
13-09-2025,SKU-043,Product 43,2,124.39,248.78
31-01-2026,SKU-042,Product 42,3,42.29,126.87
11-05-2025,SKU-019,Product 19,13,83.88,1090.44
31-08-2025,SKU-019,Product 19,18,83.88,1509.84
06-02-2025,SKU-078,Product 78,3,23.81,71.43
10-02-2026,SKU-086,Product 86,31,117.55,3644.05
14-06-2026,SKU-054,Product 54,45,85.15,3831.75
05-12-2025,SKU-042,Product 42,35,42.29,1480.15
15-06-2025,SKU-030,Product 30,18,117.66,2117.88
18-08-2025,SKU-052,Product 52,30,79.76,2392.8
14-07-2026,SKU-018,Product 18,3,89.39,268.17
25-01-2025,SKU-048,Product 48,3,18.02,54.06
21-05-2025,SKU-078,Product 78,8,23.81,190.48
29-10-2025,SKU-094,Product 94,30,25.25,757.5
25-02-2026,SKU-011,Product 11,35,77.13,2699.55
09-06-2026,SKU-023,Product 23,52,129.88,6753.76
29-04-2025,SKU-018,Product 18,14,89.39,1251.46
07-11-2025,SKU-009,Product 9,13,33.35,433.55
08-02-2026,SKU-005,Product 5,40,112.77,4510.8
17-12-2025,SKU-030,Product 30,22,117.66,2588.52
23-07-2026,SKU-046,Product 46,27,105.52,2849.04
28-12-2025,SKU-031,Product 31,34,52.96,1800.64
14-07-2026,SKU-076,Product 76,58,5.46,316.68
02-05-2026,SKU-029,Product 29,24,43.36,1040.64
09-04-2025,SKU-070,Product 70,16,38.61,617.76
14-11-2025,SKU-078,Product 78,7,23.81,166.67
17-06-2025,SKU-096,Product 96,13,57.25,744.25
06-07-2026,SKU-015,Product 15,34,98.54,3350.36
08-03-2025,SKU-050,Product 50,20,42.38,847.6
07-03-2026,SKU-021,Product 21,16,71.49,1143.84
15-05-2026,SKU-100,Product 100,50,56.59,2829.5
05-07-2025,SKU-015,Product 15,1,98.54,98.54
26-02-2025,SKU-096,Product 96,14,57.25,801.5
26-05-2025,SKU-081,Product 81,19,66.67,1266.73
15-09-2025,SKU-053,Product 53,2,11.29,22.58
22-02-2025,SKU-061,Product 61,15,141.95,2129.25
08-09-2025,SKU-016,Product 16,27,128.07,3457.89
04-02-2025,SKU-018,Product 18,12,89.39,1072.68
11-03-2025,SKU-068,Product 68,16,65.88,1054.08
16-03-2026,SKU-026,Product 26,13,66.33,862.29
17-02-2026,SKU-025,Product 25,21,126.63,2659.23
21-06-2025,SKU-081,Product 81,24,66.67,1600.08
05-06-2025,SKU-027,Product 27,18,15.58,280.44
15-05-2025,SKU-098,Product 98,10,5.2,52
30-07-2026,SKU-026,Product 26,35,66.33,2321.55
13-05-2026,SKU-097,Product 97,25,45.27,1131.75
01-05-2025,SKU-042,Product 42,16,42.29,676.64
23-05-2026,SKU-006,Product 6,10,16.92,169.2
03-07-2026,SKU-058,Product 58,34,122.59,4168.06
25-04-2026,SKU-070,Product 70,10,38.61,386.1
26-10-2025,SKU-034,Product 34,5,133.9,669.5
30-07-2026,SKU-085,Product 85,31,53.4,1655.4
26-02-2026,SKU-065,Product 65,44,29.77,1309.88
18-07-2026,SKU-003,Product 3,27,70.92,1914.84
10-08-2025,SKU-016,Product 16,8,128.07,1024.56
18-12-2025,SKU-039,Product 39,39,9.81,382.59
07-09-2025,SKU-053,Product 53,9,11.29,101.61
14-06-2025,SKU-050,Product 50,9,42.38,381.42
11-02-2025,SKU-075,Product 75,4,13.71,54.84
19-09-2025,SKU-069,Product 69,9,113.3,1019.7
19-03-2025,SKU-054,Product 54,2,85.15,170.3
21-03-2025,SKU-034,Product 34,9,133.9,1205.1
10-04-2026,SKU-092,Product 92,6,131.65,789.9
15-04-2025,SKU-018,Product 18,7,89.39,625.73
20-10-2025,SKU-068,Product 68,5,65.88,329.4
01-05-2026,SKU-045,Product 45,28,80.28,2247.84
07-08-2025,SKU-085,Product 85,29,53.4,1548.6
16-10-2025,SKU-093,Product 93,34,41.04,1395.36
07-03-2026,SKU-046,Product 46,25,105.52,2638
11-06-2025,SKU-079,Product 79,14,39.06,546.84
05-03-2026,SKU-018,Product 18,35,89.39,3128.65
24-06-2025,SKU-037,Product 37,26,83.51,2171.26
08-11-2025,SKU-009,Product 9,18,33.35,600.3
30-09-2025,SKU-053,Product 53,26,11.29,293.54
16-04-2026,SKU-057,Product 57,37,27.94,1033.78
11-03-2025,SKU-071,Product 71,19,41.39,786.41
05-11-2025,SKU-084,Product 84,23,108.64,2498.72
27-12-2025,SKU-043,Product 43,25,124.39,3109.75
22-06-2026,SKU-063,Product 63,26,85.06,2211.56
05-01-2026,SKU-012,Product 12,11,112.29,1235.19
10-10-2025,SKU-005,Product 5,24,112.77,2706.48
14-08-2025,SKU-039,Product 39,15,9.81,147.15
24-04-2026,SKU-078,Product 78,17,23.81,404.77
08-03-2026,SKU-063,Product 63,48,85.06,4082.88
22-11-2025,SKU-069,Product 69,24,113.3,2719.2
04-05-2026,SKU-066,Product 66,53,50.43,2672.79
01-06-2025,SKU-045,Product 45,19,80.28,1525.32
17-05-2026,SKU-038,Product 38,28,30.86,864.08
16-04-2025,SKU-024,Product 24,12,109.76,1317.12
01-03-2026,SKU-011,Product 11,12,77.13,925.56
03-07-2025,SKU-058,Product 58,27,122.59,3309.93
23-12-2025,SKU-059,Product 59,37,143.98,5327.26
27-11-2025,SKU-069,Product 69,5,113.3,566.5
15-05-2026,SKU-100,Product 100,14,56.59,792.26
02-03-2025,SKU-045,Product 45,5,80.28,401.4
16-06-2025,SKU-029,Product 29,5,43.36,216.8
24-01-2025,SKU-016,Product 16,5,128.07,640.35
19-05-2025,SKU-005,Product 5,24,112.77,2706.48
18-04-2025,SKU-075,Product 75,17,13.71,233.07
23-11-2025,SKU-085,Product 85,16,53.4,854.4
02-06-2026,SKU-029,Product 29,7,43.36,303.52
24-05-2025,SKU-074,Product 74,12,102.79,1233.48
26-01-2026,SKU-036,Product 36,21,130.42,2738.82
07-03-2026,SKU-091,Product 91,35,12.64,442.4
11-05-2025,SKU-030,Product 30,18,117.66,2117.88
06-08-2025,SKU-090,Product 90,12,41.98,503.76
11-09-2025,SKU-012,Product 12,16,112.29,1796.64
14-05-2025,SKU-076,Product 76,1,5.46,5.46
14-03-2025,SKU-100,Product 100,2,56.59,113.18
10-03-2025,SKU-018,Product 18,6,89.39,536.34
02-10-2025,SKU-072,Product 72,12,108.25,1299
14-07-2026,SKU-087,Product 87,15,123.31,1849.65
20-09-2025,SKU-026,Product 26,11,66.33,729.63
04-12-2025,SKU-012,Product 12,16,112.29,1796.64
21-01-2025,SKU-079,Product 79,13,39.06,507.78
08-08-2025,SKU-081,Product 81,27,66.67,1800.09
22-11-2025,SKU-066,Product 66,5,50.43,252.15
23-03-2025,SKU-061,Product 61,8,141.95,1135.6
31-12-2025,SKU-076,Product 76,20,5.46,109.2
10-01-2025,SKU-013,Product 13,8,106.67,853.36
13-05-2026,SKU-003,Product 3,17,70.92,1205.64
02-11-2025,SKU-003,Product 3,23,70.92,1631.16
23-05-2025,SKU-094,Product 94,26,25.25,656.5
08-06-2026,SKU-065,Product 65,37,29.77,1101.49
07-11-2025,SKU-066,Product 66,26,50.43,1311.18
03-10-2025,SKU-035,Product 35,4,42.05,168.2
04-05-2025,SKU-025,Product 25,8,126.63,1013.04
29-11-2025,SKU-065,Product 65,21,29.77,625.17
08-08-2025,SKU-071,Product 71,4,41.39,165.56
07-05-2026,SKU-091,Product 91,53,12.64,669.92
22-05-2026,SKU-078,Product 78,3,23.81,71.43
26-11-2025,SKU-026,Product 26,21,66.33,1392.93
10-07-2025,SKU-058,Product 58,5,122.59,612.95
17-07-2025,SKU-053,Product 53,4,11.29,45.16
27-05-2026,SKU-012,Product 12,14,112.29,1572.06
07-05-2025,SKU-019,Product 19,14,83.88,1174.32
26-03-2026,SKU-043,Product 43,43,124.39,5348.77
25-02-2026,SKU-086,Product 86,31,117.55,3644.05
28-06-2025,SKU-067,Product 67,13,99.67,1295.71
13-04-2026,SKU-059,Product 59,3,143.98,431.94
06-01-2025,SKU-024,Product 24,7,109.76,768.32
16-10-2025,SKU-029,Product 29,14,43.36,607.04
14-12-2025,SKU-012,Product 12,30,112.29,3368.7
11-05-2026,SKU-024,Product 24,17,109.76,1865.92
24-06-2025,SKU-039,Product 39,1,9.81,9.81
20-04-2026,SKU-059,Product 59,41,143.98,5903.18
20-01-2025,SKU-023,Product 23,4,129.88,519.52
12-12-2025,SKU-085,Product 85,33,53.4,1762.2
07-05-2025,SKU-003,Product 3,16,70.92,1134.72
26-02-2026,SKU-096,Product 96,6,57.25,343.5
07-05-2025,SKU-011,Product 11,8,77.13,617.04
17-04-2025,SKU-030,Product 30,1,117.66,117.66
05-09-2025,SKU-044,Product 44,20,14.73,294.6
19-03-2026,SKU-089,Product 89,29,62.65,1816.85
20-08-2025,SKU-039,Product 39,17,9.81,166.77
06-07-2025,SKU-054,Product 54,19,85.15,1617.85
27-06-2025,SKU-028,Product 28,23,68.24,1569.52
07-05-2026,SKU-091,Product 91,46,12.64,581.44
13-05-2026,SKU-021,Product 21,3,71.49,214.47
11-01-2025,SKU-091,Product 91,6,12.64,75.84
11-03-2026,SKU-080,Product 80,26,14.32,372.32
08-04-2025,SKU-041,Product 41,7,33.9,237.3
31-01-2025,SKU-041,Product 41,8,33.9,271.2
03-11-2025,SKU-008,Product 8,18,38.61,694.98
05-08-2025,SKU-034,Product 34,2,133.9,267.8
10-07-2026,SKU-022,Product 22,27,59.25,1599.75
19-09-2025,SKU-077,Product 77,32,62.14,1988.48
26-06-2026,SKU-095,Product 95,26,77.08,2004.08
08-11-2025,SKU-082,Product 82,5,82.39,411.95
29-05-2025,SKU-072,Product 72,12,108.25,1299
14-12-2025,SKU-086,Product 86,39,117.55,4584.45
16-02-2025,SKU-074,Product 74,11,102.79,1130.69
20-11-2025,SKU-062,Product 62,29,40.67,1179.43
04-07-2026,SKU-059,Product 59,23,143.98,3311.54
06-12-2025,SKU-036,Product 36,22,130.42,2869.24
29-07-2025,SKU-013,Product 13,29,106.67,3093.43
11-05-2025,SKU-016,Product 16,23,128.07,2945.61
06-01-2025,SKU-087,Product 87,15,123.31,1849.65
03-05-2026,SKU-019,Product 19,17,83.88,1425.96
23-02-2025,SKU-055,Product 55,6,53.76,322.56
19-06-2026,SKU-069,Product 69,22,113.3,2492.6
01-01-2026,SKU-024,Product 24,23,109.76,2524.48
04-12-2025,SKU-050,Product 50,30,42.38,1271.4
29-01-2025,SKU-096,Product 96,5,57.25,286.25
03-11-2025,SKU-094,Product 94,33,25.25,833.25
03-01-2025,SKU-031,Product 31,10,52.96,529.6
21-07-2025,SKU-084,Product 84,20,108.64,2172.8
24-06-2025,SKU-001,Product 1,5,133.59,667.95
28-03-2026,SKU-098,Product 98,20,5.2,104
17-04-2026,SKU-046,Product 46,37,105.52,3904.24
27-02-2025,SKU-054,Product 54,18,85.15,1532.7
29-01-2025,SKU-003,Product 3,2,70.92,141.84
10-05-2026,SKU-039,Product 39,32,9.81,313.92
06-06-2026,SKU-084,Product 84,33,108.64,3585.12
18-04-2026,SKU-010,Product 10,10,84.95,849.5
03-03-2025,SKU-035,Product 35,13,42.05,546.65
23-02-2026,SKU-025,Product 25,12,126.63,1519.56
04-06-2026,SKU-044,Product 44,55,14.73,810.15
16-03-2025,SKU-092,Product 92,12,131.65,1579.8
22-03-2026,SKU-054,Product 54,23,85.15,1958.45
01-10-2025,SKU-087,Product 87,36,123.31,4439.16
09-05-2026,SKU-043,Product 43,10,124.39,1243.9
22-05-2025,SKU-064,Product 64,19,117.63,2234.97
30-01-2026,SKU-052,Product 52,18,79.76,1435.68
13-06-2025,SKU-041,Product 41,5,33.9,169.5
10-12-2025,SKU-005,Product 5,33,112.77,3721.41
17-05-2026,SKU-096,Product 96,18,57.25,1030.5
03-11-2025,SKU-008,Product 8,38,38.61,1467.18
16-01-2025,SKU-100,Product 100,2,56.59,113.18
29-05-2026,SKU-044,Product 44,22,14.73,324.06
03-02-2025,SKU-056,Product 56,4,140.51,562.04
14-09-2025,SKU-017,Product 17,16,88.02,1408.32
26-02-2026,SKU-099,Product 99,19,48.68,924.92
12-07-2025,SKU-048,Product 48,11,18.02,198.22
06-01-2025,SKU-055,Product 55,5,53.76,268.8
09-08-2025,SKU-037,Product 37,23,83.51,1920.73
04-06-2025,SKU-071,Product 71,27,41.39,1117.53
02-10-2025,SKU-053,Product 53,24,11.29,270.96
15-05-2025,SKU-047,Product 47,13,38.43,499.59
14-10-2025,SKU-020,Product 20,32,89.85,2875.2
21-12-2025,SKU-066,Product 66,14,50.43,706.02
19-12-2025,SKU-073,Product 73,19,120.54,2290.26
15-05-2026,SKU-003,Product 3,39,70.92,2765.88
10-09-2025,SKU-060,Product 60,11,70.14,771.54
30-04-2026,SKU-059,Product 59,35,143.98,5039.3
13-01-2025,SKU-048,Product 48,5,18.02,90.1
20-05-2026,SKU-074,Product 74,43,102.79,4419.97
25-07-2026,SKU-081,Product 81,23,66.67,1533.41
02-08-2025,SKU-090,Product 90,2,41.98,83.96
30-09-2025,SKU-098,Product 98,36,5.2,187.2
04-01-2026,SKU-070,Product 70,14,38.61,540.54
07-06-2025,SKU-027,Product 27,25,15.58,389.5
12-05-2025,SKU-042,Product 42,6,42.29,253.74
27-08-2025,SKU-059,Product 59,24,143.98,3455.52
08-04-2026,SKU-003,Product 3,40,70.92,2836.8
19-06-2026,SKU-013,Product 13,52,106.67,5546.84
20-11-2025,SKU-023,Product 23,18,129.88,2337.84
24-06-2026,SKU-023,Product 23,34,129.88,4415.92
02-11-2025,SKU-084,Product 84,15,108.64,1629.6
17-01-2025,SKU-008,Product 8,2,38.61,77.22
23-07-2026,SKU-074,Product 74,39,102.79,4008.81
07-04-2025,SKU-040,Product 40,14,20.93,293.02
29-09-2025,SKU-029,Product 29,26,43.36,1127.36
23-04-2026,SKU-017,Product 17,24,88.02,2112.48
26-02-2026,SKU-079,Product 79,44,39.06,1718.64
01-07-2025,SKU-006,Product 6,23,16.92,389.16
09-01-2026,SKU-040,Product 40,8,20.93,167.44
14-02-2025,SKU-014,Product 14,13,51.74,672.62
19-09-2025,SKU-017,Product 17,11,88.02,968.22
11-02-2026,SKU-065,Product 65,27,29.77,803.79
24-10-2025,SKU-060,Product 60,5,70.14,350.7
27-01-2025,SKU-038,Product 38,9,30.86,277.74
30-05-2026,SKU-077,Product 77,44,62.14,2734.16
25-09-2025,SKU-040,Product 40,14,20.93,293.02
24-03-2025,SKU-028,Product 28,8,68.24,545.92
25-11-2025,SKU-083,Product 83,13,134.11,1743.43
26-07-2025,SKU-078,Product 78,2,23.81,47.62
29-06-2026,SKU-003,Product 3,49,70.92,3475.08
25-06-2026,SKU-099,Product 99,34,48.68,1655.12
27-06-2025,SKU-067,Product 67,11,99.67,1096.37
29-11-2025,SKU-087,Product 87,38,123.31,4685.78
06-08-2025,SKU-099,Product 99,17,48.68,827.56
27-03-2026,SKU-096,Product 96,30,57.25,1717.5
01-04-2025,SKU-030,Product 30,10,117.66,1176.6
25-12-2025,SKU-084,Product 84,22,108.64,2390.08
25-12-2025,SKU-068,Product 68,25,65.88,1647
07-04-2025,SKU-018,Product 18,8,89.39,715.12
06-05-2025,SKU-044,Product 44,19,14.73,279.87
30-12-2025,SKU-081,Product 81,5,66.67,333.35
21-09-2025,SKU-066,Product 66,23,50.43,1159.89
25-10-2025,SKU-001,Product 1,38,133.59,5076.42
08-02-2026,SKU-095,Product 95,6,77.08,462.48
01-05-2025,SKU-011,Product 11,11,77.13,848.43
14-07-2025,SKU-054,Product 54,22,85.15,1873.3
04-06-2025,SKU-058,Product 58,18,122.59,2206.62
15-06-2025,SKU-058,Product 58,5,122.59,612.95
21-02-2026,SKU-096,Product 96,6,57.25,343.5
06-11-2025,SKU-007,Product 7,5,81.18,405.9
03-01-2025,SKU-026,Product 26,8,66.33,530.64
22-04-2026,SKU-078,Product 78,20,23.81,476.2
09-02-2025,SKU-062,Product 62,10,40.67,406.7
01-11-2025,SKU-024,Product 24,38,109.76,4170.88
06-04-2026,SKU-085,Product 85,27,53.4,1441.8
18-10-2025,SKU-007,Product 7,32,81.18,2597.76
10-01-2026,SKU-057,Product 57,14,27.94,391.16
04-07-2026,SKU-043,Product 43,19,124.39,2363.41
29-04-2026,SKU-012,Product 12,52,112.29,5839.08
14-03-2025,SKU-005,Product 5,8,112.77,902.16
21-07-2026,SKU-003,Product 3,11,70.92,780.12
18-11-2025,SKU-066,Product 66,29,50.43,1462.47
24-06-2026,SKU-071,Product 71,38,41.39,1572.82
15-08-2025,SKU-046,Product 46,28,105.52,2954.56
15-06-2025,SKU-099,Product 99,1,48.68,48.68
22-07-2025,SKU-074,Product 74,4,102.79,411.16
18-07-2026,SKU-037,Product 37,35,83.51,2922.85
27-07-2026,SKU-035,Product 35,55,42.05,2312.75
09-02-2026,SKU-023,Product 23,12,129.88,1558.56
12-09-2025,SKU-069,Product 69,13,113.3,1472.9
10-03-2025,SKU-081,Product 81,18,66.67,1200.06
01-05-2025,SKU-050,Product 50,22,42.38,932.36
08-03-2025,SKU-097,Product 97,16,45.27,724.32
16-07-2026,SKU-025,Product 25,31,126.63,3925.53
03-01-2025,SKU-052,Product 52,5,79.76,398.8
13-06-2025,SKU-035,Product 35,7,42.05,294.35
10-04-2026,SKU-055,Product 55,6,53.76,322.56
15-01-2025,SKU-051,Product 51,10,104.22,1042.2
11-03-2025,SKU-087,Product 87,4,123.31,493.24
15-01-2025,SKU-043,Product 43,3,124.39,373.17
08-08-2025,SKU-005,Product 5,8,112.77,902.16
07-03-2026,SKU-075,Product 75,9,13.71,123.39
18-12-2025,SKU-009,Product 9,31,33.35,1033.85
01-03-2025,SKU-008,Product 8,15,38.61,579.15
01-04-2026,SKU-073,Product 73,16,120.54,1928.64
07-05-2026,SKU-025,Product 25,46,126.63,5824.98
04-10-2025,SKU-071,Product 71,12,41.39,496.68
28-04-2026,SKU-088,Product 88,28,65.71,1839.88
25-10-2025,SKU-053,Product 53,22,11.29,248.38
12-07-2025,SKU-043,Product 43,19,124.39,2363.41
07-08-2025,SKU-041,Product 41,27,33.9,915.3
09-05-2026,SKU-032,Product 32,39,97.86,3816.54
04-05-2026,SKU-054,Product 54,3,85.15,255.45
05-03-2025,SKU-091,Product 91,9,12.64,113.76
26-09-2025,SKU-035,Product 35,23,42.05,967.15
06-07-2025,SKU-099,Product 99,1,48.68,48.68
06-10-2025,SKU-100,Product 100,29,56.59,1641.11
11-02-2026,SKU-081,Product 81,31,66.67,2066.77
03-11-2025,SKU-078,Product 78,23,23.81,547.63
13-02-2025,SKU-073,Product 73,13,120.54,1567.02
30-05-2025,SKU-073,Product 73,8,120.54,964.32
17-06-2026,SKU-036,Product 36,15,130.42,1956.3
13-11-2025,SKU-084,Product 84,39,108.64,4236.96
08-07-2026,SKU-060,Product 60,58,70.14,4068.12
04-02-2025,SKU-090,Product 90,1,41.98,41.98
07-09-2025,SKU-017,Product 17,34,88.02,2992.68
24-12-2025,SKU-048,Product 48,14,18.02,252.28
02-01-2026,SKU-069,Product 69,14,113.3,1586.2
21-02-2026,SKU-072,Product 72,44,108.25,4763
02-09-2025,SKU-023,Product 23,4,129.88,519.52
24-01-2026,SKU-079,Product 79,39,39.06,1523.34
27-04-2025,SKU-025,Product 25,20,126.63,2532.6
26-03-2026,SKU-004,Product 4,10,70.1,701
31-03-2025,SKU-032,Product 32,10,97.86,978.6
29-12-2025,SKU-031,Product 31,11,52.96,582.56
04-02-2026,SKU-038,Product 38,12,30.86,370.32
22-08-2025,SKU-013,Product 13,4,106.67,426.68
14-09-2025,SKU-017,Product 17,9,88.02,792.18
16-10-2025,SKU-049,Product 49,14,6.44,90.16
18-04-2025,SKU-003,Product 3,15,70.92,1063.8
19-05-2026,SKU-010,Product 10,46,84.95,3907.7
12-05-2025,SKU-069,Product 69,16,113.3,1812.8
12-02-2025,SKU-097,Product 97,12,45.27,543.24
17-12-2025,SKU-005,Product 5,22,112.77,2480.94
14-03-2026,SKU-011,Product 11,3,77.13,231.39
03-05-2025,SKU-001,Product 1,6,133.59,801.54
11-07-2026,SKU-018,Product 18,23,89.39,2055.97
24-02-2025,SKU-097,Product 97,8,45.27,362.16
31-01-2026,SKU-004,Product 4,3,70.1,210.3
14-07-2025,SKU-082,Product 82,14,82.39,1153.46
01-01-2025,SKU-100,Product 100,5,56.59,282.95
13-09-2025,SKU-056,Product 56,13,140.51,1826.63
03-06-2026,SKU-078,Product 78,33,23.81,785.73
04-05-2026,SKU-003,Product 3,21,70.92,1489.32
06-03-2026,SKU-063,Product 63,3,85.06,255.18
04-11-2025,SKU-070,Product 70,25,38.61,965.25
08-03-2026,SKU-054,Product 54,9,85.15,766.35
09-01-2025,SKU-046,Product 46,7,105.52,738.64
28-07-2025,SKU-078,Product 78,10,23.81,238.1
12-03-2025,SKU-035,Product 35,6,42.05,252.3
03-03-2026,SKU-095,Product 95,38,77.08,2929.04
25-10-2025,SKU-008,Product 8,27,38.61,1042.47
12-04-2026,SKU-076,Product 76,34,5.46,185.64
17-07-2026,SKU-058,Product 58,3,122.59,367.77
09-12-2025,SKU-084,Product 84,30,108.64,3259.2
25-06-2026,SKU-056,Product 56,41,140.51,5760.91
27-03-2025,SKU-018,Product 18,18,89.39,1609.02
24-01-2026,SKU-039,Product 39,12,9.81,117.72
23-01-2025,SKU-011,Product 11,2,77.13,154.26
07-04-2025,SKU-061,Product 61,22,141.95,3122.9
22-03-2026,SKU-079,Product 79,29,39.06,1132.74
29-07-2026,SKU-022,Product 22,43,59.25,2547.75
08-12-2025,SKU-080,Product 80,5,14.32,71.6
24-06-2025,SKU-100,Product 100,7,56.59,396.13
11-07-2026,SKU-067,Product 67,58,99.67,5780.86
01-02-2026,SKU-046,Product 46,45,105.52,4748.4
08-04-2026,SKU-092,Product 92,47,131.65,6187.55
10-09-2025,SKU-005,Product 5,30,112.77,3383.1
11-09-2025,SKU-072,Product 72,13,108.25,1407.25
27-05-2025,SKU-062,Product 62,15,40.67,610.05
15-01-2026,SKU-009,Product 9,44,33.35,1467.4
29-03-2026,SKU-079,Product 79,13,39.06,507.78
25-02-2025,SKU-088,Product 88,19,65.71,1248.49
28-11-2025,SKU-089,Product 89,32,62.65,2004.8
06-06-2025,SKU-037,Product 37,25,83.51,2087.75
25-04-2025,SKU-049,Product 49,4,6.44,25.76
06-02-2025,SKU-077,Product 77,10,62.14,621.4
31-05-2025,SKU-010,Product 10,19,84.95,1614.05
04-08-2025,SKU-079,Product 79,12,39.06,468.72
02-05-2026,SKU-066,Product 66,52,50.43,2622.36
01-05-2025,SKU-039,Product 39,21,9.81,206.01
19-05-2025,SKU-099,Product 99,18,48.68,876.24
20-01-2026,SKU-064,Product 64,11,117.63,1293.93
14-12-2025,SKU-072,Product 72,8,108.25,866
06-01-2026,SKU-079,Product 79,2,39.06,78.12
21-05-2025,SKU-044,Product 44,10,14.73,147.3
09-01-2025,SKU-055,Product 55,10,53.76,537.6
27-07-2026,SKU-084,Product 84,31,108.64,3367.84
01-05-2026,SKU-009,Product 9,49,33.35,1634.15
23-02-2025,SKU-024,Product 24,1,109.76,109.76
17-03-2026,SKU-049,Product 49,46,6.44,296.24
16-03-2025,SKU-090,Product 90,12,41.98,503.76
06-02-2026,SKU-010,Product 10,40,84.95,3398
05-08-2025,SKU-012,Product 12,27,112.29,3031.83
27-06-2025,SKU-023,Product 23,19,129.88,2467.72
04-04-2026,SKU-049,Product 49,37,6.44,238.28
17-07-2025,SKU-038,Product 38,22,30.86,678.92
01-05-2025,SKU-062,Product 62,8,40.67,325.36
11-10-2025,SKU-097,Product 97,2,45.27,90.54
06-04-2026,SKU-007,Product 7,37,81.18,3003.66
12-01-2026,SKU-093,Product 93,2,41.04,82.08
28-02-2025,SKU-012,Product 12,13,112.29,1459.77
13-01-2026,SKU-085,Product 85,8,53.4,427.2
20-11-2025,SKU-061,Product 61,26,141.95,3690.7
04-01-2026,SKU-081,Product 81,26,66.67,1733.42
01-01-2026,SKU-026,Product 26,14,66.33,928.62
23-08-2025,SKU-065,Product 65,24,29.77,714.48
25-05-2026,SKU-029,Product 29,36,43.36,1560.96
07-12-2025,SKU-097,Product 97,5,45.27,226.35
02-01-2025,SKU-017,Product 17,3,88.02,264.06
17-02-2026,SKU-065,Product 65,18,29.77,535.86
20-06-2025,SKU-021,Product 21,15,71.49,1072.35
17-02-2026,SKU-053,Product 53,15,11.29,169.35
16-07-2025,SKU-086,Product 86,8,117.55,940.4
07-03-2026,SKU-069,Product 69,42,113.3,4758.6
06-05-2026,SKU-039,Product 39,14,9.81,137.34
21-09-2025,SKU-002,Product 2,11,116.06,1276.66
20-04-2025,SKU-021,Product 21,3,71.49,214.47
28-03-2025,SKU-073,Product 73,21,120.54,2531.34
10-08-2025,SKU-093,Product 93,4,41.04,164.16
22-03-2026,SKU-087,Product 87,9,123.31,1109.79
20-12-2025,SKU-002,Product 2,2,116.06,232.12
22-06-2026,SKU-081,Product 81,30,66.67,2000.1
09-01-2026,SKU-070,Product 70,20,38.61,772.2
02-05-2025,SKU-099,Product 99,17,48.68,827.56
22-12-2025,SKU-020,Product 20,17,89.85,1527.45
22-01-2026,SKU-018,Product 18,18,89.39,1609.02
28-04-2026,SKU-076,Product 76,28,5.46,152.88
10-11-2025,SKU-055,Product 55,28,53.76,1505.28
21-06-2026,SKU-015,Product 15,56,98.54,5518.24
22-07-2026,SKU-090,Product 90,27,41.98,1133.46
22-06-2025,SKU-044,Product 44,26,14.73,382.98
21-03-2026,SKU-030,Product 30,33,117.66,3882.78
05-05-2025,SKU-067,Product 67,24,99.67,2392.08
02-11-2025,SKU-010,Product 10,18,84.95,1529.1
15-03-2025,SKU-013,Product 13,8,106.67,853.36
30-01-2025,SKU-058,Product 58,8,122.59,980.72
08-04-2026,SKU-025,Product 25,10,126.63,1266.3
09-05-2025,SKU-098,Product 98,14,5.2,72.8
01-01-2026,SKU-037,Product 37,5,83.51,417.55
19-01-2025,SKU-037,Product 37,5,83.51,417.55
15-01-2025,SKU-054,Product 54,6,85.15,510.9
10-05-2025,SKU-015,Product 15,21,98.54,2069.34
20-03-2026,SKU-041,Product 41,13,33.9,440.7
18-01-2025,SKU-094,Product 94,8,25.25,202
06-03-2025,SKU-077,Product 77,5,62.14,310.7
29-07-2025,SKU-085,Product 85,6,53.4,320.4
25-05-2026,SKU-036,Product 36,10,130.42,1304.2
15-05-2025,SKU-015,Product 15,1,98.54,98.54
19-06-2026,SKU-058,Product 58,3,122.59,367.77
16-04-2026,SKU-001,Product 1,27,133.59,3606.93
14-05-2026,SKU-015,Product 15,35,98.54,3448.9
22-04-2026,SKU-007,Product 7,27,81.18,2191.86
25-04-2025,SKU-015,Product 15,1,98.54,98.54
05-03-2026,SKU-059,Product 59,45,143.98,6479.1
07-04-2026,SKU-021,Product 21,20,71.49,1429.8
06-06-2025,SKU-077,Product 77,5,62.14,310.7
08-01-2025,SKU-091,Product 91,12,12.64,151.68
08-02-2026,SKU-097,Product 97,3,45.27,135.81
26-06-2026,SKU-079,Product 79,7,39.06,273.42
13-05-2025,SKU-098,Product 98,16,5.2,83.2
03-04-2025,SKU-049,Product 49,5,6.44,32.2
07-03-2026,SKU-063,Product 63,32,85.06,2721.92
02-08-2025,SKU-009,Product 9,8,33.35,266.8
14-04-2026,SKU-046,Product 46,20,105.52,2110.4
09-01-2026,SKU-048,Product 48,35,18.02,630.7
07-07-2025,SKU-030,Product 30,19,117.66,2235.54
19-06-2026,SKU-065,Product 65,37,29.77,1101.49
25-03-2025,SKU-060,Product 60,15,70.14,1052.1
11-05-2025,SKU-088,Product 88,11,65.71,722.81
22-01-2026,SKU-046,Product 46,45,105.52,4748.4
26-07-2025,SKU-029,Product 29,14,43.36,607.04
25-10-2025,SKU-065,Product 65,5,29.77,148.85
12-10-2025,SKU-070,Product 70,9,38.61,347.49
07-02-2025,SKU-028,Product 28,16,68.24,1091.84
01-11-2025,SKU-082,Product 82,10,82.39,823.9
19-05-2026,SKU-066,Product 66,50,50.43,2521.5
30-06-2025,SKU-041,Product 41,11,33.9,372.9
08-07-2025,SKU-081,Product 81,23,66.67,1533.41
11-09-2025,SKU-082,Product 82,16,82.39,1318.24
08-03-2025,SKU-068,Product 68,17,65.88,1119.96
17-01-2026,SKU-002,Product 2,23,116.06,2669.38
30-07-2025,SKU-086,Product 86,18,117.55,2115.9
22-08-2025,SKU-038,Product 38,28,30.86,864.08
04-04-2026,SKU-045,Product 45,40,80.28,3211.2
28-11-2025,SKU-060,Product 60,29,70.14,2034.06
16-04-2025,SKU-052,Product 52,21,79.76,1674.96
03-05-2026,SKU-035,Product 35,31,42.05,1303.55
26-05-2026,SKU-055,Product 55,3,53.76,161.28
01-09-2025,SKU-066,Product 66,20,50.43,1008.6
15-05-2026,SKU-034,Product 34,50,133.9,6695
15-05-2025,SKU-008,Product 8,20,38.61,772.2
11-05-2025,SKU-084,Product 84,20,108.64,2172.8
23-05-2026,SKU-073,Product 73,50,120.54,6027
25-09-2025,SKU-004,Product 4,26,70.1,1822.6
31-03-2025,SKU-009,Product 9,5,33.35,166.75
28-07-2026,SKU-076,Product 76,31,5.46,169.26
23-01-2026,SKU-067,Product 67,15,99.67,1495.05
09-01-2025,SKU-033,Product 33,13,53.43,694.59
09-05-2026,SKU-043,Product 43,53,124.39,6592.67
22-06-2026,SKU-082,Product 82,7,82.39,576.73
21-06-2025,SKU-098,Product 98,28,5.2,145.6
09-06-2026,SKU-059,Product 59,55,143.98,7918.9
25-03-2025,SKU-071,Product 71,1,41.39,41.39
06-03-2025,SKU-037,Product 37,13,83.51,1085.63
26-12-2025,SKU-080,Product 80,8,14.32,114.56
06-02-2026,SKU-035,Product 35,21,42.05,883.05
21-05-2026,SKU-033,Product 33,32,53.43,1709.76
05-06-2026,SKU-018,Product 18,51,89.39,4558.89
02-05-2025,SKU-099,Product 99,19,48.68,924.92
29-03-2025,SKU-016,Product 16,8,128.07,1024.56
22-05-2026,SKU-030,Product 30,7,117.66,823.62
03-11-2025,SKU-009,Product 9,2,33.35,66.7
08-04-2026,SKU-064,Product 64,10,117.63,1176.3
23-12-2025,SKU-085,Product 85,17,53.4,907.8
03-03-2026,SKU-043,Product 43,28,124.39,3482.92
10-03-2026,SKU-038,Product 38,3,30.86,92.58
08-04-2026,SKU-012,Product 12,23,112.29,2582.67
11-06-2026,SKU-001,Product 1,7,133.59,935.13
10-06-2026,SKU-046,Product 46,14,105.52,1477.28
16-10-2025,SKU-060,Product 60,2,70.14,140.28
27-09-2025,SKU-085,Product 85,14,53.4,747.6
12-07-2025,SKU-007,Product 7,7,81.18,568.26
07-06-2025,SKU-040,Product 40,12,20.93,251.16
01-07-2025,SKU-070,Product 70,11,38.61,424.71
20-10-2025,SKU-099,Product 99,32,48.68,1557.76
02-08-2025,SKU-015,Product 15,14,98.54,1379.56
23-04-2025,SKU-027,Product 27,11,15.58,171.38
28-10-2025,SKU-038,Product 38,15,30.86,462.9
30-07-2025,SKU-054,Product 54,27,85.15,2299.05
19-07-2026,SKU-002,Product 2,43,116.06,4990.58
24-01-2026,SKU-048,Product 48,9,18.02,162.18
01-07-2026,SKU-100,Product 100,7,56.59,396.13
07-09-2025,SKU-096,Product 96,2,57.25,114.5
06-05-2026,SKU-014,Product 14,49,51.74,2535.26
02-12-2025,SKU-038,Product 38,32,30.86,987.52
14-07-2025,SKU-028,Product 28,10,68.24,682.4
01-09-2025,SKU-037,Product 37,22,83.51,1837.22
23-04-2025,SKU-049,Product 49,6,6.44,38.64
09-06-2025,SKU-081,Product 81,14,66.67,933.38
10-02-2026,SKU-021,Product 21,12,71.49,857.88
11-03-2025,SKU-087,Product 87,20,123.31,2466.2
02-03-2025,SKU-085,Product 85,6,53.4,320.4
28-01-2026,SKU-017,Product 17,15,88.02,1320.3
04-02-2026,SKU-071,Product 71,15,41.39,620.85
19-03-2025,SKU-061,Product 61,9,141.95,1277.55
31-10-2025,SKU-021,Product 21,12,71.49,857.88
17-03-2026,SKU-071,Product 71,49,41.39,2028.11
14-09-2025,SKU-020,Product 20,20,89.85,1797
29-12-2025,SKU-098,Product 98,2,5.2,10.4
31-08-2025,SKU-065,Product 65,18,29.77,535.86
31-08-2025,SKU-046,Product 46,15,105.52,1582.8
20-05-2026,SKU-069,Product 69,54,113.3,6118.2
19-03-2026,SKU-099,Product 99,16,48.68,778.88
17-06-2026,SKU-086,Product 86,48,117.55,5642.4
24-03-2025,SKU-050,Product 50,7,42.38,296.66
27-02-2025,SKU-094,Product 94,10,25.25,252.5
18-05-2026,SKU-028,Product 28,10,68.24,682.4
21-05-2026,SKU-007,Product 7,18,81.18,1461.24
13-04-2025,SKU-015,Product 15,13,98.54,1281.02
27-10-2025,SKU-043,Product 43,28,124.39,3482.92
10-11-2025,SKU-047,Product 47,36,38.43,1383.48
05-05-2025,SKU-073,Product 73,18,120.54,2169.72
13-04-2025,SKU-065,Product 65,22,29.77,654.94
08-08-2025,SKU-014,Product 14,25,51.74,1293.5
29-10-2025,SKU-065,Product 65,15,29.77,446.55
30-04-2026,SKU-095,Product 95,28,77.08,2158.24
23-06-2026,SKU-062,Product 62,30,40.67,1220.1
20-10-2025,SKU-080,Product 80,27,14.32,386.64
28-06-2026,SKU-073,Product 73,22,120.54,2651.88
29-04-2025,SKU-038,Product 38,4,30.86,123.44
16-04-2026,SKU-090,Product 90,6,41.98,251.88
30-01-2025,SKU-051,Product 51,8,104.22,833.76
16-05-2026,SKU-079,Product 79,3,39.06,117.18
23-06-2025,SKU-026,Product 26,1,66.33,66.33
09-05-2025,SKU-043,Product 43,23,124.39,2860.97
03-06-2026,SKU-056,Product 56,18,140.51,2529.18
09-08-2025,SKU-016,Product 16,30,128.07,3842.1
22-06-2026,SKU-037,Product 37,22,83.51,1837.22
31-01-2026,SKU-065,Product 65,30,29.77,893.1
28-01-2025,SKU-093,Product 93,17,41.04,697.68
24-07-2026,SKU-075,Product 75,51,13.71,699.21
25-04-2026,SKU-048,Product 48,52,18.02,937.04
12-06-2026,SKU-037,Product 37,7,83.51,584.57
02-12-2025,SKU-046,Product 46,32,105.52,3376.64
24-07-2025,SKU-071,Product 71,10,41.39,413.9
09-01-2026,SKU-003,Product 3,20,70.92,1418.4
17-04-2025,SKU-015,Product 15,12,98.54,1182.48
04-01-2025,SKU-062,Product 62,14,40.67,569.38
27-07-2025,SKU-043,Product 43,18,124.39,2239.02
09-01-2026,SKU-059,Product 59,41,143.98,5903.18
03-05-2025,SKU-070,Product 70,21,38.61,810.81
04-03-2026,SKU-085,Product 85,22,53.4,1174.8
21-03-2025,SKU-040,Product 40,14,20.93,293.02
13-01-2026,SKU-091,Product 91,14,12.64,176.96
17-04-2025,SKU-042,Product 42,23,42.29,972.67
29-06-2025,SKU-011,Product 11,28,77.13,2159.64
03-07-2026,SKU-043,Product 43,23,124.39,2860.97
08-08-2025,SKU-021,Product 21,25,71.49,1787.25
11-01-2025,SKU-094,Product 94,10,25.25,252.5
07-07-2025,SKU-083,Product 83,9,134.11,1206.99
30-11-2025,SKU-030,Product 30,40,117.66,4706.4
04-02-2025,SKU-084,Product 84,10,108.64,1086.4
22-02-2025,SKU-041,Product 41,19,33.9,644.1
20-02-2025,SKU-053,Product 53,2,11.29,22.58
08-06-2026,SKU-018,Product 18,33,89.39,2949.87
02-02-2026,SKU-013,Product 13,27,106.67,2880.09
22-03-2025,SKU-097,Product 97,1,45.27,45.27
20-07-2025,SKU-062,Product 62,24,40.67,976.08
15-05-2026,SKU-098,Product 98,28,5.2,145.6
05-08-2025,SKU-053,Product 53,16,11.29,180.64
28-11-2025,SKU-082,Product 82,8,82.39,659.12
08-02-2025,SKU-011,Product 11,7,77.13,539.91
15-05-2026,SKU-020,Product 20,35,89.85,3144.75
25-07-2025,SKU-007,Product 7,6,81.18,487.08
12-08-2025,SKU-017,Product 17,2,88.02,176.04
02-05-2025,SKU-020,Product 20,24,89.85,2156.4
05-06-2025,SKU-033,Product 33,12,53.43,641.16
22-04-2026,SKU-062,Product 62,24,40.67,976.08
20-04-2025,SKU-036,Product 36,1,130.42,130.42
06-04-2025,SKU-002,Product 2,1,116.06,116.06
10-02-2025,SKU-044,Product 44,2,14.73,29.46
23-04-2026,SKU-045,Product 45,24,80.28,1926.72
22-03-2025,SKU-085,Product 85,1,53.4,53.4
16-03-2026,SKU-024,Product 24,3,109.76,329.28
12-04-2026,SKU-052,Product 52,6,79.76,478.56
08-03-2026,SKU-099,Product 99,9,48.68,438.12
08-07-2025,SKU-009,Product 9,9,33.35,300.15
30-07-2025,SKU-074,Product 74,2,102.79,205.58
01-02-2026,SKU-012,Product 12,6,112.29,673.74
04-05-2026,SKU-016,Product 16,28,128.07,3585.96
08-04-2025,SKU-023,Product 23,10,129.88,1298.8
10-06-2025,SKU-029,Product 29,21,43.36,910.56
25-02-2026,SKU-011,Product 11,44,77.13,3393.72
29-10-2025,SKU-028,Product 28,33,68.24,2251.92
07-07-2025,SKU-044,Product 44,21,14.73,309.33
31-07-2026,SKU-047,Product 47,55,38.43,2113.65
02-06-2025,SKU-063,Product 63,7,85.06,595.42
16-12-2025,SKU-047,Product 47,14,38.43,538.02
18-10-2025,SKU-069,Product 69,10,113.3,1133
15-10-2025,SKU-011,Product 11,32,77.13,2468.16
15-04-2025,SKU-043,Product 43,6,124.39,746.34
07-09-2025,SKU-049,Product 49,27,6.44,173.88
03-11-2025,SKU-041,Product 41,20,33.9,678
12-09-2025,SKU-092,Product 92,30,131.65,3949.5
04-06-2025,SKU-043,Product 43,5,124.39,621.95
30-01-2026,SKU-002,Product 2,18,116.06,2089.08
04-06-2026,SKU-025,Product 25,36,126.63,4558.68
11-10-2025,SKU-081,Product 81,37,66.67,2466.79
23-06-2026,SKU-076,Product 76,15,5.46,81.9
30-08-2025,SKU-003,Product 3,9,70.92,638.28
13-10-2025,SKU-061,Product 61,2,141.95,283.9
02-03-2026,SKU-061,Product 61,35,141.95,4968.25
07-07-2025,SKU-059,Product 59,23,143.98,3311.54
06-12-2025,SKU-040,Product 40,41,20.93,858.13
21-05-2026,SKU-032,Product 32,14,97.86,1370.04
22-01-2026,SKU-030,Product 30,33,117.66,3882.78
17-01-2025,SKU-096,Product 96,12,57.25,687
12-05-2026,SKU-040,Product 40,39,20.93,816.27
09-10-2025,SKU-060,Product 60,4,70.14,280.56
11-11-2025,SKU-026,Product 26,18,66.33,1193.94
08-09-2025,SKU-093,Product 93,29,41.04,1190.16
14-06-2025,SKU-066,Product 66,12,50.43,605.16
02-01-2026,SKU-008,Product 8,5,38.61,193.05
10-01-2025,SKU-062,Product 62,5,40.67,203.35
20-12-2025,SKU-002,Product 2,42,116.06,4874.52
09-04-2025,SKU-019,Product 19,19,83.88,1593.72
10-11-2025,SKU-036,Product 36,13,130.42,1695.46
02-06-2026,SKU-047,Product 47,25,38.43,960.75
26-03-2025,SKU-040,Product 40,1,20.93,20.93
10-02-2025,SKU-039,Product 39,12,9.81,117.72
20-02-2025,SKU-025,Product 25,15,126.63,1899.45
18-12-2025,SKU-077,Product 77,11,62.14,683.54
16-10-2025,SKU-046,Product 46,24,105.52,2532.48
26-05-2025,SKU-032,Product 32,12,97.86,1174.32
10-10-2025,SKU-083,Product 83,27,134.11,3620.97
04-05-2026,SKU-091,Product 91,35,12.64,442.4
17-07-2025,SKU-066,Product 66,20,50.43,1008.6
17-02-2025,SKU-044,Product 44,14,14.73,206.22
30-05-2026,SKU-018,Product 18,22,89.39,1966.58
02-01-2026,SKU-086,Product 86,14,117.55,1645.7
04-01-2026,SKU-040,Product 40,14,20.93,293.02
05-12-2025,SKU-029,Product 29,24,43.36,1040.64
07-02-2025,SKU-015,Product 15,3,98.54,295.62
03-07-2025,SKU-082,Product 82,21,82.39,1730.19
22-08-2025,SKU-097,Product 97,6,45.27,271.62
16-06-2026,SKU-034,Product 34,15,133.9,2008.5
07-09-2025,SKU-061,Product 61,4,141.95,567.8
19-07-2025,SKU-032,Product 32,20,97.86,1957.2
26-05-2025,SKU-067,Product 67,5,99.67,498.35
15-02-2026,SKU-055,Product 55,12,53.76,645.12
21-04-2026,SKU-022,Product 22,27,59.25,1599.75
27-03-2025,SKU-082,Product 82,11,82.39,906.29
19-03-2026,SKU-092,Product 92,49,131.65,6450.85
11-06-2025,SKU-092,Product 92,11,131.65,1448.15
14-06-2026,SKU-058,Product 58,7,122.59,858.13
25-12-2025,SKU-078,Product 78,40,23.81,952.4
28-03-2026,SKU-079,Product 79,16,39.06,624.96
26-08-2025,SKU-076,Product 76,4,5.46,21.84
15-03-2026,SKU-062,Product 62,29,40.67,1179.43
21-07-2025,SKU-064,Product 64,16,117.63,1882.08
22-01-2026,SKU-027,Product 27,15,15.58,233.7
16-07-2025,SKU-078,Product 78,22,23.81,523.82
22-04-2026,SKU-095,Product 95,3,77.08,231.24
15-06-2025,SKU-032,Product 32,16,97.86,1565.76
14-06-2025,SKU-029,Product 29,11,43.36,476.96
06-01-2026,SKU-099,Product 99,38,48.68,1849.84
28-02-2025,SKU-040,Product 40,10,20.93,209.3
15-11-2025,SKU-075,Product 75,21,13.71,287.91
08-07-2025,SKU-013,Product 13,17,106.67,1813.39
22-07-2026,SKU-088,Product 88,51,65.71,3351.21
26-05-2026,SKU-016,Product 16,18,128.07,2305.26
26-10-2025,SKU-027,Product 27,33,15.58,514.14
02-03-2026,SKU-007,Product 7,38,81.18,3084.84
01-02-2026,SKU-055,Product 55,24,53.76,1290.24
21-04-2026,SKU-061,Product 61,31,141.95,4400.45
04-08-2025,SKU-052,Product 52,23,79.76,1834.48
13-01-2025,SKU-017,Product 17,11,88.02,968.22
09-05-2026,SKU-004,Product 4,10,70.1,701
01-05-2025,SKU-050,Product 50,14,42.38,593.32
27-09-2025,SKU-057,Product 57,26,27.94,726.44
27-01-2025,SKU-010,Product 10,12,84.95,1019.4
09-06-2025,SKU-005,Product 5,7,112.77,789.39
30-03-2026,SKU-022,Product 22,40,59.25,2370
17-04-2025,SKU-013,Product 13,20,106.67,2133.4
01-03-2026,SKU-052,Product 52,38,79.76,3030.88
06-02-2025,SKU-019,Product 19,2,83.88,167.76
20-02-2026,SKU-017,Product 17,34,88.02,2992.68
22-03-2025,SKU-066,Product 66,16,50.43,806.88
08-03-2026,SKU-099,Product 99,29,48.68,1411.72
13-07-2026,SKU-002,Product 2,58,116.06,6731.48
28-01-2025,SKU-039,Product 39,2,9.81,19.62
27-12-2025,SKU-013,Product 13,17,106.67,1813.39
03-05-2026,SKU-022,Product 22,35,59.25,2073.75
01-04-2025,SKU-093,Product 93,17,41.04,697.68
23-04-2025,SKU-094,Product 94,14,25.25,353.5
27-02-2026,SKU-064,Product 64,22,117.63,2587.86
28-01-2025,SKU-085,Product 85,5,53.4,267
16-05-2026,SKU-058,Product 58,10,122.59,1225.9
08-10-2025,SKU-010,Product 10,24,84.95,2038.8
02-11-2025,SKU-079,Product 79,31,39.06,1210.86
18-01-2025,SKU-066,Product 66,13,50.43,655.59
21-01-2026,SKU-023,Product 23,9,129.88,1168.92
18-01-2026,SKU-042,Product 42,32,42.29,1353.28
22-10-2025,SKU-007,Product 7,15,81.18,1217.7
26-04-2026,SKU-063,Product 63,24,85.06,2041.44
30-05-2025,SKU-090,Product 90,14,41.98,587.72
18-08-2025,SKU-081,Product 81,32,66.67,2133.44
30-06-2026,SKU-079,Product 79,19,39.06,742.14
17-04-2026,SKU-034,Product 34,41,133.9,5489.9
15-02-2026,SKU-037,Product 37,9,83.51,751.59
01-06-2026,SKU-022,Product 22,47,59.25,2784.75
15-07-2026,SKU-076,Product 76,46,5.46,251.16
03-03-2026,SKU-062,Product 62,28,40.67,1138.76
19-08-2025,SKU-061,Product 61,21,141.95,2980.95
28-12-2025,SKU-052,Product 52,31,79.76,2472.56
09-07-2025,SKU-089,Product 89,9,62.65,563.85
06-01-2025,SKU-071,Product 71,6,41.39,248.34
08-04-2026,SKU-055,Product 55,30,53.76,1612.8
20-12-2025,SKU-047,Product 47,19,38.43,730.17
09-04-2026,SKU-095,Product 95,3,77.08,231.24
18-06-2025,SKU-055,Product 55,18,53.76,967.68
27-10-2025,SKU-023,Product 23,7,129.88,909.16
10-06-2026,SKU-032,Product 32,37,97.86,3620.82
12-04-2025,SKU-046,Product 46,4,105.52,422.08
12-06-2025,SKU-016,Product 16,1,128.07,128.07
07-03-2026,SKU-078,Product 78,45,23.81,1071.45
13-07-2025,SKU-048,Product 48,28,18.02,504.56
10-04-2025,SKU-026,Product 26,3,66.33,198.99
23-06-2026,SKU-081,Product 81,26,66.67,1733.42
03-05-2025,SKU-082,Product 82,22,82.39,1812.58
09-08-2025,SKU-095,Product 95,2,77.08,154.16
28-11-2025,SKU-098,Product 98,24,5.2,124.8
07-03-2025,SKU-008,Product 8,12,38.61,463.32
26-02-2026,SKU-090,Product 90,12,41.98,503.76
11-07-2025,SKU-060,Product 60,25,70.14,1753.5
23-05-2025,SKU-002,Product 2,10,116.06,1160.6
11-10-2025,SKU-085,Product 85,14,53.4,747.6
29-12-2025,SKU-053,Product 53,20,11.29,225.8
03-06-2026,SKU-008,Product 8,48,38.61,1853.28
27-09-2025,SKU-040,Product 40,21,20.93,439.53
07-03-2026,SKU-013,Product 13,16,106.67,1706.72
05-10-2025,SKU-010,Product 10,36,84.95,3058.2
27-07-2026,SKU-026,Product 26,35,66.33,2321.55
08-07-2026,SKU-038,Product 38,7,30.86,216.02
04-03-2025,SKU-029,Product 29,3,43.36,130.08
16-12-2025,SKU-085,Product 85,8,53.4,427.2
24-09-2025,SKU-051,Product 51,7,104.22,729.54
16-07-2026,SKU-075,Product 75,35,13.71,479.85
17-01-2025,SKU-006,Product 6,6,16.92,101.52
24-04-2025,SKU-047,Product 47,11,38.43,422.73
19-07-2026,SKU-025,Product 25,35,126.63,4432.05
19-04-2026,SKU-079,Product 79,34,39.06,1328.04
18-06-2026,SKU-052,Product 52,52,79.76,4147.52
20-12-2025,SKU-073,Product 73,22,120.54,2651.88
18-05-2025,SKU-054,Product 54,1,85.15,85.15
07-03-2025,SKU-087,Product 87,8,123.31,986.48
04-08-2025,SKU-066,Product 66,4,50.43,201.72
10-02-2025,SKU-091,Product 91,7,12.64,88.48
27-03-2025,SKU-061,Product 61,7,141.95,993.65
18-02-2026,SKU-062,Product 62,15,40.67,610.05
30-10-2025,SKU-061,Product 61,30,141.95,4258.5
02-04-2026,SKU-019,Product 19,47,83.88,3942.36
27-11-2025,SKU-097,Product 97,32,45.27,1448.64
31-07-2025,SKU-088,Product 88,23,65.71,1511.33
11-07-2026,SKU-006,Product 6,23,16.92,389.16
14-05-2026,SKU-090,Product 90,17,41.98,713.66
05-02-2026,SKU-009,Product 9,40,33.35,1334
21-01-2025,SKU-086,Product 86,7,117.55,822.85
10-02-2025,SKU-052,Product 52,2,79.76,159.52
20-02-2025,SKU-041,Product 41,2,33.9,67.8
25-05-2025,SKU-074,Product 74,1,102.79,102.79
08-01-2026,SKU-092,Product 92,23,131.65,3027.95
30-07-2025,SKU-036,Product 36,31,130.42,4043.02
22-06-2025,SKU-087,Product 87,5,123.31,616.55
16-04-2025,SKU-076,Product 76,13,5.46,70.98
08-02-2025,SKU-099,Product 99,8,48.68,389.44
11-03-2026,SKU-086,Product 86,16,117.55,1880.8
17-10-2025,SKU-059,Product 59,10,143.98,1439.8
29-01-2026,SKU-004,Product 4,36,70.1,2523.6
30-01-2026,SKU-008,Product 8,9,38.61,347.49
04-10-2025,SKU-053,Product 53,29,11.29,327.41
22-09-2025,SKU-085,Product 85,16,53.4,854.4
17-02-2026,SKU-003,Product 3,6,70.92,425.52
11-03-2025,SKU-089,Product 89,5,62.65,313.25
26-03-2026,SKU-037,Product 37,40,83.51,3340.4
27-02-2026,SKU-078,Product 78,28,23.81,666.68
06-02-2026,SKU-065,Product 65,43,29.77,1280.11
01-08-2025,SKU-061,Product 61,8,141.95,1135.6
29-04-2026,SKU-003,Product 3,42,70.92,2978.64
21-01-2026,SKU-018,Product 18,21,89.39,1877.19
08-12-2025,SKU-063,Product 63,19,85.06,1616.14
16-09-2025,SKU-049,Product 49,9,6.44,57.96
17-01-2025,SKU-040,Product 40,1,20.93,20.93
17-01-2025,SKU-089,Product 89,14,62.65,877.1
16-03-2025,SKU-015,Product 15,5,98.54,492.7
25-04-2025,SKU-035,Product 35,15,42.05,630.75
07-02-2025,SKU-040,Product 40,9,20.93,188.37
23-11-2025,SKU-061,Product 61,8,141.95,1135.6
07-09-2025,SKU-053,Product 53,22,11.29,248.38
26-11-2025,SKU-056,Product 56,35,140.51,4917.85
21-04-2025,SKU-087,Product 87,1,123.31,123.31
09-02-2026,SKU-026,Product 26,18,66.33,1193.94
15-10-2025,SKU-059,Product 59,2,143.98,287.96
21-06-2026,SKU-030,Product 30,34,117.66,4000.44
05-04-2025,SKU-081,Product 81,17,66.67,1133.39
24-03-2026,SKU-004,Product 4,6,70.1,420.6
22-05-2025,SKU-040,Product 40,22,20.93,460.46
23-02-2025,SKU-039,Product 39,1,9.81,9.81
25-01-2025,SKU-006,Product 6,8,16.92,135.36
01-06-2025,SKU-056,Product 56,24,140.51,3372.24
18-04-2026,SKU-072,Product 72,6,108.25,649.5
02-03-2026,SKU-017,Product 17,41,88.02,3608.82
04-11-2025,SKU-005,Product 5,12,112.77,1353.24
13-09-2025,SKU-088,Product 88,2,65.71,131.42
27-07-2026,SKU-029,Product 29,43,43.36,1864.48
31-05-2026,SKU-089,Product 89,36,62.65,2255.4
24-05-2025,SKU-011,Product 11,6,77.13,462.78
07-09-2025,SKU-005,Product 5,11,112.77,1240.47
21-05-2026,SKU-024,Product 24,7,109.76,768.32
06-04-2025,SKU-039,Product 39,13,9.81,127.53
01-06-2026,SKU-097,Product 97,18,45.27,814.86
08-03-2026,SKU-060,Product 60,48,70.14,3366.72
14-11-2025,SKU-038,Product 38,18,30.86,555.48
26-03-2026,SKU-036,Product 36,36,130.42,4695.12
14-10-2025,SKU-040,Product 40,32,20.93,669.76
30-05-2026,SKU-051,Product 51,55,104.22,5732.1
24-05-2025,SKU-040,Product 40,22,20.93,460.46
02-05-2025,SKU-065,Product 65,1,29.77,29.77
20-07-2026,SKU-009,Product 9,23,33.35,767.05
10-04-2025,SKU-020,Product 20,9,89.85,808.65
05-06-2025,SKU-075,Product 75,14,13.71,191.94
04-01-2026,SKU-071,Product 71,43,41.39,1779.77
11-03-2025,SKU-031,Product 31,19,52.96,1006.24
10-08-2025,SKU-098,Product 98,19,5.2,98.8
23-06-2026,SKU-006,Product 6,30,16.92,507.6
24-09-2025,SKU-048,Product 48,11,18.02,198.22
14-09-2025,SKU-007,Product 7,6,81.18,487.08
25-01-2026,SKU-001,Product 1,30,133.59,4007.7
01-01-2026,SKU-037,Product 37,8,83.51,668.08
12-02-2026,SKU-046,Product 46,6,105.52,633.12
17-06-2026,SKU-021,Product 21,30,71.49,2144.7
05-03-2025,SKU-077,Product 77,7,62.14,434.98
20-02-2025,SKU-100,Product 100,1,56.59,56.59
19-02-2026,SKU-036,Product 36,44,130.42,5738.48
16-03-2025,SKU-035,Product 35,19,42.05,798.95
15-05-2026,SKU-020,Product 20,28,89.85,2515.8
10-07-2026,SKU-025,Product 25,19,126.63,2405.97
21-10-2025,SKU-070,Product 70,2,38.61,77.22
01-06-2025,SKU-024,Product 24,26,109.76,2853.76
09-11-2025,SKU-040,Product 40,34,20.93,711.62
26-02-2026,SKU-037,Product 37,44,83.51,3674.44
26-07-2025,SKU-012,Product 12,12,112.29,1347.48
17-01-2025,SKU-037,Product 37,15,83.51,1252.65
23-03-2025,SKU-074,Product 74,17,102.79,1747.43
16-07-2026,SKU-001,Product 1,43,133.59,5744.37
18-04-2025,SKU-091,Product 91,9,12.64,113.76
28-01-2025,SKU-087,Product 87,4,123.31,493.24
27-04-2026,SKU-034,Product 34,35,133.9,4686.5
10-07-2025,SKU-020,Product 20,7,89.85,628.95
22-05-2026,SKU-027,Product 27,18,15.58,280.44
22-09-2025,SKU-022,Product 22,26,59.25,1540.5
26-02-2025,SKU-042,Product 42,14,42.29,592.06
01-04-2025,SKU-025,Product 25,17,126.63,2152.71
01-09-2025,SKU-079,Product 79,9,39.06,351.54
10-01-2025,SKU-056,Product 56,14,140.51,1967.14
08-05-2025,SKU-048,Product 48,14,18.02,252.28
29-07-2026,SKU-100,Product 100,35,56.59,1980.65
27-06-2026,SKU-019,Product 19,3,83.88,251.64
04-07-2026,SKU-038,Product 38,38,30.86,1172.68
01-07-2025,SKU-094,Product 94,19,25.25,479.75
16-03-2025,SKU-075,Product 75,1,13.71,13.71
03-04-2026,SKU-070,Product 70,37,38.61,1428.57
13-07-2025,SKU-057,Product 57,20,27.94,558.8
04-11-2025,SKU-052,Product 52,20,79.76,1595.2
16-08-2025,SKU-075,Product 75,23,13.71,315.33
16-08-2025,SKU-046,Product 46,8,105.52,844.16
06-08-2025,SKU-086,Product 86,12,117.55,1410.6
12-05-2026,SKU-012,Product 12,10,112.29,1122.9
23-02-2026,SKU-045,Product 45,12,80.28,963.36
17-06-2025,SKU-025,Product 25,7,126.63,886.41
20-03-2026,SKU-097,Product 97,23,45.27,1041.21
17-02-2026,SKU-035,Product 35,43,42.05,1808.15
18-03-2026,SKU-059,Product 59,9,143.98,1295.82
08-03-2025,SKU-081,Product 81,16,66.67,1066.72
01-07-2025,SKU-095,Product 95,9,77.08,693.72
03-06-2025,SKU-015,Product 15,3,98.54,295.62
13-11-2025,SKU-024,Product 24,34,109.76,3731.84
06-06-2026,SKU-011,Product 11,48,77.13,3702.24
06-06-2026,SKU-019,Product 19,40,83.88,3355.2
31-07-2025,SKU-039,Product 39,29,9.81,284.49
09-02-2025,SKU-058,Product 58,12,122.59,1471.08
29-12-2025,SKU-063,Product 63,28,85.06,2381.68
25-02-2025,SKU-058,Product 58,9,122.59,1103.31
02-02-2025,SKU-080,Product 80,10,14.32,143.2
06-09-2025,SKU-003,Product 3,20,70.92,1418.4
13-12-2025,SKU-064,Product 64,19,117.63,2234.97
19-09-2025,SKU-028,Product 28,16,68.24,1091.84
02-04-2025,SKU-034,Product 34,20,133.9,2678
07-02-2026,SKU-045,Product 45,27,80.28,2167.56
06-06-2026,SKU-035,Product 35,18,42.05,756.9
28-06-2026,SKU-043,Product 43,45,124.39,5597.55
15-07-2025,SKU-070,Product 70,2,38.61,77.22
10-09-2025,SKU-055,Product 55,27,53.76,1451.52
13-12-2025,SKU-014,Product 14,5,51.74,258.7
15-10-2025,SKU-052,Product 52,17,79.76,1355.92
18-12-2025,SKU-006,Product 6,16,16.92,270.72
05-06-2026,SKU-059,Product 59,29,143.98,4175.42
27-07-2025,SKU-086,Product 86,24,117.55,2821.2
21-07-2026,SKU-093,Product 93,31,41.04,1272.24
27-06-2026,SKU-071,Product 71,3,41.39,124.17
01-08-2025,SKU-088,Product 88,10,65.71,657.1
22-11-2025,SKU-083,Product 83,34,134.11,4559.74
27-09-2025,SKU-046,Product 46,31,105.52,3271.12
17-01-2025,SKU-055,Product 55,1,53.76,53.76
15-10-2025,SKU-039,Product 39,24,9.81,235.44
15-02-2025,SKU-027,Product 27,4,15.58,62.32
23-02-2025,SKU-020,Product 20,12,89.85,1078.2
14-11-2025,SKU-052,Product 52,10,79.76,797.6
13-02-2026,SKU-039,Product 39,40,9.81,392.4
14-06-2025,SKU-013,Product 13,22,106.67,2346.74
27-04-2025,SKU-014,Product 14,1,51.74,51.74
29-01-2026,SKU-086,Product 86,39,117.55,4584.45
18-02-2026,SKU-026,Product 26,12,66.33,795.96
06-06-2025,SKU-026,Product 26,14,66.33,928.62
30-03-2026,SKU-010,Product 10,10,84.95,849.5
16-06-2026,SKU-061,Product 61,18,141.95,2555.1
28-05-2025,SKU-049,Product 49,19,6.44,122.36
23-05-2025,SKU-085,Product 85,22,53.4,1174.8
13-02-2026,SKU-066,Product 66,46,50.43,2319.78
05-09-2025,SKU-032,Product 32,11,97.86,1076.46
15-07-2025,SKU-055,Product 55,10,53.76,537.6
26-10-2025,SKU-085,Product 85,33,53.4,1762.2
24-06-2026,SKU-061,Product 61,15,141.95,2129.25
17-01-2025,SKU-058,Product 58,14,122.59,1716.26
05-01-2026,SKU-040,Product 40,11,20.93,230.23
21-03-2026,SKU-011,Product 11,6,77.13,462.78
03-01-2026,SKU-070,Product 70,20,38.61,772.2
07-04-2025,SKU-016,Product 16,1,128.07,128.07
23-07-2025,SKU-003,Product 3,22,70.92,1560.24
06-07-2025,SKU-025,Product 25,29,126.63,3672.27
10-07-2026,SKU-049,Product 49,15,6.44,96.6
10-02-2025,SKU-058,Product 58,15,122.59,1838.85
01-05-2025,SKU-038,Product 38,21,30.86,648.06
03-05-2025,SKU-079,Product 79,21,39.06,820.26
01-07-2026,SKU-034,Product 34,11,133.9,1472.9
14-10-2025,SKU-048,Product 48,32,18.02,576.64
21-07-2026,SKU-013,Product 13,39,106.67,4160.13
22-04-2025,SKU-035,Product 35,11,42.05,462.55
21-05-2026,SKU-053,Product 53,47,11.29,530.63
11-09-2025,SKU-016,Product 16,27,128.07,3457.89
13-05-2026,SKU-023,Product 23,10,129.88,1298.8
10-07-2025,SKU-071,Product 71,7,41.39,289.73
25-02-2026,SKU-001,Product 1,41,133.59,5477.19
22-09-2025,SKU-040,Product 40,4,20.93,83.72
29-05-2026,SKU-090,Product 90,33,41.98,1385.34
19-11-2025,SKU-021,Product 21,32,71.49,2287.68
21-07-2025,SKU-030,Product 30,16,117.66,1882.56
05-08-2025,SKU-082,Product 82,19,82.39,1565.41
23-05-2025,SKU-007,Product 7,26,81.18,2110.68
11-12-2025,SKU-006,Product 6,13,16.92,219.96
07-11-2025,SKU-063,Product 63,20,85.06,1701.2
28-05-2026,SKU-091,Product 91,32,12.64,404.48
21-02-2025,SKU-090,Product 90,18,41.98,755.64
20-12-2025,SKU-041,Product 41,25,33.9,847.5
09-04-2026,SKU-031,Product 31,40,52.96,2118.4
24-01-2026,SKU-004,Product 4,39,70.1,2733.9
17-03-2025,SKU-059,Product 59,2,143.98,287.96
16-04-2025,SKU-066,Product 66,7,50.43,353.01
13-08-2025,SKU-076,Product 76,15,5.46,81.9
26-11-2025,SKU-046,Product 46,35,105.52,3693.2
16-02-2026,SKU-080,Product 80,43,14.32,615.76
19-07-2025,SKU-087,Product 87,30,123.31,3699.3
02-09-2025,SKU-052,Product 52,2,79.76,159.52
18-07-2026,SKU-054,Product 54,31,85.15,2639.65
10-10-2025,SKU-057,Product 57,7,27.94,195.58
20-02-2026,SKU-084,Product 84,34,108.64,3693.76
27-07-2026,SKU-085,Product 85,35,53.4,1869
27-09-2025,SKU-082,Product 82,26,82.39,2142.14
14-05-2025,SKU-077,Product 77,1,62.14,62.14
11-10-2025,SKU-014,Product 14,27,51.74,1396.98
12-01-2025,SKU-049,Product 49,13,6.44,83.72
09-05-2025,SKU-047,Product 47,14,38.43,538.02
17-10-2025,SKU-050,Product 50,7,42.38,296.66
11-04-2026,SKU-090,Product 90,41,41.98,1721.18
14-04-2026,SKU-035,Product 35,17,42.05,714.85
03-01-2026,SKU-089,Product 89,8,62.65,501.2
07-09-2025,SKU-056,Product 56,13,140.51,1826.63
30-12-2025,SKU-004,Product 4,8,70.1,560.8
01-03-2026,SKU-056,Product 56,19,140.51,2669.69
12-07-2025,SKU-082,Product 82,29,82.39,2389.31
28-08-2025,SKU-046,Product 46,8,105.52,844.16
02-10-2025,SKU-065,Product 65,21,29.77,625.17
27-03-2025,SKU-027,Product 27,8,15.58,124.64
16-02-2026,SKU-037,Product 37,40,83.51,3340.4
03-10-2025,SKU-038,Product 38,19,30.86,586.34
29-07-2026,SKU-086,Product 86,11,117.55,1293.05
10-12-2025,SKU-015,Product 15,41,98.54,4040.14
20-08-2025,SKU-094,Product 94,19,25.25,479.75
02-07-2025,SKU-070,Product 70,21,38.61,810.81
28-11-2025,SKU-003,Product 3,35,70.92,2482.2
22-02-2025,SKU-069,Product 69,6,113.3,679.8
24-04-2026,SKU-017,Product 17,45,88.02,3960.9
24-11-2025,SKU-065,Product 65,29,29.77,863.33
27-02-2025,SKU-100,Product 100,16,56.59,905.44
21-05-2025,SKU-059,Product 59,20,143.98,2879.6
30-08-2025,SKU-062,Product 62,20,40.67,813.4
06-01-2026,SKU-052,Product 52,29,79.76,2313.04
27-05-2026,SKU-080,Product 80,21,14.32,300.72
08-06-2026,SKU-026,Product 26,48,66.33,3183.84
14-02-2025,SKU-093,Product 93,13,41.04,533.52
10-03-2025,SKU-044,Product 44,2,14.73,29.46
11-06-2026,SKU-083,Product 83,41,134.11,5498.51
14-04-2026,SKU-044,Product 44,13,14.73,191.49
16-09-2025,SKU-100,Product 100,21,56.59,1188.39
28-10-2025,SKU-063,Product 63,23,85.06,1956.38
22-11-2025,SKU-097,Product 97,24,45.27,1086.48
17-09-2025,SKU-078,Product 78,14,23.81,333.34
02-05-2026,SKU-094,Product 94,38,25.25,959.5
16-12-2025,SKU-028,Product 28,11,68.24,750.64
29-01-2025,SKU-018,Product 18,2,89.39,178.78
14-07-2026,SKU-065,Product 65,23,29.77,684.71
17-01-2026,SKU-095,Product 95,17,77.08,1310.36
02-07-2026,SKU-029,Product 29,46,43.36,1994.56
22-02-2026,SKU-096,Product 96,12,57.25,687
22-06-2026,SKU-022,Product 22,56,59.25,3318
13-06-2025,SKU-070,Product 70,16,38.61,617.76
10-07-2025,SKU-025,Product 25,27,126.63,3419.01
04-02-2026,SKU-013,Product 13,30,106.67,3200.1
24-02-2025,SKU-098,Product 98,10,5.2,52
09-11-2025,SKU-045,Product 45,31,80.28,2488.68
03-05-2026,SKU-097,Product 97,7,45.27,316.89
01-04-2025,SKU-081,Product 81,14,66.67,933.38
12-03-2026,SKU-020,Product 20,45,89.85,4043.25
16-08-2025,SKU-094,Product 94,10,25.25,252.5
02-02-2026,SKU-031,Product 31,42,52.96,2224.32
20-05-2026,SKU-030,Product 30,7,117.66,823.62
18-12-2025,SKU-020,Product 20,28,89.85,2515.8
26-04-2026,SKU-077,Product 77,17,62.14,1056.38
04-02-2026,SKU-030,Product 30,43,117.66,5059.38
01-05-2025,SKU-053,Product 53,22,11.29,248.38
11-10-2025,SKU-054,Product 54,12,85.15,1021.8
16-03-2025,SKU-077,Product 77,1,62.14,62.14
21-02-2025,SKU-027,Product 27,10,15.58,155.8
22-08-2025,SKU-068,Product 68,19,65.88,1251.72
02-04-2025,SKU-088,Product 88,13,65.71,854.23
18-06-2025,SKU-044,Product 44,5,14.73,73.65
09-04-2026,SKU-097,Product 97,3,45.27,135.81
04-11-2025,SKU-095,Product 95,25,77.08,1927
22-01-2026,SKU-042,Product 42,15,42.29,634.35
21-02-2026,SKU-067,Product 67,18,99.67,1794.06
28-11-2025,SKU-006,Product 6,19,16.92,321.48
27-06-2025,SKU-062,Product 62,24,40.67,976.08
20-07-2026,SKU-061,Product 61,15,141.95,2129.25
04-05-2026,SKU-020,Product 20,3,89.85,269.55
27-05-2026,SKU-031,Product 31,29,52.96,1535.84
14-05-2026,SKU-031,Product 31,35,52.96,1853.6
20-03-2025,SKU-087,Product 87,1,123.31,123.31
22-08-2025,SKU-046,Product 46,24,105.52,2532.48
10-08-2025,SKU-100,Product 100,2,56.59,113.18
31-05-2026,SKU-027,Product 27,14,15.58,218.12
22-01-2026,SKU-012,Product 12,33,112.29,3705.57
25-02-2025,SKU-037,Product 37,9,83.51,751.59
13-07-2026,SKU-008,Product 8,42,38.61,1621.62
14-11-2025,SKU-014,Product 14,23,51.74,1190.02
23-08-2025,SKU-051,Product 51,13,104.22,1354.86
05-12-2025,SKU-028,Product 28,22,68.24,1501.28
20-02-2025,SKU-080,Product 80,1,14.32,14.32
26-07-2026,SKU-072,Product 72,59,108.25,6386.75
29-05-2025,SKU-048,Product 48,24,18.02,432.48
19-04-2026,SKU-006,Product 6,34,16.92,575.28
25-11-2025,SKU-081,Product 81,35,66.67,2333.45
01-11-2025,SKU-060,Product 60,5,70.14,350.7
01-05-2026,SKU-043,Product 43,3,124.39,373.17
29-06-2026,SKU-077,Product 77,45,62.14,2796.3
08-10-2025,SKU-077,Product 77,2,62.14,124.28
30-07-2025,SKU-040,Product 40,23,20.93,481.39
02-04-2025,SKU-077,Product 77,14,62.14,869.96
03-11-2025,SKU-070,Product 70,38,38.61,1467.18
30-05-2026,SKU-053,Product 53,25,11.29,282.25
13-09-2025,SKU-036,Product 36,11,130.42,1434.62
21-01-2026,SKU-097,Product 97,12,45.27,543.24
17-04-2025,SKU-044,Product 44,23,14.73,338.79
05-12-2025,SKU-070,Product 70,33,38.61,1274.13
31-05-2026,SKU-070,Product 70,33,38.61,1274.13
14-07-2026,SKU-022,Product 22,50,59.25,2962.5
03-07-2026,SKU-098,Product 98,15,5.2,78
11-09-2025,SKU-018,Product 18,2,89.39,178.78
20-07-2026,SKU-024,Product 24,7,109.76,768.32
27-12-2025,SKU-045,Product 45,28,80.28,2247.84
27-07-2025,SKU-079,Product 79,2,39.06,78.12
24-06-2026,SKU-003,Product 3,49,70.92,3475.08
05-01-2025,SKU-009,Product 9,7,33.35,233.45
16-02-2026,SKU-084,Product 84,34,108.64,3693.76
31-10-2025,SKU-044,Product 44,33,14.73,486.09
03-04-2025,SKU-069,Product 69,1,113.3,113.3
16-06-2025,SKU-049,Product 49,9,6.44,57.96
22-02-2025,SKU-008,Product 8,8,38.61,308.88
26-05-2026,SKU-091,Product 91,40,12.64,505.6
06-08-2025,SKU-021,Product 21,10,71.49,714.9
24-11-2025,SKU-071,Product 71,40,41.39,1655.6
10-11-2025,SKU-038,Product 38,26,30.86,802.36
14-01-2025,SKU-006,Product 6,8,16.92,135.36
07-07-2026,SKU-063,Product 63,46,85.06,3912.76
25-03-2025,SKU-031,Product 31,15,52.96,794.4
30-11-2025,SKU-051,Product 51,32,104.22,3335.04
18-02-2026,SKU-074,Product 74,22,102.79,2261.38
01-06-2025,SKU-020,Product 20,21,89.85,1886.85
12-01-2025,SKU-042,Product 42,6,42.29,253.74
13-07-2026,SKU-020,Product 20,58,89.85,5211.3
19-02-2025,SKU-022,Product 22,8,59.25,474
27-11-2025,SKU-060,Product 60,24,70.14,1683.36
17-02-2025,SKU-053,Product 53,1,11.29,11.29
29-08-2025,SKU-003,Product 3,20,70.92,1418.4
02-02-2025,SKU-048,Product 48,9,18.02,162.18
17-10-2025,SKU-071,Product 71,35,41.39,1448.65
06-01-2026,SKU-042,Product 42,35,42.29,1480.15
11-08-2025,SKU-052,Product 52,21,79.76,1674.96
22-03-2026,SKU-049,Product 49,49,6.44,315.56
26-11-2025,SKU-034,Product 34,18,133.9,2410.2
02-08-2025,SKU-005,Product 5,27,112.77,3044.79
11-05-2026,SKU-084,Product 84,42,108.64,4562.88
12-06-2026,SKU-035,Product 35,26,42.05,1093.3
20-10-2025,SKU-050,Product 50,22,42.38,932.36
18-03-2025,SKU-030,Product 30,16,117.66,1882.56
16-01-2025,SKU-043,Product 43,11,124.39,1368.29
28-12-2025,SKU-064,Product 64,37,117.63,4352.31
11-05-2026,SKU-074,Product 74,3,102.79,308.37
19-03-2026,SKU-033,Product 33,29,53.43,1549.47
02-05-2026,SKU-035,Product 35,17,42.05,714.85
06-09-2025,SKU-019,Product 19,34,83.88,2851.92
06-06-2025,SKU-090,Product 90,19,41.98,797.62
14-12-2025,SKU-010,Product 10,25,84.95,2123.75
01-07-2025,SKU-012,Product 12,13,112.29,1459.77
25-09-2025,SKU-011,Product 11,4,77.13,308.52
19-03-2025,SKU-083,Product 83,11,134.11,1475.21
15-11-2025,SKU-072,Product 72,34,108.25,3680.5
04-05-2025,SKU-033,Product 33,13,53.43,694.59
02-04-2025,SKU-055,Product 55,14,53.76,752.64
13-06-2025,SKU-065,Product 65,18,29.77,535.86
21-04-2026,SKU-086,Product 86,38,117.55,4466.9
26-04-2026,SKU-054,Product 54,38,85.15,3235.7
13-03-2026,SKU-002,Product 2,35,116.06,4062.1
21-01-2025,SKU-069,Product 69,11,113.3,1246.3
09-06-2025,SKU-042,Product 42,23,42.29,972.67
17-06-2025,SKU-004,Product 4,13,70.1,911.3
13-04-2026,SKU-078,Product 78,44,23.81,1047.64
30-07-2025,SKU-098,Product 98,16,5.2,83.2
02-01-2026,SKU-043,Product 43,23,124.39,2860.97
17-01-2025,SKU-068,Product 68,7,65.88,461.16
25-01-2026,SKU-023,Product 23,42,129.88,5454.96
25-05-2025,SKU-082,Product 82,3,82.39,247.17
26-03-2025,SKU-076,Product 76,15,5.46,81.9
26-06-2025,SKU-093,Product 93,21,41.04,861.84
09-07-2026,SKU-017,Product 17,34,88.02,2992.68
24-05-2026,SKU-093,Product 93,3,41.04,123.12
29-04-2025,SKU-018,Product 18,9,89.39,804.51
08-02-2025,SKU-078,Product 78,14,23.81,333.34
29-08-2025,SKU-021,Product 21,11,71.49,786.39
20-03-2026,SKU-027,Product 27,36,15.58,560.88
27-03-2026,SKU-046,Product 46,20,105.52,2110.4
08-09-2025,SKU-081,Product 81,16,66.67,1066.72
28-11-2025,SKU-087,Product 87,38,123.31,4685.78
03-07-2025,SKU-014,Product 14,9,51.74,465.66
31-07-2025,SKU-057,Product 57,16,27.94,447.04
24-03-2026,SKU-071,Product 71,6,41.39,248.34
27-03-2025,SKU-028,Product 28,2,68.24,136.48
12-03-2025,SKU-085,Product 85,10,53.4,534
06-02-2025,SKU-083,Product 83,11,134.11,1475.21
12-07-2025,SKU-080,Product 80,9,14.32,128.88
07-01-2026,SKU-044,Product 44,8,14.73,117.84
15-01-2026,SKU-016,Product 16,8,128.07,1024.56
08-05-2026,SKU-002,Product 2,42,116.06,4874.52
12-06-2025,SKU-083,Product 83,16,134.11,2145.76
29-07-2025,SKU-006,Product 6,20,16.92,338.4
27-05-2025,SKU-038,Product 38,5,30.86,154.3
30-07-2026,SKU-027,Product 27,27,15.58,420.66
02-04-2025,SKU-064,Product 64,4,117.63,470.52
24-01-2025,SKU-093,Product 93,6,41.04,246.24
30-03-2025,SKU-084,Product 84,10,108.64,1086.4
11-01-2025,SKU-087,Product 87,13,123.31,1603.03
09-01-2026,SKU-086,Product 86,35,117.55,4114.25
28-06-2026,SKU-065,Product 65,42,29.77,1250.34
22-12-2025,SKU-089,Product 89,5,62.65,313.25
11-01-2026,SKU-088,Product 88,35,65.71,2299.85
25-05-2025,SKU-003,Product 3,13,70.92,921.96
25-11-2025,SKU-052,Product 52,18,79.76,1435.68
06-07-2025,SKU-068,Product 68,5,65.88,329.4
22-01-2026,SKU-012,Product 12,24,112.29,2694.96
08-07-2026,SKU-041,Product 41,42,33.9,1423.8
18-04-2025,SKU-057,Product 57,6,27.94,167.64
07-04-2025,SKU-030,Product 30,10,117.66,1176.6
15-03-2025,SKU-085,Product 85,8,53.4,427.2
24-07-2026,SKU-094,Product 94,15,25.25,378.75
13-08-2025,SKU-068,Product 68,32,65.88,2108.16
14-06-2026,SKU-098,Product 98,22,5.2,114.4
13-04-2026,SKU-088,Product 88,34,65.71,2234.14
28-04-2025,SKU-014,Product 14,1,51.74,51.74
02-04-2025,SKU-084,Product 84,16,108.64,1738.24
26-01-2025,SKU-066,Product 66,12,50.43,605.16
16-04-2026,SKU-096,Product 96,27,57.25,1545.75
15-07-2026,SKU-095,Product 95,50,77.08,3854
23-06-2025,SKU-009,Product 9,7,33.35,233.45
17-03-2025,SKU-096,Product 96,9,57.25,515.25
27-12-2025,SKU-014,Product 14,31,51.74,1603.94
25-04-2025,SKU-010,Product 10,4,84.95,339.8
12-05-2025,SKU-077,Product 77,6,62.14,372.84
04-05-2026,SKU-093,Product 93,38,41.04,1559.52
25-06-2025,SKU-061,Product 61,19,141.95,2697.05
03-04-2026,SKU-005,Product 5,10,112.77,1127.7
27-03-2026,SKU-040,Product 40,30,20.93,627.9
21-01-2025,SKU-065,Product 65,1,29.77,29.77
30-07-2026,SKU-002,Product 2,15,116.06,1740.9
13-01-2026,SKU-076,Product 76,23,5.46,125.58
15-01-2026,SKU-061,Product 61,20,141.95,2839
19-06-2026,SKU-085,Product 85,7,53.4,373.8
24-03-2025,SKU-027,Product 27,15,15.58,233.7
20-12-2025,SKU-060,Product 60,36,70.14,2525.04
26-11-2025,SKU-099,Product 99,2,48.68,97.36
01-01-2026,SKU-046,Product 46,8,105.52,844.16
21-05-2025,SKU-087,Product 87,13,123.31,1603.03
27-05-2026,SKU-026,Product 26,36,66.33,2387.88
14-06-2025,SKU-015,Product 15,25,98.54,2463.5
20-01-2025,SKU-033,Product 33,4,53.43,213.72
07-07-2025,SKU-049,Product 49,13,6.44,83.72
22-03-2026,SKU-005,Product 5,13,112.77,1466.01
16-06-2026,SKU-063,Product 63,41,85.06,3487.46
05-08-2025,SKU-017,Product 17,25,88.02,2200.5
25-03-2026,SKU-040,Product 40,39,20.93,816.27
30-04-2025,SKU-067,Product 67,3,99.67,299.01
24-09-2025,SKU-098,Product 98,16,5.2,83.2
21-05-2026,SKU-069,Product 69,29,113.3,3285.7
12-03-2026,SKU-096,Product 96,3,57.25,171.75
31-01-2025,SKU-015,Product 15,2,98.54,197.08
13-03-2026,SKU-070,Product 70,39,38.61,1505.79
20-04-2026,SKU-071,Product 71,27,41.39,1117.53
10-12-2025,SKU-062,Product 62,27,40.67,1098.09
03-04-2025,SKU-094,Product 94,1,25.25,25.25
04-07-2026,SKU-009,Product 9,34,33.35,1133.9
15-03-2025,SKU-009,Product 9,8,33.35,266.8
22-05-2026,SKU-019,Product 19,3,83.88,251.64
22-07-2025,SKU-088,Product 88,12,65.71,788.52
30-12-2025,SKU-076,Product 76,5,5.46,27.3
13-10-2025,SKU-051,Product 51,4,104.22,416.88
21-06-2025,SKU-002,Product 2,1,116.06,116.06
12-02-2026,SKU-084,Product 84,34,108.64,3693.76
21-04-2025,SKU-006,Product 6,7,16.92,118.44
16-10-2025,SKU-069,Product 69,29,113.3,3285.7
28-11-2025,SKU-051,Product 51,5,104.22,521.1
22-02-2025,SKU-017,Product 17,8,88.02,704.16
08-02-2026,SKU-046,Product 46,9,105.52,949.68
02-07-2025,SKU-100,Product 100,13,56.59,735.67
30-07-2026,SKU-019,Product 19,55,83.88,4613.4
15-04-2025,SKU-023,Product 23,12,129.88,1558.56
16-12-2025,SKU-029,Product 29,5,43.36,216.8
10-12-2025,SKU-090,Product 90,36,41.98,1511.28
21-04-2026,SKU-093,Product 93,48,41.04,1969.92
11-02-2025,SKU-085,Product 85,15,53.4,801
08-09-2025,SKU-061,Product 61,18,141.95,2555.1
29-12-2025,SKU-077,Product 77,25,62.14,1553.5
27-03-2025,SKU-046,Product 46,8,105.52,844.16
05-12-2025,SKU-037,Product 37,2,83.51,167.02
21-01-2026,SKU-069,Product 69,27,113.3,3059.1
09-04-2025,SKU-047,Product 47,18,38.43,691.74
16-07-2025,SKU-071,Product 71,30,41.39,1241.7
13-02-2025,SKU-073,Product 73,8,120.54,964.32
13-06-2026,SKU-044,Product 44,52,14.73,765.96
07-10-2025,SKU-091,Product 91,24,12.64,303.36
25-03-2026,SKU-090,Product 90,43,41.98,1805.14
18-02-2026,SKU-086,Product 86,47,117.55,5524.85
17-02-2026,SKU-001,Product 1,9,133.59,1202.31
04-06-2025,SKU-067,Product 67,19,99.67,1893.73
26-01-2025,SKU-024,Product 24,12,109.76,1317.12
13-04-2026,SKU-021,Product 21,44,71.49,3145.56
24-05-2025,SKU-064,Product 64,15,117.63,1764.45
18-05-2026,SKU-066,Product 66,39,50.43,1966.77
05-01-2026,SKU-013,Product 13,40,106.67,4266.8
03-01-2026,SKU-093,Product 93,34,41.04,1395.36
23-02-2026,SKU-050,Product 50,19,42.38,805.22
09-01-2025,SKU-012,Product 12,8,112.29,898.32
29-11-2025,SKU-043,Product 43,5,124.39,621.95
09-03-2026,SKU-004,Product 4,32,70.1,2243.2
09-02-2026,SKU-086,Product 86,34,117.55,3996.7
18-12-2025,SKU-012,Product 12,33,112.29,3705.57
17-06-2026,SKU-005,Product 5,48,112.77,5412.96
22-02-2025,SKU-012,Product 12,13,112.29,1459.77
07-05-2026,SKU-061,Product 61,14,141.95,1987.3
02-02-2026,SKU-028,Product 28,18,68.24,1228.32
21-04-2025,SKU-001,Product 1,12,133.59,1603.08
11-06-2026,SKU-028,Product 28,33,68.24,2251.92
19-03-2026,SKU-009,Product 9,32,33.35,1067.2
27-07-2025,SKU-078,Product 78,8,23.81,190.48
26-09-2025,SKU-076,Product 76,9,5.46,49.14
09-03-2025,SKU-020,Product 20,1,89.85,89.85
06-03-2026,SKU-075,Product 75,29,13.71,397.59
18-01-2026,SKU-053,Product 53,26,11.29,293.54
10-04-2026,SKU-009,Product 9,17,33.35,566.95
10-05-2026,SKU-013,Product 13,28,106.67,2986.76
24-07-2026,SKU-070,Product 70,23,38.61,888.03
18-06-2026,SKU-003,Product 3,30,70.92,2127.6
16-01-2025,SKU-061,Product 61,3,141.95,425.85
03-12-2025,SKU-028,Product 28,38,68.24,2593.12
30-09-2025,SKU-038,Product 38,7,30.86,216.02
09-09-2025,SKU-065,Product 65,4,29.77,119.08
25-03-2025,SKU-045,Product 45,2,80.28,160.56
10-04-2025,SKU-032,Product 32,15,97.86,1467.9
14-01-2025,SKU-091,Product 91,2,12.64,25.28
23-05-2026,SKU-068,Product 68,47,65.88,3096.36
20-09-2025,SKU-088,Product 88,18,65.71,1182.78
07-09-2025,SKU-021,Product 21,18,71.49,1286.82
18-05-2025,SKU-037,Product 37,10,83.51,835.1
01-01-2025,SKU-080,Product 80,3,14.32,42.96
16-01-2026,SKU-012,Product 12,20,112.29,2245.8
12-05-2025,SKU-011,Product 11,16,77.13,1234.08
20-05-2025,SKU-049,Product 49,1,6.44,6.44
29-06-2025,SKU-049,Product 49,5,6.44,32.2
03-05-2025,SKU-057,Product 57,8,27.94,223.52
09-10-2025,SKU-011,Product 11,2,77.13,154.26
18-03-2026,SKU-064,Product 64,3,117.63,352.89
18-02-2026,SKU-048,Product 48,37,18.02,666.74
24-08-2025,SKU-006,Product 6,2,16.92,33.84
07-05-2026,SKU-048,Product 48,14,18.02,252.28
24-07-2025,SKU-057,Product 57,22,27.94,614.68
25-11-2025,SKU-008,Product 8,13,38.61,501.93
08-02-2026,SKU-064,Product 64,12,117.63,1411.56
21-05-2025,SKU-056,Product 56,20,140.51,2810.2
26-08-2025,SKU-005,Product 5,15,112.77,1691.55
08-01-2026,SKU-007,Product 7,29,81.18,2354.22
03-06-2025,SKU-045,Product 45,21,80.28,1685.88
29-07-2025,SKU-081,Product 81,29,66.67,1933.43
12-04-2026,SKU-010,Product 10,6,84.95,509.7
29-04-2026,SKU-019,Product 19,10,83.88,838.8
21-09-2025,SKU-041,Product 41,14,33.9,474.6
20-11-2025,SKU-070,Product 70,40,38.61,1544.4
15-01-2026,SKU-089,Product 89,11,62.65,689.15
11-05-2026,SKU-001,Product 1,35,133.59,4675.65
08-05-2025,SKU-066,Product 66,9,50.43,453.87
29-05-2026,SKU-045,Product 45,14,80.28,1123.92
29-01-2025,SKU-015,Product 15,6,98.54,591.24
29-12-2025,SKU-046,Product 46,43,105.52,4537.36
17-06-2026,SKU-063,Product 63,15,85.06,1275.9
06-02-2026,SKU-051,Product 51,27,104.22,2813.94
20-01-2026,SKU-002,Product 2,11,116.06,1276.66
21-01-2026,SKU-007,Product 7,42,81.18,3409.56
07-02-2025,SKU-086,Product 86,14,117.55,1645.7
07-09-2025,SKU-094,Product 94,6,25.25,151.5
13-03-2025,SKU-009,Product 9,9,33.35,300.15
13-05-2026,SKU-025,Product 25,39,126.63,4938.57
19-02-2025,SKU-100,Product 100,2,56.59,113.18
09-06-2025,SKU-062,Product 62,25,40.67,1016.75
12-03-2025,SKU-046,Product 46,13,105.52,1371.76
29-03-2026,SKU-028,Product 28,36,68.24,2456.64
30-07-2026,SKU-069,Product 69,3,113.3,339.9
06-11-2025,SKU-023,Product 23,5,129.88,649.4
19-12-2025,SKU-021,Product 21,28,71.49,2001.72
18-02-2026,SKU-019,Product 19,12,83.88,1006.56
25-01-2026,SKU-025,Product 25,24,126.63,3039.12
23-08-2025,SKU-019,Product 19,19,83.88,1593.72
09-09-2025,SKU-097,Product 97,29,45.27,1312.83
24-04-2025,SKU-041,Product 41,11,33.9,372.9
17-01-2026,SKU-035,Product 35,41,42.05,1724.05
10-06-2025,SKU-037,Product 37,14,83.51,1169.14
31-07-2025,SKU-043,Product 43,14,124.39,1741.46
26-01-2026,SKU-094,Product 94,12,25.25,303
05-01-2026,SKU-051,Product 51,2,104.22,208.44
29-10-2025,SKU-046,Product 46,12,105.52,1266.24
28-02-2026,SKU-042,Product 42,15,42.29,634.35
21-09-2025,SKU-037,Product 37,35,83.51,2922.85
05-07-2025,SKU-067,Product 67,27,99.67,2691.09
30-08-2025,SKU-051,Product 51,29,104.22,3022.38
15-07-2025,SKU-006,Product 6,6,16.92,101.52
11-11-2025,SKU-019,Product 19,18,83.88,1509.84
08-01-2025,SKU-013,Product 13,7,106.67,746.69
16-01-2025,SKU-038,Product 38,2,30.86,61.72
19-04-2026,SKU-055,Product 55,48,53.76,2580.48
12-10-2025,SKU-035,Product 35,14,42.05,588.7
05-02-2025,SKU-007,Product 7,1,81.18,81.18
10-05-2026,SKU-082,Product 82,28,82.39,2306.92
01-03-2025,SKU-007,Product 7,9,81.18,730.62
30-06-2025,SKU-081,Product 81,13,66.67,866.71
03-04-2026,SKU-095,Product 95,23,77.08,1772.84
23-06-2026,SKU-096,Product 96,41,57.25,2347.25
18-05-2025,SKU-048,Product 48,17,18.02,306.34
03-01-2026,SKU-035,Product 35,29,42.05,1219.45
08-02-2025,SKU-063,Product 63,8,85.06,680.48
17-05-2025,SKU-013,Product 13,1,106.67,106.67
07-08-2025,SKU-032,Product 32,6,97.86,587.16
15-05-2025,SKU-055,Product 55,3,53.76,161.28
03-04-2025,SKU-099,Product 99,22,48.68,1070.96
03-03-2026,SKU-004,Product 4,45,70.1,3154.5
29-05-2026,SKU-042,Product 42,22,42.29,930.38
19-02-2026,SKU-019,Product 19,3,83.88,251.64
02-07-2025,SKU-074,Product 74,17,102.79,1747.43
23-06-2025,SKU-086,Product 86,26,117.55,3056.3
08-07-2026,SKU-089,Product 89,38,62.65,2380.7
17-11-2025,SKU-100,Product 100,23,56.59,1301.57
23-03-2026,SKU-056,Product 56,33,140.51,4636.83
03-02-2025,SKU-075,Product 75,7,13.71,95.97
25-03-2025,SKU-057,Product 57,21,27.94,586.74
04-06-2025,SKU-078,Product 78,12,23.81,285.72
31-01-2026,SKU-099,Product 99,9,48.68,438.12
27-12-2025,SKU-076,Product 76,20,5.46,109.2
28-07-2025,SKU-024,Product 24,10,109.76,1097.6
06-05-2025,SKU-060,Product 60,3,70.14,210.42
06-10-2025,SKU-044,Product 44,29,14.73,427.17
18-09-2025,SKU-093,Product 93,23,41.04,943.92
26-06-2026,SKU-028,Product 28,38,68.24,2593.12
02-10-2025,SKU-086,Product 86,26,117.55,3056.3
10-06-2025,SKU-100,Product 100,3,56.59,169.77
14-05-2025,SKU-097,Product 97,25,45.27,1131.75
28-02-2025,SKU-055,Product 55,15,53.76,806.4
20-02-2025,SKU-031,Product 31,13,52.96,688.48
03-01-2026,SKU-040,Product 40,31,20.93,648.83
08-08-2025,SKU-006,Product 6,17,16.92,287.64
10-05-2026,SKU-059,Product 59,3,143.98,431.94
19-03-2026,SKU-088,Product 88,39,65.71,2562.69
11-02-2026,SKU-047,Product 47,40,38.43,1537.2
05-12-2025,SKU-063,Product 63,5,85.06,425.3
22-07-2026,SKU-059,Product 59,19,143.98,2735.62
09-01-2025,SKU-088,Product 88,2,65.71,131.42
09-06-2026,SKU-089,Product 89,11,62.65,689.15
21-06-2025,SKU-069,Product 69,22,113.3,2492.6
05-12-2025,SKU-011,Product 11,11,77.13,848.43
29-06-2026,SKU-040,Product 40,30,20.93,627.9
20-01-2025,SKU-069,Product 69,15,113.3,1699.5
04-01-2025,SKU-029,Product 29,12,43.36,520.32
28-06-2026,SKU-038,Product 38,30,30.86,925.8
22-07-2026,SKU-006,Product 6,47,16.92,795.24
30-08-2025,SKU-052,Product 52,13,79.76,1036.88
07-04-2026,SKU-048,Product 48,20,18.02,360.4
02-03-2026,SKU-018,Product 18,48,89.39,4290.72
16-02-2025,SKU-078,Product 78,6,23.81,142.86
26-10-2025,SKU-038,Product 38,33,30.86,1018.38
18-02-2026,SKU-023,Product 23,44,129.88,5714.72
25-01-2025,SKU-051,Product 51,14,104.22,1459.08
28-04-2025,SKU-092,Product 92,20,131.65,2633
03-05-2025,SKU-045,Product 45,19,80.28,1525.32
15-09-2025,SKU-028,Product 28,25,68.24,1706
03-07-2026,SKU-024,Product 24,15,109.76,1646.4
05-06-2025,SKU-025,Product 25,3,126.63,379.89
08-10-2025,SKU-082,Product 82,14,82.39,1153.46
30-07-2025,SKU-094,Product 94,4,25.25,101
17-01-2026,SKU-044,Product 44,32,14.73,471.36
04-05-2025,SKU-076,Product 76,8,5.46,43.68
08-01-2025,SKU-036,Product 36,2,130.42,260.84
06-11-2025,SKU-004,Product 4,20,70.1,1402
14-08-2025,SKU-020,Product 20,17,89.85,1527.45
20-02-2025,SKU-011,Product 11,1,77.13,77.13
18-03-2026,SKU-088,Product 88,3,65.71,197.13
23-01-2025,SKU-059,Product 59,11,143.98,1583.78
07-07-2026,SKU-044,Product 44,15,14.73,220.95
23-02-2025,SKU-039,Product 39,2,9.81,19.62
28-04-2025,SKU-046,Product 46,20,105.52,2110.4
16-01-2025,SKU-039,Product 39,12,9.81,117.72
06-05-2025,SKU-017,Product 17,14,88.02,1232.28
04-05-2026,SKU-035,Product 35,10,42.05,420.5
03-03-2025,SKU-061,Product 61,6,141.95,851.7
06-08-2025,SKU-048,Product 48,14,18.02,252.28
30-12-2025,SKU-027,Product 27,25,15.58,389.5
16-07-2026,SKU-097,Product 97,3,45.27,135.81
11-05-2025,SKU-064,Product 64,3,117.63,352.89
24-11-2025,SKU-042,Product 42,16,42.29,676.64
27-02-2025,SKU-027,Product 27,11,15.58,171.38
01-12-2025,SKU-033,Product 33,35,53.43,1870.05
13-04-2025,SKU-092,Product 92,22,131.65,2896.3
12-10-2025,SKU-015,Product 15,4,98.54,394.16
16-09-2025,SKU-043,Product 43,32,124.39,3980.48
16-03-2026,SKU-024,Product 24,45,109.76,4939.2
31-03-2026,SKU-074,Product 74,23,102.79,2364.17
28-06-2025,SKU-075,Product 75,13,13.71,178.23
11-07-2025,SKU-036,Product 36,11,130.42,1434.62
23-01-2025,SKU-045,Product 45,15,80.28,1204.2
12-05-2026,SKU-058,Product 58,53,122.59,6497.27
25-02-2025,SKU-044,Product 44,3,14.73,44.19
30-05-2025,SKU-003,Product 3,12,70.92,851.04
04-09-2025,SKU-005,Product 5,34,112.77,3834.18
11-09-2025,SKU-017,Product 17,4,88.02,352.08
15-01-2025,SKU-089,Product 89,2,62.65,125.3
06-10-2025,SKU-004,Product 4,31,70.1,2173.1
19-11-2025,SKU-050,Product 50,13,42.38,550.94
27-10-2025,SKU-053,Product 53,22,11.29,248.38
11-07-2025,SKU-004,Product 4,17,70.1,1191.7
02-05-2026,SKU-003,Product 3,3,70.92,212.76
05-04-2025,SKU-027,Product 27,11,15.58,171.38
19-09-2025,SKU-079,Product 79,2,39.06,78.12
03-04-2025,SKU-010,Product 10,8,84.95,679.6
14-04-2026,SKU-089,Product 89,13,62.65,814.45
12-03-2025,SKU-090,Product 90,10,41.98,419.8
22-04-2025,SKU-015,Product 15,12,98.54,1182.48
04-05-2026,SKU-004,Product 4,49,70.1,3434.9
04-03-2025,SKU-082,Product 82,15,82.39,1235.85
07-04-2025,SKU-078,Product 78,2,23.81,47.62
06-10-2025,SKU-036,Product 36,26,130.42,3390.92
18-02-2025,SKU-061,Product 61,9,141.95,1277.55
09-10-2025,SKU-064,Product 64,17,117.63,1999.71
01-08-2025,SKU-073,Product 73,8,120.54,964.32
12-10-2025,SKU-001,Product 1,9,133.59,1202.31
25-07-2026,SKU-034,Product 34,39,133.9,5222.1
20-09-2025,SKU-068,Product 68,11,65.88,724.68
15-08-2025,SKU-037,Product 37,8,83.51,668.08
26-01-2025,SKU-061,Product 61,9,141.95,1277.55
15-03-2026,SKU-047,Product 47,9,38.43,345.87
13-12-2025,SKU-092,Product 92,19,131.65,2501.35
13-05-2026,SKU-052,Product 52,17,79.76,1355.92
27-05-2025,SKU-002,Product 2,10,116.06,1160.6
30-07-2025,SKU-074,Product 74,23,102.79,2364.17
01-02-2026,SKU-056,Product 56,39,140.51,5479.89
21-11-2025,SKU-077,Product 77,26,62.14,1615.64
20-08-2025,SKU-097,Product 97,6,45.27,271.62
28-06-2026,SKU-089,Product 89,53,62.65,3320.45
05-03-2026,SKU-097,Product 97,35,45.27,1584.45
23-02-2026,SKU-062,Product 62,12,40.67,488.04
08-05-2025,SKU-056,Product 56,14,140.51,1967.14
21-06-2026,SKU-081,Product 81,3,66.67,200.01
09-02-2025,SKU-013,Product 13,8,106.67,853.36
12-06-2026,SKU-033,Product 33,52,53.43,2778.36
21-01-2026,SKU-084,Product 84,9,108.64,977.76
19-09-2025,SKU-072,Product 72,7,108.25,757.75
15-11-2025,SKU-016,Product 16,15,128.07,1921.05
07-01-2025,SKU-095,Product 95,6,77.08,462.48
18-04-2026,SKU-032,Product 32,44,97.86,4305.84
13-09-2025,SKU-039,Product 39,18,9.81,176.58
16-10-2025,SKU-068,Product 68,9,65.88,592.92
28-04-2026,SKU-065,Product 65,28,29.77,833.56
18-04-2025,SKU-040,Product 40,9,20.93,188.37
21-10-2025,SKU-076,Product 76,20,5.46,109.2
03-12-2025,SKU-041,Product 41,35,33.9,1186.5
16-03-2026,SKU-025,Product 25,3,126.63,379.89
22-08-2025,SKU-058,Product 58,19,122.59,2329.21
17-02-2026,SKU-078,Product 78,28,23.81,666.68
22-06-2025,SKU-040,Product 40,28,20.93,586.04
01-02-2026,SKU-007,Product 7,27,81.18,2191.86
17-12-2025,SKU-085,Product 85,36,53.4,1922.4
04-09-2025,SKU-084,Product 84,18,108.64,1955.52
07-01-2025,SKU-067,Product 67,8,99.67,797.36
13-11-2025,SKU-025,Product 25,5,126.63,633.15
10-01-2025,SKU-064,Product 64,3,117.63,352.89
18-01-2025,SKU-014,Product 14,15,51.74,776.1
16-02-2026,SKU-074,Product 74,9,102.79,925.11
15-05-2025,SKU-002,Product 2,5,116.06,580.3
01-06-2025,SKU-022,Product 22,14,59.25,829.5
13-03-2025,SKU-028,Product 28,6,68.24,409.44
19-09-2025,SKU-016,Product 16,7,128.07,896.49
21-11-2025,SKU-056,Product 56,29,140.51,4074.79
04-09-2025,SKU-094,Product 94,31,25.25,782.75
01-01-2025,SKU-007,Product 7,9,81.18,730.62
01-03-2026,SKU-010,Product 10,25,84.95,2123.75
26-09-2025,SKU-080,Product 80,28,14.32,400.96
15-11-2025,SKU-082,Product 82,10,82.39,823.9
09-11-2025,SKU-037,Product 37,7,83.51,584.57
21-02-2025,SKU-075,Product 75,8,13.71,109.68
19-03-2026,SKU-047,Product 47,19,38.43,730.17
07-12-2025,SKU-032,Product 32,30,97.86,2935.8
08-06-2026,SKU-086,Product 86,55,117.55,6465.25
28-12-2025,SKU-053,Product 53,14,11.29,158.06
15-07-2026,SKU-004,Product 4,3,70.1,210.3
09-05-2025,SKU-024,Product 24,19,109.76,2085.44
20-08-2025,SKU-028,Product 28,15,68.24,1023.6
07-04-2025,SKU-069,Product 69,19,113.3,2152.7
04-02-2026,SKU-047,Product 47,33,38.43,1268.19
12-01-2025,SKU-029,Product 29,2,43.36,86.72
04-08-2025,SKU-016,Product 16,23,128.07,2945.61
08-11-2025,SKU-048,Product 48,13,18.02,234.26
28-03-2025,SKU-007,Product 7,13,81.18,1055.34
09-01-2026,SKU-084,Product 84,41,108.64,4454.24
03-10-2025,SKU-083,Product 83,17,134.11,2279.87
30-04-2025,SKU-029,Product 29,8,43.36,346.88
15-06-2025,SKU-073,Product 73,22,120.54,2651.88
17-04-2025,SKU-096,Product 96,4,57.25,229
29-05-2026,SKU-008,Product 8,22,38.61,849.42
20-07-2026,SKU-035,Product 35,51,42.05,2144.55
26-03-2026,SKU-074,Product 74,33,102.79,3392.07
23-04-2026,SKU-057,Product 57,10,27.94,279.4
28-03-2026,SKU-093,Product 93,30,41.04,1231.2
04-01-2026,SKU-034,Product 34,23,133.9,3079.7
14-06-2026,SKU-026,Product 26,3,66.33,198.99
28-01-2026,SKU-042,Product 42,18,42.29,761.22
12-06-2025,SKU-035,Product 35,11,42.05,462.55
12-10-2025,SKU-047,Product 47,27,38.43,1037.61
11-09-2025,SKU-066,Product 66,6,50.43,302.58
23-06-2026,SKU-019,Product 19,7,83.88,587.16
16-08-2025,SKU-087,Product 87,10,123.31,1233.1
24-02-2025,SKU-018,Product 18,1,89.39,89.39
02-08-2025,SKU-062,Product 62,29,40.67,1179.43
11-08-2025,SKU-013,Product 13,15,106.67,1600.05
29-06-2026,SKU-043,Product 43,53,124.39,6592.67
12-02-2025,SKU-010,Product 10,9,84.95,764.55
05-09-2025,SKU-012,Product 12,15,112.29,1684.35
29-12-2025,SKU-041,Product 41,34,33.9,1152.6
22-04-2025,SKU-063,Product 63,17,85.06,1446.02
13-07-2025,SKU-057,Product 57,22,27.94,614.68
13-07-2025,SKU-042,Product 42,10,42.29,422.9
03-05-2026,SKU-011,Product 11,52,77.13,4010.76
22-05-2026,SKU-087,Product 87,47,123.31,5795.57
07-08-2025,SKU-023,Product 23,19,129.88,2467.72
17-01-2026,SKU-055,Product 55,32,53.76,1720.32
09-08-2025,SKU-034,Product 34,12,133.9,1606.8
14-07-2026,SKU-033,Product 33,46,53.43,2457.78
27-05-2025,SKU-008,Product 8,7,38.61,270.27
30-12-2025,SKU-098,Product 98,34,5.2,176.8
14-04-2025,SKU-024,Product 24,15,109.76,1646.4
24-04-2026,SKU-051,Product 51,34,104.22,3543.48
04-03-2026,SKU-096,Product 96,3,57.25,171.75
12-05-2025,SKU-040,Product 40,3,20.93,62.79
13-04-2025,SKU-053,Product 53,6,11.29,67.74
28-12-2025,SKU-033,Product 33,25,53.43,1335.75
05-06-2025,SKU-073,Product 73,3,120.54,361.62
21-07-2026,SKU-065,Product 65,51,29.77,1518.27
04-06-2026,SKU-080,Product 80,14,14.32,200.48
07-05-2025,SKU-095,Product 95,1,77.08,77.08
07-05-2026,SKU-074,Product 74,3,102.79,308.37
25-04-2025,SKU-091,Product 91,23,12.64,290.72
05-06-2026,SKU-022,Product 22,18,59.25,1066.5
02-12-2025,SKU-069,Product 69,21,113.3,2379.3
09-12-2025,SKU-015,Product 15,19,98.54,1872.26
15-02-2026,SKU-057,Product 57,46,27.94,1285.24
28-05-2026,SKU-028,Product 28,14,68.24,955.36
02-06-2025,SKU-068,Product 68,17,65.88,1119.96
21-12-2025,SKU-081,Product 81,39,66.67,2600.13
12-04-2026,SKU-054,Product 54,51,85.15,4342.65
05-03-2026,SKU-080,Product 80,38,14.32,544.16
23-05-2025,SKU-020,Product 20,24,89.85,2156.4
19-07-2026,SKU-077,Product 77,35,62.14,2174.9
29-01-2026,SKU-004,Product 4,39,70.1,2733.9
16-06-2025,SKU-064,Product 64,16,117.63,1882.08
17-10-2025,SKU-074,Product 74,2,102.79,205.58
24-03-2025,SKU-094,Product 94,18,25.25,454.5
07-03-2025,SKU-062,Product 62,5,40.67,203.35
25-05-2025,SKU-045,Product 45,24,80.28,1926.72
25-05-2026,SKU-091,Product 91,47,12.64,594.08
04-01-2026,SKU-096,Product 96,5,57.25,286.25
22-10-2025,SKU-033,Product 33,32,53.43,1709.76
05-12-2025,SKU-100,Product 100,35,56.59,1980.65
27-07-2025,SKU-001,Product 1,6,133.59,801.54
10-09-2025,SKU-062,Product 62,32,40.67,1301.44
30-06-2025,SKU-049,Product 49,21,6.44,135.24
16-03-2025,SKU-010,Product 10,6,84.95,509.7
21-06-2025,SKU-006,Product 6,7,16.92,118.44
09-04-2026,SKU-067,Product 67,44,99.67,4385.48
13-04-2026,SKU-072,Product 72,30,108.25,3247.5
19-09-2025,SKU-028,Product 28,32,68.24,2183.68
21-06-2025,SKU-089,Product 89,26,62.65,1628.9
14-10-2025,SKU-058,Product 58,37,122.59,4535.83
14-02-2026,SKU-030,Product 30,46,117.66,5412.36
01-08-2025,SKU-087,Product 87,27,123.31,3329.37
27-03-2025,SKU-090,Product 90,18,41.98,755.64
29-01-2026,SKU-080,Product 80,36,14.32,515.52
14-02-2026,SKU-098,Product 98,34,5.2,176.8
16-07-2025,SKU-041,Product 41,20,33.9,678
17-04-2026,SKU-013,Product 13,3,106.67,320.01
20-12-2025,SKU-098,Product 98,25,5.2,130
23-03-2025,SKU-073,Product 73,9,120.54,1084.86
20-01-2026,SKU-084,Product 84,20,108.64,2172.8
07-10-2025,SKU-003,Product 3,7,70.92,496.44
07-03-2026,SKU-028,Product 28,38,68.24,2593.12
29-10-2025,SKU-098,Product 98,23,5.2,119.6
27-09-2025,SKU-013,Product 13,9,106.67,960.03
14-04-2026,SKU-053,Product 53,3,11.29,33.87
25-01-2026,SKU-050,Product 50,45,42.38,1907.1
25-01-2026,SKU-038,Product 38,12,30.86,370.32
07-01-2025,SKU-082,Product 82,10,82.39,823.9
19-03-2026,SKU-036,Product 36,39,130.42,5086.38
17-04-2025,SKU-004,Product 4,1,70.1,70.1
10-02-2025,SKU-036,Product 36,4,130.42,521.68
26-10-2025,SKU-027,Product 27,15,15.58,233.7
07-05-2025,SKU-076,Product 76,9,5.46,49.14
16-04-2025,SKU-100,Product 100,13,56.59,735.67
03-07-2026,SKU-016,Product 16,46,128.07,5891.22
09-07-2026,SKU-033,Product 33,27,53.43,1442.61
06-03-2026,SKU-083,Product 83,32,134.11,4291.52
23-05-2025,SKU-018,Product 18,22,89.39,1966.58
27-04-2026,SKU-003,Product 3,28,70.92,1985.76
10-09-2025,SKU-018,Product 18,20,89.39,1787.8
07-04-2025,SKU-085,Product 85,8,53.4,427.2
12-02-2025,SKU-078,Product 78,6,23.81,142.86
16-06-2025,SKU-041,Product 41,24,33.9,813.6
22-06-2026,SKU-032,Product 32,34,97.86,3327.24
01-06-2025,SKU-055,Product 55,10,53.76,537.6
07-09-2025,SKU-073,Product 73,18,120.54,2169.72
02-03-2025,SKU-030,Product 30,5,117.66,588.3
25-04-2026,SKU-014,Product 14,38,51.74,1966.12
28-07-2025,SKU-032,Product 32,20,97.86,1957.2
09-05-2025,SKU-055,Product 55,8,53.76,430.08
25-12-2025,SKU-057,Product 57,40,27.94,1117.6
25-10-2025,SKU-006,Product 6,10,16.92,169.2
22-09-2025,SKU-024,Product 24,26,109.76,2853.76
16-02-2025,SKU-019,Product 19,14,83.88,1174.32
01-08-2025,SKU-076,Product 76,25,5.46,136.5
23-08-2025,SKU-085,Product 85,28,53.4,1495.2
25-09-2025,SKU-075,Product 75,26,13.71,356.46
30-01-2025,SKU-042,Product 42,16,42.29,676.64
19-02-2025,SKU-003,Product 3,5,70.92,354.6
14-02-2025,SKU-076,Product 76,8,5.46,43.68
08-04-2026,SKU-042,Product 42,6,42.29,253.74
17-01-2026,SKU-061,Product 61,38,141.95,5394.1
11-03-2025,SKU-039,Product 39,14,9.81,137.34
30-07-2025,SKU-069,Product 69,8,113.3,906.4
09-04-2026,SKU-021,Product 21,6,71.49,428.94
15-07-2026,SKU-055,Product 55,23,53.76,1236.48
05-05-2025,SKU-021,Product 21,6,71.49,428.94
15-07-2025,SKU-051,Product 51,6,104.22,625.32
27-06-2026,SKU-005,Product 5,26,112.77,2932.02
12-01-2025,SKU-099,Product 99,15,48.68,730.2
13-06-2026,SKU-015,Product 15,48,98.54,4729.92
24-06-2025,SKU-038,Product 38,3,30.86,92.58
21-02-2025,SKU-070,Product 70,16,38.61,617.76
01-04-2026,SKU-027,Product 27,26,15.58,405.08
18-04-2026,SKU-062,Product 62,44,40.67,1789.48
11-10-2025,SKU-043,Product 43,37,124.39,4602.43
07-06-2026,SKU-075,Product 75,37,13.71,507.27
14-10-2025,SKU-076,Product 76,32,5.46,174.72
28-01-2026,SKU-074,Product 74,33,102.79,3392.07
01-06-2025,SKU-031,Product 31,17,52.96,900.32
07-12-2025,SKU-050,Product 50,5,42.38,211.9
12-03-2026,SKU-097,Product 97,6,45.27,271.62
01-07-2025,SKU-028,Product 28,29,68.24,1978.96
03-08-2025,SKU-053,Product 53,16,11.29,180.64
30-05-2025,SKU-007,Product 7,17,81.18,1380.06
08-04-2025,SKU-045,Product 45,4,80.28,321.12
24-07-2026,SKU-088,Product 88,15,65.71,985.65
07-08-2025,SKU-055,Product 55,29,53.76,1559.04
15-07-2025,SKU-083,Product 83,12,134.11,1609.32
27-11-2025,SKU-085,Product 85,16,53.4,854.4
18-03-2025,SKU-063,Product 63,9,85.06,765.54
22-11-2025,SKU-050,Product 50,5,42.38,211.9
05-05-2026,SKU-098,Product 98,28,5.2,145.6
27-10-2025,SKU-007,Product 7,10,81.18,811.8
21-03-2025,SKU-035,Product 35,1,42.05,42.05
01-04-2026,SKU-036,Product 36,6,130.42,782.52
07-06-2025,SKU-094,Product 94,10,25.25,252.5
06-02-2025,SKU-002,Product 2,3,116.06,348.18
26-01-2025,SKU-093,Product 93,2,41.04,82.08
01-05-2026,SKU-022,Product 22,42,59.25,2488.5
22-04-2025,SKU-032,Product 32,12,97.86,1174.32
03-06-2026,SKU-041,Product 41,51,33.9,1728.9
09-09-2025,SKU-006,Product 6,13,16.92,219.96
09-04-2025,SKU-098,Product 98,6,5.2,31.2
29-08-2025,SKU-075,Product 75,13,13.71,178.23
29-07-2026,SKU-038,Product 38,7,30.86,216.02
06-11-2025,SKU-073,Product 73,18,120.54,2169.72
30-03-2025,SKU-066,Product 66,18,50.43,907.74
27-03-2026,SKU-078,Product 78,40,23.81,952.4
13-06-2026,SKU-096,Product 96,33,57.25,1889.25
22-01-2026,SKU-050,Product 50,9,42.38,381.42
16-08-2025,SKU-044,Product 44,6,14.73,88.38
23-03-2026,SKU-032,Product 32,9,97.86,880.74
11-10-2025,SKU-025,Product 25,4,126.63,506.52
19-05-2026,SKU-077,Product 77,46,62.14,2858.44
07-12-2025,SKU-001,Product 1,41,133.59,5477.19
21-06-2025,SKU-011,Product 11,7,77.13,539.91
14-07-2025,SKU-037,Product 37,8,83.51,668.08
05-09-2025,SKU-023,Product 23,15,129.88,1948.2
12-09-2025,SKU-078,Product 78,34,23.81,809.54
14-07-2026,SKU-037,Product 37,54,83.51,4509.54
24-10-2025,SKU-035,Product 35,12,42.05,504.6
12-02-2025,SKU-054,Product 54,4,85.15,340.6
27-06-2026,SKU-056,Product 56,30,140.51,4215.3
23-12-2025,SKU-066,Product 66,11,50.43,554.73
07-09-2025,SKU-037,Product 37,13,83.51,1085.63
15-05-2026,SKU-087,Product 87,53,123.31,6535.43
27-06-2026,SKU-054,Product 54,49,85.15,4172.35
28-04-2026,SKU-054,Product 54,10,85.15,851.5
09-04-2026,SKU-015,Product 15,34,98.54,3350.36
03-03-2025,SKU-026,Product 26,6,66.33,397.98
23-04-2026,SKU-083,Product 83,41,134.11,5498.51
31-05-2025,SKU-009,Product 9,14,33.35,466.9
21-03-2025,SKU-019,Product 19,8,83.88,671.04
01-07-2026,SKU-066,Product 66,38,50.43,1916.34
23-09-2025,SKU-083,Product 83,11,134.11,1475.21
11-02-2025,SKU-043,Product 43,9,124.39,1119.51
21-10-2025,SKU-077,Product 77,17,62.14,1056.38
02-02-2025,SKU-062,Product 62,15,40.67,610.05
19-04-2026,SKU-007,Product 7,27,81.18,2191.86
21-10-2025,SKU-098,Product 98,27,5.2,140.4
18-07-2025,SKU-038,Product 38,10,30.86,308.6
30-06-2026,SKU-043,Product 43,57,124.39,7090.23
04-01-2025,SKU-018,Product 18,7,89.39,625.73
16-04-2025,SKU-095,Product 95,1,77.08,77.08
10-06-2026,SKU-036,Product 36,33,130.42,4303.86
13-03-2026,SKU-027,Product 27,16,15.58,249.28
29-06-2026,SKU-022,Product 22,49,59.25,2903.25
17-02-2025,SKU-055,Product 55,8,53.76,430.08
08-03-2025,SKU-036,Product 36,4,130.42,521.68
28-06-2025,SKU-097,Product 97,19,45.27,860.13
05-11-2025,SKU-029,Product 29,15,43.36,650.4
24-07-2026,SKU-007,Product 7,23,81.18,1867.14
13-06-2026,SKU-072,Product 72,22,108.25,2381.5
08-10-2025,SKU-020,Product 20,17,89.85,1527.45
25-08-2025,SKU-019,Product 19,22,83.88,1845.36
25-10-2025,SKU-024,Product 24,30,109.76,3292.8
16-09-2025,SKU-089,Product 89,16,62.65,1002.4
07-11-2025,SKU-089,Product 89,5,62.65,313.25
07-02-2025,SKU-066,Product 66,17,50.43,857.31
06-12-2025,SKU-074,Product 74,35,102.79,3597.65
08-08-2025,SKU-094,Product 94,2,25.25,50.5
25-07-2025,SKU-090,Product 90,10,41.98,419.8
29-08-2025,SKU-065,Product 65,4,29.77,119.08
04-11-2025,SKU-092,Product 92,7,131.65,921.55
06-02-2025,SKU-050,Product 50,7,42.38,296.66
01-01-2025,SKU-064,Product 64,15,117.63,1764.45
25-07-2025,SKU-070,Product 70,10,38.61,386.1
14-01-2026,SKU-006,Product 6,5,16.92,84.6
30-08-2025,SKU-007,Product 7,24,81.18,1948.32
07-07-2025,SKU-059,Product 59,11,143.98,1583.78
03-06-2026,SKU-099,Product 99,55,48.68,2677.4
30-03-2025,SKU-082,Product 82,13,82.39,1071.07
29-07-2026,SKU-032,Product 32,31,97.86,3033.66
18-05-2025,SKU-066,Product 66,3,50.43,151.29
31-07-2025,SKU-006,Product 6,4,16.92,67.68
13-02-2026,SKU-081,Product 81,40,66.67,2666.8
15-05-2026,SKU-094,Product 94,53,25.25,1338.25
14-07-2025,SKU-030,Product 30,22,117.66,2588.52
14-04-2026,SKU-040,Product 40,3,20.93,62.79
19-06-2026,SKU-080,Product 80,26,14.32,372.32
25-12-2025,SKU-030,Product 30,20,117.66,2353.2
10-06-2025,SKU-027,Product 27,14,15.58,218.12
21-07-2025,SKU-084,Product 84,4,108.64,434.56
14-03-2026,SKU-002,Product 2,29,116.06,3365.74
09-02-2026,SKU-011,Product 11,46,77.13,3547.98
22-01-2025,SKU-029,Product 29,15,43.36,650.4
24-03-2026,SKU-008,Product 8,3,38.61,115.83
20-08-2025,SKU-012,Product 12,26,112.29,2919.54
27-11-2025,SKU-033,Product 33,16,53.43,854.88
29-03-2025,SKU-049,Product 49,4,6.44,25.76
21-07-2026,SKU-056,Product 56,47,140.51,6603.97
15-10-2025,SKU-083,Product 83,17,134.11,2279.87
03-04-2025,SKU-079,Product 79,16,39.06,624.96
11-05-2025,SKU-018,Product 18,25,89.39,2234.75
13-08-2025,SKU-011,Product 11,4,77.13,308.52
30-06-2026,SKU-023,Product 23,53,129.88,6883.64
16-07-2025,SKU-098,Product 98,8,5.2,41.6
14-01-2025,SKU-008,Product 8,1,38.61,38.61
20-10-2025,SKU-035,Product 35,2,42.05,84.1
11-12-2025,SKU-003,Product 3,22,70.92,1560.24
21-03-2025,SKU-065,Product 65,12,29.77,357.24
15-09-2025,SKU-056,Product 56,25,140.51,3512.75
27-01-2025,SKU-047,Product 47,11,38.43,422.73
31-12-2025,SKU-049,Product 49,5,6.44,32.2
12-04-2025,SKU-073,Product 73,3,120.54,361.62
03-07-2026,SKU-016,Product 16,34,128.07,4354.38
09-03-2026,SKU-094,Product 94,45,25.25,1136.25
19-04-2025,SKU-005,Product 5,10,112.77,1127.7
04-01-2026,SKU-053,Product 53,14,11.29,158.06
21-05-2025,SKU-028,Product 28,15,68.24,1023.6
29-04-2026,SKU-037,Product 37,21,83.51,1753.71
29-04-2025,SKU-045,Product 45,4,80.28,321.12
09-05-2026,SKU-049,Product 49,49,6.44,315.56
08-07-2025,SKU-081,Product 81,17,66.67,1133.39
07-06-2025,SKU-017,Product 17,16,88.02,1408.32
09-07-2025,SKU-073,Product 73,29,120.54,3495.66
22-05-2025,SKU-058,Product 58,17,122.59,2084.03
12-07-2026,SKU-053,Product 53,23,11.29,259.67
25-02-2026,SKU-009,Product 9,9,33.35,300.15
26-06-2026,SKU-009,Product 9,15,33.35,500.25
25-02-2026,SKU-097,Product 97,31,45.27,1403.37
02-05-2025,SKU-067,Product 67,21,99.67,2093.07
25-01-2025,SKU-030,Product 30,1,117.66,117.66
10-01-2025,SKU-051,Product 51,2,104.22,208.44
02-08-2025,SKU-010,Product 10,6,84.95,509.7
06-09-2025,SKU-008,Product 8,32,38.61,1235.52
30-08-2025,SKU-035,Product 35,20,42.05,841
04-05-2026,SKU-005,Product 5,7,112.77,789.39
30-09-2025,SKU-099,Product 99,26,48.68,1265.68
02-05-2025,SKU-019,Product 19,6,83.88,503.28
15-11-2025,SKU-074,Product 74,29,102.79,2980.91
03-04-2025,SKU-003,Product 3,11,70.92,780.12
24-04-2026,SKU-031,Product 31,41,52.96,2171.36
12-03-2026,SKU-001,Product 1,42,133.59,5610.78
07-04-2026,SKU-048,Product 48,27,18.02,486.54
17-04-2026,SKU-068,Product 68,41,65.88,2701.08
27-02-2025,SKU-051,Product 51,15,104.22,1563.3
05-07-2025,SKU-016,Product 16,25,128.07,3201.75
07-03-2026,SKU-045,Product 45,35,80.28,2809.8
07-02-2026,SKU-074,Product 74,33,102.79,3392.07
16-03-2026,SKU-032,Product 32,36,97.86,3522.96
30-03-2026,SKU-058,Product 58,26,122.59,3187.34
18-07-2025,SKU-064,Product 64,26,117.63,3058.38
27-06-2025,SKU-039,Product 39,9,9.81,88.29
28-09-2025,SKU-011,Product 11,33,77.13,2545.29
08-10-2025,SKU-026,Product 26,14,66.33,928.62
26-01-2026,SKU-040,Product 40,39,20.93,816.27
19-03-2026,SKU-052,Product 52,36,79.76,2871.36
11-06-2026,SKU-011,Product 11,33,77.13,2545.29
10-12-2025,SKU-042,Product 42,19,42.29,803.51
13-06-2026,SKU-050,Product 50,33,42.38,1398.54
14-01-2026,SKU-076,Product 76,17,5.46,92.82
04-07-2026,SKU-059,Product 59,19,143.98,2735.62
21-02-2025,SKU-004,Product 4,18,70.1,1261.8
30-08-2025,SKU-076,Product 76,31,5.46,169.26
12-02-2025,SKU-046,Product 46,15,105.52,1582.8
03-09-2025,SKU-097,Product 97,22,45.27,995.94
07-03-2026,SKU-036,Product 36,9,130.42,1173.78
30-06-2026,SKU-036,Product 36,7,130.42,912.94
03-02-2025,SKU-077,Product 77,9,62.14,559.26
12-02-2025,SKU-059,Product 59,7,143.98,1007.86
03-09-2025,SKU-046,Product 46,15,105.52,1582.8
25-06-2026,SKU-093,Product 93,53,41.04,2175.12
10-08-2025,SKU-050,Product 50,8,42.38,339.04
10-04-2026,SKU-071,Product 71,6,41.39,248.34
15-08-2025,SKU-046,Product 46,13,105.52,1371.76
10-03-2025,SKU-048,Product 48,17,18.02,306.34
15-03-2026,SKU-007,Product 7,3,81.18,243.54
25-07-2025,SKU-034,Product 34,30,133.9,4017
04-06-2025,SKU-078,Product 78,19,23.81,452.39
22-05-2025,SKU-052,Product 52,8,79.76,638.08
12-12-2025,SKU-044,Product 44,39,14.73,574.47
03-06-2025,SKU-056,Product 56,17,140.51,2388.67
18-01-2026,SKU-063,Product 63,14,85.06,1190.84
14-03-2025,SKU-072,Product 72,9,108.25,974.25
21-02-2025,SKU-012,Product 12,1,112.29,112.29
07-03-2026,SKU-013,Product 13,29,106.67,3093.43
04-06-2026,SKU-069,Product 69,29,113.3,3285.7
07-02-2026,SKU-086,Product 86,27,117.55,3173.85
21-12-2025,SKU-013,Product 13,31,106.67,3306.77
10-01-2025,SKU-076,Product 76,5,5.46,27.3
06-04-2026,SKU-080,Product 80,13,14.32,186.16
08-03-2025,SKU-014,Product 14,1,51.74,51.74
01-02-2025,SKU-001,Product 1,4,133.59,534.36
13-01-2026,SKU-096,Product 96,41,57.25,2347.25
16-11-2025,SKU-098,Product 98,5,5.2,26
22-09-2025,SKU-040,Product 40,7,20.93,146.51
21-08-2025,SKU-027,Product 27,26,15.58,405.08
21-04-2025,SKU-039,Product 39,4,9.81,39.24
17-03-2025,SKU-053,Product 53,8,11.29,90.32
15-04-2026,SKU-097,Product 97,24,45.27,1086.48
26-03-2026,SKU-100,Product 100,13,56.59,735.67
13-04-2025,SKU-049,Product 49,1,6.44,6.44
23-06-2025,SKU-011,Product 11,24,77.13,1851.12
07-03-2025,SKU-048,Product 48,9,18.02,162.18
08-12-2025,SKU-042,Product 42,27,42.29,1141.83
15-12-2025,SKU-086,Product 86,25,117.55,2938.75
20-02-2026,SKU-073,Product 73,34,120.54,4098.36
04-01-2025,SKU-063,Product 63,14,85.06,1190.84
12-05-2026,SKU-089,Product 89,10,62.65,626.5
19-09-2025,SKU-048,Product 48,23,18.02,414.46
13-04-2025,SKU-005,Product 5,4,112.77,451.08
13-02-2025,SKU-025,Product 25,12,126.63,1519.56
07-10-2025,SKU-007,Product 7,4,81.18,324.72
09-07-2025,SKU-061,Product 61,21,141.95,2980.95
02-02-2025,SKU-064,Product 64,11,117.63,1293.93
20-02-2025,SKU-085,Product 85,2,53.4,106.8
17-08-2025,SKU-090,Product 90,4,41.98,167.92
02-01-2026,SKU-039,Product 39,5,9.81,49.05
07-05-2025,SKU-072,Product 72,4,108.25,433
27-03-2026,SKU-032,Product 32,6,97.86,587.16
08-08-2025,SKU-004,Product 4,23,70.1,1612.3
27-10-2025,SKU-021,Product 21,5,71.49,357.45
07-02-2025,SKU-081,Product 81,4,66.67,266.68
23-03-2025,SKU-032,Product 32,8,97.86,782.88
01-07-2025,SKU-083,Product 83,25,134.11,3352.75
27-01-2026,SKU-064,Product 64,18,117.63,2117.34
27-04-2026,SKU-032,Product 32,28,97.86,2740.08
23-01-2025,SKU-053,Product 53,7,11.29,79.03
14-09-2025,SKU-036,Product 36,23,130.42,2999.66
17-01-2025,SKU-075,Product 75,7,13.71,95.97
25-11-2025,SKU-035,Product 35,5,42.05,210.25
26-04-2025,SKU-040,Product 40,11,20.93,230.23
01-03-2026,SKU-001,Product 1,9,133.59,1202.31
25-03-2025,SKU-049,Product 49,15,6.44,96.6
26-11-2025,SKU-004,Product 4,8,70.1,560.8
07-03-2026,SKU-050,Product 50,16,42.38,678.08
29-07-2026,SKU-038,Product 38,23,30.86,709.78
08-03-2025,SKU-007,Product 7,16,81.18,1298.88
01-02-2025,SKU-041,Product 41,12,33.9,406.8
09-06-2026,SKU-051,Product 51,7,104.22,729.54
13-04-2025,SKU-010,Product 10,15,84.95,1274.25
21-01-2025,SKU-006,Product 6,7,16.92,118.44
22-03-2025,SKU-089,Product 89,19,62.65,1190.35
28-05-2025,SKU-024,Product 24,15,109.76,1646.4
01-10-2025,SKU-074,Product 74,12,102.79,1233.48
27-06-2025,SKU-031,Product 31,13,52.96,688.48
01-02-2025,SKU-089,Product 89,8,62.65,501.2
07-03-2025,SKU-070,Product 70,14,38.61,540.54
08-03-2026,SKU-089,Product 89,12,62.65,751.8
07-03-2026,SKU-059,Product 59,38,143.98,5471.24
10-07-2026,SKU-100,Product 100,3,56.59,169.77
20-09-2025,SKU-093,Product 93,2,41.04,82.08
08-03-2026,SKU-094,Product 94,19,25.25,479.75
22-02-2026,SKU-098,Product 98,31,5.2,161.2
19-06-2025,SKU-096,Product 96,24,57.25,1374
31-05-2025,SKU-099,Product 99,26,48.68,1265.68
29-07-2025,SKU-082,Product 82,25,82.39,2059.75
07-02-2025,SKU-006,Product 6,14,16.92,236.88
25-07-2026,SKU-066,Product 66,19,50.43,958.17
10-01-2026,SKU-025,Product 25,32,126.63,4052.16
09-01-2026,SKU-088,Product 88,41,65.71,2694.11
06-08-2025,SKU-088,Product 88,17,65.71,1117.07
07-06-2026,SKU-085,Product 85,37,53.4,1975.8
03-07-2026,SKU-050,Product 50,7,42.38,296.66
16-04-2026,SKU-080,Product 80,3,14.32,42.96
02-07-2026,SKU-044,Product 44,49,14.73,721.77
03-06-2025,SKU-062,Product 62,10,40.67,406.7
25-05-2026,SKU-085,Product 85,32,53.4,1708.8
03-02-2026,SKU-037,Product 37,27,83.51,2254.77
07-04-2025,SKU-048,Product 48,22,18.02,396.44
19-09-2025,SKU-068,Product 68,11,65.88,724.68
08-08-2025,SKU-005,Product 5,27,112.77,3044.79
08-11-2025,SKU-033,Product 33,5,53.43,267.15
20-09-2025,SKU-003,Product 3,9,70.92,638.28
26-06-2026,SKU-003,Product 3,22,70.92,1560.24
13-09-2025,SKU-045,Product 45,4,80.28,321.12
17-12-2025,SKU-095,Product 95,36,77.08,2774.88
14-03-2026,SKU-068,Product 68,35,65.88,2305.8
19-05-2025,SKU-078,Product 78,20,23.81,476.2
08-06-2026,SKU-025,Product 25,52,126.63,6584.76
04-03-2025,SKU-040,Product 40,7,20.93,146.51
02-01-2026,SKU-089,Product 89,20,62.65,1253
11-04-2026,SKU-072,Product 72,51,108.25,5520.75
19-05-2026,SKU-082,Product 82,10,82.39,823.9
24-09-2025,SKU-091,Product 91,14,12.64,176.96
19-03-2026,SKU-001,Product 1,49,133.59,6545.91
19-02-2026,SKU-057,Product 57,15,27.94,419.1
28-10-2025,SKU-067,Product 67,20,99.67,1993.4
05-06-2025,SKU-050,Product 50,12,42.38,508.56
22-03-2026,SKU-045,Product 45,16,80.28,1284.48
08-03-2025,SKU-092,Product 92,2,131.65,263.3
27-03-2025,SKU-091,Product 91,15,12.64,189.6
22-01-2026,SKU-053,Product 53,30,11.29,338.7
05-12-2025,SKU-049,Product 49,11,6.44,70.84
09-02-2026,SKU-082,Product 82,12,82.39,988.68
23-02-2026,SKU-063,Product 63,25,85.06,2126.5
01-02-2026,SKU-078,Product 78,18,23.81,428.58
11-05-2025,SKU-075,Product 75,23,13.71,315.33
23-02-2026,SKU-012,Product 12,28,112.29,3144.12
25-03-2026,SKU-046,Product 46,9,105.52,949.68
28-08-2025,SKU-004,Product 4,6,70.1,420.6
11-05-2026,SKU-047,Product 47,42,38.43,1614.06
25-11-2025,SKU-054,Product 54,5,85.15,425.75
27-11-2025,SKU-052,Product 52,32,79.76,2552.32
31-05-2025,SKU-053,Product 53,26,11.29,293.54
24-11-2025,SKU-008,Product 8,5,38.61,193.05
03-05-2025,SKU-091,Product 91,4,12.64,50.56
17-05-2026,SKU-079,Product 79,7,39.06,273.42
01-08-2025,SKU-003,Product 3,2,70.92,141.84
25-06-2025,SKU-062,Product 62,5,40.67,203.35
18-07-2026,SKU-038,Product 38,58,30.86,1789.88
28-10-2025,SKU-073,Product 73,15,120.54,1808.1
09-01-2025,SKU-031,Product 31,11,52.96,582.56
14-03-2026,SKU-073,Product 73,22,120.54,2651.88
22-09-2025,SKU-076,Product 76,14,5.46,76.44
19-01-2025,SKU-059,Product 59,13,143.98,1871.74
04-01-2026,SKU-056,Product 56,32,140.51,4496.32
27-04-2026,SKU-076,Product 76,38,5.46,207.48
10-07-2026,SKU-043,Product 43,11,124.39,1368.29
14-05-2026,SKU-002,Product 2,39,116.06,4526.34
12-02-2026,SKU-061,Product 61,28,141.95,3974.6
18-01-2026,SKU-002,Product 2,17,116.06,1973.02
08-04-2026,SKU-074,Product 74,34,102.79,3494.86
09-03-2026,SKU-042,Product 42,16,42.29,676.64
10-10-2025,SKU-006,Product 6,27,16.92,456.84
16-06-2026,SKU-092,Product 92,33,131.65,4344.45
31-08-2025,SKU-012,Product 12,27,112.29,3031.83
15-12-2025,SKU-043,Product 43,28,124.39,3482.92
05-08-2025,SKU-034,Product 34,19,133.9,2544.1
09-06-2025,SKU-042,Product 42,5,42.29,211.45
28-05-2025,SKU-048,Product 48,8,18.02,144.16
11-02-2026,SKU-049,Product 49,6,6.44,38.64
15-04-2026,SKU-080,Product 80,44,14.32,630.08
22-08-2025,SKU-092,Product 92,11,131.65,1448.15
02-05-2025,SKU-058,Product 58,1,122.59,122.59
16-02-2026,SKU-032,Product 32,18,97.86,1761.48
11-07-2025,SKU-018,Product 18,5,89.39,446.95
21-07-2026,SKU-018,Product 18,27,89.39,2413.53
26-11-2025,SKU-042,Product 42,13,42.29,549.77
01-06-2025,SKU-034,Product 34,16,133.9,2142.4
10-02-2026,SKU-099,Product 99,24,48.68,1168.32
02-04-2025,SKU-076,Product 76,5,5.46,27.3
29-04-2025,SKU-058,Product 58,16,122.59,1961.44
15-04-2026,SKU-002,Product 2,10,116.06,1160.6
18-10-2025,SKU-017,Product 17,12,88.02,1056.24
21-03-2026,SKU-073,Product 73,43,120.54,5183.22
05-01-2025,SKU-047,Product 47,15,38.43,576.45
09-04-2025,SKU-063,Product 63,3,85.06,255.18
11-05-2026,SKU-094,Product 94,7,25.25,176.75
29-01-2026,SKU-048,Product 48,3,18.02,54.06
23-07-2025,SKU-038,Product 38,28,30.86,864.08
29-03-2025,SKU-060,Product 60,7,70.14,490.98
02-06-2025,SKU-065,Product 65,12,29.77,357.24
03-03-2025,SKU-032,Product 32,2,97.86,195.72
10-01-2025,SKU-068,Product 68,11,65.88,724.68
30-07-2026,SKU-097,Product 97,7,45.27,316.89
20-03-2026,SKU-046,Product 46,49,105.52,5170.48
22-08-2025,SKU-001,Product 1,26,133.59,3473.34
02-03-2025,SKU-061,Product 61,10,141.95,1419.5
14-11-2025,SKU-041,Product 41,18,33.9,610.2
25-02-2025,SKU-032,Product 32,19,97.86,1859.34
30-03-2026,SKU-045,Product 45,6,80.28,481.68
07-05-2025,SKU-004,Product 4,9,70.1,630.9
23-07-2026,SKU-011,Product 11,7,77.13,539.91
11-10-2025,SKU-081,Product 81,2,66.67,133.34
14-09-2025,SKU-022,Product 22,20,59.25,1185
11-03-2026,SKU-041,Product 41,6,33.9,203.4
28-11-2025,SKU-023,Product 23,40,129.88,5195.2
27-01-2025,SKU-053,Product 53,1,11.29,11.29
09-06-2026,SKU-026,Product 26,26,66.33,1724.58
10-11-2025,SKU-022,Product 22,15,59.25,888.75
21-03-2026,SKU-074,Product 74,29,102.79,2980.91
19-05-2025,SKU-096,Product 96,25,57.25,1431.25
27-11-2025,SKU-080,Product 80,10,14.32,143.2
10-03-2025,SKU-060,Product 60,13,70.14,911.82
12-10-2025,SKU-032,Product 32,2,97.86,195.72
24-04-2025,SKU-051,Product 51,6,104.22,625.32
12-05-2026,SKU-003,Product 3,39,70.92,2765.88
14-05-2025,SKU-096,Product 96,13,57.25,744.25
14-02-2026,SKU-095,Product 95,25,77.08,1927
31-01-2026,SKU-039,Product 39,33,9.81,323.73
28-06-2026,SKU-067,Product 67,53,99.67,5282.51
13-01-2025,SKU-021,Product 21,1,71.49,71.49
11-06-2026,SKU-065,Product 65,26,29.77,774.02
16-05-2025,SKU-056,Product 56,15,140.51,2107.65
25-06-2025,SKU-053,Product 53,11,11.29,124.19
26-09-2025,SKU-010,Product 10,33,84.95,2803.35
19-03-2026,SKU-098,Product 98,23,5.2,119.6
18-05-2026,SKU-078,Product 78,32,23.81,761.92
09-12-2025,SKU-059,Product 59,41,143.98,5903.18
16-06-2025,SKU-025,Product 25,22,126.63,2785.86
11-07-2025,SKU-065,Product 65,3,29.77,89.31
21-02-2025,SKU-043,Product 43,16,124.39,1990.24
22-03-2025,SKU-071,Product 71,5,41.39,206.95
12-08-2025,SKU-038,Product 38,30,30.86,925.8
04-04-2026,SKU-060,Product 60,13,70.14,911.82
15-06-2025,SKU-078,Product 78,24,23.81,571.44
12-10-2025,SKU-100,Product 100,37,56.59,2093.83
23-05-2026,SKU-092,Product 92,54,131.65,7109.1
11-01-2025,SKU-051,Product 51,10,104.22,1042.2
06-04-2026,SKU-086,Product 86,44,117.55,5172.2
17-01-2026,SKU-002,Product 2,32,116.06,3713.92
13-08-2025,SKU-079,Product 79,15,39.06,585.9
04-01-2026,SKU-054,Product 54,5,85.15,425.75
12-11-2025,SKU-034,Product 34,31,133.9,4150.9
17-02-2025,SKU-094,Product 94,14,25.25,353.5
19-05-2026,SKU-086,Product 86,3,117.55,352.65
10-12-2025,SKU-048,Product 48,8,18.02,144.16
16-08-2025,SKU-087,Product 87,4,123.31,493.24
16-03-2026,SKU-027,Product 27,6,15.58,93.48
03-05-2026,SKU-073,Product 73,42,120.54,5062.68
17-11-2025,SKU-038,Product 38,39,30.86,1203.54
06-02-2026,SKU-081,Product 81,12,66.67,800.04
26-07-2026,SKU-088,Product 88,39,65.71,2562.69
14-04-2026,SKU-056,Product 56,44,140.51,6182.44
01-01-2026,SKU-012,Product 12,28,112.29,3144.12
02-02-2026,SKU-003,Product 3,45,70.92,3191.4
20-03-2025,SKU-065,Product 65,18,29.77,535.86
09-12-2025,SKU-083,Product 83,5,134.11,670.55
12-05-2026,SKU-088,Product 88,39,65.71,2562.69
28-07-2025,SKU-076,Product 76,24,5.46,131.04
21-06-2026,SKU-012,Product 12,11,112.29,1235.19
27-05-2026,SKU-056,Product 56,54,140.51,7587.54
18-04-2025,SKU-075,Product 75,23,13.71,315.33
25-04-2025,SKU-023,Product 23,20,129.88,2597.6
04-01-2026,SKU-034,Product 34,26,133.9,3481.4
06-10-2025,SKU-029,Product 29,29,43.36,1257.44
10-03-2026,SKU-014,Product 14,19,51.74,983.06
12-10-2025,SKU-059,Product 59,34,143.98,4895.32
12-05-2025,SKU-046,Product 46,1,105.52,105.52
18-06-2025,SKU-015,Product 15,28,98.54,2759.12
21-10-2025,SKU-019,Product 19,27,83.88,2264.76
07-04-2026,SKU-011,Product 11,50,77.13,3856.5
23-10-2025,SKU-011,Product 11,35,77.13,2699.55
18-05-2025,SKU-011,Product 11,22,77.13,1696.86
17-05-2025,SKU-011,Product 11,15,77.13,1156.95
17-06-2026,SKU-033,Product 33,33,53.43,1763.19
28-12-2025,SKU-032,Product 32,43,97.86,4207.98
03-03-2026,SKU-013,Product 13,35,106.67,3733.45
16-01-2026,SKU-024,Product 24,44,109.76,4829.44
31-01-2025,SKU-023,Product 23,12,129.88,1558.56
19-05-2025,SKU-099,Product 99,5,48.68,243.4
06-03-2025,SKU-083,Product 83,19,134.11,2548.09
14-04-2025,SKU-014,Product 14,4,51.74,206.96
13-06-2026,SKU-047,Product 47,44,38.43,1690.92
30-08-2025,SKU-037,Product 37,11,83.51,918.61
27-03-2025,SKU-010,Product 10,4,84.95,339.8
17-07-2026,SKU-050,Product 50,43,42.38,1822.34
28-05-2025,SKU-025,Product 25,10,126.63,1266.3
11-06-2026,SKU-070,Product 70,18,38.61,694.98
07-03-2025,SKU-019,Product 19,20,83.88,1677.6
17-11-2025,SKU-064,Product 64,39,117.63,4587.57
20-06-2025,SKU-020,Product 20,9,89.85,808.65
03-05-2026,SKU-049,Product 49,17,6.44,109.48
15-12-2025,SKU-065,Product 65,19,29.77,565.63
07-02-2025,SKU-093,Product 93,8,41.04,328.32
27-07-2025,SKU-007,Product 7,18,81.18,1461.24
29-01-2025,SKU-007,Product 7,14,81.18,1136.52
03-04-2026,SKU-041,Product 41,13,33.9,440.7
26-02-2025,SKU-082,Product 82,12,82.39,988.68
24-07-2026,SKU-091,Product 91,11,12.64,139.04
04-11-2025,SKU-011,Product 11,20,77.13,1542.6
29-06-2026,SKU-011,Product 11,19,77.13,1465.47
08-05-2025,SKU-060,Product 60,24,70.14,1683.36
04-09-2025,SKU-063,Product 63,31,85.06,2636.86
13-02-2026,SKU-092,Product 92,21,131.65,2764.65
17-06-2026,SKU-092,Product 92,3,131.65,394.95
18-06-2025,SKU-016,Product 16,18,128.07,2305.26
24-10-2025,SKU-067,Product 67,25,99.67,2491.75
25-04-2026,SKU-014,Product 14,6,51.74,310.44
12-05-2025,SKU-052,Product 52,13,79.76,1036.88
29-06-2026,SKU-097,Product 97,45,45.27,2037.15
25-04-2026,SKU-068,Product 68,38,65.88,2503.44
26-03-2026,SKU-032,Product 32,40,97.86,3914.4
12-05-2026,SKU-081,Product 81,25,66.67,1666.75
07-11-2025,SKU-049,Product 49,23,6.44,148.12
21-03-2026,SKU-096,Product 96,13,57.25,744.25
06-04-2025,SKU-096,Product 96,20,57.25,1145
12-12-2025,SKU-026,Product 26,27,66.33,1790.91
20-01-2026,SKU-074,Product 74,5,102.79,513.95
24-07-2026,SKU-066,Product 66,31,50.43,1563.33
17-03-2025,SKU-006,Product 6,1,16.92,16.92
07-09-2025,SKU-049,Product 49,22,6.44,141.68
22-02-2025,SKU-047,Product 47,2,38.43,76.86
15-05-2026,SKU-078,Product 78,21,23.81,500.01
03-04-2026,SKU-035,Product 35,47,42.05,1976.35
21-02-2026,SKU-069,Product 69,18,113.3,2039.4
09-03-2026,SKU-031,Product 31,3,52.96,158.88
11-01-2026,SKU-093,Product 93,35,41.04,1436.4
01-01-2025,SKU-026,Product 26,4,66.33,265.32
04-03-2026,SKU-078,Product 78,48,23.81,1142.88
16-01-2025,SKU-049,Product 49,11,6.44,70.84
17-07-2026,SKU-089,Product 89,50,62.65,3132.5
02-01-2025,SKU-065,Product 65,3,29.77,89.31
08-10-2025,SKU-065,Product 65,17,29.77,506.09
22-11-2025,SKU-028,Product 28,21,68.24,1433.04
23-10-2025,SKU-043,Product 43,27,124.39,3358.53
29-06-2025,SKU-066,Product 66,11,50.43,554.73
16-06-2026,SKU-062,Product 62,3,40.67,122.01
01-07-2026,SKU-020,Product 20,49,89.85,4402.65
09-12-2025,SKU-045,Product 45,38,80.28,3050.64
24-11-2025,SKU-007,Product 7,24,81.18,1948.32
29-10-2025,SKU-008,Product 8,7,38.61,270.27
23-05-2026,SKU-027,Product 27,43,15.58,669.94
26-04-2025,SKU-071,Product 71,3,41.39,124.17
30-06-2026,SKU-049,Product 49,3,6.44,19.32
03-12-2025,SKU-069,Product 69,16,113.3,1812.8
22-05-2025,SKU-012,Product 12,3,112.29,336.87
27-06-2026,SKU-077,Product 77,41,62.14,2547.74
25-08-2025,SKU-083,Product 83,17,134.11,2279.87
17-04-2026,SKU-045,Product 45,20,80.28,1605.6
04-05-2025,SKU-069,Product 69,8,113.3,906.4
17-08-2025,SKU-080,Product 80,6,14.32,85.92
07-02-2026,SKU-064,Product 64,12,117.63,1411.56
27-02-2025,SKU-035,Product 35,9,42.05,378.45
22-01-2025,SKU-029,Product 29,7,43.36,303.52
01-02-2026,SKU-046,Product 46,18,105.52,1899.36
06-01-2026,SKU-084,Product 84,26,108.64,2824.64
16-02-2025,SKU-072,Product 72,7,108.25,757.75
02-06-2026,SKU-051,Product 51,40,104.22,4168.8
28-04-2025,SKU-030,Product 30,17,117.66,2000.22
10-01-2026,SKU-081,Product 81,44,66.67,2933.48
02-12-2025,SKU-037,Product 37,35,83.51,2922.85
24-05-2026,SKU-001,Product 1,14,133.59,1870.26
05-07-2026,SKU-046,Product 46,57,105.52,6014.64
07-03-2025,SKU-031,Product 31,20,52.96,1059.2
26-06-2025,SKU-071,Product 71,26,41.39,1076.14
04-03-2025,SKU-070,Product 70,13,38.61,501.93
07-06-2025,SKU-083,Product 83,10,134.11,1341.1
09-05-2025,SKU-004,Product 4,9,70.1,630.9
08-06-2025,SKU-071,Product 71,5,41.39,206.95
19-05-2026,SKU-065,Product 65,43,29.77,1280.11
12-02-2026,SKU-042,Product 42,21,42.29,888.09
22-05-2026,SKU-028,Product 28,32,68.24,2183.68
15-05-2025,SKU-006,Product 6,22,16.92,372.24
24-04-2025,SKU-069,Product 69,19,113.3,2152.7
08-05-2025,SKU-009,Product 9,16,33.35,533.6
31-01-2026,SKU-086,Product 86,39,117.55,4584.45
16-07-2026,SKU-022,Product 22,7,59.25,414.75
30-06-2026,SKU-001,Product 1,46,133.59,6145.14
02-07-2026,SKU-042,Product 42,42,42.29,1776.18
28-05-2026,SKU-078,Product 78,3,23.81,71.43
25-01-2026,SKU-072,Product 72,33,108.25,3572.25
20-06-2026,SKU-080,Product 80,34,14.32,486.88
20-07-2026,SKU-065,Product 65,39,29.77,1161.03
02-05-2025,SKU-031,Product 31,16,52.96,847.36
05-03-2025,SKU-015,Product 15,18,98.54,1773.72
29-07-2026,SKU-069,Product 69,39,113.3,4418.7
14-01-2026,SKU-096,Product 96,41,57.25,2347.25
04-04-2025,SKU-003,Product 3,2,70.92,141.84
20-04-2026,SKU-031,Product 31,13,52.96,688.48
10-10-2025,SKU-044,Product 44,27,14.73,397.71
23-02-2026,SKU-034,Product 34,9,133.9,1205.1
30-09-2025,SKU-036,Product 36,24,130.42,3130.08
30-04-2026,SKU-014,Product 14,45,51.74,2328.3
19-03-2025,SKU-089,Product 89,16,62.65,1002.4
09-12-2025,SKU-051,Product 51,36,104.22,3751.92
18-05-2025,SKU-088,Product 88,13,65.71,854.23
07-06-2025,SKU-072,Product 72,19,108.25,2056.75
24-07-2025,SKU-070,Product 70,10,38.61,386.1
07-02-2025,SKU-029,Product 29,1,43.36,43.36
20-02-2025,SKU-065,Product 65,5,29.77,148.85
23-08-2025,SKU-041,Product 41,28,33.9,949.2
10-11-2025,SKU-053,Product 53,39,11.29,440.31
27-03-2025,SKU-082,Product 82,20,82.39,1647.8
12-05-2026,SKU-027,Product 27,10,15.58,155.8
07-02-2026,SKU-005,Product 5,27,112.77,3044.79
28-05-2026,SKU-010,Product 10,43,84.95,3652.85
23-07-2025,SKU-004,Product 4,12,70.1,841.2
18-01-2025,SKU-021,Product 21,2,71.49,142.98
18-06-2025,SKU-043,Product 43,18,124.39,2239.02
03-01-2026,SKU-040,Product 40,14,20.93,293.02
22-03-2026,SKU-075,Product 75,36,13.71,493.56
29-05-2026,SKU-002,Product 2,47,116.06,5454.82
10-11-2025,SKU-016,Product 16,36,128.07,4610.52
14-03-2025,SKU-022,Product 22,15,59.25,888.75
25-07-2026,SKU-095,Product 95,7,77.08,539.56
06-04-2025,SKU-065,Product 65,4,29.77,119.08
30-01-2025,SKU-036,Product 36,2,130.42,260.84
16-01-2025,SKU-008,Product 8,16,38.61,617.76
17-09-2025,SKU-097,Product 97,28,45.27,1267.56
27-04-2025,SKU-078,Product 78,17,23.81,404.77
05-03-2025,SKU-036,Product 36,19,130.42,2477.98
18-12-2025,SKU-086,Product 86,31,117.55,3644.05
19-05-2025,SKU-026,Product 26,25,66.33,1658.25
27-01-2026,SKU-094,Product 94,27,25.25,681.75
07-12-2025,SKU-083,Product 83,41,134.11,5498.51
13-11-2025,SKU-047,Product 47,21,38.43,807.03
27-01-2026,SKU-085,Product 85,33,53.4,1762.2
04-01-2026,SKU-029,Product 29,34,43.36,1474.24
12-09-2025,SKU-083,Product 83,20,134.11,2682.2
31-05-2025,SKU-034,Product 34,24,133.9,3213.6
11-02-2026,SKU-018,Product 18,43,89.39,3843.77
11-03-2025,SKU-100,Product 100,16,56.59,905.44
07-11-2025,SKU-066,Product 66,13,50.43,655.59
04-01-2025,SKU-052,Product 52,12,79.76,957.12
21-08-2025,SKU-096,Product 96,33,57.25,1889.25
08-08-2025,SKU-041,Product 41,14,33.9,474.6
13-02-2026,SKU-087,Product 87,21,123.31,2589.51
05-09-2025,SKU-099,Product 99,18,48.68,876.24
03-02-2026,SKU-023,Product 23,21,129.88,2727.48
07-11-2025,SKU-070,Product 70,26,38.61,1003.86
04-04-2025,SKU-071,Product 71,8,41.39,331.12
31-03-2025,SKU-075,Product 75,14,13.71,191.94
05-03-2026,SKU-046,Product 46,6,105.52,633.12
27-08-2025,SKU-098,Product 98,11,5.2,57.2
06-06-2026,SKU-096,Product 96,51,57.25,2919.75
01-08-2025,SKU-046,Product 46,12,105.52,1266.24
20-07-2025,SKU-043,Product 43,26,124.39,3234.14
12-12-2025,SKU-055,Product 55,33,53.76,1774.08
07-06-2026,SKU-049,Product 49,37,6.44,238.28
28-05-2026,SKU-084,Product 84,43,108.64,4671.52
03-02-2025,SKU-051,Product 51,2,104.22,208.44
22-03-2026,SKU-080,Product 80,3,14.32,42.96
01-03-2025,SKU-098,Product 98,16,5.2,83.2
12-07-2025,SKU-058,Product 58,5,122.59,612.95
13-03-2026,SKU-027,Product 27,49,15.58,763.42
01-06-2025,SKU-023,Product 23,1,129.88,129.88
16-02-2026,SKU-079,Product 79,3,39.06,117.18
23-07-2025,SKU-058,Product 58,24,122.59,2942.16
16-12-2025,SKU-085,Product 85,11,53.4,587.4
15-06-2026,SKU-030,Product 30,11,117.66,1294.26
26-01-2026,SKU-088,Product 88,3,65.71,197.13
17-04-2026,SKU-002,Product 2,37,116.06,4294.22
24-12-2025,SKU-080,Product 80,42,14.32,601.44
08-10-2025,SKU-067,Product 67,31,99.67,3089.77
26-01-2026,SKU-045,Product 45,24,80.28,1926.72
25-02-2025,SKU-020,Product 20,19,89.85,1707.15
01-07-2026,SKU-050,Product 50,53,42.38,2246.14
13-03-2026,SKU-033,Product 33,29,53.43,1549.47
15-06-2025,SKU-088,Product 88,27,65.71,1774.17
21-08-2025,SKU-046,Product 46,26,105.52,2743.52
10-08-2025,SKU-038,Product 38,30,30.86,925.8
12-09-2025,SKU-017,Product 17,32,88.02,2816.64
07-09-2025,SKU-087,Product 87,9,123.31,1109.79
13-02-2026,SKU-085,Product 85,31,53.4,1655.4
27-10-2025,SKU-087,Product 87,10,123.31,1233.1
12-03-2026,SKU-002,Product 2,6,116.06,696.36
30-04-2026,SKU-061,Product 61,52,141.95,7381.4
28-05-2025,SKU-035,Product 35,22,42.05,925.1
15-09-2025,SKU-073,Product 73,25,120.54,3013.5
19-02-2026,SKU-094,Product 94,47,25.25,1186.75
03-05-2025,SKU-058,Product 58,4,122.59,490.36
24-10-2025,SKU-057,Product 57,20,27.94,558.8
27-07-2025,SKU-091,Product 91,18,12.64,227.52
27-03-2025,SKU-014,Product 14,8,51.74,413.92
25-02-2026,SKU-041,Product 41,47,33.9,1593.3
13-04-2025,SKU-044,Product 44,6,14.73,88.38
03-11-2025,SKU-050,Product 50,28,42.38,1186.64
04-05-2025,SKU-071,Product 71,14,41.39,579.46
01-01-2025,SKU-072,Product 72,13,108.25,1407.25
20-04-2025,SKU-048,Product 48,14,18.02,252.28
28-10-2025,SKU-040,Product 40,2,20.93,41.86
25-03-2026,SKU-039,Product 39,29,9.81,284.49
26-03-2025,SKU-070,Product 70,17,38.61,656.37
30-05-2026,SKU-078,Product 78,29,23.81,690.49
15-07-2025,SKU-031,Product 31,10,52.96,529.6
23-02-2025,SKU-046,Product 46,7,105.52,738.64
27-01-2026,SKU-088,Product 88,33,65.71,2168.43
06-02-2026,SKU-034,Product 34,9,133.9,1205.1
17-06-2026,SKU-060,Product 60,45,70.14,3156.3
04-07-2025,SKU-014,Product 14,9,51.74,465.66
02-04-2025,SKU-026,Product 26,22,66.33,1459.26
21-11-2025,SKU-050,Product 50,5,42.38,211.9
13-11-2025,SKU-061,Product 61,10,141.95,1419.5
03-03-2026,SKU-067,Product 67,12,99.67,1196.04
06-10-2025,SKU-061,Product 61,31,141.95,4400.45
13-01-2026,SKU-028,Product 28,35,68.24,2388.4
20-06-2025,SKU-011,Product 11,15,77.13,1156.95
28-09-2025,SKU-025,Product 25,7,126.63,886.41
23-11-2025,SKU-070,Product 70,29,38.61,1119.69
14-07-2026,SKU-044,Product 44,54,14.73,795.42
21-01-2026,SKU-050,Product 50,3,42.38,127.14
08-10-2025,SKU-028,Product 28,22,68.24,1501.28
04-05-2025,SKU-002,Product 2,3,116.06,348.18
12-06-2026,SKU-030,Product 30,11,117.66,1294.26
17-03-2025,SKU-046,Product 46,4,105.52,422.08
13-05-2026,SKU-015,Product 15,43,98.54,4237.22
03-07-2025,SKU-087,Product 87,25,123.31,3082.75
09-04-2025,SKU-086,Product 86,4,117.55,470.2
11-10-2025,SKU-017,Product 17,27,88.02,2376.54
15-11-2025,SKU-030,Product 30,39,117.66,4588.74
21-11-2025,SKU-064,Product 64,2,117.63,235.26
10-12-2025,SKU-045,Product 45,41,80.28,3291.48
16-03-2025,SKU-063,Product 63,12,85.06,1020.72
27-10-2025,SKU-077,Product 77,15,62.14,932.1
06-05-2025,SKU-030,Product 30,4,117.66,470.64
26-09-2025,SKU-055,Product 55,2,53.76,107.52
17-08-2025,SKU-044,Product 44,13,14.73,191.49
11-04-2026,SKU-063,Product 63,3,85.06,255.18
23-06-2025,SKU-097,Product 97,17,45.27,769.59
27-04-2025,SKU-049,Product 49,24,6.44,154.56
13-05-2025,SKU-075,Product 75,23,13.71,315.33
20-03-2026,SKU-076,Product 76,13,5.46,70.98
16-01-2026,SKU-086,Product 86,14,117.55,1645.7
06-09-2025,SKU-052,Product 52,6,79.76,478.56
04-04-2026,SKU-019,Product 19,40,83.88,3355.2
11-04-2025,SKU-072,Product 72,7,108.25,757.75
05-10-2025,SKU-100,Product 100,36,56.59,2037.24
30-10-2025,SKU-075,Product 75,28,13.71,383.88
27-03-2025,SKU-029,Product 29,1,43.36,43.36
21-04-2025,SKU-011,Product 11,17,77.13,1311.21
26-10-2025,SKU-022,Product 22,7,59.25,414.75
30-12-2025,SKU-062,Product 62,43,40.67,1748.81
26-10-2025,SKU-031,Product 31,22,52.96,1165.12
13-06-2026,SKU-054,Product 54,52,85.15,4427.8
18-11-2025,SKU-091,Product 91,34,12.64,429.76
20-07-2025,SKU-085,Product 85,4,53.4,213.6
07-03-2025,SKU-076,Product 76,17,5.46,92.82
18-08-2025,SKU-012,Product 12,21,112.29,2358.09
20-04-2026,SKU-085,Product 85,48,53.4,2563.2
19-07-2025,SKU-008,Product 8,14,38.61,540.54
07-04-2025,SKU-076,Product 76,7,5.46,38.22
04-03-2026,SKU-035,Product 35,3,42.05,126.15
16-02-2025,SKU-056,Product 56,12,140.51,1686.12
03-07-2026,SKU-085,Product 85,34,53.4,1815.6
31-08-2025,SKU-095,Product 95,2,77.08,154.16
17-03-2026,SKU-033,Product 33,49,53.43,2618.07
06-05-2026,SKU-016,Product 16,14,128.07,1792.98
14-04-2025,SKU-012,Product 12,4,112.29,449.16
15-08-2025,SKU-037,Product 37,32,83.51,2672.32
17-06-2026,SKU-095,Product 95,52,77.08,4008.16
08-02-2026,SKU-061,Product 61,40,141.95,5678
10-04-2026,SKU-079,Product 79,10,39.06,390.6
06-07-2026,SKU-083,Product 83,27,134.11,3620.97
23-10-2025,SKU-041,Product 41,5,33.9,169.5
12-02-2026,SKU-028,Product 28,46,68.24,3139.04
16-06-2026,SKU-081,Product 81,3,66.67,200.01
03-05-2025,SKU-048,Product 48,17,18.02,306.34
15-01-2026,SKU-056,Product 56,44,140.51,6182.44
29-07-2026,SKU-061,Product 61,55,141.95,7807.25
20-04-2025,SKU-081,Product 81,15,66.67,1000.05
18-12-2025,SKU-073,Product 73,33,120.54,3977.82
29-10-2025,SKU-009,Product 9,10,33.35,333.5
12-08-2025,SKU-054,Product 54,2,85.15,170.3
18-04-2025,SKU-014,Product 14,17,51.74,879.58
06-05-2025,SKU-003,Product 3,4,70.92,283.68
20-05-2026,SKU-041,Product 41,3,33.9,101.7
10-02-2026,SKU-065,Product 65,21,29.77,625.17
24-05-2025,SKU-001,Product 1,26,133.59,3473.34
17-03-2026,SKU-041,Product 41,3,33.9,101.7
23-03-2026,SKU-062,Product 62,9,40.67,366.03
01-03-2025,SKU-085,Product 85,18,53.4,961.2
27-11-2025,SKU-051,Product 51,13,104.22,1354.86
25-04-2026,SKU-061,Product 61,10,141.95,1419.5
05-05-2026,SKU-029,Product 29,7,43.36,303.52
12-10-2025,SKU-098,Product 98,17,5.2,88.4
08-04-2026,SKU-098,Product 98,47,5.2,244.4
10-07-2026,SKU-011,Product 11,50,77.13,3856.5
09-08-2025,SKU-070,Product 70,27,38.61,1042.47
13-08-2025,SKU-014,Product 14,8,51.74,413.92
27-04-2026,SKU-051,Product 51,45,104.22,4689.9
18-01-2025,SKU-042,Product 42,1,42.29,42.29
28-04-2026,SKU-038,Product 38,28,30.86,864.08
21-01-2026,SKU-021,Product 21,6,71.49,428.94
21-04-2025,SKU-099,Product 99,6,48.68,292.08
21-01-2026,SKU-027,Product 27,45,15.58,701.1
03-01-2025,SKU-077,Product 77,12,62.14,745.68
24-11-2025,SKU-018,Product 18,40,89.39,3575.6
08-03-2025,SKU-086,Product 86,5,117.55,587.75
28-05-2026,SKU-041,Product 41,3,33.9,101.7
02-02-2025,SKU-049,Product 49,17,6.44,109.48
07-01-2025,SKU-098,Product 98,9,5.2,46.8
05-09-2025,SKU-056,Product 56,9,140.51,1264.59
01-05-2026,SKU-083,Product 83,7,134.11,938.77
25-07-2026,SKU-009,Product 9,7,33.35,233.45
02-06-2026,SKU-036,Product 36,40,130.42,5216.8
30-04-2025,SKU-031,Product 31,3,52.96,158.88
25-02-2026,SKU-009,Product 9,35,33.35,1167.25
13-02-2025,SKU-022,Product 22,4,59.25,237
04-06-2025,SKU-063,Product 63,27,85.06,2296.62
13-01-2026,SKU-038,Product 38,5,30.86,154.3
10-05-2026,SKU-047,Product 47,28,38.43,1076.04
01-09-2025,SKU-007,Product 7,24,81.18,1948.32
04-04-2026,SKU-077,Product 77,33,62.14,2050.62
30-08-2025,SKU-039,Product 39,11,9.81,107.91
25-09-2025,SKU-025,Product 25,11,126.63,1392.93
02-09-2025,SKU-072,Product 72,15,108.25,1623.75
30-11-2025,SKU-088,Product 88,38,65.71,2496.98
02-03-2026,SKU-022,Product 22,38,59.25,2251.5
06-06-2026,SKU-041,Product 41,11,33.9,372.9
01-12-2025,SKU-021,Product 21,38,71.49,2716.62
22-06-2026,SKU-100,Product 100,22,56.59,1244.98
15-01-2025,SKU-030,Product 30,16,117.66,1882.56
27-11-2025,SKU-020,Product 20,38,89.85,3414.3
06-05-2025,SKU-065,Product 65,18,29.77,535.86
23-04-2025,SKU-046,Product 46,3,105.52,316.56
20-07-2025,SKU-082,Product 82,24,82.39,1977.36
24-03-2026,SKU-093,Product 93,43,41.04,1764.72
13-03-2026,SKU-077,Product 77,19,62.14,1180.66
06-06-2025,SKU-071,Product 71,21,41.39,869.19
25-02-2026,SKU-061,Product 61,12,141.95,1703.4
13-06-2026,SKU-017,Product 17,56,88.02,4929.12
01-07-2026,SKU-074,Product 74,30,102.79,3083.7
02-06-2025,SKU-047,Product 47,25,38.43,960.75
17-06-2026,SKU-019,Product 19,45,83.88,3774.6
02-06-2025,SKU-100,Product 100,3,56.59,169.77
29-09-2025,SKU-005,Product 5,28,112.77,3157.56
06-12-2025,SKU-052,Product 52,33,79.76,2632.08
07-02-2025,SKU-072,Product 72,13,108.25,1407.25
06-12-2025,SKU-082,Product 82,11,82.39,906.29
04-02-2026,SKU-085,Product 85,21,53.4,1121.4
17-04-2026,SKU-064,Product 64,34,117.63,3999.42
14-08-2025,SKU-051,Product 51,21,104.22,2188.62
14-07-2026,SKU-097,Product 97,35,45.27,1584.45
08-08-2025,SKU-086,Product 86,12,117.55,1410.6
23-05-2025,SKU-047,Product 47,24,38.43,922.32
25-07-2026,SKU-002,Product 2,11,116.06,1276.66
07-11-2025,SKU-073,Product 73,23,120.54,2772.42
04-07-2025,SKU-006,Product 6,17,16.92,287.64
19-02-2026,SKU-036,Product 36,28,130.42,3651.76
20-07-2025,SKU-040,Product 40,10,20.93,209.3
22-06-2026,SKU-057,Product 57,15,27.94,419.1
04-01-2025,SKU-016,Product 16,2,128.07,256.14
24-03-2025,SKU-007,Product 7,7,81.18,568.26
30-07-2026,SKU-094,Product 94,23,25.25,580.75
18-10-2025,SKU-080,Product 80,27,14.32,386.64
05-01-2026,SKU-074,Product 74,40,102.79,4111.6
13-06-2025,SKU-065,Product 65,9,29.77,267.93
20-12-2025,SKU-062,Product 62,22,40.67,894.74
14-01-2025,SKU-085,Product 85,6,53.4,320.4
16-12-2025,SKU-046,Product 46,8,105.52,844.16
22-02-2025,SKU-009,Product 9,2,33.35,66.7
05-02-2026,SKU-092,Product 92,3,131.65,394.95
13-05-2025,SKU-050,Product 50,10,42.38,423.8
28-11-2025,SKU-064,Product 64,5,117.63,588.15
21-03-2026,SKU-100,Product 100,26,56.59,1471.34
22-04-2025,SKU-067,Product 67,18,99.67,1794.06
18-08-2025,SKU-050,Product 50,10,42.38,423.8
04-06-2025,SKU-010,Product 10,10,84.95,849.5
09-01-2026,SKU-034,Product 34,26,133.9,3481.4
01-08-2025,SKU-085,Product 85,18,53.4,961.2
29-01-2026,SKU-006,Product 6,36,16.92,609.12
27-01-2026,SKU-022,Product 22,18,59.25,1066.5
19-03-2026,SKU-002,Product 2,13,116.06,1508.78
31-10-2025,SKU-061,Product 61,33,141.95,4684.35
22-10-2025,SKU-073,Product 73,5,120.54,602.7
12-07-2026,SKU-058,Product 58,38,122.59,4658.42
28-05-2025,SKU-033,Product 33,1,53.43,53.43
10-07-2025,SKU-012,Product 12,17,112.29,1908.93
07-09-2025,SKU-017,Product 17,18,88.02,1584.36
15-02-2025,SKU-023,Product 23,4,129.88,519.52
13-06-2026,SKU-082,Product 82,37,82.39,3048.43
13-09-2025,SKU-033,Product 33,18,53.43,961.74
03-01-2025,SKU-030,Product 30,12,117.66,1411.92
17-12-2025,SKU-045,Product 45,33,80.28,2649.24
24-06-2026,SKU-009,Product 9,53,33.35,1767.55
21-04-2025,SKU-050,Product 50,17,42.38,720.46
08-05-2026,SKU-089,Product 89,28,62.65,1754.2
01-04-2025,SKU-089,Product 89,16,62.65,1002.4
19-05-2026,SKU-057,Product 57,54,27.94,1508.76
29-07-2026,SKU-028,Product 28,23,68.24,1569.52
11-02-2025,SKU-052,Product 52,7,79.76,558.32
23-04-2025,SKU-008,Product 8,15,38.61,579.15
14-02-2026,SKU-063,Product 63,3,85.06,255.18
19-07-2025,SKU-080,Product 80,18,14.32,257.76
24-04-2026,SKU-023,Product 23,41,129.88,5325.08
25-10-2025,SKU-071,Product 71,33,41.39,1365.87
20-02-2026,SKU-044,Product 44,41,14.73,603.93
02-02-2025,SKU-041,Product 41,6,33.9,203.4
02-03-2025,SKU-091,Product 91,5,12.64,63.2
19-03-2025,SKU-084,Product 84,1,108.64,108.64
26-01-2025,SKU-074,Product 74,10,102.79,1027.9
19-06-2026,SKU-039,Product 39,3,9.81,29.43
20-01-2026,SKU-084,Product 84,26,108.64,2824.64
04-09-2025,SKU-035,Product 35,29,42.05,1219.45
21-10-2025,SKU-076,Product 76,20,5.46,109.2
04-10-2025,SKU-079,Product 79,7,39.06,273.42
14-10-2025,SKU-015,Product 15,4,98.54,394.16
13-01-2025,SKU-070,Product 70,8,38.61,308.88
15-04-2025,SKU-001,Product 1,7,133.59,935.13
31-08-2025,SKU-099,Product 99,20,48.68,973.6
13-07-2026,SKU-030,Product 30,27,117.66,3176.82
04-05-2026,SKU-076,Product 76,42,5.46,229.32
30-06-2025,SKU-011,Product 11,7,77.13,539.91
23-09-2025,SKU-005,Product 5,11,112.77,1240.47
17-02-2025,SKU-037,Product 37,11,83.51,918.61
18-04-2025,SKU-095,Product 95,1,77.08,77.08
02-12-2025,SKU-059,Product 59,24,143.98,3455.52
18-08-2025,SKU-016,Product 16,19,128.07,2433.33
20-05-2025,SKU-061,Product 61,3,141.95,425.85
28-09-2025,SKU-076,Product 76,31,5.46,169.26
12-05-2026,SKU-057,Product 57,3,27.94,83.82
26-03-2026,SKU-089,Product 89,3,62.65,187.95
27-07-2026,SKU-061,Product 61,51,141.95,7239.45
05-02-2026,SKU-042,Product 42,21,42.29,888.09
03-09-2025,SKU-074,Product 74,20,102.79,2055.8
05-11-2025,SKU-055,Product 55,28,53.76,1505.28
10-10-2025,SKU-024,Product 24,36,109.76,3951.36
17-10-2025,SKU-065,Product 65,5,29.77,148.85
17-01-2025,SKU-061,Product 61,14,141.95,1987.3
05-02-2025,SKU-033,Product 33,15,53.43,801.45
21-03-2025,SKU-091,Product 91,16,12.64,202.24
29-05-2026,SKU-084,Product 84,33,108.64,3585.12
24-01-2025,SKU-027,Product 27,7,15.58,109.06
23-06-2026,SKU-004,Product 4,30,70.1,2103
05-07-2025,SKU-061,Product 61,21,141.95,2980.95
14-07-2026,SKU-081,Product 81,7,66.67,466.69
11-05-2026,SKU-049,Product 49,7,6.44,45.08
17-05-2026,SKU-022,Product 22,25,59.25,1481.25
18-03-2026,SKU-030,Product 30,49,117.66,5765.34
26-07-2026,SKU-092,Product 92,19,131.65,2501.35
05-01-2025,SKU-049,Product 49,14,6.44,90.16
23-01-2026,SKU-059,Product 59,12,143.98,1727.76
10-04-2026,SKU-033,Product 33,34,53.43,1816.62
12-03-2026,SKU-043,Product 43,22,124.39,2736.58
22-06-2025,SKU-092,Product 92,5,131.65,658.25
03-07-2026,SKU-059,Product 59,11,143.98,1583.78
10-04-2025,SKU-055,Product 55,9,53.76,483.84
29-10-2025,SKU-016,Product 16,30,128.07,3842.1
17-03-2026,SKU-100,Product 100,16,56.59,905.44
21-05-2025,SKU-069,Product 69,19,113.3,2152.7
11-01-2026,SKU-069,Product 69,11,113.3,1246.3
04-09-2025,SKU-019,Product 19,9,83.88,754.92
01-03-2025,SKU-053,Product 53,11,11.29,124.19
07-12-2025,SKU-023,Product 23,11,129.88,1428.68
02-03-2025,SKU-068,Product 68,13,65.88,856.44
27-06-2025,SKU-057,Product 57,15,27.94,419.1
17-07-2025,SKU-089,Product 89,24,62.65,1503.6
21-01-2026,SKU-073,Product 73,18,120.54,2169.72
23-03-2026,SKU-039,Product 39,43,9.81,421.83
27-06-2026,SKU-047,Product 47,45,38.43,1729.35
09-06-2025,SKU-061,Product 61,3,141.95,425.85
22-05-2025,SKU-017,Product 17,10,88.02,880.2
14-06-2025,SKU-079,Product 79,9,39.06,351.54
09-12-2025,SKU-064,Product 64,5,117.63,588.15
18-10-2025,SKU-004,Product 4,37,70.1,2593.7
15-09-2025,SKU-032,Product 32,4,97.86,391.44
27-04-2025,SKU-024,Product 24,16,109.76,1756.16
15-06-2026,SKU-001,Product 1,30,133.59,4007.7
15-05-2025,SKU-048,Product 48,11,18.02,198.22
19-11-2025,SKU-088,Product 88,8,65.71,525.68
12-10-2025,SKU-016,Product 16,2,128.07,256.14
10-02-2026,SKU-078,Product 78,40,23.81,952.4
10-12-2025,SKU-091,Product 91,41,12.64,518.24
04-10-2025,SKU-072,Product 72,21,108.25,2273.25
02-04-2025,SKU-029,Product 29,13,43.36,563.68
02-02-2026,SKU-003,Product 3,3,70.92,212.76
23-03-2025,SKU-014,Product 14,12,51.74,620.88
18-07-2025,SKU-007,Product 7,2,81.18,162.36
10-10-2025,SKU-051,Product 51,7,104.22,729.54
26-05-2025,SKU-021,Product 21,1,71.49,71.49
13-09-2025,SKU-049,Product 49,25,6.44,161
05-02-2025,SKU-054,Product 54,2,85.15,170.3
18-10-2025,SKU-026,Product 26,2,66.33,132.66
13-02-2025,SKU-036,Product 36,14,130.42,1825.88
06-03-2026,SKU-015,Product 15,32,98.54,3153.28
13-06-2025,SKU-076,Product 76,1,5.46,5.46
06-12-2025,SKU-050,Product 50,41,42.38,1737.58
29-04-2026,SKU-037,Product 37,3,83.51,250.53
30-04-2026,SKU-065,Product 65,3,29.77,89.31
10-02-2025,SKU-014,Product 14,8,51.74,413.92
14-02-2026,SKU-048,Product 48,12,18.02,216.24
05-06-2025,SKU-006,Product 6,5,16.92,84.6
01-11-2025,SKU-083,Product 83,36,134.11,4827.96
02-05-2025,SKU-003,Product 3,21,70.92,1489.32
22-02-2026,SKU-083,Product 83,34,134.11,4559.74
17-02-2026,SKU-014,Product 14,6,51.74,310.44
10-01-2026,SKU-083,Product 83,38,134.11,5096.18
10-08-2025,SKU-027,Product 27,27,15.58,420.66
25-09-2025,SKU-047,Product 47,28,38.43,1076.04
14-04-2026,SKU-019,Product 19,10,83.88,838.8
27-07-2025,SKU-047,Product 47,12,38.43,461.16
28-01-2026,SKU-011,Product 11,30,77.13,2313.9
19-12-2025,SKU-058,Product 58,2,122.59,245.18
11-02-2025,SKU-032,Product 32,8,97.86,782.88
18-05-2025,SKU-088,Product 88,10,65.71,657.1
14-02-2026,SKU-001,Product 1,12,133.59,1603.08
27-09-2025,SKU-072,Product 72,19,108.25,2056.75
22-03-2026,SKU-007,Product 7,13,81.18,1055.34
21-07-2026,SKU-037,Product 37,27,83.51,2254.77
01-05-2026,SKU-024,Product 24,31,109.76,3402.56
26-02-2025,SKU-086,Product 86,11,117.55,1293.05
03-05-2025,SKU-034,Product 34,8,133.9,1071.2
22-11-2025,SKU-042,Product 42,2,42.29,84.58
24-12-2025,SKU-067,Product 67,22,99.67,2192.74
25-11-2025,SKU-004,Product 4,24,70.1,1682.4
06-03-2025,SKU-078,Product 78,5,23.81,119.05
08-04-2025,SKU-024,Product 24,19,109.76,2085.44
05-04-2025,SKU-063,Product 63,16,85.06,1360.96
29-06-2026,SKU-018,Product 18,45,89.39,4022.55
12-01-2025,SKU-085,Product 85,13,53.4,694.2
29-11-2025,SKU-027,Product 27,2,15.58,31.16
08-11-2025,SKU-030,Product 30,26,117.66,3059.16
18-03-2025,SKU-034,Product 34,4,133.9,535.6
23-07-2026,SKU-037,Product 37,55,83.51,4593.05
16-08-2025,SKU-018,Product 18,8,89.39,715.12
21-02-2026,SKU-009,Product 9,28,33.35,933.8
14-05-2025,SKU-052,Product 52,3,79.76,239.28
21-11-2025,SKU-093,Product 93,13,41.04,533.52
07-04-2025,SKU-066,Product 66,4,50.43,201.72
23-12-2025,SKU-030,Product 30,28,117.66,3294.48
04-07-2025,SKU-029,Product 29,17,43.36,737.12
17-10-2025,SKU-050,Product 50,12,42.38,508.56
02-03-2025,SKU-090,Product 90,5,41.98,209.9
15-03-2026,SKU-011,Product 11,6,77.13,462.78
07-06-2025,SKU-016,Product 16,16,128.07,2049.12
01-01-2025,SKU-019,Product 19,11,83.88,922.68
29-05-2026,SKU-041,Product 41,44,33.9,1491.6
29-09-2025,SKU-063,Product 63,2,85.06,170.12
29-06-2026,SKU-001,Product 1,11,133.59,1469.49
10-04-2025,SKU-021,Product 21,7,71.49,500.43
07-07-2025,SKU-016,Product 16,15,128.07,1921.05
06-01-2025,SKU-081,Product 81,13,66.67,866.71
12-07-2025,SKU-079,Product 79,7,39.06,273.42
27-07-2025,SKU-067,Product 67,18,99.67,1794.06
22-05-2025,SKU-002,Product 2,1,116.06,116.06
05-04-2026,SKU-025,Product 25,20,126.63,2532.6
21-02-2026,SKU-030,Product 30,28,117.66,3294.48
11-04-2025,SKU-014,Product 14,6,51.74,310.44
16-02-2025,SKU-013,Product 13,2,106.67,213.34
27-10-2025,SKU-003,Product 3,10,70.92,709.2
11-03-2025,SKU-037,Product 37,19,83.51,1586.69
23-06-2026,SKU-074,Product 74,41,102.79,4214.39
11-05-2026,SKU-094,Product 94,46,25.25,1161.5
21-03-2025,SKU-081,Product 81,14,66.67,933.38
04-03-2026,SKU-026,Product 26,35,66.33,2321.55
01-12-2025,SKU-048,Product 48,2,18.02,36.04
31-01-2026,SKU-081,Product 81,42,66.67,2800.14
07-01-2025,SKU-058,Product 58,8,122.59,980.72
18-06-2026,SKU-099,Product 99,22,48.68,1070.96
24-03-2025,SKU-032,Product 32,17,97.86,1663.62
23-07-2026,SKU-066,Product 66,59,50.43,2975.37
18-03-2026,SKU-059,Product 59,46,143.98,6623.08
27-11-2025,SKU-058,Product 58,5,122.59,612.95
18-06-2025,SKU-032,Product 32,24,97.86,2348.64
04-11-2025,SKU-057,Product 57,36,27.94,1005.84
24-08-2025,SKU-003,Product 3,24,70.92,1702.08
16-04-2026,SKU-076,Product 76,30,5.46,163.8
16-03-2025,SKU-068,Product 68,19,65.88,1251.72
07-02-2025,SKU-015,Product 15,15,98.54,1478.1
03-05-2025,SKU-085,Product 85,4,53.4,213.6
23-01-2026,SKU-071,Product 71,30,41.39,1241.7
12-04-2026,SKU-055,Product 55,6,53.76,322.56
29-09-2025,SKU-042,Product 42,24,42.29,1014.96
13-01-2025,SKU-090,Product 90,9,41.98,377.82
25-06-2026,SKU-016,Product 16,57,128.07,7299.99
29-07-2025,SKU-095,Product 95,12,77.08,924.96
29-05-2026,SKU-049,Product 49,47,6.44,302.68
20-10-2025,SKU-033,Product 33,17,53.43,908.31
21-12-2025,SKU-016,Product 16,14,128.07,1792.98
04-05-2025,SKU-015,Product 15,9,98.54,886.86
06-03-2026,SKU-027,Product 27,38,15.58,592.04
02-04-2026,SKU-060,Product 60,3,70.14,210.42
09-06-2026,SKU-050,Product 50,26,42.38,1101.88
04-06-2026,SKU-087,Product 87,33,123.31,4069.23
31-05-2026,SKU-008,Product 8,51,38.61,1969.11
10-03-2025,SKU-042,Product 42,4,42.29,169.16
30-01-2026,SKU-050,Product 50,15,42.38,635.7
28-07-2026,SKU-059,Product 59,15,143.98,2159.7
08-03-2025,SKU-008,Product 8,20,38.61,772.2
11-07-2026,SKU-074,Product 74,23,102.79,2364.17
09-02-2026,SKU-059,Product 59,24,143.98,3455.52
07-02-2025,SKU-090,Product 90,15,41.98,629.7
30-01-2025,SKU-023,Product 23,12,129.88,1558.56
29-04-2025,SKU-011,Product 11,14,77.13,1079.82
17-01-2025,SKU-034,Product 34,12,133.9,1606.8
08-04-2026,SKU-070,Product 70,3,38.61,115.83
27-04-2026,SKU-080,Product 80,35,14.32,501.2
22-07-2026,SKU-089,Product 89,39,62.65,2443.35
31-10-2025,SKU-034,Product 34,28,133.9,3749.2
27-07-2026,SKU-013,Product 13,7,106.67,746.69
16-05-2026,SKU-078,Product 78,46,23.81,1095.26
11-01-2026,SKU-052,Product 52,38,79.76,3030.88
20-05-2025,SKU-020,Product 20,12,89.85,1078.2
21-05-2026,SKU-027,Product 27,21,15.58,327.18
26-02-2025,SKU-057,Product 57,12,27.94,335.28
02-03-2025,SKU-035,Product 35,18,42.05,756.9
04-05-2026,SKU-069,Product 69,45,113.3,5098.5
08-05-2025,SKU-024,Product 24,13,109.76,1426.88
05-12-2025,SKU-025,Product 25,11,126.63,1392.93
03-03-2026,SKU-100,Product 100,19,56.59,1075.21
01-07-2025,SKU-058,Product 58,7,122.59,858.13
15-05-2026,SKU-034,Product 34,21,133.9,2811.9
17-06-2025,SKU-084,Product 84,11,108.64,1195.04
04-02-2026,SKU-053,Product 53,30,11.29,338.7
08-07-2026,SKU-084,Product 84,50,108.64,5432
16-02-2026,SKU-090,Product 90,9,41.98,377.82
18-04-2026,SKU-053,Product 53,37,11.29,417.73
07-04-2026,SKU-036,Product 36,27,130.42,3521.34
07-04-2026,SKU-072,Product 72,37,108.25,4005.25
05-06-2026,SKU-021,Product 21,55,71.49,3931.95
10-11-2025,SKU-083,Product 83,39,134.11,5230.29
20-05-2026,SKU-007,Product 7,54,81.18,4383.72
02-04-2026,SKU-079,Product 79,23,39.06,898.38
30-05-2025,SKU-056,Product 56,23,140.51,3231.73
25-01-2026,SKU-088,Product 88,3,65.71,197.13
08-08-2025,SKU-033,Product 33,23,53.43,1228.89
13-03-2025,SKU-064,Product 64,6,117.63,705.78
28-03-2025,SKU-044,Product 44,5,14.73,73.65
22-03-2025,SKU-026,Product 26,21,66.33,1392.93
20-11-2025,SKU-037,Product 37,2,83.51,167.02
11-03-2025,SKU-046,Product 46,10,105.52,1055.2
21-03-2026,SKU-077,Product 77,36,62.14,2237.04
27-09-2025,SKU-048,Product 48,9,18.02,162.18
20-06-2025,SKU-095,Product 95,28,77.08,2158.24
09-08-2025,SKU-051,Product 51,23,104.22,2397.06
15-06-2026,SKU-070,Product 70,52,38.61,2007.72
02-03-2026,SKU-059,Product 59,9,143.98,1295.82
15-12-2025,SKU-044,Product 44,30,14.73,441.9
23-02-2025,SKU-044,Product 44,16,14.73,235.68
05-06-2025,SKU-025,Product 25,7,126.63,886.41
22-04-2025,SKU-058,Product 58,18,122.59,2206.62
06-11-2025,SKU-051,Product 51,2,104.22,208.44
25-05-2025,SKU-091,Product 91,1,12.64,12.64
14-02-2025,SKU-092,Product 92,14,131.65,1843.1
12-03-2025,SKU-042,Product 42,5,42.29,211.45
16-09-2025,SKU-048,Product 48,4,18.02,72.08
06-03-2025,SKU-060,Product 60,15,70.14,1052.1
06-09-2025,SKU-029,Product 29,25,43.36,1084
31-05-2025,SKU-023,Product 23,5,129.88,649.4
15-10-2025,SKU-024,Product 24,12,109.76,1317.12
12-04-2026,SKU-049,Product 49,34,6.44,218.96
27-06-2026,SKU-081,Product 81,7,66.67,466.69
29-05-2025,SKU-002,Product 2,17,116.06,1973.02
08-08-2025,SKU-008,Product 8,25,38.61,965.25
11-05-2026,SKU-039,Product 39,32,9.81,313.92
22-09-2025,SKU-007,Product 7,26,81.18,2110.68
28-06-2025,SKU-040,Product 40,15,20.93,313.95
26-08-2025,SKU-075,Product 75,2,13.71,27.42
23-04-2026,SKU-059,Product 59,13,143.98,1871.74
17-12-2025,SKU-062,Product 62,14,40.67,569.38
05-06-2025,SKU-024,Product 24,5,109.76,548.8
21-05-2026,SKU-099,Product 99,14,48.68,681.52
30-07-2026,SKU-052,Product 52,59,79.76,4705.84
12-05-2026,SKU-090,Product 90,21,41.98,881.58
19-09-2025,SKU-061,Product 61,18,141.95,2555.1
22-07-2025,SKU-018,Product 18,14,89.39,1251.46
09-06-2026,SKU-027,Product 27,11,15.58,171.38
26-12-2025,SKU-053,Product 53,5,11.29,56.45
02-01-2025,SKU-001,Product 1,7,133.59,935.13
05-03-2026,SKU-097,Product 97,12,45.27,543.24
20-03-2025,SKU-071,Product 71,7,41.39,289.73
14-12-2025,SKU-002,Product 2,19,116.06,2205.14
19-05-2025,SKU-034,Product 34,24,133.9,3213.6
19-01-2026,SKU-033,Product 33,38,53.43,2030.34
31-03-2025,SKU-085,Product 85,1,53.4,53.4
07-12-2025,SKU-010,Product 10,30,84.95,2548.5
08-04-2025,SKU-052,Product 52,3,79.76,239.28
06-06-2025,SKU-082,Product 82,3,82.39,247.17
17-02-2025,SKU-041,Product 41,18,33.9,610.2
19-08-2025,SKU-017,Product 17,13,88.02,1144.26
14-11-2025,SKU-016,Product 16,26,128.07,3329.82
28-07-2025,SKU-011,Product 11,2,77.13,154.26
29-05-2026,SKU-066,Product 66,11,50.43,554.73
14-05-2025,SKU-072,Product 72,1,108.25,108.25
25-10-2025,SKU-026,Product 26,17,66.33,1127.61
20-09-2025,SKU-013,Product 13,7,106.67,746.69
30-01-2026,SKU-005,Product 5,6,112.77,676.62
19-04-2025,SKU-039,Product 39,18,9.81,176.58
28-10-2025,SKU-058,Product 58,10,122.59,1225.9
30-05-2026,SKU-083,Product 83,29,134.11,3889.19
16-11-2025,SKU-025,Product 25,34,126.63,4305.42
23-05-2025,SKU-014,Product 14,5,51.74,258.7
07-09-2025,SKU-026,Product 26,9,66.33,596.97
04-02-2026,SKU-068,Product 68,46,65.88,3030.48
07-03-2025,SKU-052,Product 52,17,79.76,1355.92
11-07-2025,SKU-054,Product 54,25,85.15,2128.75
07-02-2025,SKU-035,Product 35,15,42.05,630.75
09-06-2025,SKU-025,Product 25,12,126.63,1519.56
01-07-2026,SKU-076,Product 76,53,5.46,289.38
08-01-2025,SKU-038,Product 38,15,30.86,462.9
19-11-2025,SKU-099,Product 99,24,48.68,1168.32
09-02-2026,SKU-048,Product 48,21,18.02,378.42
01-10-2025,SKU-027,Product 27,21,15.58,327.18
04-05-2025,SKU-082,Product 82,9,82.39,741.51
14-01-2025,SKU-098,Product 98,14,5.2,72.8
10-04-2026,SKU-038,Product 38,37,30.86,1141.82
08-07-2026,SKU-084,Product 84,34,108.64,3693.76
11-06-2025,SKU-037,Product 37,11,83.51,918.61
29-04-2026,SKU-029,Product 29,17,43.36,737.12
21-12-2025,SKU-026,Product 26,17,66.33,1127.61
07-07-2025,SKU-066,Product 66,27,50.43,1361.61
20-11-2025,SKU-019,Product 19,29,83.88,2432.52
21-08-2025,SKU-029,Product 29,15,43.36,650.4
19-06-2025,SKU-020,Product 20,18,89.85,1617.3
10-06-2026,SKU-029,Product 29,14,43.36,607.04
25-04-2025,SKU-055,Product 55,6,53.76,322.56
16-05-2025,SKU-028,Product 28,5,68.24,341.2
18-11-2025,SKU-026,Product 26,26,66.33,1724.58
02-02-2026,SKU-032,Product 32,18,97.86,1761.48
12-07-2026,SKU-046,Product 46,42,105.52,4431.84
28-05-2025,SKU-059,Product 59,8,143.98,1151.84
12-02-2025,SKU-032,Product 32,15,97.86,1467.9
09-02-2026,SKU-061,Product 61,21,141.95,2980.95
01-07-2025,SKU-076,Product 76,29,5.46,158.34
03-10-2025,SKU-064,Product 64,29,117.63,3411.27
28-07-2025,SKU-066,Product 66,8,50.43,403.44
14-11-2025,SKU-069,Product 69,29,113.3,3285.7
25-07-2026,SKU-058,Product 58,23,122.59,2819.57
18-06-2026,SKU-020,Product 20,37,89.85,3324.45
29-01-2025,SKU-016,Product 16,1,128.07,128.07
09-01-2026,SKU-097,Product 97,29,45.27,1312.83
26-07-2025,SKU-027,Product 27,20,15.58,311.6
07-06-2026,SKU-040,Product 40,40,20.93,837.2
09-04-2026,SKU-005,Product 5,20,112.77,2255.4
23-05-2026,SKU-097,Product 97,47,45.27,2127.69
16-05-2025,SKU-016,Product 16,13,128.07,1664.91
20-02-2026,SKU-083,Product 83,44,134.11,5900.84
04-01-2026,SKU-009,Product 9,23,33.35,767.05
25-03-2026,SKU-006,Product 6,6,16.92,101.52
29-09-2025,SKU-092,Product 92,36,131.65,4739.4
15-01-2025,SKU-054,Product 54,10,85.15,851.5
19-09-2025,SKU-034,Product 34,2,133.9,267.8
27-05-2025,SKU-002,Product 2,24,116.06,2785.44
11-10-2025,SKU-029,Product 29,17,43.36,737.12
08-10-2025,SKU-091,Product 91,34,12.64,429.76
28-01-2026,SKU-015,Product 15,36,98.54,3547.44
02-01-2026,SKU-074,Product 74,2,102.79,205.58
03-06-2026,SKU-088,Product 88,25,65.71,1642.75
24-06-2026,SKU-026,Product 26,26,66.33,1724.58
23-05-2025,SKU-099,Product 99,3,48.68,146.04
10-07-2025,SKU-096,Product 96,3,57.25,171.75
10-04-2025,SKU-049,Product 49,21,6.44,135.24
20-11-2025,SKU-072,Product 72,29,108.25,3139.25
03-12-2025,SKU-071,Product 71,13,41.39,538.07
22-08-2025,SKU-017,Product 17,8,88.02,704.16
18-03-2026,SKU-022,Product 22,39,59.25,2310.75
29-10-2025,SKU-078,Product 78,10,23.81,238.1
20-05-2026,SKU-093,Product 93,25,41.04,1026
02-12-2025,SKU-047,Product 47,2,38.43,76.86
21-07-2026,SKU-090,Product 90,51,41.98,2140.98
15-04-2026,SKU-007,Product 7,24,81.18,1948.32
21-03-2026,SKU-004,Product 4,19,70.1,1331.9
19-06-2026,SKU-057,Product 57,22,27.94,614.68
06-07-2025,SKU-039,Product 39,23,9.81,225.63
29-07-2026,SKU-014,Product 14,7,51.74,362.18
18-07-2025,SKU-011,Product 11,24,77.13,1851.12
10-03-2026,SKU-085,Product 85,22,53.4,1174.8
14-02-2025,SKU-010,Product 10,3,84.95,254.85
29-12-2025,SKU-047,Product 47,11,38.43,422.73
24-05-2025,SKU-045,Product 45,22,80.28,1766.16
10-06-2026,SKU-040,Product 40,3,20.93,62.79
27-08-2025,SKU-076,Product 76,29,5.46,158.34
23-02-2026,SKU-083,Product 83,41,134.11,5498.51
24-02-2025,SKU-076,Product 76,10,5.46,54.6
15-07-2026,SKU-007,Product 7,7,81.18,568.26
08-07-2026,SKU-013,Product 13,7,106.67,746.69
30-11-2025,SKU-009,Product 9,16,33.35,533.6
09-03-2026,SKU-068,Product 68,38,65.88,2503.44
25-01-2025,SKU-054,Product 54,14,85.15,1192.1
06-01-2026,SKU-098,Product 98,40,5.2,208
12-07-2025,SKU-035,Product 35,11,42.05,462.55
05-03-2025,SKU-083,Product 83,9,134.11,1206.99
24-06-2026,SKU-025,Product 25,7,126.63,886.41
18-05-2025,SKU-098,Product 98,3,5.2,15.6
28-07-2025,SKU-018,Product 18,24,89.39,2145.36
13-07-2025,SKU-008,Product 8,28,38.61,1081.08
29-07-2026,SKU-049,Product 49,43,6.44,276.92
24-07-2026,SKU-020,Product 20,7,89.85,628.95
10-04-2026,SKU-067,Product 67,51,99.67,5083.17
19-07-2026,SKU-019,Product 19,7,83.88,587.16
19-06-2026,SKU-049,Product 49,45,6.44,289.8
08-04-2025,SKU-066,Product 66,6,50.43,302.58
01-08-2025,SKU-083,Product 83,23,134.11,3084.53
04-06-2026,SKU-014,Product 14,18,51.74,931.32
08-08-2025,SKU-078,Product 78,19,23.81,452.39
20-02-2025,SKU-037,Product 37,11,83.51,918.61
09-02-2025,SKU-098,Product 98,7,5.2,36.4
27-03-2026,SKU-090,Product 90,43,41.98,1805.14
22-11-2025,SKU-025,Product 25,29,126.63,3672.27
16-06-2025,SKU-083,Product 83,11,134.11,1475.21
02-09-2025,SKU-081,Product 81,20,66.67,1333.4
05-04-2025,SKU-018,Product 18,4,89.39,357.56
28-07-2025,SKU-008,Product 8,6,38.61,231.66
03-06-2025,SKU-030,Product 30,8,117.66,941.28
06-11-2025,SKU-065,Product 65,5,29.77,148.85
23-07-2026,SKU-064,Product 64,43,117.63,5058.09
01-01-2026,SKU-013,Product 13,17,106.67,1813.39
21-04-2026,SKU-093,Product 93,48,41.04,1969.92
14-11-2025,SKU-010,Product 10,5,84.95,424.75
20-02-2026,SKU-040,Product 40,25,20.93,523.25
20-06-2026,SKU-038,Product 38,15,30.86,462.9
12-04-2026,SKU-043,Product 43,23,124.39,2860.97
20-06-2026,SKU-025,Product 25,22,126.63,2785.86
31-07-2026,SKU-066,Product 66,39,50.43,1966.77
16-01-2026,SKU-069,Product 69,26,113.3,2945.8
04-02-2026,SKU-043,Product 43,24,124.39,2985.36
11-02-2026,SKU-093,Product 93,21,41.04,861.84
21-05-2026,SKU-051,Product 51,50,104.22,5211
06-08-2025,SKU-061,Product 61,14,141.95,1987.3
23-12-2025,SKU-001,Product 1,34,133.59,4542.06
06-06-2025,SKU-025,Product 25,23,126.63,2912.49
24-02-2025,SKU-039,Product 39,8,9.81,78.48
24-03-2025,SKU-044,Product 44,1,14.73,14.73
19-01-2026,SKU-023,Product 23,23,129.88,2987.24
05-12-2025,SKU-084,Product 84,2,108.64,217.28
08-03-2026,SKU-084,Product 84,9,108.64,977.76
31-03-2025,SKU-100,Product 100,2,56.59,113.18
26-12-2025,SKU-011,Product 11,31,77.13,2391.03
21-05-2026,SKU-042,Product 42,39,42.29,1649.31
09-02-2026,SKU-021,Product 21,43,71.49,3074.07
26-12-2025,SKU-068,Product 68,37,65.88,2437.56
18-06-2026,SKU-084,Product 84,7,108.64,760.48
27-10-2025,SKU-023,Product 23,35,129.88,4545.8
25-08-2025,SKU-028,Product 28,26,68.24,1774.24
21-05-2025,SKU-039,Product 39,8,9.81,78.48
17-03-2025,SKU-024,Product 24,2,109.76,219.52
18-06-2025,SKU-087,Product 87,13,123.31,1603.03
12-06-2026,SKU-004,Product 4,14,70.1,981.4
30-04-2026,SKU-019,Product 19,52,83.88,4361.76
27-10-2025,SKU-082,Product 82,30,82.39,2471.7
18-05-2025,SKU-034,Product 34,17,133.9,2276.3
06-08-2025,SKU-050,Product 50,27,42.38,1144.26
20-03-2025,SKU-033,Product 33,16,53.43,854.88
26-07-2026,SKU-059,Product 59,35,143.98,5039.3
13-07-2026,SKU-017,Product 17,54,88.02,4753.08
11-06-2026,SKU-043,Product 43,56,124.39,6965.84
27-01-2025,SKU-078,Product 78,7,23.81,166.67
21-06-2025,SKU-077,Product 77,5,62.14,310.7
23-02-2026,SKU-031,Product 31,9,52.96,476.64
18-09-2025,SKU-049,Product 49,30,6.44,193.2
02-09-2025,SKU-055,Product 55,34,53.76,1827.84
19-05-2026,SKU-045,Product 45,7,80.28,561.96
24-10-2025,SKU-061,Product 61,10,141.95,1419.5
23-03-2026,SKU-007,Product 7,29,81.18,2354.22
11-01-2025,SKU-041,Product 41,10,33.9,339
19-10-2025,SKU-094,Product 94,30,25.25,757.5
11-02-2025,SKU-051,Product 51,7,104.22,729.54
06-10-2025,SKU-018,Product 18,17,89.39,1519.63
20-07-2025,SKU-089,Product 89,16,62.65,1002.4
07-11-2025,SKU-097,Product 97,7,45.27,316.89
07-03-2026,SKU-045,Product 45,48,80.28,3853.44
12-12-2025,SKU-091,Product 91,39,12.64,492.96
27-07-2025,SKU-080,Product 80,12,14.32,171.84
22-08-2025,SKU-059,Product 59,13,143.98,1871.74
28-09-2025,SKU-100,Product 100,16,56.59,905.44
15-01-2026,SKU-067,Product 67,41,99.67,4086.47
23-06-2026,SKU-097,Product 97,34,45.27,1539.18
09-08-2025,SKU-032,Product 32,30,97.86,2935.8
11-12-2025,SKU-011,Product 11,30,77.13,2313.9
12-10-2025,SKU-029,Product 29,4,43.36,173.44
29-03-2025,SKU-034,Product 34,14,133.9,1874.6
11-04-2025,SKU-033,Product 33,6,53.43,320.58
08-11-2025,SKU-064,Product 64,20,117.63,2352.6
21-10-2025,SKU-100,Product 100,27,56.59,1527.93
09-05-2025,SKU-039,Product 39,18,9.81,176.58
27-12-2025,SKU-058,Product 58,2,122.59,245.18
01-05-2025,SKU-059,Product 59,11,143.98,1583.78
27-01-2026,SKU-084,Product 84,9,108.64,977.76
06-05-2025,SKU-015,Product 15,23,98.54,2266.42
24-06-2025,SKU-028,Product 28,5,68.24,341.2
01-10-2025,SKU-075,Product 75,2,13.71,27.42
13-02-2025,SKU-079,Product 79,3,39.06,117.18
28-03-2026,SKU-078,Product 78,40,23.81,952.4
13-12-2025,SKU-018,Product 18,8,89.39,715.12
09-02-2026,SKU-041,Product 41,12,33.9,406.8
10-03-2025,SKU-023,Product 23,20,129.88,2597.6
08-09-2025,SKU-095,Product 95,9,77.08,693.72
02-06-2026,SKU-001,Product 1,14,133.59,1870.26
29-08-2025,SKU-034,Product 34,4,133.9,535.6
15-06-2026,SKU-037,Product 37,3,83.51,250.53
21-01-2025,SKU-055,Product 55,7,53.76,376.32
12-12-2025,SKU-082,Product 82,33,82.39,2718.87
22-04-2025,SKU-066,Product 66,1,50.43,50.43
03-08-2025,SKU-054,Product 54,2,85.15,170.3
30-04-2026,SKU-009,Product 9,49,33.35,1634.15
10-01-2026,SKU-015,Product 15,17,98.54,1675.18
12-01-2025,SKU-075,Product 75,5,13.71,68.55
19-05-2026,SKU-009,Product 9,32,33.35,1067.2
02-04-2026,SKU-068,Product 68,47,65.88,3096.36
17-06-2026,SKU-081,Product 81,15,66.67,1000.05
06-04-2026,SKU-074,Product 74,47,102.79,4831.13
05-08-2025,SKU-100,Product 100,10,56.59,565.9
11-04-2026,SKU-046,Product 46,51,105.52,5381.52
05-02-2026,SKU-032,Product 32,27,97.86,2642.22
14-12-2025,SKU-097,Product 97,28,45.27,1267.56
01-03-2026,SKU-091,Product 91,32,12.64,404.48
21-06-2026,SKU-038,Product 38,45,30.86,1388.7
15-01-2025,SKU-045,Product 45,16,80.28,1284.48
13-09-2025,SKU-015,Product 15,25,98.54,2463.5
04-05-2025,SKU-039,Product 39,4,9.81,39.24
02-12-2025,SKU-052,Product 52,19,79.76,1515.44
02-08-2025,SKU-059,Product 59,23,143.98,3311.54
15-03-2026,SKU-049,Product 49,19,6.44,122.36
23-06-2026,SKU-038,Product 38,53,30.86,1635.58
13-08-2025,SKU-083,Product 83,10,134.11,1341.1
30-08-2025,SKU-030,Product 30,22,117.66,2588.52
03-08-2025,SKU-074,Product 74,2,102.79,205.58
17-03-2026,SKU-091,Product 91,29,12.64,366.56
02-03-2026,SKU-008,Product 8,3,38.61,115.83
15-05-2026,SKU-081,Product 81,28,66.67,1866.76
03-02-2025,SKU-044,Product 44,3,14.73,44.19
09-07-2025,SKU-046,Product 46,11,105.52,1160.72
02-02-2025,SKU-100,Product 100,11,56.59,622.49
24-03-2025,SKU-024,Product 24,14,109.76,1536.64
08-03-2026,SKU-067,Product 67,29,99.67,2890.43
02-08-2025,SKU-030,Product 30,2,117.66,235.32
04-01-2026,SKU-071,Product 71,14,41.39,579.46
19-10-2025,SKU-054,Product 54,22,85.15,1873.3
02-03-2026,SKU-068,Product 68,25,65.88,1647
24-11-2025,SKU-099,Product 99,32,48.68,1557.76
27-07-2026,SKU-068,Product 68,3,65.88,197.64
14-07-2025,SKU-050,Product 50,8,42.38,339.04
02-06-2025,SKU-021,Product 21,8,71.49,571.92
13-07-2026,SKU-013,Product 13,35,106.67,3733.45
15-01-2026,SKU-068,Product 68,35,65.88,2305.8
16-04-2025,SKU-005,Product 5,10,112.77,1127.7
06-11-2025,SKU-035,Product 35,10,42.05,420.5
03-05-2026,SKU-072,Product 72,45,108.25,4871.25
26-03-2026,SKU-032,Product 32,33,97.86,3229.38
12-08-2025,SKU-085,Product 85,21,53.4,1121.4
01-05-2025,SKU-070,Product 70,1,38.61,38.61
03-02-2025,SKU-085,Product 85,8,53.4,427.2
04-03-2025,SKU-048,Product 48,2,18.02,36.04
07-06-2025,SKU-057,Product 57,18,27.94,502.92
28-09-2025,SKU-002,Product 2,28,116.06,3249.68
31-01-2026,SKU-052,Product 52,15,79.76,1196.4
28-06-2026,SKU-042,Product 42,38,42.29,1607.02
02-08-2025,SKU-043,Product 43,29,124.39,3607.31
03-10-2025,SKU-100,Product 100,29,56.59,1641.11
18-01-2026,SKU-077,Product 77,29,62.14,1802.06
19-06-2025,SKU-087,Product 87,13,123.31,1603.03
24-01-2025,SKU-015,Product 15,12,98.54,1182.48
07-04-2025,SKU-059,Product 59,19,143.98,2735.62
02-03-2026,SKU-089,Product 89,25,62.65,1566.25
30-11-2025,SKU-022,Product 22,24,59.25,1422
21-11-2025,SKU-085,Product 85,5,53.4,267
05-11-2025,SKU-058,Product 58,18,122.59,2206.62
30-04-2026,SKU-038,Product 38,38,30.86,1172.68
10-07-2025,SKU-035,Product 35,1,42.05,42.05
13-02-2025,SKU-095,Product 95,8,77.08,616.64
02-02-2026,SKU-076,Product 76,15,5.46,81.9
30-10-2025,SKU-019,Product 19,5,83.88,419.4
27-07-2025,SKU-002,Product 2,20,116.06,2321.2
02-04-2025,SKU-062,Product 62,2,40.67,81.34
09-07-2025,SKU-009,Product 9,15,33.35,500.25
01-02-2025,SKU-014,Product 14,1,51.74,51.74
24-12-2025,SKU-076,Product 76,42,5.46,229.32
25-06-2025,SKU-087,Product 87,24,123.31,2959.44
27-02-2026,SKU-080,Product 80,44,14.32,630.08
22-06-2026,SKU-005,Product 5,22,112.77,2480.94
17-11-2025,SKU-069,Product 69,18,113.3,2039.4
24-04-2025,SKU-017,Product 17,7,88.02,616.14
28-01-2025,SKU-095,Product 95,12,77.08,924.96
12-12-2025,SKU-048,Product 48,41,18.02,738.82
08-01-2025,SKU-064,Product 64,11,117.63,1293.93
13-07-2025,SKU-056,Product 56,8,140.51,1124.08
14-04-2026,SKU-003,Product 3,34,70.92,2411.28
27-07-2026,SKU-014,Product 14,19,51.74,983.06
20-05-2026,SKU-067,Product 67,36,99.67,3588.12
14-04-2025,SKU-004,Product 4,12,70.1,841.2
10-04-2025,SKU-004,Product 4,9,70.1,630.9
23-05-2025,SKU-087,Product 87,5,123.31,616.55
03-11-2025,SKU-006,Product 6,25,16.92,423
12-06-2025,SKU-089,Product 89,12,62.65,751.8
04-01-2025,SKU-055,Product 55,6,53.76,322.56
04-12-2025,SKU-076,Product 76,35,5.46,191.1
07-01-2025,SKU-043,Product 43,8,124.39,995.12
11-06-2025,SKU-001,Product 1,1,133.59,133.59
16-02-2026,SKU-076,Product 76,34,5.46,185.64
29-05-2026,SKU-026,Product 26,11,66.33,729.63
29-07-2026,SKU-094,Product 94,11,25.25,277.75
19-10-2025,SKU-070,Product 70,32,38.61,1235.52
03-08-2025,SKU-093,Product 93,12,41.04,492.48
30-05-2026,SKU-076,Product 76,51,5.46,278.46
09-06-2025,SKU-020,Product 20,23,89.85,2066.55
24-05-2025,SKU-041,Product 41,6,33.9,203.4
16-01-2025,SKU-055,Product 55,1,53.76,53.76
17-03-2026,SKU-006,Product 6,39,16.92,659.88
24-01-2025,SKU-011,Product 11,14,77.13,1079.82
05-06-2025,SKU-058,Product 58,25,122.59,3064.75
05-10-2025,SKU-016,Product 16,14,128.07,1792.98
12-11-2025,SKU-082,Product 82,29,82.39,2389.31
11-03-2026,SKU-089,Product 89,13,62.65,814.45
13-05-2025,SKU-016,Product 16,25,128.07,3201.75
26-10-2025,SKU-013,Product 13,38,106.67,4053.46
17-10-2025,SKU-033,Product 33,5,53.43,267.15
16-10-2025,SKU-025,Product 25,34,126.63,4305.42
26-09-2025,SKU-030,Product 30,7,117.66,823.62
21-06-2026,SKU-025,Product 25,45,126.63,5698.35
15-02-2026,SKU-080,Product 80,3,14.32,42.96
04-04-2025,SKU-096,Product 96,14,57.25,801.5
25-05-2025,SKU-026,Product 26,3,66.33,198.99
13-04-2026,SKU-084,Product 84,10,108.64,1086.4
30-03-2025,SKU-016,Product 16,16,128.07,2049.12
17-04-2025,SKU-061,Product 61,23,141.95,3264.85
28-05-2025,SKU-073,Product 73,12,120.54,1446.48
06-02-2025,SKU-086,Product 86,5,117.55,587.75
14-06-2025,SKU-058,Product 58,18,122.59,2206.62
04-01-2025,SKU-021,Product 21,10,71.49,714.9
26-06-2026,SKU-009,Product 9,34,33.35,1133.9
24-01-2026,SKU-006,Product 6,36,16.92,609.12
16-04-2025,SKU-084,Product 84,1,108.64,108.64
13-02-2026,SKU-074,Product 74,40,102.79,4111.6
25-11-2025,SKU-045,Product 45,10,80.28,802.8
30-12-2025,SKU-002,Product 2,5,116.06,580.3
05-11-2025,SKU-064,Product 64,18,117.63,2117.34
24-04-2025,SKU-093,Product 93,3,41.04,123.12
26-02-2026,SKU-016,Product 16,41,128.07,5250.87
17-07-2025,SKU-086,Product 86,16,117.55,1880.8
30-05-2026,SKU-059,Product 59,22,143.98,3167.56
03-07-2025,SKU-085,Product 85,11,53.4,587.4
23-06-2026,SKU-091,Product 91,45,12.64,568.8
31-07-2025,SKU-063,Product 63,12,85.06,1020.72
04-07-2026,SKU-094,Product 94,57,25.25,1439.25
08-11-2025,SKU-065,Product 65,18,29.77,535.86
19-12-2025,SKU-079,Product 79,33,39.06,1288.98
05-04-2026,SKU-097,Product 97,44,45.27,1991.88
24-06-2025,SKU-090,Product 90,19,41.98,797.62
20-01-2026,SKU-023,Product 23,20,129.88,2597.6
16-01-2025,SKU-068,Product 68,8,65.88,527.04
26-07-2025,SKU-025,Product 25,8,126.63,1013.04
01-04-2025,SKU-059,Product 59,22,143.98,3167.56
28-07-2026,SKU-071,Product 71,11,41.39,455.29
21-11-2025,SKU-033,Product 33,29,53.43,1549.47
31-12-2025,SKU-039,Product 39,5,9.81,49.05
16-06-2025,SKU-057,Product 57,5,27.94,139.7
28-04-2026,SKU-026,Product 26,49,66.33,3250.17
28-03-2025,SKU-085,Product 85,2,53.4,106.8
06-04-2026,SKU-092,Product 92,20,131.65,2633
05-06-2025,SKU-091,Product 91,3,12.64,37.92
11-12-2025,SKU-038,Product 38,8,30.86,246.88
23-03-2026,SKU-057,Product 57,49,27.94,1369.06
01-07-2025,SKU-019,Product 19,15,83.88,1258.2
11-07-2025,SKU-042,Product 42,5,42.29,211.45
21-02-2025,SKU-019,Product 19,7,83.88,587.16
07-10-2025,SKU-019,Product 19,24,83.88,2013.12
08-08-2025,SKU-094,Product 94,25,25.25,631.25
02-09-2025,SKU-075,Product 75,24,13.71,329.04
22-06-2025,SKU-037,Product 37,18,83.51,1503.18
25-02-2025,SKU-008,Product 8,2,38.61,77.22
05-04-2026,SKU-090,Product 90,47,41.98,1973.06
28-09-2025,SKU-100,Product 100,7,56.59,396.13
18-03-2026,SKU-065,Product 65,26,29.77,774.02
27-11-2025,SKU-068,Product 68,32,65.88,2108.16
14-12-2025,SKU-010,Product 10,5,84.95,424.75
15-04-2026,SKU-030,Product 30,20,117.66,2353.2
07-09-2025,SKU-081,Product 81,16,66.67,1066.72
30-06-2026,SKU-096,Product 96,11,57.25,629.75
06-02-2026,SKU-039,Product 39,33,9.81,323.73
29-06-2025,SKU-033,Product 33,19,53.43,1015.17
10-01-2025,SKU-020,Product 20,14,89.85,1257.9
20-11-2025,SKU-040,Product 40,18,20.93,376.74
20-10-2025,SKU-093,Product 93,15,41.04,615.6
03-07-2026,SKU-087,Product 87,57,123.31,7028.67
03-03-2025,SKU-001,Product 1,17,133.59,2271.03
16-05-2025,SKU-097,Product 97,10,45.27,452.7
27-03-2026,SKU-077,Product 77,26,62.14,1615.64
13-02-2025,SKU-057,Product 57,2,27.94,55.88
22-07-2025,SKU-059,Product 59,28,143.98,4031.44
20-02-2026,SKU-086,Product 86,15,117.55,1763.25
22-04-2026,SKU-049,Product 49,27,6.44,173.88
15-12-2025,SKU-092,Product 92,2,131.65,263.3
14-04-2026,SKU-012,Product 12,37,112.29,4154.73
24-02-2025,SKU-074,Product 74,6,102.79,616.74
15-07-2025,SKU-052,Product 52,6,79.76,478.56
01-04-2026,SKU-040,Product 40,37,20.93,774.41
12-01-2025,SKU-084,Product 84,6,108.64,651.84
22-01-2026,SKU-004,Product 4,15,70.1,1051.5
13-05-2026,SKU-058,Product 58,35,122.59,4290.65
25-06-2026,SKU-049,Product 49,11,6.44,70.84
01-12-2025,SKU-041,Product 41,24,33.9,813.6
03-06-2026,SKU-036,Product 36,3,130.42,391.26
30-09-2025,SKU-072,Product 72,26,108.25,2814.5
27-09-2025,SKU-059,Product 59,2,143.98,287.96
24-10-2025,SKU-042,Product 42,17,42.29,718.93
20-05-2026,SKU-026,Product 26,7,66.33,464.31
23-03-2025,SKU-054,Product 54,18,85.15,1532.7
09-08-2025,SKU-043,Product 43,4,124.39,497.56
02-08-2025,SKU-088,Product 88,14,65.71,919.94
13-05-2025,SKU-072,Product 72,23,108.25,2489.75
24-04-2025,SKU-001,Product 1,12,133.59,1603.08
07-10-2025,SKU-033,Product 33,22,53.43,1175.46
20-08-2025,SKU-086,Product 86,15,117.55,1763.25
15-06-2026,SKU-016,Product 16,30,128.07,3842.1
28-08-2025,SKU-010,Product 10,2,84.95,169.9
11-02-2026,SKU-043,Product 43,43,124.39,5348.77
20-06-2025,SKU-060,Product 60,18,70.14,1262.52
05-02-2026,SKU-057,Product 57,36,27.94,1005.84
20-02-2025,SKU-058,Product 58,16,122.59,1961.44
29-03-2025,SKU-015,Product 15,14,98.54,1379.56
06-02-2026,SKU-063,Product 63,12,85.06,1020.72
25-07-2026,SKU-077,Product 77,23,62.14,1429.22
13-11-2025,SKU-011,Product 11,23,77.13,1773.99
03-11-2025,SKU-092,Product 92,25,131.65,3291.25
21-02-2026,SKU-049,Product 49,6,6.44,38.64
07-04-2026,SKU-035,Product 35,16,42.05,672.8
31-05-2025,SKU-037,Product 37,5,83.51,417.55
11-06-2026,SKU-014,Product 14,3,51.74,155.22
06-01-2025,SKU-057,Product 57,5,27.94,139.7
26-05-2026,SKU-083,Product 83,21,134.11,2816.31
14-01-2026,SKU-092,Product 92,41,131.65,5397.65
03-03-2026,SKU-069,Product 69,22,113.3,2492.6
21-07-2025,SKU-082,Product 82,12,82.39,988.68
25-02-2026,SKU-051,Product 51,25,104.22,2605.5
29-04-2026,SKU-083,Product 83,3,134.11,402.33
30-03-2025,SKU-004,Product 4,4,70.1,280.4
02-06-2026,SKU-069,Product 69,22,113.3,2492.6
10-08-2025,SKU-093,Product 93,30,41.04,1231.2
16-06-2026,SKU-030,Product 30,3,117.66,352.98
05-06-2025,SKU-046,Product 46,7,105.52,738.64
07-02-2025,SKU-056,Product 56,7,140.51,983.57
03-04-2025,SKU-007,Product 7,20,81.18,1623.6
18-11-2025,SKU-089,Product 89,26,62.65,1628.9
16-08-2025,SKU-085,Product 85,30,53.4,1602
17-05-2026,SKU-076,Product 76,50,5.46,273
03-05-2026,SKU-051,Product 51,38,104.22,3960.36
28-11-2025,SKU-047,Product 47,21,38.43,807.03
07-06-2026,SKU-021,Product 21,22,71.49,1572.78
28-05-2025,SKU-061,Product 61,8,141.95,1135.6
24-05-2026,SKU-100,Product 100,21,56.59,1188.39
25-05-2026,SKU-032,Product 32,47,97.86,4599.42
14-10-2025,SKU-099,Product 99,32,48.68,1557.76
25-09-2025,SKU-032,Product 32,16,97.86,1565.76
18-05-2026,SKU-043,Product 43,43,124.39,5348.77
16-02-2026,SKU-043,Product 43,31,124.39,3856.09
03-01-2025,SKU-065,Product 65,6,29.77,178.62
24-05-2026,SKU-005,Product 5,10,112.77,1127.7
24-11-2025,SKU-017,Product 17,18,88.02,1584.36
02-07-2026,SKU-100,Product 100,30,56.59,1697.7
29-07-2026,SKU-004,Product 4,3,70.1,210.3
13-03-2025,SKU-004,Product 4,4,70.1,280.4
06-04-2026,SKU-046,Product 46,30,105.52,3165.6
16-11-2025,SKU-026,Product 26,31,66.33,2056.23
14-07-2025,SKU-089,Product 89,12,62.65,751.8
10-03-2026,SKU-047,Product 47,42,38.43,1614.06
28-06-2025,SKU-023,Product 23,25,129.88,3247
03-05-2026,SKU-073,Product 73,52,120.54,6268.08
24-08-2025,SKU-031,Product 31,11,52.96,582.56
05-01-2025,SKU-069,Product 69,4,113.3,453.2
12-03-2025,SKU-011,Product 11,13,77.13,1002.69
26-06-2026,SKU-046,Product 46,26,105.52,2743.52
16-04-2025,SKU-014,Product 14,13,51.74,672.62
15-11-2025,SKU-010,Product 10,7,84.95,594.65
14-07-2026,SKU-058,Product 58,35,122.59,4290.65
06-01-2025,SKU-052,Product 52,15,79.76,1196.4
28-04-2025,SKU-025,Product 25,22,126.63,2785.86
20-12-2025,SKU-066,Product 66,39,50.43,1966.77
04-12-2025,SKU-053,Product 53,13,11.29,146.77
29-08-2025,SKU-055,Product 55,29,53.76,1559.04
09-02-2025,SKU-039,Product 39,10,9.81,98.1
03-02-2026,SKU-046,Product 46,9,105.52,949.68
01-07-2025,SKU-077,Product 77,21,62.14,1304.94
24-02-2025,SKU-024,Product 24,17,109.76,1865.92
22-09-2025,SKU-048,Product 48,30,18.02,540.6
21-03-2026,SKU-074,Product 74,43,102.79,4419.97
30-10-2025,SKU-071,Product 71,38,41.39,1572.82
17-06-2025,SKU-040,Product 40,26,20.93,544.18
22-07-2025,SKU-039,Product 39,6,9.81,58.86
07-07-2025,SKU-093,Product 93,25,41.04,1026
31-12-2025,SKU-073,Product 73,26,120.54,3134.04
21-01-2026,SKU-020,Product 20,15,89.85,1347.75
04-04-2025,SKU-030,Product 30,17,117.66,2000.22
08-03-2026,SKU-094,Product 94,22,25.25,555.5
15-01-2025,SKU-045,Product 45,2,80.28,160.56
17-12-2025,SKU-083,Product 83,36,134.11,4827.96
05-02-2026,SKU-005,Product 5,30,112.77,3383.1
29-09-2025,SKU-014,Product 14,33,51.74,1707.42
29-06-2025,SKU-057,Product 57,13,27.94,363.22
07-06-2026,SKU-038,Product 38,11,30.86,339.46
05-02-2026,SKU-016,Product 16,12,128.07,1536.84
17-08-2025,SKU-087,Product 87,4,123.31,493.24
12-05-2025,SKU-057,Product 57,11,27.94,307.34
10-05-2026,SKU-050,Product 50,32,42.38,1356.16
30-01-2026,SKU-072,Product 72,18,108.25,1948.5
19-06-2025,SKU-065,Product 65,20,29.77,595.4
22-04-2025,SKU-014,Product 14,4,51.74,206.96
11-02-2025,SKU-083,Product 83,8,134.11,1072.88
30-01-2025,SKU-015,Product 15,9,98.54,886.86
03-07-2026,SKU-090,Product 90,42,41.98,1763.16
07-11-2025,SKU-003,Product 3,2,70.92,141.84
30-11-2025,SKU-036,Product 36,10,130.42,1304.2
30-10-2025,SKU-039,Product 39,2,9.81,19.62
02-07-2025,SKU-090,Product 90,13,41.98,545.74
22-03-2026,SKU-038,Product 38,33,30.86,1018.38
29-04-2026,SKU-068,Product 68,42,65.88,2766.96
20-09-2025,SKU-077,Product 77,2,62.14,124.28
22-06-2026,SKU-005,Product 5,53,112.77,5976.81
23-12-2025,SKU-028,Product 28,31,68.24,2115.44
21-04-2025,SKU-033,Product 33,20,53.43,1068.6
03-10-2025,SKU-075,Product 75,4,13.71,54.84
09-08-2025,SKU-098,Product 98,21,5.2,109.2
13-03-2026,SKU-009,Product 9,22,33.35,733.7
08-09-2025,SKU-067,Product 67,27,99.67,2691.09
18-04-2026,SKU-007,Product 7,20,81.18,1623.6
21-04-2026,SKU-030,Product 30,17,117.66,2000.22
21-03-2025,SKU-015,Product 15,16,98.54,1576.64
13-04-2026,SKU-087,Product 87,27,123.31,3329.37
30-01-2026,SKU-013,Product 13,36,106.67,3840.12
19-11-2025,SKU-068,Product 68,5,65.88,329.4
24-05-2026,SKU-021,Product 21,47,71.49,3360.03
16-05-2026,SKU-072,Product 72,21,108.25,2273.25
10-05-2025,SKU-076,Product 76,8,5.46,43.68
11-09-2025,SKU-044,Product 44,23,14.73,338.79
24-07-2026,SKU-047,Product 47,15,38.43,576.45
29-03-2026,SKU-097,Product 97,3,45.27,135.81
28-06-2026,SKU-021,Product 21,3,71.49,214.47
20-01-2025,SKU-037,Product 37,10,83.51,835.1
08-04-2025,SKU-061,Product 61,6,141.95,851.7
09-04-2025,SKU-036,Product 36,15,130.42,1956.3
17-12-2025,SKU-046,Product 46,25,105.52,2638
01-06-2026,SKU-042,Product 42,29,42.29,1226.41
25-01-2025,SKU-076,Product 76,3,5.46,16.38
10-02-2025,SKU-007,Product 7,3,81.18,243.54
07-09-2025,SKU-026,Product 26,22,66.33,1459.26
26-03-2025,SKU-047,Product 47,17,38.43,653.31
28-09-2025,SKU-034,Product 34,12,133.9,1606.8
07-05-2026,SKU-095,Product 95,14,77.08,1079.12
17-04-2026,SKU-090,Product 90,37,41.98,1553.26
27-08-2025,SKU-022,Product 22,6,59.25,355.5
13-02-2025,SKU-007,Product 7,2,81.18,162.36
26-08-2025,SKU-011,Product 11,13,77.13,1002.69
15-03-2026,SKU-091,Product 91,13,12.64,164.32
18-07-2026,SKU-079,Product 79,43,39.06,1679.58
27-04-2026,SKU-096,Product 96,17,57.25,973.25
26-01-2025,SKU-036,Product 36,11,130.42,1434.62
19-08-2025,SKU-055,Product 55,15,53.76,806.4
14-04-2026,SKU-087,Product 87,3,123.31,369.93
26-02-2025,SKU-009,Product 9,3,33.35,100.05
01-02-2025,SKU-079,Product 79,10,39.06,390.6
18-01-2025,SKU-029,Product 29,16,43.36,693.76
03-03-2026,SKU-088,Product 88,16,65.71,1051.36
14-02-2025,SKU-085,Product 85,17,53.4,907.8
17-12-2025,SKU-066,Product 66,31,50.43,1563.33
13-09-2025,SKU-026,Product 26,34,66.33,2255.22
07-04-2025,SKU-049,Product 49,7,6.44,45.08
27-04-2026,SKU-002,Product 2,3,116.06,348.18
22-06-2025,SKU-047,Product 47,1,38.43,38.43
27-04-2026,SKU-094,Product 94,49,25.25,1237.25
23-02-2026,SKU-031,Product 31,12,52.96,635.52
19-07-2026,SKU-070,Product 70,31,38.61,1196.91
21-04-2026,SKU-023,Product 23,31,129.88,4026.28
06-09-2025,SKU-087,Product 87,22,123.31,2712.82
27-04-2025,SKU-063,Product 63,8,85.06,680.48
01-05-2026,SKU-049,Product 49,38,6.44,244.72
22-09-2025,SKU-016,Product 16,21,128.07,2689.47
09-11-2025,SKU-027,Product 27,26,15.58,405.08
16-05-2025,SKU-037,Product 37,17,83.51,1419.67
17-01-2025,SKU-057,Product 57,14,27.94,391.16
14-06-2026,SKU-099,Product 99,37,48.68,1801.16
20-04-2026,SKU-002,Product 2,34,116.06,3946.04
02-03-2026,SKU-071,Product 71,3,41.39,124.17
04-05-2026,SKU-025,Product 25,21,126.63,2659.23
13-02-2025,SKU-002,Product 2,2,116.06,232.12
27-08-2025,SKU-037,Product 37,33,83.51,2755.83
16-02-2025,SKU-009,Product 9,7,33.35,233.45
05-10-2025,SKU-066,Product 66,9,50.43,453.87
09-06-2026,SKU-065,Product 65,26,29.77,774.02
17-06-2025,SKU-061,Product 61,22,141.95,3122.9
11-02-2025,SKU-098,Product 98,6,5.2,31.2
04-06-2026,SKU-053,Product 53,55,11.29,620.95
06-06-2025,SKU-046,Product 46,10,105.52,1055.2
15-04-2025,SKU-054,Product 54,10,85.15,851.5
29-07-2026,SKU-005,Product 5,27,112.77,3044.79
20-02-2026,SKU-091,Product 91,22,12.64,278.08
12-07-2025,SKU-095,Product 95,17,77.08,1310.36
30-12-2025,SKU-037,Product 37,34,83.51,2839.34
10-04-2025,SKU-062,Product 62,15,40.67,610.05
29-05-2025,SKU-072,Product 72,21,108.25,2273.25
06-05-2025,SKU-085,Product 85,24,53.4,1281.6
16-03-2025,SKU-086,Product 86,4,117.55,470.2
09-01-2026,SKU-029,Product 29,17,43.36,737.12
22-12-2025,SKU-071,Product 71,19,41.39,786.41
25-02-2026,SKU-051,Product 51,28,104.22,2918.16
13-02-2026,SKU-007,Product 7,3,81.18,243.54
17-03-2026,SKU-002,Product 2,29,116.06,3365.74
13-03-2025,SKU-065,Product 65,4,29.77,119.08
16-04-2025,SKU-003,Product 3,3,70.92,212.76
15-11-2025,SKU-087,Product 87,15,123.31,1849.65
19-09-2025,SKU-014,Product 14,28,51.74,1448.72
15-11-2025,SKU-068,Product 68,37,65.88,2437.56
26-02-2026,SKU-055,Product 55,3,53.76,161.28
23-02-2026,SKU-055,Product 55,41,53.76,2204.16
06-10-2025,SKU-062,Product 62,9,40.67,366.03
21-01-2025,SKU-001,Product 1,6,133.59,801.54
17-08-2025,SKU-061,Product 61,28,141.95,3974.6
02-06-2025,SKU-098,Product 98,12,5.2,62.4
07-07-2025,SKU-004,Product 4,1,70.1,70.1
26-06-2026,SKU-086,Product 86,22,117.55,2586.1
08-10-2025,SKU-042,Product 42,9,42.29,380.61
19-06-2026,SKU-021,Product 21,11,71.49,786.39
06-02-2026,SKU-002,Product 2,46,116.06,5338.76
06-04-2025,SKU-061,Product 61,19,141.95,2697.05
06-03-2026,SKU-011,Product 11,12,77.13,925.56
19-02-2026,SKU-096,Product 96,47,57.25,2690.75
30-01-2025,SKU-064,Product 64,5,117.63,588.15
14-03-2026,SKU-007,Product 7,26,81.18,2110.68
01-08-2025,SKU-028,Product 28,12,68.24,818.88
15-03-2026,SKU-018,Product 18,49,89.39,4380.11
30-05-2025,SKU-014,Product 14,7,51.74,362.18
20-09-2025,SKU-001,Product 1,23,133.59,3072.57
02-11-2025,SKU-048,Product 48,10,18.02,180.2
23-11-2025,SKU-047,Product 47,18,38.43,691.74
11-01-2026,SKU-026,Product 26,17,66.33,1127.61
23-01-2025,SKU-074,Product 74,5,102.79,513.95
20-06-2025,SKU-012,Product 12,20,112.29,2245.8
25-11-2025,SKU-042,Product 42,27,42.29,1141.83
17-05-2025,SKU-091,Product 91,15,12.64,189.6
19-12-2025,SKU-062,Product 62,5,40.67,203.35
18-07-2026,SKU-078,Product 78,43,23.81,1023.83
16-08-2025,SKU-045,Product 45,32,80.28,2568.96
06-04-2025,SKU-021,Product 21,10,71.49,714.9
25-06-2026,SKU-080,Product 80,30,14.32,429.6
08-12-2025,SKU-001,Product 1,27,133.59,3606.93
17-05-2025,SKU-011,Product 11,23,77.13,1773.99
18-05-2026,SKU-039,Product 39,25,9.81,245.25
29-08-2025,SKU-072,Product 72,13,108.25,1407.25
23-11-2025,SKU-008,Product 8,24,38.61,926.64
09-07-2026,SKU-023,Product 23,38,129.88,4935.44
04-06-2026,SKU-029,Product 29,44,43.36,1907.84
14-03-2026,SKU-005,Product 5,3,112.77,338.31
11-02-2025,SKU-032,Product 32,3,97.86,293.58
09-03-2026,SKU-021,Product 21,35,71.49,2502.15
26-05-2025,SKU-098,Product 98,8,5.2,41.6
12-02-2026,SKU-087,Product 87,28,123.31,3452.68
20-07-2025,SKU-046,Product 46,28,105.52,2954.56
27-01-2026,SKU-055,Product 55,33,53.76,1774.08
07-12-2025,SKU-058,Product 58,8,122.59,980.72
16-02-2026,SKU-003,Product 3,9,70.92,638.28
06-02-2026,SKU-001,Product 1,30,133.59,4007.7
27-08-2025,SKU-022,Product 22,22,59.25,1303.5
22-02-2025,SKU-061,Product 61,11,141.95,1561.45
24-09-2025,SKU-034,Product 34,11,133.9,1472.9
21-03-2026,SKU-044,Product 44,49,14.73,721.77
29-04-2026,SKU-066,Product 66,10,50.43,504.3
07-04-2026,SKU-036,Product 36,33,130.42,4303.86
28-08-2025,SKU-023,Product 23,2,129.88,259.76
31-05-2025,SKU-067,Product 67,21,99.67,2093.07
22-10-2025,SKU-096,Product 96,15,57.25,858.75
22-10-2025,SKU-100,Product 100,12,56.59,679.08
11-07-2026,SKU-068,Product 68,42,65.88,2766.96
19-05-2025,SKU-060,Product 60,25,70.14,1753.5
01-06-2026,SKU-042,Product 42,40,42.29,1691.6
31-05-2025,SKU-075,Product 75,16,13.71,219.36
06-06-2025,SKU-069,Product 69,5,113.3,566.5
10-09-2025,SKU-033,Product 33,23,53.43,1228.89
25-07-2025,SKU-048,Product 48,4,18.02,72.08
30-08-2025,SKU-028,Product 28,24,68.24,1637.76
06-09-2025,SKU-055,Product 55,22,53.76,1182.72
18-07-2025,SKU-056,Product 56,4,140.51,562.04
04-05-2026,SKU-082,Product 82,7,82.39,576.73
02-04-2025,SKU-072,Product 72,22,108.25,2381.5
28-05-2026,SKU-075,Product 75,36,13.71,493.56
09-01-2025,SKU-098,Product 98,5,5.2,26
18-07-2026,SKU-052,Product 52,23,79.76,1834.48
06-01-2026,SKU-047,Product 47,20,38.43,768.6
27-05-2025,SKU-019,Product 19,15,83.88,1258.2
09-11-2025,SKU-012,Product 12,23,112.29,2582.67
03-04-2025,SKU-015,Product 15,17,98.54,1675.18
21-12-2025,SKU-016,Product 16,36,128.07,4610.52
03-06-2026,SKU-083,Product 83,33,134.11,4425.63
16-03-2026,SKU-048,Product 48,9,18.02,162.18
13-02-2026,SKU-072,Product 72,6,108.25,649.5
17-09-2025,SKU-060,Product 60,30,70.14,2104.2
13-06-2026,SKU-017,Product 17,33,88.02,2904.66
09-07-2026,SKU-068,Product 68,15,65.88,988.2
03-06-2026,SKU-034,Product 34,18,133.9,2410.2
16-04-2026,SKU-069,Product 69,51,113.3,5778.3
20-07-2025,SKU-048,Product 48,2,18.02,36.04
02-06-2026,SKU-013,Product 13,55,106.67,5866.85
09-02-2026,SKU-068,Product 68,31,65.88,2042.28
02-10-2025,SKU-008,Product 8,31,38.61,1196.91
03-07-2026,SKU-089,Product 89,46,62.65,2881.9
01-04-2025,SKU-014,Product 14,1,51.74,51.74
27-07-2026,SKU-066,Product 66,47,50.43,2370.21
28-07-2026,SKU-012,Product 12,39,112.29,4379.31
17-07-2026,SKU-014,Product 14,19,51.74,983.06
07-08-2025,SKU-049,Product 49,10,6.44,64.4
25-07-2025,SKU-092,Product 92,10,131.65,1316.5
05-02-2026,SKU-036,Product 36,40,130.42,5216.8
22-06-2026,SKU-086,Product 86,7,117.55,822.85
08-09-2025,SKU-023,Product 23,27,129.88,3506.76
15-06-2026,SKU-036,Product 36,45,130.42,5868.9
19-08-2025,SKU-097,Product 97,13,45.27,588.51
09-02-2025,SKU-029,Product 29,7,43.36,303.52
31-05-2025,SKU-097,Product 97,14,45.27,633.78
11-01-2025,SKU-027,Product 27,9,15.58,140.22
23-02-2025,SKU-023,Product 23,12,129.88,1558.56
16-05-2026,SKU-050,Product 50,25,42.38,1059.5
29-03-2025,SKU-008,Product 8,21,38.61,810.81
23-06-2026,SKU-093,Product 93,22,41.04,902.88
14-07-2025,SKU-043,Product 43,12,124.39,1492.68
24-05-2025,SKU-082,Product 82,6,82.39,494.34
19-02-2026,SKU-084,Product 84,12,108.64,1303.68
30-04-2025,SKU-046,Product 46,3,105.52,316.56
17-06-2026,SKU-021,Product 21,30,71.49,2144.7
25-09-2025,SKU-071,Product 71,28,41.39,1158.92
08-07-2026,SKU-017,Product 17,34,88.02,2992.68
02-07-2026,SKU-058,Product 58,38,122.59,4658.42
19-12-2025,SKU-051,Product 51,11,104.22,1146.42
31-05-2025,SKU-050,Product 50,14,42.38,593.32
26-11-2025,SKU-071,Product 71,21,41.39,869.19
30-07-2025,SKU-054,Product 54,6,85.15,510.9
24-01-2026,SKU-063,Product 63,18,85.06,1531.08
21-09-2025,SKU-068,Product 68,16,65.88,1054.08
17-07-2026,SKU-075,Product 75,19,13.71,260.49
25-05-2026,SKU-052,Product 52,51,79.76,4067.76
02-03-2025,SKU-033,Product 33,7,53.43,374.01
31-01-2026,SKU-058,Product 58,15,122.59,1838.85
16-02-2026,SKU-043,Product 43,37,124.39,4602.43
20-03-2026,SKU-011,Product 11,33,77.13,2545.29
10-04-2026,SKU-004,Product 4,6,70.1,420.6
26-10-2025,SKU-041,Product 41,15,33.9,508.5
23-04-2025,SKU-002,Product 2,6,116.06,696.36
04-03-2026,SKU-058,Product 58,12,122.59,1471.08
18-03-2026,SKU-082,Product 82,42,82.39,3460.38
28-11-2025,SKU-094,Product 94,35,25.25,883.75
24-08-2025,SKU-030,Product 30,11,117.66,1294.26
10-10-2025,SKU-071,Product 71,32,41.39,1324.48
02-01-2026,SKU-028,Product 28,40,68.24,2729.6
27-03-2025,SKU-025,Product 25,15,126.63,1899.45
28-08-2025,SKU-066,Product 66,17,50.43,857.31
30-09-2025,SKU-012,Product 12,14,112.29,1572.06
04-06-2026,SKU-048,Product 48,22,18.02,396.44
20-05-2026,SKU-095,Product 95,14,77.08,1079.12
21-05-2025,SKU-053,Product 53,19,11.29,214.51
10-08-2025,SKU-008,Product 8,6,38.61,231.66
30-11-2025,SKU-066,Product 66,8,50.43,403.44
19-09-2025,SKU-096,Product 96,16,57.25,916
20-01-2026,SKU-087,Product 87,35,123.31,4315.85
25-03-2026,SKU-042,Product 42,13,42.29,549.77
16-01-2026,SKU-038,Product 38,20,30.86,617.2
07-05-2026,SKU-017,Product 17,31,88.02,2728.62
22-12-2025,SKU-014,Product 14,19,51.74,983.06
02-01-2026,SKU-038,Product 38,2,30.86,61.72
14-04-2025,SKU-055,Product 55,10,53.76,537.6
20-05-2025,SKU-031,Product 31,20,52.96,1059.2
30-04-2026,SKU-076,Product 76,17,5.46,92.82
08-06-2025,SKU-064,Product 64,1,117.63,117.63
10-04-2026,SKU-019,Product 19,40,83.88,3355.2
01-05-2026,SKU-085,Product 85,45,53.4,2403
26-01-2026,SKU-015,Product 15,45,98.54,4434.3
22-04-2026,SKU-094,Product 94,17,25.25,429.25
24-07-2025,SKU-058,Product 58,24,122.59,2942.16
16-11-2025,SKU-001,Product 1,31,133.59,4141.29
21-01-2025,SKU-078,Product 78,12,23.81,285.72
31-01-2025,SKU-030,Product 30,8,117.66,941.28
09-02-2026,SKU-045,Product 45,3,80.28,240.84
22-08-2025,SKU-062,Product 62,11,40.67,447.37
30-04-2026,SKU-049,Product 49,38,6.44,244.72
24-08-2025,SKU-032,Product 32,24,97.86,2348.64
18-03-2025,SKU-072,Product 72,13,108.25,1407.25
17-03-2025,SKU-026,Product 26,18,66.33,1193.94
14-05-2025,SKU-072,Product 72,20,108.25,2165
18-03-2026,SKU-075,Product 75,29,13.71,397.59
18-04-2026,SKU-076,Product 76,20,5.46,109.2
14-03-2026,SKU-100,Product 100,6,56.59,339.54
11-11-2025,SKU-053,Product 53,2,11.29,22.58
08-06-2025,SKU-082,Product 82,1,82.39,82.39
08-09-2025,SKU-020,Product 20,6,89.85,539.1
05-01-2025,SKU-087,Product 87,13,123.31,1603.03
22-04-2025,SKU-017,Product 17,3,88.02,264.06
20-05-2025,SKU-064,Product 64,12,117.63,1411.56
06-06-2026,SKU-029,Product 29,44,43.36,1907.84
07-03-2025,SKU-091,Product 91,9,12.64,113.76
11-04-2025,SKU-033,Product 33,3,53.43,160.29
19-06-2025,SKU-003,Product 3,16,70.92,1134.72
08-08-2025,SKU-041,Product 41,6,33.9,203.4
03-07-2026,SKU-095,Product 95,53,77.08,4085.24
04-10-2025,SKU-045,Product 45,14,80.28,1123.92
09-09-2025,SKU-095,Product 95,23,77.08,1772.84
31-10-2025,SKU-082,Product 82,12,82.39,988.68
03-05-2026,SKU-002,Product 2,3,116.06,348.18
05-08-2025,SKU-014,Product 14,25,51.74,1293.5
03-11-2025,SKU-064,Product 64,2,117.63,235.26
30-01-2026,SKU-008,Product 8,12,38.61,463.32
15-10-2025,SKU-061,Product 61,27,141.95,3832.65
18-08-2025,SKU-059,Product 59,17,143.98,2447.66
08-04-2026,SKU-043,Product 43,47,124.39,5846.33
19-06-2026,SKU-034,Product 34,3,133.9,401.7
01-01-2026,SKU-065,Product 65,31,29.77,922.87
08-06-2025,SKU-040,Product 40,25,20.93,523.25
04-05-2026,SKU-066,Product 66,42,50.43,2118.06
06-02-2025,SKU-098,Product 98,1,5.2,5.2
08-10-2025,SKU-034,Product 34,4,133.9,535.6
15-11-2025,SKU-081,Product 81,39,66.67,2600.13
23-03-2025,SKU-058,Product 58,5,122.59,612.95
15-02-2026,SKU-006,Product 6,25,16.92,423
19-02-2026,SKU-071,Product 71,15,41.39,620.85
02-07-2025,SKU-073,Product 73,19,120.54,2290.26
06-09-2025,SKU-017,Product 17,20,88.02,1760.4
23-01-2025,SKU-034,Product 34,10,133.9,1339
13-06-2026,SKU-013,Product 13,41,106.67,4373.47
20-04-2026,SKU-070,Product 70,13,38.61,501.93
22-02-2025,SKU-033,Product 33,1,53.43,53.43
15-03-2025,SKU-039,Product 39,13,9.81,127.53
16-04-2026,SKU-077,Product 77,3,62.14,186.42
29-05-2026,SKU-069,Product 69,3,113.3,339.9
09-06-2026,SKU-084,Product 84,26,108.64,2824.64
31-12-2025,SKU-017,Product 17,34,88.02,2992.68
29-12-2025,SKU-022,Product 22,8,59.25,474
13-06-2026,SKU-096,Product 96,3,57.25,171.75
11-10-2025,SKU-092,Product 92,24,131.65,3159.6
04-11-2025,SKU-002,Product 2,10,116.06,1160.6
30-04-2026,SKU-038,Product 38,7,30.86,216.02
23-05-2025,SKU-006,Product 6,26,16.92,439.92
27-06-2026,SKU-008,Product 8,57,38.61,2200.77
08-05-2026,SKU-073,Product 73,24,120.54,2892.96
12-04-2026,SKU-038,Product 38,41,30.86,1265.26
19-02-2025,SKU-027,Product 27,6,15.58,93.48
26-03-2026,SKU-052,Product 52,20,79.76,1595.2
19-04-2025,SKU-012,Product 12,18,112.29,2021.22
19-12-2025,SKU-044,Product 44,33,14.73,486.09
08-07-2025,SKU-042,Product 42,23,42.29,972.67
19-04-2026,SKU-016,Product 16,38,128.07,4866.66
20-10-2025,SKU-004,Product 4,12,70.1,841.2
12-10-2025,SKU-098,Product 98,24,5.2,124.8
11-06-2026,SKU-053,Product 53,44,11.29,496.76
07-12-2025,SKU-014,Product 14,13,51.74,672.62
17-03-2026,SKU-049,Product 49,19,6.44,122.36
23-02-2026,SKU-066,Product 66,31,50.43,1563.33
26-02-2025,SKU-023,Product 23,14,129.88,1818.32
29-08-2025,SKU-004,Product 4,17,70.1,1191.7
15-03-2026,SKU-083,Product 83,32,134.11,4291.52
30-07-2025,SKU-086,Product 86,8,117.55,940.4
18-01-2026,SKU-093,Product 93,44,41.04,1805.76
26-04-2025,SKU-009,Product 9,15,33.35,500.25
17-01-2026,SKU-028,Product 28,38,68.24,2593.12
10-09-2025,SKU-045,Product 45,34,80.28,2729.52
20-12-2025,SKU-020,Product 20,5,89.85,449.25
23-02-2026,SKU-042,Product 42,25,42.29,1057.25
18-06-2026,SKU-042,Product 42,45,42.29,1903.05
18-05-2026,SKU-099,Product 99,50,48.68,2434
28-01-2026,SKU-073,Product 73,45,120.54,5424.3
09-04-2026,SKU-020,Product 20,40,89.85,3594
15-11-2025,SKU-022,Product 22,10,59.25,592.5
09-12-2025,SKU-011,Product 11,30,77.13,2313.9
18-03-2026,SKU-011,Product 11,26,77.13,2005.38
09-12-2025,SKU-012,Product 12,36,112.29,4042.44
02-06-2025,SKU-018,Product 18,26,89.39,2324.14
30-04-2026,SKU-057,Product 57,49,27.94,1369.06
31-07-2025,SKU-019,Product 19,14,83.88,1174.32
09-04-2026,SKU-072,Product 72,30,108.25,3247.5
14-02-2026,SKU-086,Product 86,9,117.55,1057.95
09-03-2025,SKU-086,Product 86,16,117.55,1880.8
02-03-2025,SKU-042,Product 42,7,42.29,296.03
10-06-2025,SKU-086,Product 86,5,117.55,587.75
01-08-2025,SKU-053,Product 53,4,11.29,45.16
31-01-2026,SKU-095,Product 95,33,77.08,2543.64
06-01-2025,SKU-076,Product 76,4,5.46,21.84
13-07-2026,SKU-090,Product 90,31,41.98,1301.38
19-05-2025,SKU-067,Product 67,20,99.67,1993.4
15-03-2025,SKU-086,Product 86,20,117.55,2351
23-09-2025,SKU-090,Product 90,30,41.98,1259.4
02-06-2025,SKU-080,Product 80,21,14.32,300.72
19-06-2025,SKU-030,Product 30,1,117.66,117.66
22-12-2025,SKU-053,Product 53,42,11.29,474.18
15-01-2026,SKU-040,Product 40,20,20.93,418.6
15-05-2026,SKU-050,Product 50,21,42.38,889.98
13-06-2025,SKU-013,Product 13,12,106.67,1280.04
26-01-2025,SKU-054,Product 54,6,85.15,510.9
02-11-2025,SKU-010,Product 10,5,84.95,424.75
17-03-2026,SKU-089,Product 89,23,62.65,1440.95
03-01-2025,SKU-047,Product 47,10,38.43,384.3
17-09-2025,SKU-013,Product 13,7,106.67,746.69
22-06-2025,SKU-016,Product 16,20,128.07,2561.4
31-01-2026,SKU-064,Product 64,33,117.63,3881.79
25-05-2026,SKU-001,Product 1,3,133.59,400.77
29-08-2025,SKU-013,Product 13,13,106.67,1386.71
24-06-2026,SKU-076,Product 76,26,5.46,141.96
03-08-2025,SKU-067,Product 67,12,99.67,1196.04
24-04-2026,SKU-062,Product 62,52,40.67,2114.84
10-04-2026,SKU-085,Product 85,47,53.4,2509.8
11-04-2025,SKU-078,Product 78,22,23.81,523.82
15-07-2026,SKU-048,Product 48,39,18.02,702.78
18-03-2026,SKU-051,Product 51,46,104.22,4794.12
09-02-2025,SKU-098,Product 98,4,5.2,20.8
09-12-2025,SKU-076,Product 76,22,5.46,120.12
15-05-2025,SKU-017,Product 17,8,88.02,704.16
15-04-2025,SKU-046,Product 46,3,105.52,316.56
01-06-2026,SKU-044,Product 44,25,14.73,368.25
11-11-2025,SKU-098,Product 98,31,5.2,161.2
18-12-2025,SKU-018,Product 18,2,89.39,178.78
05-06-2025,SKU-026,Product 26,27,66.33,1790.91
04-06-2025,SKU-005,Product 5,27,112.77,3044.79
29-08-2025,SKU-089,Product 89,29,62.65,1816.85
02-01-2026,SKU-051,Product 51,17,104.22,1771.74
29-10-2025,SKU-001,Product 1,2,133.59,267.18
21-01-2026,SKU-099,Product 99,45,48.68,2190.6
28-01-2026,SKU-039,Product 39,9,9.81,88.29
17-02-2026,SKU-039,Product 39,18,9.81,176.58
22-04-2025,SKU-031,Product 31,22,52.96,1165.12
13-03-2026,SKU-016,Product 16,42,128.07,5378.94
07-12-2025,SKU-048,Product 48,13,18.02,234.26
26-04-2025,SKU-069,Product 69,19,113.3,2152.7
04-08-2025,SKU-011,Product 11,4,77.13,308.52
07-11-2025,SKU-075,Product 75,5,13.71,68.55
24-04-2025,SKU-078,Product 78,20,23.81,476.2
08-01-2026,SKU-034,Product 34,17,133.9,2276.3
13-06-2025,SKU-090,Product 90,24,41.98,1007.52
30-03-2026,SKU-006,Product 6,26,16.92,439.92
26-11-2025,SKU-083,Product 83,2,134.11,268.22
24-11-2025,SKU-060,Product 60,29,70.14,2034.06
08-06-2026,SKU-068,Product 68,14,65.88,922.32
30-06-2025,SKU-018,Product 18,17,89.39,1519.63
25-01-2025,SKU-006,Product 6,15,16.92,253.8
28-07-2025,SKU-086,Product 86,27,117.55,3173.85
17-04-2026,SKU-018,Product 18,3,89.39,268.17
24-03-2026,SKU-099,Product 99,49,48.68,2385.32
19-04-2025,SKU-016,Product 16,1,128.07,128.07
17-06-2025,SKU-019,Product 19,9,83.88,754.92
08-04-2026,SKU-074,Product 74,44,102.79,4522.76
06-05-2025,SKU-067,Product 67,24,99.67,2392.08
01-03-2026,SKU-027,Product 27,9,15.58,140.22
03-02-2026,SKU-031,Product 31,9,52.96,476.64
18-07-2025,SKU-030,Product 30,6,117.66,705.96
28-01-2025,SKU-041,Product 41,3,33.9,101.7
11-08-2025,SKU-011,Product 11,12,77.13,925.56
05-04-2026,SKU-028,Product 28,27,68.24,1842.48
09-08-2025,SKU-082,Product 82,23,82.39,1894.97
03-07-2026,SKU-086,Product 86,19,117.55,2233.45
14-10-2025,SKU-050,Product 50,19,42.38,805.22
03-04-2026,SKU-068,Product 68,47,65.88,3096.36
31-01-2026,SKU-039,Product 39,39,9.81,382.59
22-02-2025,SKU-043,Product 43,1,124.39,124.39
10-01-2025,SKU-073,Product 73,2,120.54,241.08
31-03-2026,SKU-031,Product 31,43,52.96,2277.28
22-06-2025,SKU-056,Product 56,15,140.51,2107.65
03-05-2025,SKU-099,Product 99,11,48.68,535.48
03-07-2026,SKU-058,Product 58,23,122.59,2819.57
27-04-2026,SKU-098,Product 98,3,5.2,15.6
05-03-2026,SKU-069,Product 69,29,113.3,3285.7
11-01-2026,SKU-060,Product 60,5,70.14,350.7
04-05-2026,SKU-079,Product 79,49,39.06,1913.94
28-02-2026,SKU-033,Product 33,25,53.43,1335.75
11-01-2026,SKU-093,Product 93,35,41.04,1436.4
23-02-2025,SKU-015,Product 15,1,98.54,98.54
30-04-2026,SKU-078,Product 78,42,23.81,1000.02
01-05-2025,SKU-076,Product 76,19,5.46,103.74
30-06-2025,SKU-026,Product 26,1,66.33,66.33
27-04-2026,SKU-002,Product 2,35,116.06,4062.1
04-08-2025,SKU-046,Product 46,12,105.52,1266.24
30-06-2026,SKU-056,Product 56,57,140.51,8009.07
13-04-2026,SKU-097,Product 97,30,45.27,1358.1
04-11-2025,SKU-004,Product 4,33,70.1,2313.3
14-02-2026,SKU-039,Product 39,25,9.81,245.25
12-12-2025,SKU-017,Product 17,33,88.02,2904.66
21-07-2026,SKU-085,Product 85,51,53.4,2723.4
18-01-2025,SKU-012,Product 12,3,112.29,336.87
22-01-2025,SKU-093,Product 93,12,41.04,492.48
22-12-2025,SKU-061,Product 61,39,141.95,5536.05
01-12-2025,SKU-094,Product 94,2,25.25,50.5
24-05-2026,SKU-092,Product 92,43,131.65,5660.95
10-04-2025,SKU-058,Product 58,12,122.59,1471.08
25-12-2025,SKU-004,Product 4,31,70.1,2173.1
14-04-2026,SKU-084,Product 84,37,108.64,4019.68
08-08-2025,SKU-084,Product 84,19,108.64,2064.16
01-05-2026,SKU-083,Product 83,24,134.11,3218.64
27-12-2025,SKU-049,Product 49,31,6.44,199.64
23-01-2026,SKU-001,Product 1,39,133.59,5210.01
13-05-2026,SKU-061,Product 61,3,141.95,425.85
21-03-2025,SKU-078,Product 78,2,23.81,47.62
11-06-2025,SKU-040,Product 40,14,20.93,293.02
02-01-2026,SKU-034,Product 34,37,133.9,4954.3
02-09-2025,SKU-092,Product 92,6,131.65,789.9
04-07-2025,SKU-019,Product 19,11,83.88,922.68
23-06-2026,SKU-024,Product 24,41,109.76,4500.16
30-10-2025,SKU-047,Product 47,7,38.43,269.01
14-11-2025,SKU-090,Product 90,29,41.98,1217.42
26-10-2025,SKU-064,Product 64,15,117.63,1764.45
27-08-2025,SKU-032,Product 32,13,97.86,1272.18
20-07-2026,SKU-053,Product 53,47,11.29,530.63
11-01-2026,SKU-068,Product 68,23,65.88,1515.24
22-08-2025,SKU-026,Product 26,6,66.33,397.98
24-02-2025,SKU-015,Product 15,19,98.54,1872.26
28-08-2025,SKU-034,Product 34,13,133.9,1740.7
28-07-2026,SKU-056,Product 56,11,140.51,1545.61
05-11-2025,SKU-087,Product 87,39,123.31,4809.09
01-05-2025,SKU-057,Product 57,3,27.94,83.82
28-01-2025,SKU-042,Product 42,15,42.29,634.35
15-08-2025,SKU-024,Product 24,21,109.76,2304.96
06-04-2025,SKU-027,Product 27,22,15.58,342.76
22-05-2025,SKU-080,Product 80,3,14.32,42.96
21-05-2026,SKU-057,Product 57,14,27.94,391.16
25-03-2025,SKU-051,Product 51,4,104.22,416.88
14-10-2025,SKU-010,Product 10,14,84.95,1189.3
31-12-2025,SKU-064,Product 64,20,117.63,2352.6
27-12-2025,SKU-039,Product 39,37,9.81,362.97
21-03-2025,SKU-047,Product 47,12,38.43,461.16
12-07-2026,SKU-072,Product 72,3,108.25,324.75
19-08-2025,SKU-047,Product 47,15,38.43,576.45
24-05-2026,SKU-026,Product 26,18,66.33,1193.94
01-01-2026,SKU-043,Product 43,2,124.39,248.78
18-05-2025,SKU-076,Product 76,6,5.46,32.76
15-08-2025,SKU-048,Product 48,8,18.02,144.16
04-06-2026,SKU-002,Product 2,40,116.06,4642.4
22-02-2025,SKU-086,Product 86,6,117.55,705.3
03-01-2025,SKU-015,Product 15,13,98.54,1281.02
29-03-2026,SKU-097,Product 97,50,45.27,2263.5
29-05-2025,SKU-054,Product 54,26,85.15,2213.9
21-05-2026,SKU-098,Product 98,29,5.2,150.8
10-07-2026,SKU-017,Product 17,23,88.02,2024.46
18-02-2026,SKU-063,Product 63,34,85.06,2892.04
23-07-2026,SKU-029,Product 29,55,43.36,2384.8
10-05-2026,SKU-058,Product 58,21,122.59,2574.39
19-07-2026,SKU-054,Product 54,19,85.15,1617.85
14-04-2026,SKU-020,Product 20,48,89.85,4312.8
09-06-2026,SKU-064,Product 64,33,117.63,3881.79
01-02-2025,SKU-071,Product 71,8,41.39,331.12
23-06-2026,SKU-058,Product 58,3,122.59,367.77
15-09-2025,SKU-048,Product 48,21,18.02,378.42
03-03-2026,SKU-016,Product 16,48,128.07,6147.36
14-04-2025,SKU-028,Product 28,15,68.24,1023.6
05-12-2025,SKU-077,Product 77,13,62.14,807.82
04-07-2026,SKU-088,Product 88,7,65.71,459.97
29-01-2026,SKU-058,Product 58,39,122.59,4781.01
11-02-2026,SKU-020,Product 20,24,89.85,2156.4
19-09-2025,SKU-032,Product 32,7,97.86,685.02
07-05-2025,SKU-056,Product 56,1,140.51,140.51
17-01-2026,SKU-020,Product 20,29,89.85,2605.65
14-06-2025,SKU-007,Product 7,25,81.18,2029.5
09-06-2025,SKU-058,Product 58,27,122.59,3309.93
30-01-2025,SKU-009,Product 9,17,33.35,566.95
20-04-2026,SKU-099,Product 99,51,48.68,2482.68
26-03-2025,SKU-052,Product 52,15,79.76,1196.4
02-02-2025,SKU-049,Product 49,6,6.44,38.64
16-01-2025,SKU-099,Product 99,1,48.68,48.68
24-12-2025,SKU-002,Product 2,25,116.06,2901.5
03-01-2025,SKU-047,Product 47,8,38.43,307.44
04-04-2026,SKU-061,Product 61,30,141.95,4258.5
26-05-2026,SKU-058,Product 58,32,122.59,3922.88
14-07-2025,SKU-044,Product 44,20,14.73,294.6
26-01-2025,SKU-084,Product 84,11,108.64,1195.04
06-10-2025,SKU-035,Product 35,29,42.05,1219.45
10-05-2026,SKU-008,Product 8,21,38.61,810.81
29-05-2026,SKU-010,Product 10,14,84.95,1189.3
23-01-2026,SKU-034,Product 34,21,133.9,2811.9
30-01-2026,SKU-087,Product 87,18,123.31,2219.58
28-02-2025,SKU-082,Product 82,13,82.39,1071.07
07-06-2025,SKU-051,Product 51,12,104.22,1250.64
12-10-2025,SKU-001,Product 1,19,133.59,2538.21
19-06-2026,SKU-060,Product 60,30,70.14,2104.2
01-05-2025,SKU-094,Product 94,6,25.25,151.5
14-07-2025,SKU-080,Product 80,30,14.32,429.6
31-07-2026,SKU-077,Product 77,31,62.14,1926.34
23-01-2026,SKU-053,Product 53,3,11.29,33.87
08-09-2025,SKU-092,Product 92,25,131.65,3291.25
05-10-2025,SKU-007,Product 7,36,81.18,2922.48
02-10-2025,SKU-070,Product 70,4,38.61,154.44
10-06-2026,SKU-053,Product 53,29,11.29,327.41
30-04-2026,SKU-011,Product 11,49,77.13,3779.37
02-02-2025,SKU-089,Product 89,16,62.65,1002.4
19-12-2025,SKU-072,Product 72,2,108.25,216.5
04-04-2025,SKU-058,Product 58,2,122.59,245.18
11-03-2026,SKU-015,Product 15,9,98.54,886.86
22-05-2025,SKU-045,Product 45,12,80.28,963.36
22-04-2026,SKU-074,Product 74,24,102.79,2466.96
11-06-2026,SKU-018,Product 18,52,89.39,4648.28
10-04-2025,SKU-010,Product 10,9,84.95,764.55
06-03-2026,SKU-038,Product 38,38,30.86,1172.68
16-05-2026,SKU-052,Product 52,43,79.76,3429.68
01-03-2026,SKU-020,Product 20,25,89.85,2246.25
27-12-2025,SKU-054,Product 54,5,85.15,425.75
14-11-2025,SKU-002,Product 2,21,116.06,2437.26
03-02-2026,SKU-054,Product 54,46,85.15,3916.9
03-01-2026,SKU-081,Product 81,29,66.67,1933.43
28-05-2026,SKU-079,Product 79,32,39.06,1249.92
09-08-2025,SKU-058,Product 58,32,122.59,3922.88
21-04-2026,SKU-011,Product 11,17,77.13,1311.21
30-01-2026,SKU-042,Product 42,3,42.29,126.87
15-02-2025,SKU-001,Product 1,7,133.59,935.13
19-07-2025,SKU-042,Product 42,30,42.29,1268.7
28-04-2025,SKU-023,Product 23,3,129.88,389.64
10-02-2026,SKU-036,Product 36,15,130.42,1956.3
01-08-2025,SKU-094,Product 94,4,25.25,101
24-03-2025,SKU-062,Product 62,19,40.67,772.73
24-05-2026,SKU-019,Product 19,7,83.88,587.16
12-02-2026,SKU-039,Product 39,31,9.81,304.11
28-10-2025,SKU-042,Product 42,12,42.29,507.48
20-02-2025,SKU-061,Product 61,1,141.95,141.95
06-03-2026,SKU-098,Product 98,29,5.2,150.8
15-03-2026,SKU-037,Product 37,45,83.51,3757.95
16-11-2025,SKU-017,Product 17,15,88.02,1320.3
28-08-2025,SKU-078,Product 78,31,23.81,738.11
11-07-2026,SKU-082,Product 82,50,82.39,4119.5
22-02-2026,SKU-086,Product 86,34,117.55,3996.7
17-01-2026,SKU-065,Product 65,44,29.77,1309.88
10-05-2025,SKU-029,Product 29,1,43.36,43.36
31-07-2025,SKU-017,Product 17,14,88.02,1232.28
08-10-2025,SKU-037,Product 37,17,83.51,1419.67
08-02-2026,SKU-025,Product 25,24,126.63,3039.12
07-01-2025,SKU-074,Product 74,13,102.79,1336.27
25-06-2026,SKU-031,Product 31,15,52.96,794.4
10-05-2026,SKU-006,Product 6,35,16.92,592.2
08-11-2025,SKU-002,Product 2,10,116.06,1160.6
01-03-2025,SKU-071,Product 71,14,41.39,579.46
26-05-2025,SKU-095,Product 95,14,77.08,1079.12
02-07-2026,SKU-062,Product 62,7,40.67,284.69
22-12-2025,SKU-073,Product 73,42,120.54,5062.68
26-06-2026,SKU-076,Product 76,22,5.46,120.12
15-09-2025,SKU-026,Product 26,14,66.33,928.62
08-02-2025,SKU-007,Product 7,7,81.18,568.26
01-12-2025,SKU-098,Product 98,35,5.2,182
17-05-2026,SKU-006,Product 6,50,16.92,846
25-02-2025,SKU-016,Product 16,16,128.07,2049.12
11-11-2025,SKU-078,Product 78,34,23.81,809.54
30-08-2025,SKU-021,Product 21,24,71.49,1715.76
28-01-2026,SKU-006,Product 6,36,16.92,609.12
05-03-2025,SKU-076,Product 76,10,5.46,54.6
13-05-2025,SKU-065,Product 65,6,29.77,178.62
26-06-2025,SKU-061,Product 61,5,141.95,709.75
13-05-2026,SKU-050,Product 50,10,42.38,423.8
22-03-2026,SKU-077,Product 77,3,62.14,186.42
02-02-2025,SKU-056,Product 56,9,140.51,1264.59
01-01-2026,SKU-100,Product 100,2,56.59,113.18
28-02-2026,SKU-068,Product 68,3,65.88,197.64
18-03-2025,SKU-079,Product 79,2,39.06,78.12
22-01-2026,SKU-042,Product 42,18,42.29,761.22
15-01-2025,SKU-059,Product 59,8,143.98,1151.84
30-05-2026,SKU-013,Product 13,11,106.67,1173.37
01-12-2025,SKU-052,Product 52,21,79.76,1674.96
03-03-2026,SKU-025,Product 25,45,126.63,5698.35
15-08-2025,SKU-047,Product 47,15,38.43,576.45
31-10-2025,SKU-070,Product 70,12,38.61,463.32
17-01-2026,SKU-006,Product 6,32,16.92,541.44
11-05-2025,SKU-022,Product 22,25,59.25,1481.25
19-10-2025,SKU-066,Product 66,25,50.43,1260.75
27-04-2025,SKU-015,Product 15,11,98.54,1083.94
11-06-2026,SKU-087,Product 87,18,123.31,2219.58
11-03-2025,SKU-060,Product 60,20,70.14,1402.8
03-11-2025,SKU-027,Product 27,2,15.58,31.16
10-02-2025,SKU-084,Product 84,4,108.64,434.56
06-05-2026,SKU-020,Product 20,14,89.85,1257.9
30-06-2026,SKU-085,Product 85,34,53.4,1815.6
03-03-2025,SKU-035,Product 35,18,42.05,756.9
19-08-2025,SKU-016,Product 16,10,128.07,1280.7
23-05-2025,SKU-036,Product 36,12,130.42,1565.04
14-05-2026,SKU-080,Product 80,35,14.32,501.2
11-07-2026,SKU-021,Product 21,27,71.49,1930.23
15-02-2026,SKU-062,Product 62,31,40.67,1260.77
18-04-2025,SKU-019,Product 19,4,83.88,335.52
27-05-2026,SKU-090,Product 90,29,41.98,1217.42
04-01-2025,SKU-060,Product 60,8,70.14,561.12
21-05-2025,SKU-072,Product 72,8,108.25,866
20-10-2025,SKU-036,Product 36,30,130.42,3912.6
06-10-2025,SKU-071,Product 71,2,41.39,82.78
26-06-2025,SKU-017,Product 17,22,88.02,1936.44
23-12-2025,SKU-081,Product 81,17,66.67,1133.39
21-07-2026,SKU-047,Product 47,23,38.43,883.89
12-06-2025,SKU-097,Product 97,23,45.27,1041.21
05-05-2025,SKU-045,Product 45,21,80.28,1685.88
02-07-2026,SKU-038,Product 38,57,30.86,1759.02
11-10-2025,SKU-094,Product 94,9,25.25,227.25
19-08-2025,SKU-082,Product 82,15,82.39,1235.85
16-04-2025,SKU-064,Product 64,7,117.63,823.41
10-05-2026,SKU-033,Product 33,46,53.43,2457.78
21-10-2025,SKU-015,Product 15,25,98.54,2463.5
09-07-2025,SKU-060,Product 60,5,70.14,350.7
12-04-2025,SKU-069,Product 69,6,113.3,679.8
13-01-2026,SKU-045,Product 45,2,80.28,160.56
23-02-2025,SKU-009,Product 9,10,33.35,333.5
21-11-2025,SKU-002,Product 2,18,116.06,2089.08
30-10-2025,SKU-047,Product 47,23,38.43,883.89
14-07-2025,SKU-017,Product 17,30,88.02,2640.6
04-05-2026,SKU-071,Product 71,38,41.39,1572.82
08-09-2025,SKU-093,Product 93,18,41.04,738.72
14-05-2026,SKU-075,Product 75,3,13.71,41.13
03-11-2025,SKU-087,Product 87,31,123.31,3822.61
29-07-2026,SKU-094,Product 94,43,25.25,1085.75
17-06-2025,SKU-038,Product 38,7,30.86,216.02
12-07-2025,SKU-036,Product 36,7,130.42,912.94
26-06-2026,SKU-093,Product 93,15,41.04,615.6
24-05-2025,SKU-051,Product 51,10,104.22,1042.2
03-04-2025,SKU-051,Product 51,7,104.22,729.54
09-09-2025,SKU-056,Product 56,11,140.51,1545.61
17-04-2026,SKU-008,Product 8,37,38.61,1428.57
19-08-2025,SKU-027,Product 27,6,15.58,93.48
28-05-2026,SKU-095,Product 95,10,77.08,770.8
10-10-2025,SKU-055,Product 55,32,53.76,1720.32
24-09-2025,SKU-010,Product 10,21,84.95,1783.95
28-07-2025,SKU-045,Product 45,18,80.28,1445.04
08-01-2026,SKU-058,Product 58,38,122.59,4658.42
11-01-2026,SKU-020,Product 20,29,89.85,2605.65
02-01-2025,SKU-049,Product 49,15,6.44,96.6
21-12-2025,SKU-030,Product 30,25,117.66,2941.5
21-07-2026,SKU-050,Product 50,43,42.38,1822.34
02-06-2025,SKU-021,Product 21,21,71.49,1501.29
24-10-2025,SKU-067,Product 67,2,99.67,199.34
28-05-2026,SKU-100,Product 100,25,56.59,1414.75
22-03-2025,SKU-093,Product 93,14,41.04,574.56
04-07-2026,SKU-034,Product 34,23,133.9,3079.7
19-08-2025,SKU-044,Product 44,4,14.73,58.92
26-06-2026,SKU-077,Product 77,11,62.14,683.54
22-02-2025,SKU-099,Product 99,3,48.68,146.04
30-12-2025,SKU-084,Product 84,25,108.64,2716
13-08-2025,SKU-080,Product 80,32,14.32,458.24
12-07-2026,SKU-037,Product 37,46,83.51,3841.46
09-05-2026,SKU-075,Product 75,10,13.71,137.1
21-05-2025,SKU-027,Product 27,5,15.58,77.9
14-05-2026,SKU-002,Product 2,46,116.06,5338.76
28-03-2026,SKU-034,Product 34,20,133.9,2678
14-01-2026,SKU-034,Product 34,35,133.9,4686.5
21-04-2025,SKU-056,Product 56,12,140.51,1686.12
02-10-2025,SKU-034,Product 34,36,133.9,4820.4
20-07-2026,SKU-065,Product 65,7,29.77,208.39
05-07-2025,SKU-012,Product 12,23,112.29,2582.67
20-05-2025,SKU-027,Product 27,13,15.58,202.54
13-09-2025,SKU-017,Product 17,27,88.02,2376.54
08-09-2025,SKU-059,Product 59,27,143.98,3887.46
09-02-2026,SKU-021,Product 21,37,71.49,2645.13
05-02-2025,SKU-035,Product 35,7,42.05,294.35
03-01-2026,SKU-036,Product 36,8,130.42,1043.36
03-01-2025,SKU-095,Product 95,13,77.08,1002.04
04-11-2025,SKU-018,Product 18,20,89.39,1787.8
14-03-2026,SKU-076,Product 76,42,5.46,229.32
11-06-2025,SKU-093,Product 93,27,41.04,1108.08
11-03-2025,SKU-076,Product 76,14,5.46,76.44
10-05-2026,SKU-067,Product 67,14,99.67,1395.38
01-06-2025,SKU-063,Product 63,10,85.06,850.6
26-09-2025,SKU-069,Product 69,33,113.3,3738.9
11-09-2025,SKU-046,Product 46,13,105.52,1371.76
30-05-2025,SKU-096,Product 96,8,57.25,458
23-02-2026,SKU-020,Product 20,9,89.85,808.65
14-02-2025,SKU-043,Product 43,8,124.39,995.12
10-03-2026,SKU-084,Product 84,6,108.64,651.84
05-01-2026,SKU-062,Product 62,8,40.67,325.36
27-02-2026,SKU-032,Product 32,12,97.86,1174.32
08-07-2025,SKU-022,Product 22,3,59.25,177.75
05-07-2026,SKU-048,Product 48,30,18.02,540.6
10-03-2026,SKU-004,Product 4,39,70.1,2733.9
07-02-2026,SKU-056,Product 56,15,140.51,2107.65
15-11-2025,SKU-087,Product 87,29,123.31,3575.99
07-02-2026,SKU-087,Product 87,6,123.31,739.86
09-05-2025,SKU-040,Product 40,23,20.93,481.39
09-09-2025,SKU-094,Product 94,6,25.25,151.5
02-03-2025,SKU-003,Product 3,19,70.92,1347.48
05-02-2026,SKU-016,Product 16,40,128.07,5122.8
20-05-2026,SKU-001,Product 1,18,133.59,2404.62
20-03-2026,SKU-048,Product 48,26,18.02,468.52
13-02-2026,SKU-021,Product 21,3,71.49,214.47
19-04-2026,SKU-077,Product 77,27,62.14,1677.78
28-05-2026,SKU-037,Product 37,14,83.51,1169.14
05-01-2026,SKU-038,Product 38,11,30.86,339.46
27-05-2025,SKU-042,Product 42,8,42.29,338.32
16-05-2026,SKU-021,Product 21,43,71.49,3074.07
14-10-2025,SKU-051,Product 51,37,104.22,3856.14
07-07-2025,SKU-075,Product 75,13,13.71,178.23
15-04-2026,SKU-002,Product 2,34,116.06,3946.04
28-03-2026,SKU-082,Product 82,50,82.39,4119.5
21-04-2026,SKU-081,Product 81,3,66.67,200.01
01-10-2025,SKU-086,Product 86,19,117.55,2233.45
15-06-2025,SKU-050,Product 50,1,42.38,42.38
25-01-2025,SKU-068,Product 68,3,65.88,197.64
19-06-2025,SKU-010,Product 10,9,84.95,764.55
30-05-2025,SKU-074,Product 74,19,102.79,1953.01
03-07-2026,SKU-062,Product 62,3,40.67,122.01
24-06-2025,SKU-085,Product 85,17,53.4,907.8
07-06-2025,SKU-042,Product 42,3,42.29,126.87
24-06-2025,SKU-083,Product 83,9,134.11,1206.99
07-09-2025,SKU-085,Product 85,6,53.4,320.4
21-07-2026,SKU-089,Product 89,23,62.65,1440.95
26-03-2025,SKU-010,Product 10,21,84.95,1783.95
21-12-2025,SKU-070,Product 70,34,38.61,1312.74
23-06-2026,SKU-074,Product 74,34,102.79,3494.86
19-01-2025,SKU-031,Product 31,6,52.96,317.76
01-06-2026,SKU-067,Product 67,22,99.67,2192.74
10-07-2025,SKU-019,Product 19,23,83.88,1929.24
01-05-2025,SKU-034,Product 34,16,133.9,2142.4
13-02-2025,SKU-088,Product 88,13,65.71,854.23
10-04-2025,SKU-020,Product 20,9,89.85,808.65
10-03-2025,SKU-081,Product 81,16,66.67,1066.72
08-12-2025,SKU-088,Product 88,5,65.71,328.55
24-01-2026,SKU-092,Product 92,27,131.65,3554.55
09-12-2025,SKU-010,Product 10,13,84.95,1104.35
20-03-2025,SKU-086,Product 86,19,117.55,2233.45
21-11-2025,SKU-063,Product 63,2,85.06,170.12
15-01-2026,SKU-022,Product 22,8,59.25,474
16-01-2025,SKU-066,Product 66,14,50.43,706.02
30-11-2025,SKU-054,Product 54,10,85.15,851.5
01-02-2025,SKU-081,Product 81,2,66.67,133.34
27-04-2025,SKU-041,Product 41,19,33.9,644.1
17-01-2025,SKU-074,Product 74,5,102.79,513.95
05-02-2025,SKU-014,Product 14,14,51.74,724.36
01-12-2025,SKU-024,Product 24,16,109.76,1756.16
13-10-2025,SKU-095,Product 95,34,77.08,2620.72
03-12-2025,SKU-065,Product 65,5,29.77,148.85
04-01-2025,SKU-089,Product 89,9,62.65,563.85
27-01-2025,SKU-032,Product 32,9,97.86,880.74
15-07-2025,SKU-059,Product 59,24,143.98,3455.52
04-05-2025,SKU-090,Product 90,9,41.98,377.82
23-03-2026,SKU-035,Product 35,9,42.05,378.45
16-04-2025,SKU-047,Product 47,13,38.43,499.59
19-04-2026,SKU-030,Product 30,6,117.66,705.96
30-05-2026,SKU-065,Product 65,29,29.77,863.33
27-09-2025,SKU-008,Product 8,2,38.61,77.22
21-08-2025,SKU-077,Product 77,15,62.14,932.1
10-03-2026,SKU-079,Product 79,26,39.06,1015.56
23-08-2025,SKU-004,Product 4,33,70.1,2313.3
13-04-2026,SKU-067,Product 67,44,99.67,4385.48
26-01-2025,SKU-034,Product 34,12,133.9,1606.8
25-12-2025,SKU-063,Product 63,37,85.06,3147.22
30-06-2025,SKU-095,Product 95,29,77.08,2235.32
03-06-2026,SKU-002,Product 2,51,116.06,5919.06
20-09-2025,SKU-088,Product 88,30,65.71,1971.3
10-06-2026,SKU-007,Product 7,48,81.18,3896.64
03-01-2025,SKU-005,Product 5,1,112.77,112.77
10-08-2025,SKU-091,Product 91,23,12.64,290.72
30-06-2025,SKU-014,Product 14,9,51.74,465.66
25-09-2025,SKU-095,Product 95,28,77.08,2158.24
05-05-2025,SKU-048,Product 48,23,18.02,414.46
09-11-2025,SKU-045,Product 45,36,80.28,2890.08
19-03-2026,SKU-092,Product 92,19,131.65,2501.35
23-07-2025,SKU-043,Product 43,8,124.39,995.12
08-05-2026,SKU-017,Product 17,7,88.02,616.14
04-02-2025,SKU-003,Product 3,5,70.92,354.6
28-07-2026,SKU-060,Product 60,47,70.14,3296.58
17-01-2025,SKU-060,Product 60,7,70.14,490.98
23-01-2026,SKU-009,Product 9,42,33.35,1400.7
14-08-2025,SKU-018,Product 18,4,89.39,357.56
25-06-2026,SKU-049,Product 49,19,6.44,122.36
13-02-2025,SKU-074,Product 74,18,102.79,1850.22
30-01-2026,SKU-084,Product 84,21,108.64,2281.44
28-05-2025,SKU-026,Product 26,8,66.33,530.64
04-11-2025,SKU-048,Product 48,15,18.02,270.3
17-01-2025,SKU-001,Product 1,14,133.59,1870.26
30-11-2025,SKU-030,Product 30,32,117.66,3765.12
26-05-2026,SKU-076,Product 76,54,5.46,294.84
29-04-2026,SKU-058,Product 58,14,122.59,1716.26
13-05-2025,SKU-054,Product 54,1,85.15,85.15
20-05-2026,SKU-086,Product 86,32,117.55,3761.6
27-07-2025,SKU-063,Product 63,4,85.06,340.24
10-01-2026,SKU-002,Product 2,29,116.06,3365.74
26-05-2026,SKU-066,Product 66,43,50.43,2168.49
04-01-2025,SKU-055,Product 55,3,53.76,161.28
27-03-2025,SKU-060,Product 60,20,70.14,1402.8
11-07-2025,SKU-070,Product 70,25,38.61,965.25
05-05-2025,SKU-093,Product 93,8,41.04,328.32
03-04-2025,SKU-019,Product 19,17,83.88,1425.96
24-08-2025,SKU-095,Product 95,2,77.08,154.16
04-03-2026,SKU-094,Product 94,48,25.25,1212
07-11-2025,SKU-062,Product 62,36,40.67,1464.12
27-04-2025,SKU-028,Product 28,12,68.24,818.88
17-06-2025,SKU-045,Product 45,22,80.28,1766.16
05-03-2025,SKU-074,Product 74,11,102.79,1130.69
20-12-2025,SKU-055,Product 55,42,53.76,2257.92
29-06-2026,SKU-099,Product 99,30,48.68,1460.4
19-08-2025,SKU-094,Product 94,32,25.25,808
02-06-2026,SKU-073,Product 73,25,120.54,3013.5
22-05-2026,SKU-074,Product 74,7,102.79,719.53
20-08-2025,SKU-010,Product 10,11,84.95,934.45
05-11-2025,SKU-089,Product 89,23,62.65,1440.95
29-10-2025,SKU-002,Product 2,35,116.06,4062.1
11-11-2025,SKU-080,Product 80,21,14.32,300.72
26-04-2026,SKU-020,Product 20,17,89.85,1527.45
14-08-2025,SKU-076,Product 76,6,5.46,32.76
20-02-2025,SKU-011,Product 11,5,77.13,385.65
26-01-2025,SKU-032,Product 32,13,97.86,1272.18
16-04-2025,SKU-069,Product 69,12,113.3,1359.6
25-08-2025,SKU-090,Product 90,2,41.98,83.96
15-12-2025,SKU-037,Product 37,5,83.51,417.55
07-10-2025,SKU-091,Product 91,12,12.64,151.68
21-07-2026,SKU-003,Product 3,23,70.92,1631.16
15-04-2025,SKU-023,Product 23,16,129.88,2078.08
28-11-2025,SKU-093,Product 93,21,41.04,861.84
25-01-2026,SKU-036,Product 36,6,130.42,782.52
03-04-2026,SKU-094,Product 94,40,25.25,1010
07-03-2026,SKU-044,Product 44,38,14.73,559.74
03-11-2025,SKU-012,Product 12,33,112.29,3705.57
28-03-2025,SKU-060,Product 60,14,70.14,981.96
01-04-2026,SKU-045,Product 45,10,80.28,802.8
28-05-2025,SKU-026,Product 26,24,66.33,1591.92
11-02-2025,SKU-085,Product 85,12,53.4,640.8
08-05-2026,SKU-025,Product 25,49,126.63,6204.87
26-05-2025,SKU-088,Product 88,3,65.71,197.13
28-11-2025,SKU-063,Product 63,40,85.06,3402.4
11-01-2025,SKU-005,Product 5,4,112.77,451.08
18-06-2025,SKU-063,Product 63,26,85.06,2211.56
21-12-2025,SKU-074,Product 74,36,102.79,3700.44
22-09-2025,SKU-014,Product 14,16,51.74,827.84
06-05-2025,SKU-052,Product 52,6,79.76,478.56
04-07-2025,SKU-085,Product 85,29,53.4,1548.6
16-08-2025,SKU-073,Product 73,19,120.54,2290.26
01-06-2025,SKU-099,Product 99,5,48.68,243.4
14-12-2025,SKU-094,Product 94,39,25.25,984.75
10-11-2025,SKU-013,Product 13,2,106.67,213.34
05-09-2025,SKU-100,Product 100,31,56.59,1754.29
11-06-2026,SKU-065,Product 65,29,29.77,863.33
05-11-2025,SKU-096,Product 96,18,57.25,1030.5
11-01-2026,SKU-001,Product 1,11,133.59,1469.49
30-10-2025,SKU-035,Product 35,28,42.05,1177.4
30-01-2025,SKU-046,Product 46,16,105.52,1688.32
04-05-2025,SKU-088,Product 88,18,65.71,1182.78
11-02-2025,SKU-100,Product 100,15,56.59,848.85
06-07-2025,SKU-083,Product 83,15,134.11,2011.65
21-05-2026,SKU-069,Product 69,29,113.3,3285.7
05-03-2026,SKU-015,Product 15,48,98.54,4729.92
12-05-2026,SKU-018,Product 18,50,89.39,4469.5
13-05-2026,SKU-047,Product 47,46,38.43,1767.78
24-05-2025,SKU-046,Product 46,13,105.52,1371.76
25-07-2025,SKU-031,Product 31,10,52.96,529.6
17-08-2025,SKU-039,Product 39,17,9.81,166.77
17-05-2026,SKU-011,Product 11,36,77.13,2776.68
15-03-2025,SKU-075,Product 75,6,13.71,82.26
17-10-2025,SKU-030,Product 30,27,117.66,3176.82
12-06-2025,SKU-098,Product 98,18,5.2,93.6
15-12-2025,SKU-043,Product 43,11,124.39,1368.29
29-10-2025,SKU-073,Product 73,23,120.54,2772.42
31-08-2025,SKU-100,Product 100,33,56.59,1867.47
15-05-2026,SKU-074,Product 74,25,102.79,2569.75
05-02-2025,SKU-041,Product 41,13,33.9,440.7
21-04-2026,SKU-033,Product 33,52,53.43,2778.36
27-11-2025,SKU-071,Product 71,27,41.39,1117.53
24-09-2025,SKU-074,Product 74,28,102.79,2878.12
30-10-2025,SKU-096,Product 96,20,57.25,1145
14-02-2025,SKU-087,Product 87,12,123.31,1479.72
04-11-2025,SKU-005,Product 5,10,112.77,1127.7
09-10-2025,SKU-076,Product 76,7,5.46,38.22
08-04-2026,SKU-035,Product 35,3,42.05,126.15
06-04-2025,SKU-012,Product 12,5,112.29,561.45
27-04-2026,SKU-052,Product 52,3,79.76,239.28
07-07-2025,SKU-067,Product 67,15,99.67,1495.05
06-04-2025,SKU-057,Product 57,8,27.94,223.52
26-04-2025,SKU-028,Product 28,4,68.24,272.96
22-12-2025,SKU-091,Product 91,14,12.64,176.96
24-01-2025,SKU-005,Product 5,13,112.77,1466.01
25-09-2025,SKU-072,Product 72,23,108.25,2489.75
15-03-2026,SKU-025,Product 25,19,126.63,2405.97
18-09-2025,SKU-075,Product 75,23,13.71,315.33
08-05-2025,SKU-077,Product 77,9,62.14,559.26
20-03-2026,SKU-058,Product 58,42,122.59,5148.78
06-02-2026,SKU-001,Product 1,43,133.59,5744.37
28-11-2025,SKU-074,Product 74,21,102.79,2158.59
22-02-2025,SKU-035,Product 35,19,42.05,798.95
23-04-2026,SKU-010,Product 10,3,84.95,254.85
11-07-2026,SKU-009,Product 9,58,33.35,1934.3
18-09-2025,SKU-003,Product 3,28,70.92,1985.76
06-03-2025,SKU-007,Product 7,17,81.18,1380.06
22-02-2025,SKU-031,Product 31,10,52.96,529.6
28-05-2025,SKU-038,Product 38,14,30.86,432.04
05-10-2025,SKU-001,Product 1,2,133.59,267.18
08-02-2025,SKU-022,Product 22,13,59.25,770.25
25-06-2026,SKU-090,Product 90,15,41.98,629.7
18-02-2025,SKU-051,Product 51,13,104.22,1354.86
27-10-2025,SKU-013,Product 13,20,106.67,2133.4
17-03-2026,SKU-094,Product 94,16,25.25,404
26-08-2025,SKU-092,Product 92,2,131.65,263.3
09-04-2026,SKU-032,Product 32,30,97.86,2935.8
27-04-2026,SKU-060,Product 60,38,70.14,2665.32
01-02-2026,SKU-038,Product 38,33,30.86,1018.38
24-04-2026,SKU-021,Product 21,38,71.49,2716.62
21-07-2026,SKU-088,Product 88,59,65.71,3876.89
31-05-2026,SKU-004,Product 4,51,70.1,3575.1
18-04-2026,SKU-046,Product 46,41,105.52,4326.32
10-05-2025,SKU-082,Product 82,18,82.39,1483.02
11-04-2026,SKU-045,Product 45,44,80.28,3532.32
01-05-2025,SKU-009,Product 9,11,33.35,366.85
09-06-2026,SKU-035,Product 35,37,42.05,1555.85
26-06-2026,SKU-061,Product 61,45,141.95,6387.75
02-01-2026,SKU-083,Product 83,8,134.11,1072.88
03-03-2026,SKU-020,Product 20,19,89.85,1707.15
23-03-2025,SKU-058,Product 58,7,122.59,858.13
27-03-2026,SKU-060,Product 60,36,70.14,2525.04
25-02-2025,SKU-028,Product 28,9,68.24,614.16
04-05-2026,SKU-051,Product 51,42,104.22,4377.24
10-03-2026,SKU-025,Product 25,39,126.63,4938.57
10-01-2025,SKU-098,Product 98,8,5.2,41.6
16-12-2025,SKU-032,Product 32,22,97.86,2152.92
23-08-2025,SKU-056,Product 56,17,140.51,2388.67
22-02-2025,SKU-003,Product 3,8,70.92,567.36
10-07-2025,SKU-038,Product 38,19,30.86,586.34
02-12-2025,SKU-016,Product 16,38,128.07,4866.66
26-02-2025,SKU-066,Product 66,18,50.43,907.74
04-05-2025,SKU-096,Product 96,1,57.25,57.25
29-06-2025,SKU-060,Product 60,1,70.14,70.14
26-01-2025,SKU-018,Product 18,3,89.39,268.17
14-04-2025,SKU-028,Product 28,13,68.24,887.12
20-06-2026,SKU-025,Product 25,52,126.63,6584.76
10-01-2026,SKU-097,Product 97,26,45.27,1177.02
11-05-2025,SKU-068,Product 68,16,65.88,1054.08
17-04-2025,SKU-019,Product 19,21,83.88,1761.48
31-03-2026,SKU-024,Product 24,36,109.76,3951.36
12-10-2025,SKU-023,Product 23,12,129.88,1558.56
12-05-2026,SKU-055,Product 55,35,53.76,1881.6
27-02-2025,SKU-017,Product 17,16,88.02,1408.32
09-01-2026,SKU-097,Product 97,11,45.27,497.97
23-09-2025,SKU-084,Product 84,4,108.64,434.56
10-08-2025,SKU-056,Product 56,23,140.51,3231.73
27-02-2026,SKU-020,Product 20,9,89.85,808.65
24-02-2026,SKU-025,Product 25,19,126.63,2405.97
26-04-2025,SKU-093,Product 93,20,41.04,820.8
23-05-2026,SKU-079,Product 79,39,39.06,1523.34
10-04-2026,SKU-097,Product 97,6,45.27,271.62
13-06-2026,SKU-094,Product 94,22,25.25,555.5
17-03-2026,SKU-014,Product 14,6,51.74,310.44
13-02-2026,SKU-068,Product 68,24,65.88,1581.12
05-02-2026,SKU-015,Product 15,30,98.54,2956.2
13-11-2025,SKU-037,Product 37,31,83.51,2588.81
23-02-2026,SKU-016,Product 16,34,128.07,4354.38
10-07-2026,SKU-037,Product 37,34,83.51,2839.34
08-05-2025,SKU-042,Product 42,16,42.29,676.64
03-01-2026,SKU-057,Product 57,5,27.94,139.7
08-11-2025,SKU-039,Product 39,5,9.81,49.05
05-02-2026,SKU-015,Product 15,40,98.54,3941.6
05-01-2025,SKU-096,Product 96,1,57.25,57.25
04-12-2025,SKU-077,Product 77,33,62.14,2050.62
09-10-2025,SKU-080,Product 80,14,14.32,200.48
04-07-2026,SKU-008,Product 8,3,38.61,115.83
30-07-2026,SKU-002,Product 2,27,116.06,3133.62
05-01-2026,SKU-063,Product 63,5,85.06,425.3
07-06-2025,SKU-035,Product 35,16,42.05,672.8
12-06-2026,SKU-064,Product 64,48,117.63,5646.24
16-02-2025,SKU-071,Product 71,1,41.39,41.39
27-05-2025,SKU-058,Product 58,15,122.59,1838.85
13-03-2025,SKU-089,Product 89,8,62.65,501.2
06-07-2025,SKU-069,Product 69,9,113.3,1019.7
03-07-2025,SKU-086,Product 86,19,117.55,2233.45
09-06-2026,SKU-024,Product 24,48,109.76,5268.48
18-04-2026,SKU-005,Product 5,41,112.77,4623.57
12-06-2025,SKU-047,Product 47,25,38.43,960.75
27-07-2026,SKU-014,Product 14,19,51.74,983.06
03-06-2025,SKU-025,Product 25,12,126.63,1519.56
20-06-2025,SKU-002,Product 2,22,116.06,2553.32
08-07-2026,SKU-033,Product 33,7,53.43,374.01
11-03-2026,SKU-051,Product 51,32,104.22,3335.04
01-09-2025,SKU-072,Product 72,22,108.25,2381.5
19-06-2025,SKU-044,Product 44,18,14.73,265.14
27-06-2026,SKU-084,Product 84,15,108.64,1629.6
17-04-2026,SKU-033,Product 33,51,53.43,2724.93
25-06-2026,SKU-065,Product 65,45,29.77,1339.65
20-08-2025,SKU-010,Product 10,15,84.95,1274.25
05-02-2026,SKU-032,Product 32,18,97.86,1761.48
18-11-2025,SKU-083,Product 83,8,134.11,1072.88
22-04-2025,SKU-048,Product 48,3,18.02,54.06
18-03-2025,SKU-085,Product 85,13,53.4,694.2
26-06-2025,SKU-090,Product 90,28,41.98,1175.44
29-04-2025,SKU-001,Product 1,16,133.59,2137.44
11-06-2026,SKU-043,Product 43,52,124.39,6468.28
14-03-2025,SKU-044,Product 44,9,14.73,132.57
16-08-2025,SKU-044,Product 44,4,14.73,58.92
05-12-2025,SKU-067,Product 67,35,99.67,3488.45
09-10-2025,SKU-031,Product 31,4,52.96,211.84
25-10-2025,SKU-030,Product 30,33,117.66,3882.78
17-05-2025,SKU-062,Product 62,23,40.67,935.41
14-01-2025,SKU-053,Product 53,14,11.29,158.06
03-07-2025,SKU-009,Product 9,1,33.35,33.35
09-02-2026,SKU-056,Product 56,40,140.51,5620.4
22-05-2025,SKU-086,Product 86,15,117.55,1763.25
04-04-2025,SKU-039,Product 39,17,9.81,166.77
07-09-2025,SKU-055,Product 55,27,53.76,1451.52
25-02-2025,SKU-050,Product 50,14,42.38,593.32
08-12-2025,SKU-094,Product 94,24,25.25,606
13-10-2025,SKU-070,Product 70,24,38.61,926.64
14-12-2025,SKU-042,Product 42,16,42.29,676.64
09-12-2025,SKU-098,Product 98,8,5.2,41.6
17-03-2025,SKU-007,Product 7,4,81.18,324.72
28-04-2025,SKU-081,Product 81,22,66.67,1466.74
03-01-2026,SKU-077,Product 77,17,62.14,1056.38
05-09-2025,SKU-018,Product 18,22,89.39,1966.58
05-06-2025,SKU-076,Product 76,19,5.46,103.74
08-01-2026,SKU-049,Product 49,8,6.44,51.52
26-11-2025,SKU-098,Product 98,21,5.2,109.2
17-10-2025,SKU-010,Product 10,10,84.95,849.5
15-08-2025,SKU-053,Product 53,32,11.29,361.28
17-04-2026,SKU-050,Product 50,37,42.38,1568.06
22-04-2025,SKU-037,Product 37,9,83.51,751.59
19-12-2025,SKU-056,Product 56,11,140.51,1545.61
18-06-2026,SKU-097,Product 97,26,45.27,1177.02
27-05-2025,SKU-003,Product 3,15,70.92,1063.8
17-07-2026,SKU-019,Product 19,54,83.88,4529.52
16-10-2025,SKU-017,Product 17,29,88.02,2552.58
29-01-2026,SKU-065,Product 65,27,29.77,803.79
24-05-2026,SKU-005,Product 5,54,112.77,6089.58
27-04-2025,SKU-039,Product 39,11,9.81,107.91
08-04-2026,SKU-018,Product 18,13,89.39,1162.07
08-01-2026,SKU-061,Product 61,8,141.95,1135.6
19-11-2025,SKU-007,Product 7,16,81.18,1298.88
29-07-2025,SKU-002,Product 2,18,116.06,2089.08
01-07-2025,SKU-034,Product 34,25,133.9,3347.5
10-06-2026,SKU-019,Product 19,7,83.88,587.16
19-07-2025,SKU-005,Product 5,26,112.77,2932.02
03-07-2025,SKU-023,Product 23,13,129.88,1688.44
26-08-2025,SKU-087,Product 87,33,123.31,4069.23
23-05-2026,SKU-018,Product 18,36,89.39,3218.04
20-07-2025,SKU-036,Product 36,12,130.42,1565.04
19-01-2025,SKU-048,Product 48,16,18.02,288.32
26-11-2025,SKU-033,Product 33,32,53.43,1709.76
05-07-2026,SKU-036,Product 36,15,130.42,1956.3
19-02-2025,SKU-016,Product 16,17,128.07,2177.19
15-12-2025,SKU-058,Product 58,2,122.59,245.18
20-12-2025,SKU-027,Product 27,28,15.58,436.24
16-04-2025,SKU-014,Product 14,4,51.74,206.96
26-06-2025,SKU-084,Product 84,1,108.64,108.64
15-11-2025,SKU-005,Product 5,26,112.77,2932.02
25-01-2025,SKU-094,Product 94,12,25.25,303
08-02-2026,SKU-001,Product 1,37,133.59,4942.83
24-05-2026,SKU-094,Product 94,50,25.25,1262.5
13-01-2026,SKU-095,Product 95,26,77.08,2004.08
30-07-2026,SKU-038,Product 38,23,30.86,709.78
01-02-2026,SKU-027,Product 27,36,15.58,560.88
20-05-2026,SKU-011,Product 11,36,77.13,2776.68
28-03-2026,SKU-003,Product 3,10,70.92,709.2
14-07-2026,SKU-035,Product 35,15,42.05,630.75
01-03-2026,SKU-071,Product 71,44,41.39,1821.16
12-03-2026,SKU-044,Product 44,3,14.73,44.19
14-06-2026,SKU-008,Product 8,18,38.61,694.98
17-12-2025,SKU-061,Product 61,8,141.95,1135.6
01-08-2025,SKU-011,Product 11,18,77.13,1388.34
13-01-2026,SKU-082,Product 82,35,82.39,2883.65
08-04-2025,SKU-078,Product 78,19,23.81,452.39
20-11-2025,SKU-017,Product 17,8,88.02,704.16
02-07-2025,SKU-041,Product 41,3,33.9,101.7
25-01-2025,SKU-085,Product 85,4,53.4,213.6
27-10-2025,SKU-087,Product 87,33,123.31,4069.23
09-05-2026,SKU-081,Product 81,3,66.67,200.01
27-10-2025,SKU-100,Product 100,20,56.59,1131.8
08-03-2025,SKU-071,Product 71,18,41.39,745.02
13-02-2025,SKU-032,Product 32,2,97.86,195.72
18-05-2025,SKU-071,Product 71,22,41.39,910.58
25-03-2025,SKU-089,Product 89,15,62.65,939.75
21-10-2025,SKU-038,Product 38,7,30.86,216.02
04-05-2025,SKU-066,Product 66,24,50.43,1210.32
28-06-2025,SKU-033,Product 33,1,53.43,53.43
24-06-2025,SKU-003,Product 3,1,70.92,70.92
04-06-2025,SKU-084,Product 84,21,108.64,2281.44
04-02-2026,SKU-026,Product 26,30,66.33,1989.9
23-03-2026,SKU-051,Product 51,9,104.22,937.98
01-05-2025,SKU-019,Product 19,12,83.88,1006.56
30-10-2025,SKU-055,Product 55,12,53.76,645.12
07-02-2025,SKU-001,Product 1,10,133.59,1335.9
28-01-2026,SKU-043,Product 43,18,124.39,2239.02
14-10-2025,SKU-072,Product 72,12,108.25,1299
16-12-2025,SKU-039,Product 39,30,9.81,294.3
16-05-2026,SKU-028,Product 28,39,68.24,2661.36
13-02-2026,SKU-015,Product 15,24,98.54,2364.96
25-01-2025,SKU-070,Product 70,13,38.61,501.93
13-03-2026,SKU-066,Product 66,35,50.43,1765.05
18-06-2025,SKU-083,Product 83,28,134.11,3755.08
06-11-2025,SKU-078,Product 78,5,23.81,119.05
16-10-2025,SKU-012,Product 12,2,112.29,224.58
01-09-2025,SKU-027,Product 27,22,15.58,342.76
01-01-2025,SKU-038,Product 38,1,30.86,30.86
14-05-2025,SKU-070,Product 70,5,38.61,193.05
14-03-2026,SKU-056,Product 56,6,140.51,843.06
15-06-2026,SKU-026,Product 26,15,66.33,994.95
09-02-2026,SKU-035,Product 35,37,42.05,1555.85
01-06-2025,SKU-002,Product 2,16,116.06,1856.96
03-07-2025,SKU-052,Product 52,9,79.76,717.84
28-07-2025,SKU-092,Product 92,16,131.65,2106.4
03-05-2025,SKU-079,Product 79,24,39.06,937.44
05-02-2025,SKU-009,Product 9,3,33.35,100.05
05-09-2025,SKU-077,Product 77,25,62.14,1553.5
06-02-2025,SKU-081,Product 81,3,66.67,200.01
13-02-2026,SKU-075,Product 75,31,13.71,425.01
23-03-2025,SKU-058,Product 58,18,122.59,2206.62
20-05-2026,SKU-026,Product 26,47,66.33,3117.51
22-03-2026,SKU-017,Product 17,19,88.02,1672.38
06-04-2025,SKU-031,Product 31,5,52.96,264.8
22-06-2025,SKU-059,Product 59,18,143.98,2591.64
27-12-2025,SKU-066,Product 66,43,50.43,2168.49
07-03-2026,SKU-097,Product 97,3,45.27,135.81
25-06-2026,SKU-029,Product 29,34,43.36,1474.24
06-05-2026,SKU-100,Product 100,53,56.59,2999.27
20-07-2025,SKU-070,Product 70,8,38.61,308.88
07-04-2026,SKU-100,Product 100,50,56.59,2829.5
05-02-2026,SKU-097,Product 97,24,45.27,1086.48
07-02-2025,SKU-017,Product 17,7,88.02,616.14
22-03-2025,SKU-035,Product 35,1,42.05,42.05
21-03-2026,SKU-100,Product 100,39,56.59,2207.01
25-12-2025,SKU-090,Product 90,28,41.98,1175.44
01-02-2025,SKU-091,Product 91,11,12.64,139.04
19-11-2025,SKU-070,Product 70,13,38.61,501.93
14-07-2025,SKU-011,Product 11,2,77.13,154.26
13-01-2026,SKU-081,Product 81,35,66.67,2333.45
16-07-2025,SKU-099,Product 99,28,48.68,1363.04
27-06-2026,SKU-037,Product 37,19,83.51,1586.69
22-07-2025,SKU-069,Product 69,28,113.3,3172.4
05-10-2025,SKU-077,Product 77,19,62.14,1180.66
12-01-2026,SKU-058,Product 58,44,122.59,5393.96
20-03-2026,SKU-039,Product 39,13,9.81,127.53
10-02-2026,SKU-078,Product 78,21,23.81,500.01
19-08-2025,SKU-027,Product 27,4,15.58,62.32
23-03-2025,SKU-037,Product 37,11,83.51,918.61
20-04-2026,SKU-032,Product 32,48,97.86,4697.28
01-03-2025,SKU-094,Product 94,9,25.25,227.25
31-05-2026,SKU-023,Product 23,51,129.88,6623.88
09-04-2025,SKU-085,Product 85,19,53.4,1014.6
10-02-2026,SKU-095,Product 95,34,77.08,2620.72
28-02-2026,SKU-021,Product 21,35,71.49,2502.15
26-07-2025,SKU-048,Product 48,4,18.02,72.08
17-06-2026,SKU-005,Product 5,7,112.77,789.39
22-07-2025,SKU-081,Product 81,6,66.67,400.02
18-07-2026,SKU-069,Product 69,23,113.3,2605.9
16-04-2026,SKU-070,Product 70,48,38.61,1853.28
15-01-2025,SKU-099,Product 99,5,48.68,243.4
13-07-2026,SKU-014,Product 14,54,51.74,2793.96
23-07-2026,SKU-044,Product 44,59,14.73,869.07
29-06-2025,SKU-073,Product 73,15,120.54,1808.1
27-02-2026,SKU-019,Product 19,35,83.88,2935.8
27-03-2025,SKU-079,Product 79,11,39.06,429.66
01-03-2025,SKU-099,Product 99,3,48.68,146.04
14-05-2025,SKU-049,Product 49,15,6.44,96.6
20-02-2026,SKU-083,Product 83,41,134.11,5498.51
05-02-2025,SKU-093,Product 93,3,41.04,123.12
11-12-2025,SKU-048,Product 48,41,18.02,738.82
16-07-2025,SKU-065,Product 65,30,29.77,893.1
25-01-2025,SKU-038,Product 38,16,30.86,493.76
16-05-2025,SKU-002,Product 2,6,116.06,696.36
15-10-2025,SKU-079,Product 79,7,39.06,273.42
14-01-2025,SKU-076,Product 76,3,5.46,16.38
24-08-2025,SKU-055,Product 55,8,53.76,430.08
01-07-2025,SKU-056,Product 56,11,140.51,1545.61
31-08-2025,SKU-009,Product 9,15,33.35,500.25
19-08-2025,SKU-033,Product 33,6,53.43,320.58
19-06-2026,SKU-092,Product 92,45,131.65,5924.25
07-12-2025,SKU-002,Product 2,41,116.06,4758.46
02-12-2025,SKU-032,Product 32,16,97.86,1565.76
31-03-2026,SKU-028,Product 28,20,68.24,1364.8
17-03-2025,SKU-061,Product 61,8,141.95,1135.6
22-06-2026,SKU-093,Product 93,3,41.04,123.12
15-05-2025,SKU-090,Product 90,5,41.98,209.9
09-07-2025,SKU-030,Product 30,7,117.66,823.62
26-03-2025,SKU-088,Product 88,5,65.71,328.55
25-07-2026,SKU-095,Product 95,51,77.08,3931.08
17-02-2025,SKU-083,Product 83,14,134.11,1877.54
13-02-2025,SKU-031,Product 31,2,52.96,105.92
19-09-2025,SKU-026,Product 26,30,66.33,1989.9
30-03-2026,SKU-022,Product 22,50,59.25,2962.5
27-06-2026,SKU-043,Product 43,41,124.39,5099.99
16-07-2026,SKU-036,Product 36,11,130.42,1434.62
12-11-2025,SKU-033,Product 33,5,53.43,267.15
26-03-2026,SKU-029,Product 29,30,43.36,1300.8
24-12-2025,SKU-071,Product 71,17,41.39,703.63
28-01-2025,SKU-058,Product 58,5,122.59,612.95
16-06-2025,SKU-017,Product 17,9,88.02,792.18
28-02-2025,SKU-070,Product 70,6,38.61,231.66
26-01-2026,SKU-033,Product 33,21,53.43,1122.03
14-07-2025,SKU-068,Product 68,26,65.88,1712.88
04-07-2026,SKU-020,Product 20,23,89.85,2066.55
28-11-2025,SKU-028,Product 28,10,68.24,682.4
14-01-2025,SKU-059,Product 59,10,143.98,1439.8
11-06-2025,SKU-075,Product 75,7,13.71,95.97
24-02-2025,SKU-069,Product 69,8,113.3,906.4
27-02-2025,SKU-005,Product 5,2,112.77,225.54
23-04-2025,SKU-090,Product 90,7,41.98,293.86
05-03-2026,SKU-059,Product 59,9,143.98,1295.82
11-11-2025,SKU-053,Product 53,13,11.29,146.77
25-05-2026,SKU-001,Product 1,54,133.59,7213.86
15-07-2025,SKU-087,Product 87,8,123.31,986.48
18-05-2026,SKU-064,Product 64,25,117.63,2940.75
27-03-2026,SKU-045,Product 45,30,80.28,2408.4
03-04-2026,SKU-001,Product 1,13,133.59,1736.67
27-04-2026,SKU-069,Product 69,24,113.3,2719.2
09-10-2025,SKU-039,Product 39,19,9.81,186.39
07-11-2025,SKU-093,Product 93,15,41.04,615.6
12-01-2025,SKU-091,Product 91,10,12.64,126.4
20-07-2026,SKU-029,Product 29,27,43.36,1170.72
27-01-2026,SKU-039,Product 39,12,9.81,117.72
13-07-2025,SKU-030,Product 30,2,117.66,235.32
26-02-2025,SKU-025,Product 25,5,126.63,633.15
25-07-2025,SKU-005,Product 5,12,112.77,1353.24
19-06-2026,SKU-036,Product 36,3,130.42,391.26
09-11-2025,SKU-035,Product 35,13,42.05,546.65
14-01-2025,SKU-083,Product 83,2,134.11,268.22
27-11-2025,SKU-042,Product 42,24,42.29,1014.96
17-02-2026,SKU-045,Product 45,9,80.28,722.52
19-11-2025,SKU-045,Product 45,37,80.28,2970.36
10-10-2025,SKU-064,Product 64,12,117.63,1411.56
27-01-2025,SKU-040,Product 40,3,20.93,62.79
03-06-2025,SKU-030,Product 30,10,117.66,1176.6
30-08-2025,SKU-006,Product 6,2,16.92,33.84
08-04-2026,SKU-076,Product 76,44,5.46,240.24
07-02-2026,SKU-074,Product 74,21,102.79,2158.59
02-03-2025,SKU-091,Product 91,15,12.64,189.6
07-06-2026,SKU-042,Product 42,14,42.29,592.06
16-12-2025,SKU-099,Product 99,5,48.68,243.4
16-02-2026,SKU-016,Product 16,34,128.07,4354.38
28-06-2026,SKU-033,Product 33,49,53.43,2618.07
13-07-2025,SKU-003,Product 3,2,70.92,141.84
11-10-2025,SKU-013,Product 13,29,106.67,3093.43
07-11-2025,SKU-100,Product 100,39,56.59,2207.01
09-02-2026,SKU-048,Product 48,24,18.02,432.48
28-01-2025,SKU-026,Product 26,2,66.33,132.66
09-08-2025,SKU-071,Product 71,15,41.39,620.85
21-07-2026,SKU-051,Product 51,11,104.22,1146.42
28-05-2025,SKU-017,Product 17,24,88.02,2112.48
15-04-2026,SKU-052,Product 52,10,79.76,797.6
02-04-2025,SKU-068,Product 68,13,65.88,856.44
03-06-2025,SKU-082,Product 82,5,82.39,411.95
29-01-2026,SKU-036,Product 36,15,130.42,1956.3
02-02-2026,SKU-091,Product 91,15,12.64,189.6
24-02-2025,SKU-055,Product 55,2,53.76,107.52
18-07-2026,SKU-064,Product 64,43,117.63,5058.09
20-02-2025,SKU-009,Product 9,1,33.35,33.35
04-08-2025,SKU-046,Product 46,14,105.52,1477.28
25-02-2025,SKU-022,Product 22,19,59.25,1125.75
20-07-2026,SKU-013,Product 13,39,106.67,4160.13
20-06-2025,SKU-017,Product 17,7,88.02,616.14
01-02-2026,SKU-072,Product 72,27,108.25,2922.75
11-06-2025,SKU-093,Product 93,23,41.04,943.92
17-06-2026,SKU-051,Product 51,33,104.22,3439.26
16-10-2025,SKU-062,Product 62,9,40.67,366.03
10-03-2026,SKU-056,Product 56,26,140.51,3653.26
12-05-2025,SKU-065,Product 65,11,29.77,327.47
18-06-2025,SKU-079,Product 79,7,39.06,273.42
23-10-2025,SKU-039,Product 39,2,9.81,19.62
05-02-2025,SKU-045,Product 45,2,80.28,160.56
02-06-2025,SKU-017,Product 17,19,88.02,1672.38
22-06-2025,SKU-080,Product 80,15,14.32,214.8
21-05-2026,SKU-056,Product 56,14,140.51,1967.14
01-03-2026,SKU-098,Product 98,6,5.2,31.2
14-01-2025,SKU-049,Product 49,10,6.44,64.4
05-03-2026,SKU-057,Product 57,45,27.94,1257.3
09-07-2026,SKU-089,Product 89,38,62.65,2380.7
09-07-2025,SKU-009,Product 9,19,33.35,633.65
03-10-2025,SKU-010,Product 10,21,84.95,1783.95
01-05-2025,SKU-054,Product 54,8,85.15,681.2
21-02-2025,SKU-074,Product 74,18,102.79,1850.22
18-01-2025,SKU-024,Product 24,5,109.76,548.8
09-09-2025,SKU-088,Product 88,27,65.71,1774.17
08-02-2026,SKU-043,Product 43,40,124.39,4975.6
17-07-2025,SKU-082,Product 82,20,82.39,1647.8
26-07-2026,SKU-009,Product 9,7,33.35,233.45
06-08-2025,SKU-089,Product 89,14,62.65,877.1
17-07-2026,SKU-036,Product 36,35,130.42,4564.7
18-03-2026,SKU-039,Product 39,32,9.81,313.92
15-06-2026,SKU-083,Product 83,33,134.11,4425.63
18-04-2025,SKU-086,Product 86,15,117.55,1763.25
03-05-2026,SKU-033,Product 33,21,53.43,1122.03
05-07-2025,SKU-011,Product 11,9,77.13,694.17
05-07-2025,SKU-078,Product 78,21,23.81,500.01
14-02-2026,SKU-082,Product 82,25,82.39,2059.75
04-06-2026,SKU-067,Product 67,55,99.67,5481.85
26-12-2025,SKU-096,Product 96,5,57.25,286.25
19-04-2025,SKU-086,Product 86,12,117.55,1410.6
02-04-2025,SKU-037,Product 37,10,83.51,835.1
04-08-2025,SKU-013,Product 13,10,106.67,1066.7
03-04-2025,SKU-047,Product 47,17,38.43,653.31
11-01-2025,SKU-058,Product 58,11,122.59,1348.49
27-03-2025,SKU-062,Product 62,8,40.67,325.36
01-05-2026,SKU-047,Product 47,35,38.43,1345.05
27-04-2026,SKU-051,Product 51,21,104.22,2188.62
17-04-2026,SKU-002,Product 2,27,116.06,3133.62
17-12-2025,SKU-014,Product 14,22,51.74,1138.28
23-11-2025,SKU-051,Product 51,26,104.22,2709.72
19-09-2025,SKU-059,Product 59,18,143.98,2591.64
28-01-2026,SKU-060,Product 60,15,70.14,1052.1
06-11-2025,SKU-009,Product 9,20,33.35,667
03-07-2025,SKU-068,Product 68,29,65.88,1910.52
19-04-2025,SKU-077,Product 77,4,62.14,248.56
25-03-2025,SKU-061,Product 61,12,141.95,1703.4
25-05-2025,SKU-037,Product 37,22,83.51,1837.22
05-06-2026,SKU-062,Product 62,44,40.67,1789.48
15-03-2025,SKU-100,Product 100,12,56.59,679.08
20-09-2025,SKU-097,Product 97,33,45.27,1493.91
23-04-2025,SKU-032,Product 32,3,97.86,293.58
15-11-2025,SKU-069,Product 69,15,113.3,1699.5
05-01-2025,SKU-013,Product 13,11,106.67,1173.37
27-01-2025,SKU-024,Product 24,1,109.76,109.76
17-07-2026,SKU-038,Product 38,3,30.86,92.58
05-04-2025,SKU-090,Product 90,8,41.98,335.84
19-09-2025,SKU-069,Product 69,14,113.3,1586.2
07-07-2025,SKU-039,Product 39,1,9.81,9.81
05-12-2025,SKU-026,Product 26,27,66.33,1790.91
02-08-2025,SKU-049,Product 49,10,6.44,64.4
16-04-2025,SKU-065,Product 65,13,29.77,387.01
29-01-2025,SKU-072,Product 72,5,108.25,541.25
12-04-2025,SKU-032,Product 32,4,97.86,391.44
25-11-2025,SKU-097,Product 97,21,45.27,950.67
20-06-2025,SKU-023,Product 23,5,129.88,649.4
16-08-2025,SKU-031,Product 31,13,52.96,688.48
18-01-2026,SKU-003,Product 3,23,70.92,1631.16
28-02-2025,SKU-019,Product 19,19,83.88,1593.72
12-01-2026,SKU-030,Product 30,41,117.66,4824.06
23-11-2025,SKU-090,Product 90,24,41.98,1007.52
18-06-2026,SKU-026,Product 26,11,66.33,729.63
17-12-2025,SKU-060,Product 60,2,70.14,140.28
08-11-2025,SKU-038,Product 38,20,30.86,617.2
23-08-2025,SKU-007,Product 7,4,81.18,324.72
05-07-2026,SKU-008,Product 8,46,38.61,1776.06
17-08-2025,SKU-095,Product 95,17,77.08,1310.36
30-08-2025,SKU-077,Product 77,4,62.14,248.56
17-05-2025,SKU-094,Product 94,13,25.25,328.25
18-11-2025,SKU-092,Product 92,21,131.65,2764.65
07-02-2026,SKU-081,Product 81,37,66.67,2466.79
13-01-2026,SKU-032,Product 32,20,97.86,1957.2
30-04-2026,SKU-062,Product 62,24,40.67,976.08
14-03-2025,SKU-011,Product 11,17,77.13,1311.21
02-06-2026,SKU-036,Product 36,7,130.42,912.94
19-12-2025,SKU-082,Product 82,5,82.39,411.95
16-09-2025,SKU-051,Product 51,2,104.22,208.44
27-11-2025,SKU-060,Product 60,10,70.14,701.4
07-11-2025,SKU-073,Product 73,28,120.54,3375.12
09-03-2025,SKU-005,Product 5,6,112.77,676.62
16-12-2025,SKU-078,Product 78,39,23.81,928.59
18-07-2025,SKU-092,Product 92,22,131.65,2896.3
15-04-2026,SKU-030,Product 30,6,117.66,705.96
03-03-2025,SKU-058,Product 58,2,122.59,245.18
17-07-2026,SKU-015,Product 15,23,98.54,2266.42
22-07-2025,SKU-023,Product 23,26,129.88,3376.88
11-07-2025,SKU-090,Product 90,19,41.98,797.62
13-07-2026,SKU-070,Product 70,27,38.61,1042.47
18-09-2025,SKU-031,Product 31,35,52.96,1853.6
06-01-2026,SKU-040,Product 40,32,20.93,669.76
17-02-2026,SKU-085,Product 85,43,53.4,2296.2
13-03-2025,SKU-057,Product 57,20,27.94,558.8
30-04-2025,SKU-087,Product 87,6,123.31,739.86
14-01-2025,SKU-060,Product 60,10,70.14,701.4
05-05-2026,SKU-099,Product 99,17,48.68,827.56
16-02-2025,SKU-022,Product 22,2,59.25,118.5
11-11-2025,SKU-055,Product 55,2,53.76,107.52
30-09-2025,SKU-065,Product 65,33,29.77,982.41
16-12-2025,SKU-035,Product 35,11,42.05,462.55
14-03-2026,SKU-088,Product 88,32,65.71,2102.72
07-06-2026,SKU-028,Product 28,18,68.24,1228.32
24-04-2025,SKU-028,Product 28,17,68.24,1160.08
08-12-2025,SKU-023,Product 23,19,129.88,2467.72
28-01-2026,SKU-010,Product 10,9,84.95,764.55
20-01-2025,SKU-007,Product 7,12,81.18,974.16
20-06-2025,SKU-099,Product 99,15,48.68,730.2
22-05-2025,SKU-054,Product 54,12,85.15,1021.8
22-03-2026,SKU-029,Product 29,46,43.36,1994.56
05-05-2026,SKU-080,Product 80,49,14.32,701.68
10-05-2025,SKU-050,Product 50,21,42.38,889.98
27-10-2025,SKU-045,Product 45,17,80.28,1364.76
20-10-2025,SKU-079,Product 79,35,39.06,1367.1
23-07-2025,SKU-084,Product 84,24,108.64,2607.36
16-05-2026,SKU-024,Product 24,43,109.76,4719.68
21-03-2025,SKU-044,Product 44,9,14.73,132.57
25-05-2025,SKU-017,Product 17,26,88.02,2288.52
12-03-2025,SKU-002,Product 2,9,116.06,1044.54
04-02-2026,SKU-090,Product 90,15,41.98,629.7
29-06-2026,SKU-030,Product 30,49,117.66,5765.34
02-12-2025,SKU-033,Product 33,5,53.43,267.15
25-11-2025,SKU-058,Product 58,2,122.59,245.18
09-11-2025,SKU-066,Product 66,7,50.43,353.01
05-06-2025,SKU-045,Product 45,27,80.28,2167.56
01-09-2025,SKU-004,Product 4,24,70.1,1682.4
03-01-2026,SKU-019,Product 19,26,83.88,2180.88
29-06-2025,SKU-047,Product 47,5,38.43,192.15
10-06-2025,SKU-016,Product 16,14,128.07,1792.98
15-09-2025,SKU-014,Product 14,14,51.74,724.36
30-09-2025,SKU-019,Product 19,24,83.88,2013.12
03-03-2026,SKU-044,Product 44,16,14.73,235.68
09-07-2025,SKU-042,Product 42,15,42.29,634.35
16-07-2025,SKU-010,Product 10,28,84.95,2378.6
07-02-2026,SKU-015,Product 15,15,98.54,1478.1
11-03-2026,SKU-098,Product 98,48,5.2,249.6
06-10-2025,SKU-024,Product 24,34,109.76,3731.84
18-07-2026,SKU-078,Product 78,15,23.81,357.15
15-01-2025,SKU-063,Product 63,13,85.06,1105.78
12-10-2025,SKU-048,Product 48,34,18.02,612.68
18-11-2025,SKU-084,Product 84,18,108.64,1955.52
11-03-2025,SKU-040,Product 40,10,20.93,209.3
18-05-2025,SKU-073,Product 73,3,120.54,361.62
27-05-2026,SKU-004,Product 4,25,70.1,1752.5
03-11-2025,SKU-064,Product 64,28,117.63,3293.64
27-07-2026,SKU-001,Product 1,59,133.59,7881.81
01-01-2025,SKU-094,Product 94,4,25.25,101
02-06-2025,SKU-071,Product 71,19,41.39,786.41
02-01-2026,SKU-005,Product 5,11,112.77,1240.47
15-06-2025,SKU-031,Product 31,20,52.96,1059.2
18-12-2025,SKU-049,Product 49,19,6.44,122.36
03-08-2025,SKU-049,Product 49,14,6.44,90.16
18-02-2026,SKU-088,Product 88,40,65.71,2628.4
23-12-2025,SKU-065,Product 65,37,29.77,1101.49
17-09-2025,SKU-028,Product 28,23,68.24,1569.52
01-11-2025,SKU-088,Product 88,18,65.71,1182.78
03-01-2025,SKU-043,Product 43,1,124.39,124.39
19-01-2025,SKU-085,Product 85,2,53.4,106.8
07-04-2025,SKU-091,Product 91,16,12.64,202.24
04-04-2026,SKU-087,Product 87,43,123.31,5302.33
17-03-2026,SKU-071,Product 71,16,41.39,662.24
16-10-2025,SKU-046,Product 46,29,105.52,3060.08
28-03-2025,SKU-100,Product 100,7,56.59,396.13
28-04-2025,SKU-060,Product 60,17,70.14,1192.38
29-06-2026,SKU-012,Product 12,49,112.29,5502.21
29-04-2025,SKU-071,Product 71,20,41.39,827.8
01-07-2025,SKU-052,Product 52,19,79.76,1515.44
24-06-2025,SKU-043,Product 43,9,124.39,1119.51
09-04-2025,SKU-097,Product 97,10,45.27,452.7
09-05-2026,SKU-097,Product 97,21,45.27,950.67
01-06-2025,SKU-022,Product 22,14,59.25,829.5
25-01-2026,SKU-012,Product 12,24,112.29,2694.96
01-04-2025,SKU-042,Product 42,14,42.29,592.06
05-07-2025,SKU-048,Product 48,11,18.02,198.22
03-09-2025,SKU-100,Product 100,18,56.59,1018.62
12-12-2025,SKU-044,Product 44,2,14.73,29.46
09-07-2025,SKU-074,Product 74,11,102.79,1130.69
30-07-2025,SKU-047,Product 47,18,38.43,691.74
11-07-2025,SKU-029,Product 29,27,43.36,1170.72
04-05-2026,SKU-006,Product 6,38,16.92,642.96
26-01-2025,SKU-091,Product 91,3,12.64,37.92
09-03-2026,SKU-082,Product 82,16,82.39,1318.24
24-07-2026,SKU-084,Product 84,55,108.64,5975.2
30-01-2025,SKU-016,Product 16,4,128.07,512.28
12-05-2026,SKU-055,Product 55,46,53.76,2472.96
11-03-2025,SKU-033,Product 33,12,53.43,641.16
09-02-2026,SKU-045,Product 45,34,80.28,2729.52
02-02-2025,SKU-084,Product 84,2,108.64,217.28
19-01-2026,SKU-053,Product 53,23,11.29,259.67
06-03-2026,SKU-039,Product 39,25,9.81,245.25
03-03-2025,SKU-069,Product 69,3,113.3,339.9
15-06-2026,SKU-082,Product 82,45,82.39,3707.55
08-01-2026,SKU-085,Product 85,20,53.4,1068
14-12-2025,SKU-047,Product 47,2,38.43,76.86
19-01-2026,SKU-070,Product 70,29,38.61,1119.69
09-05-2025,SKU-005,Product 5,18,112.77,2029.86
12-11-2025,SKU-065,Product 65,26,29.77,774.02
28-07-2026,SKU-048,Product 48,55,18.02,991.1
01-03-2025,SKU-060,Product 60,11,70.14,771.54
12-06-2025,SKU-043,Product 43,16,124.39,1990.24
12-02-2026,SKU-002,Product 2,24,116.06,2785.44
29-01-2026,SKU-033,Product 33,12,53.43,641.16
14-11-2025,SKU-040,Product 40,31,20.93,648.83
04-02-2025,SKU-059,Product 59,2,143.98,287.96
19-04-2026,SKU-035,Product 35,34,42.05,1429.7
24-04-2026,SKU-024,Product 24,34,109.76,3731.84
19-07-2026,SKU-022,Product 22,7,59.25,414.75
11-10-2025,SKU-087,Product 87,34,123.31,4192.54
03-08-2025,SKU-080,Product 80,23,14.32,329.36
05-08-2025,SKU-001,Product 1,23,133.59,3072.57
06-01-2025,SKU-003,Product 3,1,70.92,70.92
24-05-2026,SKU-062,Product 62,3,40.67,122.01
13-08-2025,SKU-015,Product 15,32,98.54,3153.28
04-02-2026,SKU-073,Product 73,27,120.54,3254.58
31-07-2026,SKU-034,Product 34,31,133.9,4150.9
06-07-2025,SKU-005,Product 5,21,112.77,2368.17
16-03-2025,SKU-064,Product 64,16,117.63,1882.08
03-07-2026,SKU-061,Product 61,50,141.95,7097.5
18-04-2026,SKU-090,Product 90,13,41.98,545.74
02-12-2025,SKU-042,Product 42,24,42.29,1014.96
16-10-2025,SKU-064,Product 64,9,117.63,1058.67
30-10-2025,SKU-031,Product 31,35,52.96,1853.6
21-07-2025,SKU-038,Product 38,2,30.86,61.72
16-06-2026,SKU-062,Product 62,15,40.67,610.05
08-07-2026,SKU-041,Product 41,42,33.9,1423.8
19-06-2026,SKU-041,Product 41,7,33.9,237.3
20-09-2025,SKU-020,Product 20,14,89.85,1257.9
16-06-2026,SKU-055,Product 55,45,53.76,2419.2
04-05-2025,SKU-084,Product 84,22,108.64,2390.08
08-02-2025,SKU-012,Product 12,15,112.29,1684.35
21-11-2025,SKU-082,Product 82,5,82.39,411.95
06-05-2026,SKU-029,Product 29,7,43.36,303.52
24-06-2026,SKU-074,Product 74,34,102.79,3494.86
07-08-2025,SKU-050,Product 50,2,42.38,84.76
09-07-2026,SKU-077,Product 77,38,62.14,2361.32
26-06-2025,SKU-082,Product 82,17,82.39,1400.63
02-05-2026,SKU-014,Product 14,10,51.74,517.4
19-10-2025,SKU-065,Product 65,12,29.77,357.24
23-07-2026,SKU-064,Product 64,43,117.63,5058.09
26-07-2026,SKU-066,Product 66,59,50.43,2975.37
25-07-2026,SKU-006,Product 6,43,16.92,727.56
28-07-2026,SKU-033,Product 33,35,53.43,1870.05
31-01-2026,SKU-032,Product 32,36,97.86,3522.96
22-04-2025,SKU-031,Product 31,23,52.96,1218.08
06-11-2025,SKU-066,Product 66,23,50.43,1159.89
30-01-2025,SKU-013,Product 13,3,106.67,320.01
25-04-2025,SKU-065,Product 65,11,29.77,327.47
30-01-2026,SKU-045,Product 45,3,80.28,240.84
10-06-2025,SKU-081,Product 81,21,66.67,1400.07
06-11-2025,SKU-090,Product 90,23,41.98,965.54
04-10-2025,SKU-001,Product 1,29,133.59,3874.11
14-03-2025,SKU-047,Product 47,19,38.43,730.17
22-03-2026,SKU-004,Product 4,16,70.1,1121.6
04-03-2025,SKU-027,Product 27,15,15.58,233.7
27-06-2025,SKU-033,Product 33,11,53.43,587.73
02-02-2025,SKU-055,Product 55,11,53.76,591.36
04-02-2026,SKU-093,Product 93,39,41.04,1600.56
10-06-2025,SKU-092,Product 92,10,131.65,1316.5
25-07-2026,SKU-030,Product 30,35,117.66,4118.1
01-08-2025,SKU-067,Product 67,14,99.67,1395.38
28-03-2025,SKU-096,Product 96,13,57.25,744.25
16-01-2025,SKU-010,Product 10,16,84.95,1359.2
04-01-2026,SKU-012,Product 12,5,112.29,561.45
10-07-2025,SKU-019,Product 19,15,83.88,1258.2
02-12-2025,SKU-005,Product 5,30,112.77,3383.1
08-06-2026,SKU-051,Product 51,40,104.22,4168.8
15-05-2026,SKU-097,Product 97,25,45.27,1131.75
29-04-2026,SKU-061,Product 61,21,141.95,2980.95
23-03-2026,SKU-042,Product 42,23,42.29,972.67
22-09-2025,SKU-097,Product 97,28,45.27,1267.56
24-02-2026,SKU-022,Product 22,19,59.25,1125.75
02-07-2026,SKU-005,Product 5,19,112.77,2142.63
13-02-2025,SKU-053,Product 53,2,11.29,22.58
25-06-2026,SKU-070,Product 70,34,38.61,1312.74
20-11-2025,SKU-001,Product 1,16,133.59,2137.44
07-05-2025,SKU-080,Product 80,6,14.32,85.92
05-09-2025,SKU-086,Product 86,2,117.55,235.1
22-04-2025,SKU-016,Product 16,17,128.07,2177.19
28-04-2026,SKU-058,Product 58,38,122.59,4658.42
15-01-2026,SKU-087,Product 87,23,123.31,2836.13
18-01-2026,SKU-066,Product 66,11,50.43,554.73
28-03-2026,SKU-048,Product 48,23,18.02,414.46
24-01-2025,SKU-028,Product 28,1,68.24,68.24
18-02-2026,SKU-005,Product 5,25,112.77,2819.25
17-07-2026,SKU-015,Product 15,11,98.54,1083.94
25-02-2025,SKU-064,Product 64,12,117.63,1411.56
15-03-2026,SKU-016,Product 16,42,128.07,5378.94
07-10-2025,SKU-019,Product 19,22,83.88,1845.36
23-01-2026,SKU-026,Product 26,42,66.33,2785.86
18-05-2025,SKU-012,Product 12,11,112.29,1235.19
21-04-2026,SKU-083,Product 83,10,134.11,1341.1
03-02-2026,SKU-075,Product 75,42,13.71,575.82
06-02-2026,SKU-032,Product 32,30,97.86,2935.8
01-12-2025,SKU-004,Product 4,41,70.1,2874.1
16-04-2025,SKU-092,Product 92,20,131.65,2633
28-07-2025,SKU-063,Product 63,18,85.06,1531.08
23-11-2025,SKU-073,Product 73,40,120.54,4821.6
12-03-2025,SKU-080,Product 80,5,14.32,71.6
17-03-2025,SKU-039,Product 39,6,9.81,58.86
27-03-2025,SKU-046,Product 46,21,105.52,2215.92
06-07-2025,SKU-002,Product 2,15,116.06,1740.9
03-04-2025,SKU-097,Product 97,20,45.27,905.4
13-04-2026,SKU-052,Product 52,41,79.76,3270.16
10-04-2025,SKU-051,Product 51,9,104.22,937.98
05-08-2025,SKU-044,Product 44,25,14.73,368.25
06-10-2025,SKU-100,Product 100,22,56.59,1244.98
09-10-2025,SKU-074,Product 74,19,102.79,1953.01
18-11-2025,SKU-069,Product 69,29,113.3,3285.7
14-08-2025,SKU-065,Product 65,28,29.77,833.56
27-04-2025,SKU-071,Product 71,3,41.39,124.17
02-07-2025,SKU-083,Product 83,19,134.11,2548.09
04-11-2025,SKU-045,Product 45,38,80.28,3050.64
04-07-2025,SKU-083,Product 83,11,134.11,1475.21
24-03-2025,SKU-095,Product 95,14,77.08,1079.12
05-01-2026,SKU-061,Product 61,14,141.95,1987.3
03-07-2026,SKU-002,Product 2,23,116.06,2669.38
31-03-2025,SKU-085,Product 85,21,53.4,1121.4
07-09-2025,SKU-060,Product 60,20,70.14,1402.8
22-07-2025,SKU-055,Product 55,6,53.76,322.56
04-06-2026,SKU-017,Product 17,3,88.02,264.06
12-10-2025,SKU-071,Product 71,22,41.39,910.58
05-03-2025,SKU-012,Product 12,3,112.29,336.87
28-06-2025,SKU-041,Product 41,15,33.9,508.5
03-06-2026,SKU-030,Product 30,25,117.66,2941.5
20-04-2026,SKU-051,Product 51,24,104.22,2501.28
18-05-2026,SKU-057,Product 57,43,27.94,1201.42
05-06-2025,SKU-011,Product 11,10,77.13,771.3
25-01-2025,SKU-037,Product 37,12,83.51,1002.12
27-06-2025,SKU-053,Product 53,15,11.29,169.35
25-04-2025,SKU-040,Product 40,20,20.93,418.6
11-07-2026,SKU-045,Product 45,38,80.28,3050.64
18-07-2025,SKU-034,Product 34,2,133.9,267.8
26-02-2026,SKU-011,Product 11,19,77.13,1465.47
05-05-2025,SKU-100,Product 100,14,56.59,792.26
07-05-2025,SKU-008,Product 8,4,38.61,154.44
08-11-2025,SKU-090,Product 90,39,41.98,1637.22
27-05-2025,SKU-058,Product 58,26,122.59,3187.34
09-03-2025,SKU-050,Product 50,2,42.38,84.76
09-08-2025,SKU-016,Product 16,30,128.07,3842.1
10-04-2026,SKU-012,Product 12,47,112.29,5277.63
30-01-2026,SKU-100,Product 100,30,56.59,1697.7
14-05-2025,SKU-092,Product 92,8,131.65,1053.2
06-10-2025,SKU-059,Product 59,7,143.98,1007.86
27-05-2026,SKU-014,Product 14,36,51.74,1862.64
24-02-2026,SKU-039,Product 39,47,9.81,461.07
21-10-2025,SKU-039,Product 39,27,9.81,264.87
29-11-2025,SKU-081,Product 81,5,66.67,333.35
24-11-2025,SKU-052,Product 52,10,79.76,797.6
27-01-2026,SKU-097,Product 97,39,45.27,1765.53
22-08-2025,SKU-050,Product 50,4,42.38,169.52
21-08-2025,SKU-021,Product 21,4,71.49,285.96
06-07-2026,SKU-074,Product 74,34,102.79,3494.86
18-03-2025,SKU-004,Product 4,18,70.1,1261.8
12-04-2026,SKU-076,Product 76,30,5.46,163.8
08-03-2025,SKU-094,Product 94,4,25.25,101
23-06-2025,SKU-004,Product 4,1,70.1,70.1
07-03-2025,SKU-094,Product 94,6,25.25,151.5
04-11-2025,SKU-059,Product 59,23,143.98,3311.54
09-04-2025,SKU-042,Product 42,6,42.29,253.74
18-10-2025,SKU-049,Product 49,5,6.44,32.2
21-03-2026,SKU-002,Product 2,36,116.06,4178.16
22-08-2025,SKU-012,Product 12,8,112.29,898.32
23-11-2025,SKU-090,Product 90,35,41.98,1469.3
25-06-2026,SKU-077,Product 77,15,62.14,932.1
17-01-2025,SKU-024,Product 24,6,109.76,658.56
15-09-2025,SKU-017,Product 17,7,88.02,616.14
10-05-2026,SKU-093,Product 93,21,41.04,861.84
19-01-2026,SKU-056,Product 56,23,140.51,3231.73
26-04-2026,SKU-079,Product 79,34,39.06,1328.04
22-02-2026,SKU-085,Product 85,44,53.4,2349.6
31-12-2025,SKU-098,Product 98,43,5.2,223.6
25-10-2025,SKU-078,Product 78,25,23.81,595.25
04-03-2025,SKU-016,Product 16,1,128.07,128.07
18-12-2025,SKU-063,Product 63,8,85.06,680.48
23-04-2026,SKU-071,Product 71,38,41.39,1572.82
30-04-2025,SKU-064,Product 64,22,117.63,2587.86
21-09-2025,SKU-003,Product 3,26,70.92,1843.92
10-03-2026,SKU-066,Product 66,13,50.43,655.59
04-12-2025,SKU-078,Product 78,41,23.81,976.21
21-01-2026,SKU-025,Product 25,27,126.63,3419.01
04-06-2026,SKU-087,Product 87,48,123.31,5918.88
21-03-2025,SKU-081,Product 81,7,66.67,466.69
18-06-2025,SKU-092,Product 92,5,131.65,658.25
05-07-2025,SKU-018,Product 18,13,89.39,1162.07
10-12-2025,SKU-018,Product 18,38,89.39,3396.82
04-07-2025,SKU-044,Product 44,11,14.73,162.03
17-06-2026,SKU-001,Product 1,45,133.59,6011.55
04-02-2026,SKU-069,Product 69,12,113.3,1359.6
24-01-2025,SKU-071,Product 71,14,41.39,579.46
28-03-2025,SKU-049,Product 49,14,6.44,90.16
07-02-2026,SKU-069,Product 69,27,113.3,3059.1
17-06-2026,SKU-076,Product 76,48,5.46,262.08
06-02-2025,SKU-093,Product 93,14,41.04,574.56
13-03-2025,SKU-094,Product 94,10,25.25,252.5
15-03-2026,SKU-058,Product 58,42,122.59,5148.78
18-05-2025,SKU-016,Product 16,5,128.07,640.35
03-11-2025,SKU-031,Product 31,25,52.96,1324
27-04-2026,SKU-081,Product 81,10,66.67,666.7
10-04-2026,SKU-093,Product 93,17,41.04,697.68
03-08-2025,SKU-007,Product 7,29,81.18,2354.22
22-04-2025,SKU-057,Product 57,17,27.94,474.98
21-02-2025,SKU-083,Product 83,5,134.11,670.55
18-03-2025,SKU-027,Product 27,8,15.58,124.64
14-02-2025,SKU-033,Product 33,12,53.43,641.16
01-07-2025,SKU-099,Product 99,11,48.68,535.48
13-12-2025,SKU-100,Product 100,33,56.59,1867.47
27-06-2025,SKU-087,Product 87,21,123.31,2589.51
21-08-2025,SKU-009,Product 9,19,33.35,633.65
14-07-2025,SKU-064,Product 64,12,117.63,1411.56
31-07-2026,SKU-028,Product 28,11,68.24,750.64
20-04-2026,SKU-011,Product 11,10,77.13,771.3
06-02-2026,SKU-031,Product 31,6,52.96,317.76
25-03-2025,SKU-045,Product 45,15,80.28,1204.2
11-01-2026,SKU-044,Product 44,17,14.73,250.41
19-06-2026,SKU-087,Product 87,45,123.31,5548.95
03-12-2025,SKU-068,Product 68,27,65.88,1778.76
11-01-2025,SKU-076,Product 76,9,5.46,49.14
18-05-2026,SKU-036,Product 36,14,130.42,1825.88
30-04-2025,SKU-049,Product 49,4,6.44,25.76
23-06-2025,SKU-032,Product 32,24,97.86,2348.64
22-07-2025,SKU-089,Product 89,16,62.65,1002.4
17-12-2025,SKU-051,Product 51,33,104.22,3439.26
01-04-2025,SKU-064,Product 64,2,117.63,235.26
05-03-2026,SKU-090,Product 90,35,41.98,1469.3
11-01-2026,SKU-081,Product 81,32,66.67,2133.44
25-11-2025,SKU-050,Product 50,21,42.38,889.98
05-06-2025,SKU-012,Product 12,10,112.29,1122.9
22-06-2025,SKU-086,Product 86,22,117.55,2586.1
20-08-2025,SKU-081,Product 81,30,66.67,2000.1
27-05-2025,SKU-082,Product 82,12,82.39,988.68
13-02-2025,SKU-038,Product 38,14,30.86,432.04
16-10-2025,SKU-079,Product 79,9,39.06,351.54
09-12-2025,SKU-038,Product 38,13,30.86,401.18
27-06-2025,SKU-052,Product 52,1,79.76,79.76
30-05-2025,SKU-040,Product 40,26,20.93,544.18
12-05-2026,SKU-028,Product 28,46,68.24,3139.04
21-01-2026,SKU-012,Product 12,24,112.29,2694.96
18-01-2025,SKU-086,Product 86,10,117.55,1175.5
02-02-2026,SKU-073,Product 73,33,120.54,3977.82
04-03-2026,SKU-001,Product 1,32,133.59,4274.88
05-08-2025,SKU-014,Product 14,10,51.74,517.4
17-02-2026,SKU-024,Product 24,43,109.76,4719.68
19-07-2025,SKU-045,Product 45,10,80.28,802.8
25-07-2025,SKU-062,Product 62,18,40.67,732.06
02-05-2026,SKU-080,Product 80,42,14.32,601.44
11-06-2026,SKU-021,Product 21,29,71.49,2073.21
30-06-2025,SKU-034,Product 34,13,133.9,1740.7
22-07-2025,SKU-025,Product 25,8,126.63,1013.04
12-07-2026,SKU-091,Product 91,54,12.64,682.56
03-07-2026,SKU-005,Product 5,15,112.77,1691.55
26-04-2025,SKU-048,Product 48,19,18.02,342.38
29-06-2025,SKU-004,Product 4,19,70.1,1331.9
14-05-2025,SKU-050,Product 50,13,42.38,550.94
08-04-2025,SKU-032,Product 32,7,97.86,685.02
04-04-2026,SKU-072,Product 72,30,108.25,3247.5
07-01-2026,SKU-065,Product 65,43,29.77,1280.11
10-01-2025,SKU-018,Product 18,7,89.39,625.73
24-09-2025,SKU-070,Product 70,9,38.61,347.49
07-08-2025,SKU-079,Product 79,10,39.06,390.6
08-08-2025,SKU-100,Product 100,14,56.59,792.26
23-06-2026,SKU-028,Product 28,18,68.24,1228.32
14-10-2025,SKU-031,Product 31,37,52.96,1959.52
06-06-2025,SKU-010,Product 10,21,84.95,1783.95
16-08-2025,SKU-031,Product 31,17,52.96,900.32
24-07-2026,SKU-099,Product 99,15,48.68,730.2
13-01-2025,SKU-055,Product 55,10,53.76,537.6
15-06-2026,SKU-083,Product 83,7,134.11,938.77
04-01-2025,SKU-070,Product 70,2,38.61,77.22
12-03-2026,SKU-046,Product 46,32,105.52,3376.64
17-01-2025,SKU-100,Product 100,14,56.59,792.26
10-05-2026,SKU-042,Product 42,39,42.29,1649.31
30-04-2025,SKU-040,Product 40,3,20.93,62.79
02-01-2026,SKU-061,Product 61,2,141.95,283.9
16-07-2025,SKU-086,Product 86,8,117.55,940.4
18-06-2025,SKU-008,Product 8,20,38.61,772.2
26-01-2026,SKU-047,Product 47,24,38.43,922.32
17-06-2026,SKU-015,Product 15,26,98.54,2562.04
26-01-2025,SKU-049,Product 49,3,6.44,19.32
23-01-2025,SKU-093,Product 93,12,41.04,492.48
25-04-2026,SKU-091,Product 91,41,12.64,518.24
25-08-2025,SKU-084,Product 84,22,108.64,2390.08
27-04-2025,SKU-095,Product 95,11,77.08,847.88
19-05-2026,SKU-084,Product 84,54,108.64,5866.56
15-03-2025,SKU-091,Product 91,5,12.64,63.2
06-02-2026,SKU-064,Product 64,12,117.63,1411.56
04-10-2025,SKU-042,Product 42,31,42.29,1310.99
26-08-2025,SKU-089,Product 89,20,62.65,1253
07-01-2026,SKU-074,Product 74,23,102.79,2364.17
25-10-2025,SKU-031,Product 31,12,52.96,635.52
19-07-2026,SKU-081,Product 81,15,66.67,1000.05
24-10-2025,SKU-003,Product 3,7,70.92,496.44
11-02-2026,SKU-009,Product 9,46,33.35,1534.1
21-04-2026,SKU-089,Product 89,13,62.65,814.45
07-11-2025,SKU-005,Product 5,5,112.77,563.85
06-05-2026,SKU-014,Product 14,21,51.74,1086.54
11-06-2026,SKU-030,Product 30,56,117.66,6588.96
17-01-2025,SKU-017,Product 17,6,88.02,528.12
04-05-2026,SKU-038,Product 38,42,30.86,1296.12
06-07-2026,SKU-006,Product 6,23,16.92,389.16
07-05-2025,SKU-035,Product 35,8,42.05,336.4
03-11-2025,SKU-013,Product 13,12,106.67,1280.04
19-11-2025,SKU-028,Product 28,13,68.24,887.12
09-05-2026,SKU-005,Product 5,28,112.77,3157.56
23-03-2025,SKU-025,Product 25,18,126.63,2279.34
17-06-2025,SKU-011,Product 11,18,77.13,1388.34
12-03-2026,SKU-067,Product 67,48,99.67,4784.16
18-03-2026,SKU-025,Product 25,13,126.63,1646.19
25-04-2026,SKU-072,Product 72,34,108.25,3680.5
31-03-2025,SKU-002,Product 2,13,116.06,1508.78
06-04-2025,SKU-032,Product 32,5,97.86,489.3
05-02-2025,SKU-089,Product 89,16,62.65,1002.4
03-01-2026,SKU-088,Product 88,29,65.71,1905.59
08-09-2025,SKU-012,Product 12,29,112.29,3256.41
01-06-2025,SKU-049,Product 49,7,6.44,45.08
21-05-2025,SKU-056,Product 56,20,140.51,2810.2
30-03-2026,SKU-033,Product 33,6,53.43,320.58
15-01-2026,SKU-070,Product 70,23,38.61,888.03
31-01-2026,SKU-026,Product 26,6,66.33,397.98
26-06-2025,SKU-055,Product 55,3,53.76,161.28
12-03-2026,SKU-038,Product 38,3,30.86,92.58
26-06-2025,SKU-096,Product 96,26,57.25,1488.5
17-03-2025,SKU-091,Product 91,1,12.64,12.64
01-02-2026,SKU-029,Product 29,12,43.36,520.32
15-03-2026,SKU-019,Product 19,42,83.88,3522.96
28-01-2025,SKU-040,Product 40,4,20.93,83.72
05-05-2026,SKU-022,Product 22,53,59.25,3140.25
07-09-2025,SKU-060,Product 60,18,70.14,1262.52
17-05-2025,SKU-024,Product 24,20,109.76,2195.2
18-09-2025,SKU-018,Product 18,2,89.39,178.78
01-09-2025,SKU-092,Product 92,27,131.65,3554.55
28-03-2025,SKU-001,Product 1,10,133.59,1335.9
23-09-2025,SKU-040,Product 40,33,20.93,690.69
27-04-2026,SKU-015,Product 15,31,98.54,3054.74
24-01-2025,SKU-095,Product 95,6,77.08,462.48
18-01-2026,SKU-097,Product 97,23,45.27,1041.21
02-03-2026,SKU-075,Product 75,44,13.71,603.24
27-08-2025,SKU-031,Product 31,4,52.96,211.84
20-11-2025,SKU-065,Product 65,26,29.77,774.02
07-04-2026,SKU-097,Product 97,27,45.27,1222.29
03-03-2026,SKU-047,Product 47,35,38.43,1345.05
24-10-2025,SKU-023,Product 23,5,129.88,649.4
02-06-2025,SKU-065,Product 65,16,29.77,476.32
31-08-2025,SKU-098,Product 98,27,5.2,140.4
08-06-2026,SKU-019,Product 19,37,83.88,3103.56
27-02-2026,SKU-013,Product 13,35,106.67,3733.45
16-03-2025,SKU-045,Product 45,19,80.28,1525.32
05-05-2026,SKU-083,Product 83,49,134.11,6571.39
18-03-2026,SKU-075,Product 75,6,13.71,82.26
01-01-2025,SKU-099,Product 99,9,48.68,438.12
07-08-2025,SKU-058,Product 58,25,122.59,3064.75
19-12-2025,SKU-003,Product 3,36,70.92,2553.12
27-07-2026,SKU-067,Product 67,51,99.67,5083.17
27-04-2025,SKU-046,Product 46,8,105.52,844.16
07-07-2025,SKU-055,Product 55,9,53.76,483.84
27-03-2025,SKU-054,Product 54,8,85.15,681.2
16-06-2026,SKU-027,Product 27,56,15.58,872.48
30-07-2025,SKU-015,Product 15,29,98.54,2857.66
09-01-2026,SKU-048,Product 48,44,18.02,792.88
12-04-2026,SKU-072,Product 72,34,108.25,3680.5
11-08-2025,SKU-094,Product 94,23,25.25,580.75
31-10-2025,SKU-018,Product 18,15,89.39,1340.85
10-07-2025,SKU-039,Product 39,21,9.81,206.01
01-01-2025,SKU-077,Product 77,10,62.14,621.4
12-03-2026,SKU-071,Product 71,29,41.39,1200.31
11-01-2025,SKU-036,Product 36,10,130.42,1304.2
25-09-2025,SKU-058,Product 58,33,122.59,4045.47
12-02-2026,SKU-077,Product 77,28,62.14,1739.92
13-09-2025,SKU-065,Product 65,20,29.77,595.4
28-06-2026,SKU-035,Product 35,57,42.05,2396.85
28-05-2026,SKU-013,Product 13,3,106.67,320.01
02-02-2026,SKU-063,Product 63,27,85.06,2296.62
05-11-2025,SKU-069,Product 69,10,113.3,1133
17-02-2025,SKU-077,Product 77,13,62.14,807.82
23-02-2025,SKU-018,Product 18,10,89.39,893.9
25-02-2026,SKU-072,Product 72,35,108.25,3788.75
06-12-2025,SKU-092,Product 92,11,131.65,1448.15
05-03-2026,SKU-041,Product 41,35,33.9,1186.5
01-07-2026,SKU-028,Product 28,26,68.24,1774.24
02-07-2026,SKU-049,Product 49,57,6.44,367.08
20-01-2025,SKU-006,Product 6,16,16.92,270.72
01-02-2026,SKU-011,Product 11,24,77.13,1851.12
18-09-2025,SKU-072,Product 72,28,108.25,3031
09-07-2026,SKU-041,Product 41,38,33.9,1288.2
24-01-2026,SKU-093,Product 93,12,41.04,492.48
09-11-2025,SKU-044,Product 44,18,14.73,265.14
27-02-2026,SKU-099,Product 99,31,48.68,1509.08
02-08-2025,SKU-035,Product 35,2,42.05,84.1
25-07-2026,SKU-036,Product 36,31,130.42,4043.02
22-05-2026,SKU-089,Product 89,32,62.65,2004.8
06-07-2025,SKU-099,Product 99,1,48.68,48.68
30-12-2025,SKU-058,Product 58,43,122.59,5271.37
25-06-2025,SKU-078,Product 78,28,23.81,666.68
22-02-2025,SKU-076,Product 76,3,5.46,16.38
18-03-2025,SKU-099,Product 99,8,48.68,389.44
25-01-2026,SKU-062,Product 62,12,40.67,488.04
08-05-2025,SKU-003,Product 3,1,70.92,70.92
17-06-2025,SKU-056,Product 56,24,140.51,3372.24
10-01-2025,SKU-008,Product 8,5,38.61,193.05
23-04-2026,SKU-098,Product 98,10,5.2,52
09-04-2025,SKU-006,Product 6,19,16.92,321.48
05-03-2025,SKU-029,Product 29,9,43.36,390.24
13-10-2025,SKU-012,Product 12,7,112.29,786.03
26-01-2026,SKU-096,Product 96,12,57.25,687
13-02-2026,SKU-053,Product 53,37,11.29,417.73
28-10-2025,SKU-081,Product 81,12,66.67,800.04
03-05-2026,SKU-065,Product 65,42,29.77,1250.34
04-04-2026,SKU-047,Product 47,16,38.43,614.88
01-03-2026,SKU-082,Product 82,28,82.39,2306.92
19-01-2025,SKU-073,Product 73,16,120.54,1928.64
15-10-2025,SKU-016,Product 16,17,128.07,2177.19
08-12-2025,SKU-016,Product 16,30,128.07,3842.1
23-06-2025,SKU-096,Product 96,5,57.25,286.25
07-03-2025,SKU-065,Product 65,2,29.77,59.54
27-04-2026,SKU-100,Product 100,49,56.59,2772.91
04-06-2026,SKU-077,Product 77,3,62.14,186.42
20-11-2025,SKU-067,Product 67,10,99.67,996.7
28-01-2026,SKU-079,Product 79,33,39.06,1288.98
13-08-2025,SKU-078,Product 78,28,23.81,666.68
10-04-2026,SKU-081,Product 81,6,66.67,400.02
07-01-2026,SKU-044,Product 44,14,14.73,206.22
21-10-2025,SKU-003,Product 3,7,70.92,496.44
23-04-2026,SKU-058,Product 58,6,122.59,735.54
25-02-2025,SKU-024,Product 24,18,109.76,1975.68
06-12-2025,SKU-073,Product 73,35,120.54,4218.9
05-06-2025,SKU-020,Product 20,14,89.85,1257.9
10-05-2026,SKU-025,Product 25,28,126.63,3545.64
26-02-2026,SKU-092,Product 92,28,131.65,3686.2
24-05-2026,SKU-060,Product 60,40,70.14,2805.6
13-07-2025,SKU-088,Product 88,26,65.71,1708.46
20-02-2026,SKU-037,Product 37,44,83.51,3674.44
26-09-2025,SKU-061,Product 61,7,141.95,993.65
26-06-2026,SKU-099,Product 99,53,48.68,2580.04
02-05-2025,SKU-019,Product 19,14,83.88,1174.32
24-03-2026,SKU-091,Product 91,43,12.64,543.52
16-08-2025,SKU-090,Product 90,28,41.98,1175.44
02-10-2025,SKU-034,Product 34,31,133.9,4150.9
07-11-2025,SKU-045,Product 45,20,80.28,1605.6
03-04-2025,SKU-003,Product 3,13,70.92,921.96
26-12-2025,SKU-006,Product 6,2,16.92,33.84
02-03-2026,SKU-043,Product 43,41,124.39,5099.99
14-04-2026,SKU-077,Product 77,41,62.14,2547.74
25-05-2025,SKU-096,Product 96,17,57.25,973.25
15-04-2025,SKU-039,Product 39,10,9.81,98.1
09-02-2026,SKU-061,Product 61,40,141.95,5678
07-02-2026,SKU-020,Product 20,15,89.85,1347.75
23-07-2026,SKU-079,Product 79,35,39.06,1367.1
02-04-2026,SKU-076,Product 76,43,5.46,234.78
08-02-2026,SKU-018,Product 18,24,89.39,2145.36
20-05-2026,SKU-060,Product 60,3,70.14,210.42
14-03-2026,SKU-043,Product 43,22,124.39,2736.58
10-01-2025,SKU-069,Product 69,3,113.3,339.9
05-02-2026,SKU-099,Product 99,12,48.68,584.16
05-12-2025,SKU-071,Product 71,5,41.39,206.95
10-06-2025,SKU-036,Product 36,1,130.42,130.42
21-02-2025,SKU-074,Product 74,16,102.79,1644.64
04-03-2025,SKU-075,Product 75,2,13.71,27.42
08-07-2026,SKU-029,Product 29,3,43.36,130.08
21-10-2025,SKU-006,Product 6,25,16.92,423
22-02-2026,SKU-087,Product 87,22,123.31,2712.82
26-01-2026,SKU-025,Product 25,45,126.63,5698.35
16-03-2025,SKU-072,Product 72,9,108.25,974.25
07-06-2025,SKU-073,Product 73,3,120.54,361.62
14-01-2025,SKU-032,Product 32,7,97.86,685.02
09-07-2026,SKU-071,Product 71,23,41.39,951.97
29-09-2025,SKU-058,Product 58,12,122.59,1471.08
17-04-2025,SKU-062,Product 62,3,40.67,122.01
15-06-2026,SKU-011,Product 11,33,77.13,2545.29
31-10-2025,SKU-060,Product 60,12,70.14,841.68
06-10-2025,SKU-014,Product 14,4,51.74,206.96
13-01-2025,SKU-030,Product 30,2,117.66,235.32
09-04-2026,SKU-069,Product 69,34,113.3,3852.2
20-01-2025,SKU-097,Product 97,8,45.27,362.16
20-03-2025,SKU-033,Product 33,11,53.43,587.73
11-03-2026,SKU-037,Product 37,48,83.51,4008.48
21-07-2026,SKU-060,Product 60,59,70.14,4138.26
13-01-2026,SKU-051,Product 51,14,104.22,1459.08
21-12-2025,SKU-034,Product 34,5,133.9,669.5
18-12-2025,SKU-043,Product 43,31,124.39,3856.09
29-12-2025,SKU-036,Product 36,11,130.42,1434.62
18-05-2026,SKU-100,Product 100,46,56.59,2603.14
03-06-2026,SKU-041,Product 41,7,33.9,237.3
28-10-2025,SKU-019,Product 19,15,83.88,1258.2
12-05-2026,SKU-091,Product 91,7,12.64,88.48
05-07-2026,SKU-018,Product 18,54,89.39,4827.06
25-04-2026,SKU-093,Product 93,38,41.04,1559.52
06-03-2025,SKU-017,Product 17,13,88.02,1144.26
08-08-2025,SKU-039,Product 39,25,9.81,245.25
08-03-2026,SKU-003,Product 3,19,70.92,1347.48
22-10-2025,SKU-006,Product 6,7,16.92,118.44
11-11-2025,SKU-049,Product 49,13,6.44,83.72
29-05-2026,SKU-048,Product 48,3,18.02,54.06
15-01-2025,SKU-071,Product 71,15,41.39,620.85
24-02-2026,SKU-056,Product 56,3,140.51,421.53
28-02-2025,SKU-068,Product 68,9,65.88,592.92
28-04-2026,SKU-028,Product 28,17,68.24,1160.08
15-07-2026,SKU-064,Product 64,31,117.63,3646.53
25-10-2025,SKU-017,Product 17,30,88.02,2640.6
01-03-2025,SKU-040,Product 40,7,20.93,146.51
24-03-2026,SKU-007,Product 7,16,81.18,1298.88
04-04-2025,SKU-049,Product 49,14,6.44,90.16
24-04-2026,SKU-004,Product 4,27,70.1,1892.7
22-08-2025,SKU-084,Product 84,28,108.64,3041.92
26-01-2026,SKU-003,Product 3,21,70.92,1489.32
29-07-2025,SKU-006,Product 6,6,16.92,101.52
04-03-2025,SKU-049,Product 49,14,6.44,90.16
19-02-2026,SKU-006,Product 6,47,16.92,795.24
16-10-2025,SKU-070,Product 70,34,38.61,1312.74
07-03-2025,SKU-064,Product 64,9,117.63,1058.67
31-01-2026,SKU-069,Product 69,27,113.3,3059.1
20-06-2026,SKU-097,Product 97,18,45.27,814.86
24-03-2026,SKU-095,Product 95,16,77.08,1233.28
12-10-2025,SKU-039,Product 39,37,9.81,362.97
16-10-2025,SKU-093,Product 93,32,41.04,1313.28
19-05-2026,SKU-010,Product 10,39,84.95,3313.05
30-11-2025,SKU-057,Product 57,21,27.94,586.74
13-08-2025,SKU-091,Product 91,6,12.64,75.84
25-04-2026,SKU-050,Product 50,20,42.38,847.6
16-05-2026,SKU-013,Product 13,17,106.67,1813.39
26-05-2025,SKU-072,Product 72,8,108.25,866
11-06-2025,SKU-078,Product 78,18,23.81,428.58
14-07-2025,SKU-085,Product 85,4,53.4,213.6
03-06-2025,SKU-086,Product 86,25,117.55,2938.75
04-03-2025,SKU-016,Product 16,15,128.07,1921.05
02-07-2025,SKU-082,Product 82,23,82.39,1894.97
01-01-2026,SKU-026,Product 26,28,66.33,1857.24
29-08-2025,SKU-097,Product 97,29,45.27,1312.83
27-02-2026,SKU-017,Product 17,25,88.02,2200.5
24-05-2025,SKU-071,Product 71,6,41.39,248.34
16-01-2025,SKU-056,Product 56,3,140.51,421.53
07-06-2025,SKU-064,Product 64,9,117.63,1058.67
11-04-2026,SKU-006,Product 6,37,16.92,626.04
28-08-2025,SKU-017,Product 17,31,88.02,2728.62
07-06-2025,SKU-098,Product 98,9,5.2,46.8
06-09-2025,SKU-057,Product 57,11,27.94,307.34
26-07-2026,SKU-049,Product 49,59,6.44,379.96
05-10-2025,SKU-060,Product 60,21,70.14,1472.94
05-07-2025,SKU-002,Product 2,29,116.06,3365.74
23-07-2025,SKU-091,Product 91,24,12.64,303.36
30-07-2025,SKU-009,Product 9,6,33.35,200.1
22-05-2026,SKU-067,Product 67,7,99.67,697.69
20-06-2025,SKU-021,Product 21,1,71.49,71.49
08-02-2025,SKU-015,Product 15,15,98.54,1478.1
07-12-2025,SKU-099,Product 99,5,48.68,243.4
19-06-2025,SKU-044,Product 44,5,14.73,73.65
02-02-2025,SKU-084,Product 84,2,108.64,217.28
26-09-2025,SKU-069,Product 69,7,113.3,793.1
29-05-2025,SKU-020,Product 20,1,89.85,89.85
05-07-2026,SKU-061,Product 61,27,141.95,3832.65
04-07-2026,SKU-042,Product 42,11,42.29,465.19
11-03-2026,SKU-012,Product 12,26,112.29,2919.54
23-05-2025,SKU-060,Product 60,26,70.14,1823.64
15-04-2025,SKU-022,Product 22,3,59.25,177.75
22-01-2025,SKU-038,Product 38,13,30.86,401.18
02-07-2025,SKU-054,Product 54,9,85.15,766.35
25-05-2025,SKU-075,Product 75,1,13.71,13.71
18-03-2026,SKU-085,Product 85,46,53.4,2456.4
26-12-2025,SKU-067,Product 67,40,99.67,3986.8
28-01-2026,SKU-091,Product 91,30,12.64,379.2
28-09-2025,SKU-096,Product 96,28,57.25,1603
16-04-2026,SKU-004,Product 4,27,70.1,1892.7
16-04-2026,SKU-088,Product 88,48,65.71,3154.08
07-03-2026,SKU-046,Product 46,25,105.52,2638
28-06-2026,SKU-068,Product 68,34,65.88,2239.92
07-11-2025,SKU-006,Product 6,33,16.92,558.36
15-07-2025,SKU-062,Product 62,22,40.67,894.74
29-01-2025,SKU-086,Product 86,16,117.55,1880.8
13-07-2026,SKU-062,Product 62,42,40.67,1708.14
17-02-2025,SKU-008,Product 8,12,38.61,463.32
13-01-2026,SKU-056,Product 56,2,140.51,281.02
06-09-2025,SKU-088,Product 88,25,65.71,1642.75
18-10-2025,SKU-055,Product 55,17,53.76,913.92
23-10-2025,SKU-072,Product 72,22,108.25,2381.5
29-06-2026,SKU-092,Product 92,45,131.65,5924.25
22-05-2025,SKU-038,Product 38,25,30.86,771.5
22-01-2026,SKU-065,Product 65,12,29.77,357.24
25-04-2025,SKU-014,Product 14,22,51.74,1138.28
04-12-2025,SKU-006,Product 6,22,16.92,372.24
08-02-2025,SKU-035,Product 35,15,42.05,630.75
09-04-2026,SKU-028,Product 28,47,68.24,3207.28
25-10-2025,SKU-072,Product 72,38,108.25,4113.5
12-01-2025,SKU-008,Product 8,12,38.61,463.32
10-04-2025,SKU-005,Product 5,7,112.77,789.39
07-04-2025,SKU-062,Product 62,16,40.67,650.72
01-03-2025,SKU-067,Product 67,5,99.67,498.35
08-01-2025,SKU-027,Product 27,11,15.58,171.38
28-09-2025,SKU-006,Product 6,19,16.92,321.48
03-11-2025,SKU-005,Product 5,33,112.77,3721.41
28-03-2026,SKU-044,Product 44,16,14.73,235.68
28-02-2025,SKU-027,Product 27,6,15.58,93.48
18-08-2025,SKU-042,Product 42,26,42.29,1099.54
02-02-2026,SKU-027,Product 27,36,15.58,560.88
05-11-2025,SKU-039,Product 39,10,9.81,98.1
25-02-2025,SKU-010,Product 10,15,84.95,1274.25
21-02-2025,SKU-007,Product 7,12,81.18,974.16
04-05-2025,SKU-081,Product 81,11,66.67,733.37
17-11-2025,SKU-084,Product 84,39,108.64,4236.96
25-05-2025,SKU-061,Product 61,13,141.95,1845.35
17-04-2025,SKU-031,Product 31,10,52.96,529.6
17-06-2026,SKU-075,Product 75,41,13.71,562.11
25-07-2026,SKU-057,Product 57,51,27.94,1424.94
09-04-2026,SKU-074,Product 74,44,102.79,4522.76
04-02-2026,SKU-041,Product 41,30,33.9,1017
02-06-2025,SKU-024,Product 24,12,109.76,1317.12
06-03-2025,SKU-051,Product 51,2,104.22,208.44
12-05-2026,SKU-013,Product 13,25,106.67,2666.75
27-03-2026,SKU-022,Product 22,23,59.25,1362.75
29-04-2025,SKU-074,Product 74,14,102.79,1439.06
02-03-2025,SKU-046,Product 46,7,105.52,738.64
15-08-2025,SKU-089,Product 89,2,62.65,125.3
23-07-2025,SKU-022,Product 22,14,59.25,829.5
16-10-2025,SKU-059,Product 59,7,143.98,1007.86
25-01-2026,SKU-036,Product 36,27,130.42,3521.34
13-01-2026,SKU-035,Product 35,17,42.05,714.85
13-02-2026,SKU-009,Product 9,3,33.35,100.05
14-09-2025,SKU-073,Product 73,34,120.54,4098.36
03-02-2025,SKU-030,Product 30,14,117.66,1647.24
25-03-2025,SKU-009,Product 9,10,33.35,333.5
05-02-2026,SKU-012,Product 12,46,112.29,5165.34
21-08-2025,SKU-009,Product 9,26,33.35,867.1
30-01-2025,SKU-018,Product 18,4,89.39,357.56
12-02-2025,SKU-040,Product 40,15,20.93,313.95
06-11-2025,SKU-071,Product 71,39,41.39,1614.21
13-11-2025,SKU-088,Product 88,2,65.71,131.42
27-06-2026,SKU-088,Product 88,19,65.71,1248.49
17-03-2026,SKU-019,Product 19,6,83.88,503.28
22-05-2025,SKU-075,Product 75,3,13.71,41.13
15-09-2025,SKU-079,Product 79,23,39.06,898.38
25-01-2025,SKU-095,Product 95,5,77.08,385.4
15-06-2025,SKU-004,Product 4,20,70.1,1402
18-04-2026,SKU-007,Product 7,13,81.18,1055.34
30-06-2026,SKU-010,Product 10,38,84.95,3228.1
21-12-2025,SKU-099,Product 99,34,48.68,1655.12
26-09-2025,SKU-079,Product 79,21,39.06,820.26
06-07-2025,SKU-063,Product 63,13,85.06,1105.78
03-09-2025,SKU-044,Product 44,4,14.73,58.92
16-04-2026,SKU-094,Product 94,17,25.25,429.25
21-03-2025,SKU-072,Product 72,7,108.25,757.75
25-07-2025,SKU-037,Product 37,2,83.51,167.02
11-09-2025,SKU-082,Product 82,34,82.39,2801.26
01-01-2026,SKU-049,Product 49,26,6.44,167.44
23-10-2025,SKU-048,Product 48,22,18.02,396.44
27-02-2025,SKU-018,Product 18,5,89.39,446.95
29-11-2025,SKU-024,Product 24,16,109.76,1756.16
21-04-2026,SKU-097,Product 97,52,45.27,2354.04
21-04-2025,SKU-067,Product 67,12,99.67,1196.04
18-06-2026,SKU-033,Product 33,26,53.43,1389.18
22-07-2025,SKU-008,Product 8,8,38.61,308.88
18-02-2025,SKU-045,Product 45,8,80.28,642.24
10-09-2025,SKU-096,Product 96,16,57.25,916
27-07-2025,SKU-048,Product 48,31,18.02,558.62
19-06-2025,SKU-085,Product 85,11,53.4,587.4
06-01-2025,SKU-082,Product 82,11,82.39,906.29
28-02-2025,SKU-083,Product 83,13,134.11,1743.43
24-08-2025,SKU-002,Product 2,17,116.06,1973.02
27-02-2026,SKU-005,Product 5,3,112.77,338.31
19-01-2025,SKU-071,Product 71,4,41.39,165.56
08-04-2025,SKU-016,Product 16,3,128.07,384.21
08-07-2026,SKU-100,Product 100,19,56.59,1075.21
06-04-2025,SKU-017,Product 17,16,88.02,1408.32
23-12-2025,SKU-091,Product 91,39,12.64,492.96
25-08-2025,SKU-089,Product 89,31,62.65,1942.15
30-04-2026,SKU-010,Product 10,24,84.95,2038.8
30-05-2025,SKU-096,Product 96,5,57.25,286.25
21-07-2026,SKU-094,Product 94,51,25.25,1287.75
13-11-2025,SKU-048,Product 48,18,18.02,324.36
11-07-2026,SKU-020,Product 20,19,89.85,1707.15
12-06-2026,SKU-061,Product 61,14,141.95,1987.3
05-10-2025,SKU-033,Product 33,31,53.43,1656.33
17-09-2025,SKU-048,Product 48,21,18.02,378.42
03-02-2025,SKU-018,Product 18,1,89.39,89.39
05-10-2025,SKU-058,Product 58,12,122.59,1471.08
25-05-2025,SKU-056,Product 56,24,140.51,3372.24
10-02-2025,SKU-039,Product 39,1,9.81,9.81
14-06-2025,SKU-067,Product 67,9,99.67,897.03
11-04-2026,SKU-063,Product 63,37,85.06,3147.22
29-04-2026,SKU-063,Product 63,17,85.06,1446.02
14-02-2026,SKU-092,Product 92,21,131.65,2764.65
19-07-2026,SKU-083,Product 83,31,134.11,4157.41
04-03-2026,SKU-025,Product 25,28,126.63,3545.64
08-10-2025,SKU-061,Product 61,7,141.95,993.65
25-02-2026,SKU-090,Product 90,3,41.98,125.94
07-07-2025,SKU-050,Product 50,29,42.38,1229.02
22-03-2026,SKU-091,Product 91,43,12.64,543.52
27-08-2025,SKU-013,Product 13,24,106.67,2560.08
06-07-2026,SKU-006,Product 6,50,16.92,846
21-03-2025,SKU-040,Product 40,9,20.93,188.37
09-03-2026,SKU-100,Product 100,38,56.59,2150.42
10-09-2025,SKU-075,Product 75,20,13.71,274.2
14-07-2026,SKU-054,Product 54,23,85.15,1958.45
24-06-2026,SKU-069,Product 69,30,113.3,3399
26-07-2026,SKU-086,Product 86,11,117.55,1293.05
09-01-2026,SKU-035,Product 35,32,42.05,1345.6
16-06-2025,SKU-082,Product 82,3,82.39,247.17
03-09-2025,SKU-031,Product 31,2,52.96,105.92
26-05-2026,SKU-020,Product 20,43,89.85,3863.55
09-01-2025,SKU-079,Product 79,8,39.06,312.48
20-06-2025,SKU-044,Product 44,20,14.73,294.6
13-03-2025,SKU-067,Product 67,10,99.67,996.7
30-08-2025,SKU-009,Product 9,6,33.35,200.1
21-03-2025,SKU-070,Product 70,11,38.61,424.71
23-05-2026,SKU-044,Product 44,54,14.73,795.42
02-08-2025,SKU-041,Product 41,10,33.9,339
18-05-2025,SKU-052,Product 52,20,79.76,1595.2
02-05-2026,SKU-027,Product 27,45,15.58,701.1
03-07-2026,SKU-017,Product 17,15,88.02,1320.3
30-11-2025,SKU-070,Product 70,8,38.61,308.88
31-01-2026,SKU-052,Product 52,12,79.76,957.12
06-04-2026,SKU-026,Product 26,33,66.33,2188.89
27-01-2026,SKU-018,Product 18,18,89.39,1609.02
15-02-2026,SKU-091,Product 91,25,12.64,316
24-06-2025,SKU-017,Product 17,20,88.02,1760.4
06-02-2025,SKU-042,Product 42,4,42.29,169.16
02-03-2025,SKU-049,Product 49,2,6.44,12.88
21-12-2025,SKU-013,Product 13,17,106.67,1813.39
04-11-2025,SKU-070,Product 70,31,38.61,1196.91
20-09-2025,SKU-061,Product 61,28,141.95,3974.6
02-04-2025,SKU-074,Product 74,7,102.79,719.53
27-05-2026,SKU-043,Product 43,43,124.39,5348.77
12-08-2025,SKU-026,Product 26,19,66.33,1260.27
09-08-2025,SKU-036,Product 36,30,130.42,3912.6
20-01-2025,SKU-078,Product 78,1,23.81,23.81
08-08-2025,SKU-080,Product 80,27,14.32,386.64
07-06-2026,SKU-096,Product 96,55,57.25,3148.75
29-03-2025,SKU-025,Product 25,14,126.63,1772.82
30-03-2026,SKU-046,Product 46,10,105.52,1055.2
13-09-2025,SKU-100,Product 100,6,56.59,339.54
13-12-2025,SKU-064,Product 64,2,117.63,235.26
08-10-2025,SKU-056,Product 56,7,140.51,983.57
19-06-2025,SKU-043,Product 43,22,124.39,2736.58
31-01-2026,SKU-093,Product 93,21,41.04,861.84
17-05-2026,SKU-087,Product 87,46,123.31,5672.26
03-09-2025,SKU-095,Product 95,34,77.08,2620.72
22-07-2026,SKU-072,Product 72,11,108.25,1190.75
24-11-2025,SKU-006,Product 6,24,16.92,406.08
04-04-2026,SKU-033,Product 33,33,53.43,1763.19
03-08-2025,SKU-044,Product 44,16,14.73,235.68
22-02-2026,SKU-039,Product 39,15,9.81,147.15
19-04-2025,SKU-032,Product 32,15,97.86,1467.9
26-01-2025,SKU-087,Product 87,1,123.31,123.31
11-11-2025,SKU-076,Product 76,18,5.46,98.28
15-01-2026,SKU-008,Product 8,2,38.61,77.22
03-05-2025,SKU-009,Product 9,9,33.35,300.15
05-03-2026,SKU-097,Product 97,19,45.27,860.13
29-09-2025,SKU-061,Product 61,4,141.95,567.8
11-02-2025,SKU-062,Product 62,1,40.67,40.67
11-06-2026,SKU-064,Product 64,37,117.63,4352.31
13-01-2026,SKU-074,Product 74,35,102.79,3597.65
12-06-2025,SKU-059,Product 59,5,143.98,719.9
25-04-2026,SKU-013,Product 13,20,106.67,2133.4
04-04-2025,SKU-081,Product 81,1,66.67,66.67
11-06-2025,SKU-030,Product 30,3,117.66,352.98
02-08-2025,SKU-089,Product 89,14,62.65,877.1
07-03-2026,SKU-088,Product 88,12,65.71,788.52
07-08-2025,SKU-095,Product 95,29,77.08,2235.32
14-02-2026,SKU-009,Product 9,37,33.35,1233.95
05-01-2025,SKU-046,Product 46,4,105.52,422.08
02-06-2025,SKU-030,Product 30,8,117.66,941.28
19-11-2025,SKU-031,Product 31,32,52.96,1694.72
19-05-2025,SKU-008,Product 8,6,38.61,231.66
20-05-2025,SKU-012,Product 12,22,112.29,2470.38
27-11-2025,SKU-081,Product 81,8,66.67,533.36
18-01-2026,SKU-028,Product 28,17,68.24,1160.08
26-06-2026,SKU-057,Product 57,45,27.94,1257.3
06-06-2025,SKU-040,Product 40,9,20.93,188.37
27-02-2025,SKU-060,Product 60,2,70.14,140.28
01-03-2025,SKU-048,Product 48,6,18.02,108.12
27-03-2026,SKU-062,Product 62,33,40.67,1342.11
15-07-2026,SKU-073,Product 73,31,120.54,3736.74
12-04-2026,SKU-050,Product 50,34,42.38,1440.92
01-09-2025,SKU-069,Product 69,29,113.3,3285.7
10-04-2025,SKU-004,Product 4,16,70.1,1121.6
22-10-2025,SKU-063,Product 63,27,85.06,2296.62
12-11-2025,SKU-086,Product 86,5,117.55,587.75
02-10-2025,SKU-060,Product 60,33,70.14,2314.62
28-07-2026,SKU-089,Product 89,15,62.65,939.75
22-05-2026,SKU-031,Product 31,32,52.96,1694.72
06-06-2025,SKU-084,Product 84,9,108.64,977.76
06-03-2025,SKU-024,Product 24,11,109.76,1207.36
03-08-2025,SKU-059,Product 59,29,143.98,4175.42
30-07-2026,SKU-020,Product 20,23,89.85,2066.55
22-03-2025,SKU-008,Product 8,5,38.61,193.05
04-07-2025,SKU-051,Product 51,27,104.22,2813.94
03-05-2026,SKU-057,Product 57,3,27.94,83.82
06-01-2026,SKU-024,Product 24,26,109.76,2853.76
09-07-2025,SKU-078,Product 78,25,23.81,595.25
22-03-2026,SKU-066,Product 66,36,50.43,1815.48
24-04-2025,SKU-077,Product 77,22,62.14,1367.08
25-05-2025,SKU-017,Product 17,17,88.02,1496.34
01-07-2026,SKU-099,Product 99,57,48.68,2774.76
05-02-2026,SKU-088,Product 88,6,65.71,394.26
08-04-2025,SKU-056,Product 56,7,140.51,983.57
21-08-2025,SKU-047,Product 47,30,38.43,1152.9
13-10-2025,SKU-038,Product 38,9,30.86,277.74
11-01-2026,SKU-099,Product 99,41,48.68,1995.88
12-07-2026,SKU-029,Product 29,23,43.36,997.28
01-08-2025,SKU-029,Product 29,18,43.36,780.48
07-07-2026,SKU-069,Product 69,11,113.3,1246.3
14-11-2025,SKU-032,Product 32,39,97.86,3816.54
11-05-2026,SKU-095,Product 95,46,77.08,3545.68
23-03-2026,SKU-082,Product 82,43,82.39,3542.77
28-04-2025,SKU-078,Product 78,1,23.81,23.81
12-03-2026,SKU-004,Product 4,6,70.1,420.6
12-06-2026,SKU-067,Product 67,52,99.67,5182.84
26-06-2026,SKU-091,Product 91,45,12.64,568.8
21-03-2026,SKU-021,Product 21,33,71.49,2359.17
06-07-2026,SKU-026,Product 26,27,66.33,1790.91
13-05-2026,SKU-054,Product 54,3,85.15,255.45
18-08-2025,SKU-051,Product 51,28,104.22,2918.16
01-05-2025,SKU-054,Product 54,11,85.15,936.65
22-05-2025,SKU-034,Product 34,1,133.9,133.9
09-07-2025,SKU-081,Product 81,21,66.67,1400.07
19-01-2026,SKU-006,Product 6,8,16.92,135.36
17-04-2026,SKU-098,Product 98,17,5.2,88.4
23-11-2025,SKU-048,Product 48,8,18.02,144.16
10-08-2025,SKU-068,Product 68,30,65.88,1976.4
09-01-2025,SKU-015,Product 15,3,98.54,295.62
01-06-2026,SKU-007,Product 7,14,81.18,1136.52
26-03-2026,SKU-076,Product 76,26,5.46,141.96
15-11-2025,SKU-071,Product 71,31,41.39,1283.09
26-06-2025,SKU-072,Product 72,26,108.25,2814.5
15-10-2025,SKU-019,Product 19,32,83.88,2684.16
20-12-2025,SKU-073,Product 73,22,120.54,2651.88
02-04-2025,SKU-012,Product 12,10,112.29,1122.9
24-04-2026,SKU-077,Product 77,6,62.14,372.84
07-04-2026,SKU-020,Product 20,10,89.85,898.5
27-03-2026,SKU-036,Product 36,3,130.42,391.26
14-07-2026,SKU-060,Product 60,23,70.14,1613.22
27-10-2025,SKU-098,Product 98,2,5.2,10.4
25-12-2025,SKU-043,Product 43,42,124.39,5224.38
19-10-2025,SKU-100,Product 100,20,56.59,1131.8
27-08-2025,SKU-074,Product 74,22,102.79,2261.38
28-06-2025,SKU-091,Product 91,3,12.64,37.92
28-05-2026,SKU-020,Product 20,40,89.85,3594
09-04-2025,SKU-050,Product 50,7,42.38,296.66
15-02-2026,SKU-090,Product 90,40,41.98,1679.2
08-02-2025,SKU-075,Product 75,2,13.71,27.42
07-01-2026,SKU-031,Product 31,11,52.96,582.56
15-06-2025,SKU-006,Product 6,20,16.92,338.4
23-07-2025,SKU-100,Product 100,22,56.59,1244.98
30-11-2025,SKU-049,Product 49,24,6.44,154.56
24-09-2025,SKU-010,Product 10,11,84.95,934.45
22-05-2026,SKU-078,Product 78,50,23.81,1190.5
27-06-2025,SKU-069,Product 69,7,113.3,793.1
09-05-2025,SKU-078,Product 78,16,23.81,380.96
25-09-2025,SKU-067,Product 67,33,99.67,3289.11
10-03-2026,SKU-058,Product 58,22,122.59,2696.98
26-08-2025,SKU-052,Product 52,15,79.76,1196.4
03-06-2025,SKU-092,Product 92,1,131.65,131.65
08-03-2025,SKU-090,Product 90,6,41.98,251.88
01-11-2025,SKU-071,Product 71,23,41.39,951.97
16-07-2026,SKU-052,Product 52,43,79.76,3429.68
04-03-2026,SKU-076,Product 76,6,5.46,32.76
14-04-2026,SKU-097,Product 97,41,45.27,1856.07
29-05-2026,SKU-076,Product 76,14,5.46,76.44
27-07-2026,SKU-030,Product 30,47,117.66,5530.02
22-10-2025,SKU-079,Product 79,32,39.06,1249.92
12-04-2026,SKU-064,Product 64,51,117.63,5999.13
06-09-2025,SKU-098,Product 98,25,5.2,130
20-11-2025,SKU-035,Product 35,29,42.05,1219.45
09-01-2025,SKU-058,Product 58,8,122.59,980.72
16-06-2026,SKU-026,Product 26,30,66.33,1989.9
28-06-2025,SKU-007,Product 7,7,81.18,568.26
23-07-2026,SKU-017,Product 17,27,88.02,2376.54
23-02-2026,SKU-066,Product 66,15,50.43,756.45
31-03-2026,SKU-028,Product 28,20,68.24,1364.8
30-09-2025,SKU-007,Product 7,16,81.18,1298.88
19-01-2026,SKU-077,Product 77,20,62.14,1242.8
22-12-2025,SKU-056,Product 56,2,140.51,281.02
13-02-2025,SKU-024,Product 24,14,109.76,1536.64
05-06-2025,SKU-030,Product 30,16,117.66,1882.56
27-12-2025,SKU-037,Product 37,31,83.51,2588.81
17-03-2025,SKU-017,Product 17,9,88.02,792.18
11-08-2025,SKU-070,Product 70,8,38.61,308.88
09-03-2025,SKU-094,Product 94,17,25.25,429.25
08-06-2026,SKU-089,Product 89,48,62.65,3007.2
31-05-2026,SKU-015,Product 15,29,98.54,2857.66
04-05-2026,SKU-073,Product 73,53,120.54,6388.62
20-06-2026,SKU-049,Product 49,26,6.44,167.44
09-03-2025,SKU-015,Product 15,13,98.54,1281.02
26-12-2025,SKU-058,Product 58,25,122.59,3064.75
04-06-2025,SKU-075,Product 75,1,13.71,13.71
13-07-2025,SKU-074,Product 74,14,102.79,1439.06
22-11-2025,SKU-018,Product 18,29,89.39,2592.31
11-04-2026,SKU-056,Product 56,51,140.51,7166.01
22-09-2025,SKU-012,Product 12,21,112.29,2358.09
10-03-2026,SKU-028,Product 28,16,68.24,1091.84
05-04-2025,SKU-053,Product 53,7,11.29,79.03
23-03-2025,SKU-018,Product 18,7,89.39,625.73
01-04-2025,SKU-036,Product 36,16,130.42,2086.72
20-02-2025,SKU-091,Product 91,16,12.64,202.24
21-04-2026,SKU-002,Product 2,34,116.06,3946.04
07-02-2026,SKU-014,Product 14,6,51.74,310.44
21-07-2026,SKU-091,Product 91,43,12.64,543.52
20-02-2026,SKU-081,Product 81,44,66.67,2933.48
18-12-2025,SKU-037,Product 37,19,83.51,1586.69
06-02-2026,SKU-046,Product 46,37,105.52,3904.24
14-09-2025,SKU-067,Product 67,30,99.67,2990.1
18-04-2025,SKU-073,Product 73,3,120.54,361.62
26-04-2026,SKU-042,Product 42,38,42.29,1607.02
10-12-2025,SKU-052,Product 52,2,79.76,159.52
20-10-2025,SKU-043,Product 43,12,124.39,1492.68
17-04-2025,SKU-017,Product 17,1,88.02,88.02
10-04-2025,SKU-008,Product 8,7,38.61,270.27
28-02-2026,SKU-020,Product 20,22,89.85,1976.7
22-05-2025,SKU-033,Product 33,24,53.43,1282.32
17-04-2026,SKU-092,Product 92,41,131.65,5397.65
16-10-2025,SKU-085,Product 85,34,53.4,1815.6
15-01-2025,SKU-004,Product 4,7,70.1,490.7
25-12-2025,SKU-013,Product 13,11,106.67,1173.37
13-07-2026,SKU-080,Product 80,58,14.32,830.56
31-10-2025,SKU-039,Product 39,12,9.81,117.72
18-04-2025,SKU-092,Product 92,18,131.65,2369.7
27-04-2025,SKU-018,Product 18,8,89.39,715.12
20-08-2025,SKU-041,Product 41,19,33.9,644.1
23-04-2025,SKU-054,Product 54,15,85.15,1277.25
10-06-2026,SKU-024,Product 24,26,109.76,2853.76
27-04-2025,SKU-069,Product 69,22,113.3,2492.6
21-05-2025,SKU-015,Product 15,5,98.54,492.7
11-10-2025,SKU-098,Product 98,24,5.2,124.8
22-08-2025,SKU-048,Product 48,6,18.02,108.12
29-05-2026,SKU-097,Product 97,25,45.27,1131.75
29-03-2025,SKU-035,Product 35,5,42.05,210.25
15-11-2025,SKU-003,Product 3,7,70.92,496.44
12-03-2026,SKU-024,Product 24,32,109.76,3512.32
26-03-2025,SKU-023,Product 23,8,129.88,1039.04
14-03-2025,SKU-089,Product 89,8,62.65,501.2
15-12-2025,SKU-059,Product 59,39,143.98,5615.22
17-08-2025,SKU-045,Product 45,30,80.28,2408.4
16-01-2025,SKU-038,Product 38,3,30.86,92.58
09-05-2025,SKU-010,Product 10,18,84.95,1529.1
04-04-2025,SKU-060,Product 60,16,70.14,1122.24
02-01-2025,SKU-051,Product 51,7,104.22,729.54
14-09-2025,SKU-027,Product 27,2,15.58,31.16
14-01-2026,SKU-038,Product 38,38,30.86,1172.68
23-01-2026,SKU-068,Product 68,24,65.88,1581.12
17-04-2025,SKU-019,Product 19,6,83.88,503.28
28-03-2026,SKU-020,Product 20,46,89.85,4133.1
17-03-2026,SKU-065,Product 65,19,29.77,565.63
01-07-2025,SKU-053,Product 53,19,11.29,214.51
14-03-2025,SKU-046,Product 46,20,105.52,2110.4
08-02-2026,SKU-036,Product 36,24,130.42,3130.08
04-07-2025,SKU-051,Product 51,23,104.22,2397.06
18-12-2025,SKU-093,Product 93,33,41.04,1354.32
24-07-2025,SKU-033,Product 33,16,53.43,854.88
21-08-2025,SKU-007,Product 7,15,81.18,1217.7
12-04-2026,SKU-019,Product 19,30,83.88,2516.4
06-02-2025,SKU-085,Product 85,4,53.4,213.6
11-02-2025,SKU-099,Product 99,9,48.68,438.12
07-06-2025,SKU-089,Product 89,25,62.65,1566.25
27-08-2025,SKU-098,Product 98,33,5.2,171.6
16-07-2025,SKU-032,Product 32,8,97.86,782.88
28-02-2026,SKU-009,Product 9,41,33.35,1367.35
17-01-2026,SKU-048,Product 48,8,18.02,144.16
18-09-2025,SKU-093,Product 93,14,41.04,574.56
03-08-2025,SKU-096,Product 96,12,57.25,687
26-03-2025,SKU-035,Product 35,15,42.05,630.75
19-04-2025,SKU-074,Product 74,15,102.79,1541.85
20-03-2025,SKU-088,Product 88,19,65.71,1248.49
01-05-2025,SKU-059,Product 59,17,143.98,2447.66
06-03-2025,SKU-053,Product 53,14,11.29,158.06
08-10-2025,SKU-083,Product 83,7,134.11,938.77
10-10-2025,SKU-052,Product 52,27,79.76,2153.52
07-05-2026,SKU-095,Product 95,53,77.08,4085.24
28-08-2025,SKU-027,Product 27,17,15.58,264.86
04-03-2026,SKU-063,Product 63,22,85.06,1871.32
11-10-2025,SKU-064,Product 64,9,117.63,1058.67
05-05-2026,SKU-010,Product 10,17,84.95,1444.15
27-02-2026,SKU-009,Product 9,3,33.35,100.05
04-07-2025,SKU-075,Product 75,29,13.71,397.59
24-12-2025,SKU-075,Product 75,2,13.71,27.42
26-12-2025,SKU-089,Product 89,5,62.65,313.25
20-10-2025,SKU-091,Product 91,25,12.64,316
27-10-2025,SKU-006,Product 6,35,16.92,592.2
02-01-2026,SKU-013,Product 13,40,106.67,4266.8
30-06-2026,SKU-045,Product 45,3,80.28,240.84
03-01-2025,SKU-005,Product 5,12,112.77,1353.24
14-05-2026,SKU-009,Product 9,25,33.35,833.75
01-04-2025,SKU-041,Product 41,5,33.9,169.5
27-11-2025,SKU-073,Product 73,27,120.54,3254.58
24-11-2025,SKU-047,Product 47,32,38.43,1229.76
16-07-2025,SKU-036,Product 36,26,130.42,3390.92
08-11-2025,SKU-098,Product 98,13,5.2,67.6
27-04-2026,SKU-047,Product 47,17,38.43,653.31
19-05-2025,SKU-025,Product 25,3,126.63,379.89
19-09-2025,SKU-016,Product 16,14,128.07,1792.98
31-01-2025,SKU-095,Product 95,12,77.08,924.96
26-12-2025,SKU-092,Product 92,2,131.65,263.3
12-02-2025,SKU-010,Product 10,17,84.95,1444.15
19-09-2025,SKU-085,Product 85,7,53.4,373.8
07-01-2025,SKU-086,Product 86,1,117.55,117.55
13-06-2026,SKU-053,Product 53,7,11.29,79.03
30-04-2026,SKU-073,Product 73,38,120.54,4580.52
13-04-2026,SKU-073,Product 73,6,120.54,723.24
10-04-2025,SKU-022,Product 22,18,59.25,1066.5
19-09-2025,SKU-013,Product 13,7,106.67,746.69
20-08-2025,SKU-094,Product 94,30,25.25,757.5
20-05-2025,SKU-011,Product 11,1,77.13,77.13
17-03-2025,SKU-072,Product 72,11,108.25,1190.75
12-01-2025,SKU-098,Product 98,2,5.2,10.4
07-01-2025,SKU-029,Product 29,3,43.36,130.08
09-02-2026,SKU-033,Product 33,3,53.43,160.29
06-04-2026,SKU-062,Product 62,44,40.67,1789.48
25-09-2025,SKU-089,Product 89,9,62.65,563.85
27-09-2025,SKU-075,Product 75,31,13.71,425.01
04-03-2025,SKU-026,Product 26,6,66.33,397.98
22-04-2026,SKU-094,Product 94,45,25.25,1136.25
17-02-2026,SKU-003,Product 3,28,70.92,1985.76
15-07-2026,SKU-047,Product 47,19,38.43,730.17
07-01-2025,SKU-004,Product 4,4,70.1,280.4
13-04-2026,SKU-087,Product 87,34,123.31,4192.54
17-04-2025,SKU-085,Product 85,4,53.4,213.6
19-08-2025,SKU-005,Product 5,2,112.77,225.54
04-07-2026,SKU-077,Product 77,57,62.14,3541.98
14-07-2026,SKU-088,Product 88,58,65.71,3811.18
11-03-2025,SKU-061,Product 61,19,141.95,2697.05
27-07-2026,SKU-075,Product 75,23,13.71,315.33
16-12-2025,SKU-095,Product 95,14,77.08,1079.12
27-06-2026,SKU-087,Product 87,41,123.31,5055.71
25-06-2025,SKU-052,Product 52,28,79.76,2233.28
03-03-2025,SKU-007,Product 7,5,81.18,405.9
17-10-2025,SKU-097,Product 97,35,45.27,1584.45
30-05-2026,SKU-045,Product 45,36,80.28,2890.08
20-11-2025,SKU-095,Product 95,34,77.08,2620.72
11-02-2026,SKU-009,Product 9,40,33.35,1334
11-04-2025,SKU-039,Product 39,22,9.81,215.82
12-06-2025,SKU-073,Product 73,3,120.54,361.62
26-02-2026,SKU-059,Product 59,44,143.98,6335.12
25-06-2025,SKU-039,Product 39,22,9.81,215.82
15-09-2025,SKU-046,Product 46,25,105.52,2638
03-04-2026,SKU-086,Product 86,20,117.55,2351
16-04-2025,SKU-036,Product 36,7,130.42,912.94
07-07-2025,SKU-082,Product 82,19,82.39,1565.41
22-04-2026,SKU-071,Product 71,45,41.39,1862.55
28-04-2025,SKU-045,Product 45,8,80.28,642.24
09-02-2025,SKU-069,Product 69,2,113.3,226.6
13-10-2025,SKU-047,Product 47,4,38.43,153.72
22-01-2025,SKU-038,Product 38,13,30.86,401.18
18-01-2025,SKU-003,Product 3,11,70.92,780.12
07-10-2025,SKU-026,Product 26,19,66.33,1260.27
27-06-2026,SKU-004,Product 4,57,70.1,3995.7
30-04-2026,SKU-015,Product 15,31,98.54,3054.74
01-07-2026,SKU-094,Product 94,23,25.25,580.75
11-02-2026,SKU-028,Product 28,9,68.24,614.16
07-10-2025,SKU-031,Product 31,14,52.96,741.44
12-05-2026,SKU-066,Product 66,50,50.43,2521.5
16-10-2025,SKU-073,Product 73,4,120.54,482.16
22-02-2026,SKU-035,Product 35,12,42.05,504.6
14-07-2026,SKU-024,Product 24,11,109.76,1207.36
05-02-2025,SKU-045,Product 45,1,80.28,80.28
10-07-2026,SKU-001,Product 1,15,133.59,2003.85
02-11-2025,SKU-050,Product 50,2,42.38,84.76
06-05-2026,SKU-025,Product 25,28,126.63,3545.64
03-04-2025,SKU-010,Product 10,22,84.95,1868.9
09-03-2026,SKU-045,Product 45,42,80.28,3371.76
11-07-2025,SKU-057,Product 57,11,27.94,307.34
19-04-2026,SKU-071,Product 71,27,41.39,1117.53
22-04-2025,SKU-020,Product 20,6,89.85,539.1
08-04-2026,SKU-095,Product 95,6,77.08,462.48
23-03-2026,SKU-092,Product 92,16,131.65,2106.4
06-04-2025,SKU-031,Product 31,14,52.96,741.44
25-09-2025,SKU-058,Product 58,2,122.59,245.18
21-04-2026,SKU-027,Product 27,45,15.58,701.1
15-04-2026,SKU-049,Product 49,44,6.44,283.36
17-04-2025,SKU-031,Product 31,6,52.96,317.76
27-03-2026,SKU-074,Product 74,6,102.79,616.74
24-02-2025,SKU-023,Product 23,5,129.88,649.4
14-12-2025,SKU-080,Product 80,42,14.32,601.44
28-12-2025,SKU-003,Product 3,8,70.92,567.36
20-05-2025,SKU-073,Product 73,6,120.54,723.24
26-09-2025,SKU-064,Product 64,16,117.63,1882.08
31-05-2026,SKU-025,Product 25,3,126.63,379.89
13-08-2025,SKU-059,Product 59,15,143.98,2159.7
29-12-2025,SKU-090,Product 90,34,41.98,1427.32
30-05-2025,SKU-004,Product 4,12,70.1,841.2
26-05-2026,SKU-044,Product 44,25,14.73,368.25
04-01-2025,SKU-098,Product 98,11,5.2,57.2
15-09-2025,SKU-027,Product 27,11,15.58,171.38
11-02-2026,SKU-095,Product 95,34,77.08,2620.72
01-05-2025,SKU-039,Product 39,1,9.81,9.81
08-06-2026,SKU-097,Product 97,44,45.27,1991.88
31-05-2026,SKU-037,Product 37,18,83.51,1503.18
16-05-2025,SKU-028,Product 28,23,68.24,1569.52
12-04-2026,SKU-051,Product 51,6,104.22,625.32
22-04-2026,SKU-054,Product 54,41,85.15,3491.15
30-03-2026,SKU-049,Product 49,10,6.44,64.4
27-01-2026,SKU-087,Product 87,30,123.31,3699.3
21-05-2025,SKU-096,Product 96,17,57.25,973.25
25-04-2026,SKU-004,Product 4,10,70.1,701
23-05-2026,SKU-068,Product 68,7,65.88,461.16
12-02-2026,SKU-062,Product 62,24,40.67,976.08
21-05-2026,SKU-091,Product 91,32,12.64,404.48
06-08-2025,SKU-039,Product 39,4,9.81,39.24
27-02-2025,SKU-040,Product 40,6,20.93,125.58
06-06-2025,SKU-044,Product 44,7,14.73,103.11
18-06-2025,SKU-023,Product 23,11,129.88,1428.68
21-08-2025,SKU-069,Product 69,24,113.3,2719.2
18-03-2026,SKU-072,Product 72,29,108.25,3139.25
09-04-2026,SKU-074,Product 74,17,102.79,1747.43
15-03-2026,SKU-054,Product 54,32,85.15,2724.8
02-10-2025,SKU-054,Product 54,4,85.15,340.6
16-01-2025,SKU-021,Product 21,9,71.49,643.41
30-08-2025,SKU-009,Product 9,24,33.35,800.4
28-01-2025,SKU-054,Product 54,17,85.15,1447.55
03-03-2025,SKU-063,Product 63,7,85.06,595.42
07-06-2026,SKU-035,Product 35,11,42.05,462.55
01-11-2025,SKU-001,Product 1,23,133.59,3072.57
15-01-2025,SKU-018,Product 18,8,89.39,715.12
14-07-2025,SKU-100,Product 100,22,56.59,1244.98
19-02-2026,SKU-084,Product 84,15,108.64,1629.6
01-05-2025,SKU-032,Product 32,6,97.86,587.16
28-04-2025,SKU-024,Product 24,6,109.76,658.56
15-07-2026,SKU-043,Product 43,11,124.39,1368.29
14-04-2026,SKU-078,Product 78,41,23.81,976.21
31-05-2025,SKU-030,Product 30,1,117.66,117.66
03-02-2025,SKU-030,Product 30,7,117.66,823.62
23-09-2025,SKU-034,Product 34,16,133.9,2142.4
18-12-2025,SKU-062,Product 62,31,40.67,1260.77
16-09-2025,SKU-030,Product 30,23,117.66,2706.18
12-03-2026,SKU-063,Product 63,13,85.06,1105.78
16-05-2025,SKU-050,Product 50,5,42.38,211.9
06-05-2026,SKU-037,Product 37,7,83.51,584.57
10-06-2026,SKU-009,Product 9,14,33.35,466.9
26-02-2025,SKU-095,Product 95,12,77.08,924.96
20-03-2026,SKU-004,Product 4,49,70.1,3434.9
16-02-2026,SKU-070,Product 70,3,38.61,115.83
14-04-2026,SKU-094,Product 94,20,25.25,505
28-09-2025,SKU-011,Product 11,26,77.13,2005.38
03-09-2025,SKU-083,Product 83,15,134.11,2011.65
01-09-2025,SKU-089,Product 89,20,62.65,1253
31-03-2025,SKU-070,Product 70,11,38.61,424.71
06-07-2026,SKU-078,Product 78,30,23.81,714.3
25-10-2025,SKU-080,Product 80,22,14.32,315.04
07-10-2025,SKU-089,Product 89,29,62.65,1816.85
25-06-2025,SKU-090,Product 90,26,41.98,1091.48
03-02-2025,SKU-066,Product 66,17,50.43,857.31
17-02-2026,SKU-082,Product 82,31,82.39,2554.09
01-01-2026,SKU-021,Product 21,40,71.49,2859.6
06-10-2025,SKU-074,Product 74,17,102.79,1747.43
23-04-2025,SKU-069,Product 69,23,113.3,2605.9
30-06-2026,SKU-025,Product 25,34,126.63,4305.42
10-03-2026,SKU-078,Product 78,39,23.81,928.59
26-12-2025,SKU-057,Product 57,20,27.94,558.8
06-04-2026,SKU-003,Product 3,47,70.92,3333.24
01-03-2025,SKU-060,Product 60,11,70.14,771.54
09-05-2026,SKU-057,Product 57,17,27.94,474.98
23-04-2026,SKU-068,Product 68,17,65.88,1119.96
26-01-2026,SKU-075,Product 75,33,13.71,452.43
06-06-2025,SKU-047,Product 47,23,38.43,883.89
29-03-2025,SKU-001,Product 1,8,133.59,1068.72
24-09-2025,SKU-027,Product 27,11,15.58,171.38
02-02-2026,SKU-065,Product 65,18,29.77,535.86
07-02-2026,SKU-060,Product 60,40,70.14,2805.6
29-06-2025,SKU-091,Product 91,9,12.64,113.76
07-06-2026,SKU-043,Product 43,55,124.39,6841.45
10-07-2025,SKU-081,Product 81,3,66.67,200.01
01-06-2026,SKU-051,Product 51,11,104.22,1146.42
16-07-2025,SKU-085,Product 85,28,53.4,1495.2
24-07-2026,SKU-017,Product 17,39,88.02,3432.78
26-11-2025,SKU-061,Product 61,40,141.95,5678
28-05-2025,SKU-061,Product 61,3,141.95,425.85
06-03-2026,SKU-007,Product 7,38,81.18,3084.84
13-01-2025,SKU-081,Product 81,1,66.67,66.67
13-09-2025,SKU-027,Product 27,18,15.58,280.44
29-03-2025,SKU-035,Product 35,15,42.05,630.75
16-04-2025,SKU-083,Product 83,1,134.11,134.11
22-12-2025,SKU-066,Product 66,28,50.43,1412.04
22-01-2026,SKU-054,Product 54,18,85.15,1532.7
15-08-2025,SKU-077,Product 77,13,62.14,807.82
21-11-2025,SKU-024,Product 24,24,109.76,2634.24
13-11-2025,SKU-098,Product 98,31,5.2,161.2
19-08-2025,SKU-053,Product 53,15,11.29,169.35
12-04-2026,SKU-019,Product 19,17,83.88,1425.96
15-08-2025,SKU-080,Product 80,6,14.32,85.92
10-12-2025,SKU-091,Product 91,27,12.64,341.28
22-03-2025,SKU-090,Product 90,1,41.98,41.98
06-08-2025,SKU-053,Product 53,29,11.29,327.41
14-09-2025,SKU-047,Product 47,32,38.43,1229.76
24-02-2025,SKU-033,Product 33,3,53.43,160.29
12-10-2025,SKU-090,Product 90,4,41.98,167.92
03-06-2026,SKU-004,Product 4,22,70.1,1542.2
20-04-2025,SKU-067,Product 67,21,99.67,2093.07
04-05-2025,SKU-051,Product 51,11,104.22,1146.42
06-05-2026,SKU-077,Product 77,14,62.14,869.96
15-04-2026,SKU-026,Product 26,27,66.33,1790.91
13-09-2025,SKU-098,Product 98,25,5.2,130
16-10-2025,SKU-015,Product 15,34,98.54,3350.36
27-03-2026,SKU-019,Product 19,33,83.88,2768.04
04-05-2025,SKU-069,Product 69,1,113.3,113.3
18-06-2026,SKU-023,Product 23,3,129.88,389.64
23-06-2025,SKU-017,Product 17,13,88.02,1144.26
01-05-2025,SKU-067,Product 67,4,99.67,398.68
14-10-2025,SKU-030,Product 30,12,117.66,1411.92
16-01-2025,SKU-051,Product 51,11,104.22,1146.42
01-01-2026,SKU-058,Product 58,2,122.59,245.18
08-03-2025,SKU-061,Product 61,6,141.95,851.7
27-08-2025,SKU-098,Product 98,29,5.2,150.8
23-09-2025,SKU-071,Product 71,4,41.39,165.56
26-01-2025,SKU-076,Product 76,13,5.46,70.98
30-04-2025,SKU-061,Product 61,4,141.95,567.8
05-04-2026,SKU-077,Product 77,13,62.14,807.82
24-12-2025,SKU-037,Product 37,11,83.51,918.61
27-06-2026,SKU-042,Product 42,3,42.29,126.87
21-07-2025,SKU-036,Product 36,6,130.42,782.52
19-04-2026,SKU-061,Product 61,44,141.95,6245.8
17-02-2025,SKU-084,Product 84,7,108.64,760.48
11-10-2025,SKU-061,Product 61,9,141.95,1277.55
11-06-2025,SKU-056,Product 56,5,140.51,702.55
30-01-2026,SKU-085,Product 85,15,53.4,801
06-01-2026,SKU-076,Product 76,35,5.46,191.1
01-04-2026,SKU-041,Product 41,6,33.9,203.4
19-09-2025,SKU-005,Product 5,35,112.77,3946.95
10-03-2025,SKU-082,Product 82,16,82.39,1318.24
23-03-2026,SKU-057,Product 57,26,27.94,726.44
14-03-2026,SKU-050,Product 50,22,42.38,932.36
25-07-2026,SKU-017,Product 17,27,88.02,2376.54
06-03-2026,SKU-027,Product 27,3,15.58,46.74
18-10-2025,SKU-060,Product 60,20,70.14,1402.8
24-05-2026,SKU-025,Product 25,25,126.63,3165.75
29-05-2026,SKU-080,Product 80,18,14.32,257.76
07-07-2025,SKU-010,Product 10,17,84.95,1444.15
18-03-2025,SKU-024,Product 24,9,109.76,987.84
08-05-2026,SKU-066,Product 66,46,50.43,2319.78
09-06-2026,SKU-045,Product 45,48,80.28,3853.44
22-07-2026,SKU-014,Product 14,35,51.74,1810.9
25-05-2026,SKU-049,Product 49,43,6.44,276.92
26-01-2025,SKU-089,Product 89,6,62.65,375.9
21-12-2025,SKU-098,Product 98,2,5.2,10.4
18-07-2026,SKU-042,Product 42,27,42.29,1141.83
06-01-2025,SKU-059,Product 59,7,143.98,1007.86
18-12-2025,SKU-095,Product 95,5,77.08,385.4
24-04-2025,SKU-005,Product 5,15,112.77,1691.55
23-03-2025,SKU-047,Product 47,14,38.43,538.02
27-03-2026,SKU-046,Product 46,33,105.52,3482.16
06-10-2025,SKU-036,Product 36,22,130.42,2869.24
26-03-2025,SKU-070,Product 70,11,38.61,424.71
28-04-2025,SKU-050,Product 50,8,42.38,339.04
30-01-2025,SKU-074,Product 74,1,102.79,102.79
05-06-2025,SKU-032,Product 32,3,97.86,293.58
04-05-2026,SKU-043,Product 43,24,124.39,2985.36
27-06-2025,SKU-037,Product 37,13,83.51,1085.63
28-07-2026,SKU-095,Product 95,35,77.08,2697.8
03-05-2026,SKU-041,Product 41,24,33.9,813.6
20-05-2025,SKU-041,Product 41,5,33.9,169.5
23-09-2025,SKU-026,Product 26,4,66.33,265.32
04-07-2025,SKU-100,Product 100,15,56.59,848.85
10-07-2026,SKU-062,Product 62,58,40.67,2358.86
18-03-2025,SKU-004,Product 4,9,70.1,630.9
16-06-2026,SKU-051,Product 51,3,104.22,312.66
11-05-2025,SKU-083,Product 83,5,134.11,670.55
01-11-2025,SKU-046,Product 46,15,105.52,1582.8
26-08-2025,SKU-100,Product 100,26,56.59,1471.34
05-05-2026,SKU-021,Product 21,31,71.49,2216.19
18-03-2025,SKU-062,Product 62,8,40.67,325.36
23-12-2025,SKU-074,Product 74,11,102.79,1130.69
14-08-2025,SKU-060,Product 60,2,70.14,140.28
04-01-2025,SKU-090,Product 90,8,41.98,335.84
22-10-2025,SKU-016,Product 16,20,128.07,2561.4
17-02-2025,SKU-090,Product 90,14,41.98,587.72
29-07-2026,SKU-068,Product 68,7,65.88,461.16
03-07-2026,SKU-067,Product 67,50,99.67,4983.5
05-07-2026,SKU-045,Product 45,57,80.28,4575.96
28-09-2025,SKU-015,Product 15,7,98.54,689.78
22-07-2025,SKU-028,Product 28,12,68.24,818.88
04-05-2026,SKU-080,Product 80,42,14.32,601.44
08-12-2025,SKU-072,Product 72,24,108.25,2598
21-01-2026,SKU-098,Product 98,33,5.2,171.6
29-03-2025,SKU-025,Product 25,8,126.63,1013.04
21-09-2025,SKU-075,Product 75,28,13.71,383.88
15-03-2026,SKU-078,Product 78,29,23.81,690.49
09-03-2026,SKU-085,Product 85,45,53.4,2403
11-02-2026,SKU-087,Product 87,24,123.31,2959.44
26-04-2025,SKU-035,Product 35,9,42.05,378.45
05-02-2026,SKU-049,Product 49,33,6.44,212.52
30-07-2025,SKU-075,Product 75,10,13.71,137.1
09-06-2025,SKU-023,Product 23,23,129.88,2987.24
05-03-2025,SKU-013,Product 13,11,106.67,1173.37
29-08-2025,SKU-092,Product 92,6,131.65,789.9
20-09-2025,SKU-052,Product 52,28,79.76,2233.28
23-12-2025,SKU-020,Product 20,17,89.85,1527.45
30-09-2025,SKU-033,Product 33,14,53.43,748.02
22-10-2025,SKU-006,Product 6,12,16.92,203.04
04-02-2025,SKU-022,Product 22,1,59.25,59.25
19-09-2025,SKU-100,Product 100,32,56.59,1810.88
10-07-2026,SKU-007,Product 7,46,81.18,3734.28
10-03-2025,SKU-019,Product 19,18,83.88,1509.84
08-10-2025,SKU-073,Product 73,34,120.54,4098.36
21-09-2025,SKU-042,Product 42,33,42.29,1395.57
27-12-2025,SKU-070,Product 70,34,38.61,1312.74
24-06-2026,SKU-015,Product 15,30,98.54,2956.2
16-02-2026,SKU-037,Product 37,15,83.51,1252.65
23-03-2026,SKU-003,Product 3,6,70.92,425.52
19-01-2026,SKU-100,Product 100,11,56.59,622.49
29-11-2025,SKU-039,Product 39,35,9.81,343.35
25-01-2026,SKU-027,Product 27,6,15.58,93.48
14-02-2025,SKU-072,Product 72,13,108.25,1407.25
20-01-2026,SKU-033,Product 33,20,53.43,1068.6
17-01-2025,SKU-037,Product 37,12,83.51,1002.12
21-05-2025,SKU-013,Product 13,6,106.67,640.02
15-07-2025,SKU-048,Product 48,22,18.02,396.44
02-03-2025,SKU-025,Product 25,5,126.63,633.15
07-10-2025,SKU-063,Product 63,9,85.06,765.54
24-12-2025,SKU-021,Product 21,25,71.49,1787.25
28-05-2025,SKU-033,Product 33,19,53.43,1015.17
11-04-2025,SKU-046,Product 46,22,105.52,2321.44
07-05-2026,SKU-063,Product 63,42,85.06,3572.52
01-07-2025,SKU-036,Product 36,23,130.42,2999.66
17-09-2025,SKU-067,Product 67,21,99.67,2093.07
23-07-2025,SKU-056,Product 56,8,140.51,1124.08
15-12-2025,SKU-009,Product 9,36,33.35,1200.6
23-06-2025,SKU-010,Product 10,26,84.95,2208.7
29-05-2025,SKU-073,Product 73,3,120.54,361.62
23-03-2026,SKU-026,Product 26,46,66.33,3051.18
16-02-2025,SKU-029,Product 29,8,43.36,346.88
16-03-2025,SKU-053,Product 53,15,11.29,169.35
21-06-2025,SKU-021,Product 21,13,71.49,929.37
03-09-2025,SKU-036,Product 36,27,130.42,3521.34
17-02-2025,SKU-049,Product 49,6,6.44,38.64
13-04-2026,SKU-100,Product 100,10,56.59,565.9
02-01-2026,SKU-049,Product 49,37,6.44,238.28
17-12-2025,SKU-032,Product 32,31,97.86,3033.66
13-11-2025,SKU-042,Product 42,2,42.29,84.58
25-05-2025,SKU-026,Product 26,26,66.33,1724.58
20-09-2025,SKU-081,Product 81,21,66.67,1400.07
14-02-2026,SKU-016,Product 16,37,128.07,4738.59
20-02-2026,SKU-074,Product 74,25,102.79,2569.75
23-01-2025,SKU-092,Product 92,1,131.65,131.65
10-07-2026,SKU-017,Product 17,11,88.02,968.22
08-01-2025,SKU-092,Product 92,13,131.65,1711.45
23-07-2025,SKU-043,Product 43,24,124.39,2985.36
17-07-2026,SKU-062,Product 62,43,40.67,1748.81
22-04-2025,SKU-072,Product 72,18,108.25,1948.5
18-04-2025,SKU-003,Product 3,1,70.92,70.92
16-07-2025,SKU-080,Product 80,26,14.32,372.32
20-07-2025,SKU-085,Product 85,14,53.4,747.6
11-06-2026,SKU-003,Product 3,41,70.92,2907.72
09-07-2025,SKU-051,Product 51,23,104.22,2397.06
03-04-2025,SKU-002,Product 2,2,116.06,232.12
25-07-2025,SKU-031,Product 31,20,52.96,1059.2
25-06-2026,SKU-098,Product 98,57,5.2,296.4
10-10-2025,SKU-002,Product 2,14,116.06,1624.84
14-02-2026,SKU-020,Product 20,9,89.85,808.65
29-08-2025,SKU-021,Product 21,22,71.49,1572.78
27-04-2026,SKU-065,Product 65,28,29.77,833.56
18-06-2025,SKU-054,Product 54,26,85.15,2213.9
22-11-2025,SKU-016,Product 16,2,128.07,256.14
24-05-2025,SKU-042,Product 42,24,42.29,1014.96
05-11-2025,SKU-089,Product 89,5,62.65,313.25
21-07-2026,SKU-038,Product 38,31,30.86,956.66
13-02-2025,SKU-078,Product 78,18,23.81,428.58
05-03-2026,SKU-031,Product 31,35,52.96,1853.6
13-10-2025,SKU-020,Product 20,12,89.85,1078.2
10-08-2025,SKU-047,Product 47,6,38.43,230.58
16-05-2025,SKU-033,Product 33,17,53.43,908.31
12-06-2026,SKU-036,Product 36,52,130.42,6781.84
18-04-2025,SKU-080,Product 80,20,14.32,286.4
14-03-2026,SKU-076,Product 76,13,5.46,70.98
28-04-2025,SKU-004,Product 4,8,70.1,560.8
04-05-2025,SKU-028,Product 28,3,68.24,204.72
06-09-2025,SKU-076,Product 76,25,5.46,136.5
09-06-2026,SKU-067,Product 67,14,99.67,1395.38
12-06-2026,SKU-059,Product 59,26,143.98,3743.48
26-09-2025,SKU-070,Product 70,4,38.61,154.44
22-01-2026,SKU-031,Product 31,12,52.96,635.52
22-05-2025,SKU-064,Product 64,22,117.63,2587.86
06-03-2025,SKU-036,Product 36,5,130.42,652.1
02-04-2025,SKU-083,Product 83,4,134.11,536.44
23-02-2025,SKU-052,Product 52,15,79.76,1196.4
30-08-2025,SKU-089,Product 89,27,62.65,1691.55
09-04-2026,SKU-030,Product 30,47,117.66,5530.02
22-11-2025,SKU-093,Product 93,24,41.04,984.96
15-07-2026,SKU-062,Product 62,7,40.67,284.69
20-10-2025,SKU-096,Product 96,20,57.25,1145
25-04-2025,SKU-070,Product 70,20,38.61,772.2
28-06-2025,SKU-060,Product 60,28,70.14,1963.92
28-01-2026,SKU-096,Product 96,3,57.25,171.75
24-01-2025,SKU-040,Product 40,15,20.93,313.95
08-03-2025,SKU-068,Product 68,2,65.88,131.76
01-03-2025,SKU-062,Product 62,11,40.67,447.37
20-11-2025,SKU-087,Product 87,8,123.31,986.48
03-01-2025,SKU-075,Product 75,6,13.71,82.26
24-11-2025,SKU-029,Product 29,37,43.36,1604.32
15-12-2025,SKU-002,Product 2,36,116.06,4178.16
08-06-2026,SKU-093,Product 93,44,41.04,1805.76
11-05-2026,SKU-077,Product 77,17,62.14,1056.38
16-07-2025,SKU-023,Product 23,6,129.88,779.28
09-03-2025,SKU-087,Product 87,5,123.31,616.55
12-10-2025,SKU-057,Product 57,32,27.94,894.08
16-04-2026,SKU-079,Product 79,27,39.06,1054.62
23-02-2026,SKU-016,Product 16,3,128.07,384.21
04-04-2026,SKU-045,Product 45,33,80.28,2649.24
10-01-2025,SKU-090,Product 90,6,41.98,251.88
20-06-2025,SKU-077,Product 77,16,62.14,994.24
19-07-2026,SKU-021,Product 21,11,71.49,786.39
08-09-2025,SKU-037,Product 37,20,83.51,1670.2
30-05-2026,SKU-100,Product 100,40,56.59,2263.6
20-02-2025,SKU-007,Product 7,2,81.18,162.36
06-07-2025,SKU-093,Product 93,19,41.04,779.76
16-02-2025,SKU-065,Product 65,12,29.77,357.24
18-09-2025,SKU-092,Product 92,18,131.65,2369.7
11-07-2026,SKU-013,Product 13,23,106.67,2453.41
05-06-2025,SKU-046,Product 46,12,105.52,1266.24
14-04-2025,SKU-032,Product 32,23,97.86,2250.78
13-04-2025,SKU-071,Product 71,4,41.39,165.56
28-07-2026,SKU-089,Product 89,59,62.65,3696.35
08-06-2026,SKU-081,Product 81,3,66.67,200.01
12-07-2026,SKU-022,Product 22,27,59.25,1599.75
04-04-2025,SKU-024,Product 24,5,109.76,548.8
31-07-2026,SKU-095,Product 95,59,77.08,4547.72
15-04-2025,SKU-049,Product 49,15,6.44,96.6
30-07-2026,SKU-008,Product 8,27,38.61,1042.47
20-08-2025,SKU-030,Product 30,22,117.66,2588.52
08-09-2025,SKU-044,Product 44,29,14.73,427.17
03-05-2025,SKU-053,Product 53,3,11.29,33.87
29-01-2025,SKU-091,Product 91,17,12.64,214.88
27-02-2026,SKU-089,Product 89,22,62.65,1378.3
21-06-2025,SKU-034,Product 34,17,133.9,2276.3
11-05-2025,SKU-038,Product 38,3,30.86,92.58
15-09-2025,SKU-006,Product 6,9,16.92,152.28
20-07-2026,SKU-016,Product 16,51,128.07,6531.57
06-12-2025,SKU-056,Product 56,19,140.51,2669.69
01-05-2026,SKU-086,Product 86,7,117.55,822.85
28-03-2026,SKU-042,Product 42,23,42.29,972.67
26-05-2026,SKU-053,Product 53,51,11.29,575.79
16-04-2026,SKU-093,Product 93,20,41.04,820.8
12-07-2026,SKU-021,Product 21,23,71.49,1644.27
26-08-2025,SKU-002,Product 2,8,116.06,928.48
09-06-2025,SKU-049,Product 49,20,6.44,128.8
19-07-2025,SKU-058,Product 58,26,122.59,3187.34
16-01-2025,SKU-007,Product 7,4,81.18,324.72
17-06-2026,SKU-024,Product 24,41,109.76,4500.16
07-07-2025,SKU-055,Product 55,13,53.76,698.88
05-03-2025,SKU-065,Product 65,2,29.77,59.54
19-01-2026,SKU-037,Product 37,14,83.51,1169.14
21-11-2025,SKU-004,Product 4,34,70.1,2383.4
02-07-2025,SKU-050,Product 50,25,42.38,1059.5
22-01-2026,SKU-025,Product 25,9,126.63,1139.67
21-07-2026,SKU-063,Product 63,47,85.06,3997.82
13-02-2026,SKU-013,Product 13,18,106.67,1920.06
09-03-2026,SKU-061,Product 61,45,141.95,6387.75
19-05-2025,SKU-069,Product 69,12,113.3,1359.6
11-03-2025,SKU-062,Product 62,13,40.67,528.71
14-07-2026,SKU-027,Product 27,58,15.58,903.64
27-02-2025,SKU-042,Product 42,6,42.29,253.74
05-07-2026,SKU-007,Product 7,46,81.18,3734.28
07-03-2025,SKU-027,Product 27,18,15.58,280.44
04-01-2026,SKU-083,Product 83,37,134.11,4962.07
25-07-2025,SKU-091,Product 91,30,12.64,379.2
10-03-2026,SKU-008,Product 8,19,38.61,733.59
30-01-2025,SKU-050,Product 50,16,42.38,678.08
24-08-2025,SKU-036,Product 36,13,130.42,1695.46
13-06-2025,SKU-024,Product 24,3,109.76,329.28
13-06-2025,SKU-006,Product 6,9,16.92,152.28
29-10-2025,SKU-052,Product 52,35,79.76,2791.6
17-02-2026,SKU-026,Product 26,21,66.33,1392.93
01-02-2025,SKU-097,Product 97,8,45.27,362.16
12-06-2025,SKU-089,Product 89,1,62.65,62.65
20-04-2026,SKU-041,Product 41,20,33.9,678
19-11-2025,SKU-055,Product 55,8,53.76,430.08
15-06-2025,SKU-065,Product 65,7,29.77,208.39
25-09-2025,SKU-050,Product 50,21,42.38,889.98
18-11-2025,SKU-024,Product 24,16,109.76,1756.16
20-06-2025,SKU-085,Product 85,3,53.4,160.2
27-03-2026,SKU-019,Product 19,23,83.88,1929.24
27-07-2026,SKU-080,Product 80,23,14.32,329.36
01-12-2025,SKU-046,Product 46,10,105.52,1055.2
12-05-2026,SKU-031,Product 31,3,52.96,158.88
08-06-2025,SKU-013,Product 13,1,106.67,106.67
19-08-2025,SKU-082,Product 82,8,82.39,659.12
13-01-2026,SKU-066,Product 66,44,50.43,2218.92
11-05-2026,SKU-100,Product 100,17,56.59,962.03
01-06-2025,SKU-079,Product 79,24,39.06,937.44
06-05-2025,SKU-097,Product 97,4,45.27,181.08
26-07-2026,SKU-004,Product 4,59,70.1,4135.9
05-07-2025,SKU-020,Product 20,1,89.85,89.85
22-03-2026,SKU-037,Product 37,6,83.51,501.06
12-01-2025,SKU-067,Product 67,5,99.67,498.35
11-12-2025,SKU-078,Product 78,22,23.81,523.82
08-05-2025,SKU-056,Product 56,19,140.51,2669.69
18-04-2026,SKU-031,Product 31,51,52.96,2700.96
14-02-2025,SKU-066,Product 66,7,50.43,353.01
04-07-2025,SKU-056,Product 56,21,140.51,2950.71
16-03-2026,SKU-060,Product 60,13,70.14,911.82
06-11-2025,SKU-070,Product 70,36,38.61,1389.96
14-03-2026,SKU-026,Product 26,9,66.33,596.97
16-11-2025,SKU-065,Product 65,18,29.77,535.86
28-07-2025,SKU-050,Product 50,4,42.38,169.52
11-04-2025,SKU-077,Product 77,1,62.14,62.14
20-11-2025,SKU-051,Product 51,24,104.22,2501.28
15-11-2025,SKU-004,Product 4,39,70.1,2733.9
16-02-2026,SKU-087,Product 87,34,123.31,4192.54
17-05-2025,SKU-044,Product 44,5,14.73,73.65
09-06-2025,SKU-070,Product 70,9,38.61,347.49
20-07-2026,SKU-046,Product 46,3,105.52,316.56
12-12-2025,SKU-058,Product 58,36,122.59,4413.24
26-04-2025,SKU-006,Product 6,23,16.92,389.16
23-05-2025,SKU-084,Product 84,13,108.64,1412.32
18-04-2026,SKU-052,Product 52,37,79.76,2951.12
20-11-2025,SKU-091,Product 91,32,12.64,404.48
19-05-2026,SKU-073,Product 73,7,120.54,843.78
23-03-2025,SKU-005,Product 5,12,112.77,1353.24
28-02-2026,SKU-015,Product 15,31,98.54,3054.74
26-03-2026,SKU-043,Product 43,40,124.39,4975.6
28-11-2025,SKU-034,Product 34,10,133.9,1339
29-06-2025,SKU-043,Product 43,27,124.39,3358.53
12-06-2025,SKU-038,Product 38,25,30.86,771.5
26-03-2026,SKU-035,Product 35,40,42.05,1682
28-01-2026,SKU-013,Product 13,45,106.67,4800.15
21-02-2025,SKU-084,Product 84,16,108.64,1738.24
23-05-2025,SKU-002,Product 2,15,116.06,1740.9
26-07-2026,SKU-034,Product 34,43,133.9,5757.7
03-05-2025,SKU-075,Product 75,6,13.71,82.26
04-03-2025,SKU-027,Product 27,14,15.58,218.12
26-07-2026,SKU-067,Product 67,35,99.67,3488.45
15-11-2025,SKU-046,Product 46,37,105.52,3904.24
18-03-2026,SKU-059,Product 59,46,143.98,6623.08
16-02-2026,SKU-063,Product 63,43,85.06,3657.58
13-03-2026,SKU-079,Product 79,39,39.06,1523.34
21-11-2025,SKU-005,Product 5,32,112.77,3608.64
31-10-2025,SKU-047,Product 47,30,38.43,1152.9
16-04-2026,SKU-034,Product 34,24,133.9,3213.6
18-11-2025,SKU-055,Product 55,34,53.76,1827.84
23-07-2026,SKU-044,Product 44,3,14.73,44.19
27-12-2025,SKU-009,Product 9,2,33.35,66.7
08-01-2025,SKU-049,Product 49,5,6.44,32.2
09-10-2025,SKU-093,Product 93,9,41.04,369.36
18-04-2026,SKU-027,Product 27,31,15.58,482.98
01-07-2026,SKU-054,Product 54,38,85.15,3235.7
16-06-2026,SKU-040,Product 40,30,20.93,627.9
12-01-2026,SKU-042,Product 42,35,42.29,1480.15
24-08-2025,SKU-074,Product 74,22,102.79,2261.38
19-01-2025,SKU-094,Product 94,16,25.25,404
03-10-2025,SKU-091,Product 91,19,12.64,240.16
15-07-2026,SKU-032,Product 32,11,97.86,1076.46
14-01-2025,SKU-067,Product 67,11,99.67,1096.37
04-02-2026,SKU-012,Product 12,21,112.29,2358.09
20-01-2026,SKU-046,Product 46,8,105.52,844.16
22-03-2025,SKU-078,Product 78,9,23.81,214.29
27-05-2025,SKU-024,Product 24,7,109.76,768.32
26-10-2025,SKU-079,Product 79,15,39.06,585.9
03-12-2025,SKU-090,Product 90,30,41.98,1259.4
28-06-2025,SKU-081,Product 81,28,66.67,1866.76
19-07-2026,SKU-046,Product 46,43,105.52,4537.36
15-06-2026,SKU-080,Product 80,15,14.32,214.8
21-07-2025,SKU-018,Product 18,28,89.39,2502.92
06-02-2025,SKU-032,Product 32,15,97.86,1467.9
23-02-2025,SKU-085,Product 85,7,53.4,373.8
11-09-2025,SKU-008,Product 8,6,38.61,231.66
05-07-2026,SKU-049,Product 49,42,6.44,270.48
19-03-2025,SKU-028,Product 28,1,68.24,68.24
31-08-2025,SKU-077,Product 77,20,62.14,1242.8
07-02-2025,SKU-025,Product 25,3,126.63,379.89
17-02-2025,SKU-071,Product 71,3,41.39,124.17
14-06-2026,SKU-021,Product 21,3,71.49,214.47
31-03-2026,SKU-047,Product 47,6,38.43,230.58
13-04-2026,SKU-038,Product 38,6,30.86,185.16
06-04-2025,SKU-009,Product 9,1,33.35,33.35
27-01-2025,SKU-002,Product 2,6,116.06,696.36
04-05-2025,SKU-018,Product 18,22,89.39,1966.58
25-02-2026,SKU-034,Product 34,47,133.9,6293.3
09-03-2025,SKU-017,Product 17,12,88.02,1056.24
16-04-2025,SKU-015,Product 15,17,98.54,1675.18
12-09-2025,SKU-045,Product 45,32,80.28,2568.96
23-02-2026,SKU-031,Product 31,15,52.96,794.4
19-05-2025,SKU-099,Product 99,3,48.68,146.04
10-05-2026,SKU-036,Product 36,24,130.42,3130.08
07-04-2025,SKU-056,Product 56,20,140.51,2810.2
16-01-2026,SKU-086,Product 86,23,117.55,2703.65
14-06-2025,SKU-072,Product 72,22,108.25,2381.5
07-02-2026,SKU-034,Product 34,40,133.9,5356
30-07-2026,SKU-016,Product 16,7,128.07,896.49
13-07-2026,SKU-063,Product 63,35,85.06,2977.1
04-02-2026,SKU-075,Product 75,46,13.71,630.66
21-11-2025,SKU-090,Product 90,5,41.98,209.9
17-05-2025,SKU-065,Product 65,11,29.77,327.47
24-06-2026,SKU-039,Product 39,57,9.81,559.17
19-05-2025,SKU-024,Product 24,18,109.76,1975.68
10-02-2026,SKU-046,Product 46,21,105.52,2215.92
31-10-2025,SKU-075,Product 75,18,13.71,246.78
16-07-2025,SKU-094,Product 94,18,25.25,454.5
12-05-2025,SKU-037,Product 37,13,83.51,1085.63
12-02-2026,SKU-088,Product 88,12,65.71,788.52
25-01-2025,SKU-100,Product 100,13,56.59,735.67
17-07-2026,SKU-070,Product 70,7,38.61,270.27
20-03-2026,SKU-032,Product 32,33,97.86,3229.38
15-11-2025,SKU-016,Product 16,21,128.07,2689.47
27-05-2025,SKU-075,Product 75,3,13.71,41.13
09-03-2026,SKU-096,Product 96,9,57.25,515.25
11-05-2026,SKU-027,Product 27,39,15.58,607.62
17-08-2025,SKU-077,Product 77,6,62.14,372.84
02-03-2026,SKU-098,Product 98,22,5.2,114.4
01-12-2025,SKU-031,Product 31,16,52.96,847.36
18-01-2026,SKU-048,Product 48,14,18.02,252.28
09-04-2026,SKU-088,Product 88,13,65.71,854.23
19-08-2025,SKU-044,Product 44,21,14.73,309.33
05-04-2025,SKU-022,Product 22,5,59.25,296.25
29-07-2025,SKU-096,Product 96,8,57.25,458
21-01-2026,SKU-023,Product 23,30,129.88,3896.4
12-05-2026,SKU-032,Product 32,14,97.86,1370.04
06-01-2026,SKU-059,Product 59,38,143.98,5471.24
13-04-2026,SKU-076,Product 76,34,5.46,185.64
15-03-2025,SKU-053,Product 53,12,11.29,135.48
20-05-2025,SKU-017,Product 17,25,88.02,2200.5
05-03-2026,SKU-011,Product 11,45,77.13,3470.85
19-12-2025,SKU-019,Product 19,33,83.88,2768.04
08-05-2025,SKU-036,Product 36,8,130.42,1043.36
04-10-2025,SKU-025,Product 25,17,126.63,2152.71
20-04-2025,SKU-001,Product 1,21,133.59,2805.39
05-06-2026,SKU-063,Product 63,25,85.06,2126.5
27-04-2026,SKU-061,Product 61,42,141.95,5961.9
19-03-2025,SKU-014,Product 14,14,51.74,724.36
23-12-2025,SKU-051,Product 51,17,104.22,1771.74
28-10-2025,SKU-031,Product 31,17,52.96,900.32
08-01-2026,SKU-012,Product 12,29,112.29,3256.41
14-10-2025,SKU-080,Product 80,7,14.32,100.24
29-12-2025,SKU-033,Product 33,11,53.43,587.73
25-08-2025,SKU-044,Product 44,15,14.73,220.95
25-07-2025,SKU-044,Product 44,18,14.73,265.14
04-02-2025,SKU-023,Product 23,5,129.88,649.4
12-11-2025,SKU-051,Product 51,15,104.22,1563.3
08-05-2026,SKU-014,Product 14,46,51.74,2380.04
17-07-2026,SKU-037,Product 37,39,83.51,3256.89
01-12-2025,SKU-072,Product 72,5,108.25,541.25
06-01-2026,SKU-068,Product 68,14,65.88,922.32
23-09-2025,SKU-092,Product 92,16,131.65,2106.4
12-02-2025,SKU-003,Product 3,13,70.92,921.96
02-11-2025,SKU-042,Product 42,5,42.29,211.45
12-04-2025,SKU-059,Product 59,12,143.98,1727.76
07-03-2025,SKU-098,Product 98,10,5.2,52
17-05-2025,SKU-029,Product 29,1,43.36,43.36
08-02-2025,SKU-061,Product 61,17,141.95,2413.15
16-05-2026,SKU-073,Product 73,35,120.54,4218.9
14-02-2026,SKU-002,Product 2,43,116.06,4990.58
12-03-2026,SKU-093,Product 93,32,41.04,1313.28
06-07-2025,SKU-091,Product 91,25,12.64,316
29-04-2025,SKU-038,Product 38,11,30.86,339.46
19-03-2026,SKU-004,Product 4,46,70.1,3224.6
25-01-2025,SKU-038,Product 38,15,30.86,462.9
17-05-2025,SKU-051,Product 51,5,104.22,521.1
16-12-2025,SKU-051,Product 51,14,104.22,1459.08
15-12-2025,SKU-085,Product 85,28,53.4,1495.2
24-01-2026,SKU-082,Product 82,18,82.39,1483.02
18-03-2025,SKU-058,Product 58,16,122.59,1961.44
20-02-2026,SKU-036,Product 36,18,130.42,2347.56
03-03-2025,SKU-096,Product 96,6,57.25,343.5
05-02-2026,SKU-088,Product 88,46,65.71,3022.66
29-10-2025,SKU-074,Product 74,38,102.79,3906.02
05-01-2025,SKU-027,Product 27,1,15.58,15.58
04-07-2026,SKU-011,Product 11,46,77.13,3547.98
14-06-2026,SKU-020,Product 20,26,89.85,2336.1
27-09-2025,SKU-070,Product 70,33,38.61,1274.13
04-07-2026,SKU-025,Product 25,7,126.63,886.41
06-05-2025,SKU-025,Product 25,23,126.63,2912.49
06-05-2026,SKU-027,Product 27,31,15.58,482.98
15-11-2025,SKU-006,Product 6,2,16.92,33.84
17-01-2025,SKU-005,Product 5,8,112.77,902.16
28-05-2025,SKU-017,Product 17,26,88.02,2288.52
31-03-2025,SKU-093,Product 93,13,41.04,533.52
18-04-2026,SKU-007,Product 7,41,81.18,3328.38
22-05-2025,SKU-027,Product 27,17,15.58,264.86
14-01-2026,SKU-059,Product 59,29,143.98,4175.42
01-01-2026,SKU-005,Product 5,26,112.77,2932.02
19-08-2025,SKU-007,Product 7,24,81.18,1948.32
06-10-2025,SKU-060,Product 60,22,70.14,1543.08
07-09-2025,SKU-013,Product 13,27,106.67,2880.09
17-04-2025,SKU-022,Product 22,6,59.25,355.5
02-02-2025,SKU-043,Product 43,6,124.39,746.34
11-10-2025,SKU-017,Product 17,9,88.02,792.18
25-07-2025,SKU-062,Product 62,20,40.67,813.4
06-01-2026,SKU-033,Product 33,26,53.43,1389.18
15-06-2026,SKU-037,Product 37,45,83.51,3757.95
21-04-2026,SKU-035,Product 35,41,42.05,1724.05
30-07-2025,SKU-052,Product 52,18,79.76,1435.68
19-07-2026,SKU-039,Product 39,15,9.81,147.15
25-12-2025,SKU-023,Product 23,14,129.88,1818.32
18-10-2025,SKU-082,Product 82,10,82.39,823.9
23-07-2025,SKU-085,Product 85,22,53.4,1174.8
03-04-2025,SKU-079,Product 79,1,39.06,39.06
01-09-2025,SKU-058,Product 58,33,122.59,4045.47
12-04-2025,SKU-072,Product 72,22,108.25,2381.5
20-12-2025,SKU-086,Product 86,2,117.55,235.1
10-03-2026,SKU-017,Product 17,3,88.02,264.06
22-07-2026,SKU-084,Product 84,3,108.64,325.92
13-06-2026,SKU-076,Product 76,41,5.46,223.86
11-12-2025,SKU-055,Product 55,30,53.76,1612.8
30-07-2026,SKU-032,Product 32,47,97.86,4599.42
25-07-2026,SKU-060,Product 60,47,70.14,3296.58
21-04-2026,SKU-052,Product 52,48,79.76,3828.48
07-09-2025,SKU-061,Product 61,4,141.95,567.8
26-07-2026,SKU-030,Product 30,51,117.66,6000.66
23-07-2025,SKU-070,Product 70,26,38.61,1003.86
01-02-2026,SKU-040,Product 40,18,20.93,376.74
25-10-2025,SKU-029,Product 29,2,43.36,86.72
21-02-2025,SKU-049,Product 49,12,6.44,77.28
08-07-2026,SKU-054,Product 54,7,85.15,596.05
05-05-2026,SKU-001,Product 1,49,133.59,6545.91
31-01-2025,SKU-083,Product 83,6,134.11,804.66
24-03-2026,SKU-055,Product 55,39,53.76,2096.64
29-05-2025,SKU-054,Product 54,7,85.15,596.05
10-02-2025,SKU-058,Product 58,14,122.59,1716.26
08-06-2026,SKU-091,Product 91,52,12.64,657.28
25-06-2025,SKU-005,Product 5,22,112.77,2480.94
29-07-2026,SKU-059,Product 59,43,143.98,6191.14
23-02-2025,SKU-070,Product 70,15,38.61,579.15
19-03-2026,SKU-037,Product 37,36,83.51,3006.36
05-07-2026,SKU-069,Product 69,38,113.3,4305.4
21-08-2025,SKU-087,Product 87,26,123.31,3206.06
16-10-2025,SKU-030,Product 30,17,117.66,2000.22
24-05-2025,SKU-037,Product 37,20,83.51,1670.2
15-08-2025,SKU-053,Product 53,10,11.29,112.9
26-05-2025,SKU-040,Product 40,12,20.93,251.16
06-06-2025,SKU-043,Product 43,16,124.39,1990.24
02-07-2026,SKU-034,Product 34,57,133.9,7632.3
27-05-2025,SKU-043,Product 43,22,124.39,2736.58
17-09-2025,SKU-042,Product 42,9,42.29,380.61
03-12-2025,SKU-042,Product 42,21,42.29,888.09
27-02-2026,SKU-042,Product 42,3,42.29,126.87
07-02-2025,SKU-071,Product 71,13,41.39,538.07
18-02-2026,SKU-003,Product 3,9,70.92,638.28
01-04-2026,SKU-042,Product 42,43,42.29,1818.47
02-06-2026,SKU-031,Product 31,11,52.96,582.56
27-06-2025,SKU-031,Product 31,1,52.96,52.96
28-07-2026,SKU-016,Product 16,3,128.07,384.21
22-06-2025,SKU-047,Product 47,22,38.43,845.46
25-01-2026,SKU-006,Product 6,36,16.92,609.12
13-05-2026,SKU-042,Product 42,39,42.29,1649.31
21-04-2025,SKU-033,Product 33,7,53.43,374.01
21-01-2025,SKU-019,Product 19,11,83.88,922.68
02-06-2025,SKU-038,Product 38,17,30.86,524.62
21-07-2025,SKU-046,Product 46,30,105.52,3165.6
12-05-2026,SKU-018,Product 18,28,89.39,2502.92
30-03-2026,SKU-050,Product 50,30,42.38,1271.4
26-04-2026,SKU-014,Product 14,52,51.74,2690.48
19-10-2025,SKU-052,Product 52,25,79.76,1994
21-12-2025,SKU-037,Product 37,42,83.51,3507.42
28-02-2026,SKU-019,Product 19,28,83.88,2348.64
29-12-2025,SKU-058,Product 58,14,122.59,1716.26
13-04-2025,SKU-054,Product 54,16,85.15,1362.4
05-12-2025,SKU-034,Product 34,24,133.9,3213.6
27-01-2025,SKU-045,Product 45,4,80.28,321.12
02-04-2026,SKU-043,Product 43,3,124.39,373.17
29-07-2026,SKU-050,Product 50,7,42.38,296.66
27-05-2026,SKU-043,Product 43,32,124.39,3980.48
12-08-2025,SKU-098,Product 98,17,5.2,88.4
09-07-2026,SKU-081,Product 81,34,66.67,2266.78
30-01-2025,SKU-021,Product 21,16,71.49,1143.84
13-07-2026,SKU-071,Product 71,39,41.39,1614.21
12-03-2025,SKU-003,Product 3,20,70.92,1418.4
23-08-2025,SKU-097,Product 97,2,45.27,90.54
06-03-2025,SKU-047,Product 47,11,38.43,422.73
27-01-2025,SKU-017,Product 17,10,88.02,880.2
16-08-2025,SKU-038,Product 38,28,30.86,864.08
21-06-2025,SKU-008,Product 8,11,38.61,424.71
08-06-2026,SKU-028,Product 28,29,68.24,1978.96
02-04-2026,SKU-032,Product 32,23,97.86,2250.78
13-04-2025,SKU-080,Product 80,3,14.32,42.96
04-01-2026,SKU-052,Product 52,29,79.76,2313.04
24-08-2025,SKU-027,Product 27,4,15.58,62.32
27-06-2025,SKU-064,Product 64,11,117.63,1293.93
18-10-2025,SKU-019,Product 19,22,83.88,1845.36
26-09-2025,SKU-015,Product 15,21,98.54,2069.34
17-11-2025,SKU-099,Product 99,26,48.68,1265.68
16-05-2025,SKU-003,Product 3,20,70.92,1418.4
03-06-2025,SKU-021,Product 21,17,71.49,1215.33
16-02-2025,SKU-031,Product 31,11,52.96,582.56
08-09-2025,SKU-074,Product 74,27,102.79,2775.33
04-06-2026,SKU-062,Product 62,14,40.67,569.38
18-06-2026,SKU-016,Product 16,26,128.07,3329.82
13-10-2025,SKU-054,Product 54,14,85.15,1192.1
15-07-2025,SKU-040,Product 40,2,20.93,41.86
27-02-2026,SKU-049,Product 49,3,6.44,19.32
19-06-2026,SKU-077,Product 77,33,62.14,2050.62
20-10-2025,SKU-080,Product 80,5,14.32,71.6
27-03-2026,SKU-022,Product 22,20,59.25,1185
06-06-2025,SKU-051,Product 51,1,104.22,104.22
22-11-2025,SKU-018,Product 18,16,89.39,1430.24
23-06-2025,SKU-034,Product 34,1,133.9,133.9
25-01-2025,SKU-026,Product 26,12,66.33,795.96
09-06-2025,SKU-075,Product 75,1,13.71,13.71
02-04-2025,SKU-026,Product 26,7,66.33,464.31
31-03-2026,SKU-052,Product 52,10,79.76,797.6
06-05-2025,SKU-084,Product 84,9,108.64,977.76
28-02-2025,SKU-048,Product 48,13,18.02,234.26
21-03-2026,SKU-045,Product 45,6,80.28,481.68
29-06-2026,SKU-040,Product 40,7,20.93,146.51
20-08-2025,SKU-039,Product 39,19,9.81,186.39
21-07-2026,SKU-077,Product 77,3,62.14,186.42
23-09-2025,SKU-051,Product 51,14,104.22,1459.08
02-05-2026,SKU-009,Product 9,10,33.35,333.5
24-10-2025,SKU-099,Product 99,20,48.68,973.6
21-05-2026,SKU-091,Product 91,36,12.64,455.04
03-12-2025,SKU-096,Product 96,16,57.25,916
17-07-2025,SKU-001,Product 1,28,133.59,3740.52
12-02-2025,SKU-095,Product 95,14,77.08,1079.12
19-07-2025,SKU-072,Product 72,24,108.25,2598
16-03-2026,SKU-054,Product 54,22,85.15,1873.3
01-07-2025,SKU-013,Product 13,29,106.67,3093.43
09-05-2025,SKU-050,Product 50,13,42.38,550.94
05-12-2025,SKU-094,Product 94,22,25.25,555.5
06-06-2026,SKU-067,Product 67,22,99.67,2192.74
29-10-2025,SKU-014,Product 14,25,51.74,1293.5
19-07-2026,SKU-091,Product 91,39,12.64,492.96
01-01-2025,SKU-029,Product 29,15,43.36,650.4
03-11-2025,SKU-051,Product 51,12,104.22,1250.64
28-05-2026,SKU-055,Product 55,32,53.76,1720.32
22-12-2025,SKU-075,Product 75,19,13.71,260.49
18-01-2026,SKU-070,Product 70,14,38.61,540.54
13-06-2025,SKU-066,Product 66,7,50.43,353.01
07-07-2025,SKU-073,Product 73,15,120.54,1808.1
12-01-2026,SKU-033,Product 33,41,53.43,2190.63
05-12-2025,SKU-049,Product 49,24,6.44,154.56
03-03-2026,SKU-092,Product 92,19,131.65,2501.35
18-09-2025,SKU-005,Product 5,7,112.77,789.39
12-09-2025,SKU-025,Product 25,9,126.63,1139.67
25-01-2026,SKU-037,Product 37,33,83.51,2755.83
28-06-2026,SKU-039,Product 39,11,9.81,107.91
01-05-2025,SKU-099,Product 99,11,48.68,535.48
22-08-2025,SKU-080,Product 80,4,14.32,57.28
07-08-2025,SKU-022,Product 22,17,59.25,1007.25
31-03-2025,SKU-026,Product 26,8,66.33,530.64
22-01-2025,SKU-062,Product 62,9,40.67,366.03
27-03-2026,SKU-034,Product 34,13,133.9,1740.7
03-12-2025,SKU-034,Product 34,27,133.9,3615.3
13-08-2025,SKU-047,Product 47,6,38.43,230.58
25-09-2025,SKU-014,Product 14,31,51.74,1603.94
17-08-2025,SKU-067,Product 67,32,99.67,3189.44
20-06-2025,SKU-019,Product 19,7,83.88,587.16
15-07-2026,SKU-094,Product 94,39,25.25,984.75
22-03-2025,SKU-073,Product 73,11,120.54,1325.94
01-01-2026,SKU-013,Product 13,28,106.67,2986.76
22-07-2025,SKU-058,Product 58,28,122.59,3432.52
08-05-2026,SKU-003,Product 3,32,70.92,2269.44
12-06-2026,SKU-049,Product 49,41,6.44,264.04
23-06-2026,SKU-018,Product 18,53,89.39,4737.67
22-12-2025,SKU-071,Product 71,34,41.39,1407.26
06-05-2026,SKU-016,Product 16,21,128.07,2689.47
14-01-2026,SKU-047,Product 47,38,38.43,1460.34
15-10-2025,SKU-004,Product 4,34,70.1,2383.4
10-03-2026,SKU-026,Product 26,13,66.33,862.29
22-10-2025,SKU-038,Product 38,30,30.86,925.8
06-02-2025,SKU-017,Product 17,4,88.02,352.08
29-11-2025,SKU-001,Product 1,24,133.59,3206.16
05-11-2025,SKU-077,Product 77,33,62.14,2050.62
27-06-2026,SKU-060,Product 60,26,70.14,1823.64
11-02-2025,SKU-054,Product 54,18,85.15,1532.7
16-10-2025,SKU-020,Product 20,24,89.85,2156.4
19-10-2025,SKU-035,Product 35,25,42.05,1051.25
26-04-2025,SKU-099,Product 99,9,48.68,438.12
04-01-2025,SKU-090,Product 90,1,41.98,41.98
09-02-2025,SKU-025,Product 25,6,126.63,759.78
22-09-2025,SKU-020,Product 20,35,89.85,3144.75
15-07-2026,SKU-011,Product 11,11,77.13,848.43
08-05-2025,SKU-055,Product 55,11,53.76,591.36
18-02-2026,SKU-043,Product 43,31,124.39,3856.09
24-02-2026,SKU-014,Product 14,15,51.74,776.1
03-05-2026,SKU-037,Product 37,38,83.51,3173.38
22-04-2026,SKU-048,Product 48,10,18.02,180.2
11-05-2025,SKU-080,Product 80,13,14.32,186.16
25-05-2026,SKU-002,Product 2,14,116.06,1624.84
14-02-2026,SKU-078,Product 78,9,23.81,214.29
13-10-2025,SKU-038,Product 38,29,30.86,894.94
13-11-2025,SKU-030,Product 30,26,117.66,3059.16
06-03-2025,SKU-053,Product 53,11,11.29,124.19
01-02-2026,SKU-046,Product 46,45,105.52,4748.4
22-11-2025,SKU-005,Product 5,13,112.77,1466.01
31-01-2026,SKU-076,Product 76,18,5.46,98.28
09-06-2025,SKU-075,Product 75,12,13.71,164.52
02-11-2025,SKU-087,Product 87,25,123.31,3082.75
23-02-2025,SKU-007,Product 7,19,81.18,1542.42
05-04-2025,SKU-019,Product 19,20,83.88,1677.6
26-04-2025,SKU-077,Product 77,9,62.14,559.26
03-10-2025,SKU-038,Product 38,31,30.86,956.66
19-09-2025,SKU-055,Product 55,30,53.76,1612.8
08-02-2025,SKU-059,Product 59,11,143.98,1583.78
02-09-2025,SKU-074,Product 74,13,102.79,1336.27
03-04-2026,SKU-012,Product 12,43,112.29,4828.47
15-02-2026,SKU-089,Product 89,31,62.65,1942.15
03-04-2025,SKU-040,Product 40,20,20.93,418.6
18-04-2025,SKU-096,Product 96,18,57.25,1030.5
27-07-2026,SKU-096,Product 96,3,57.25,171.75
02-01-2026,SKU-059,Product 59,26,143.98,3743.48
22-06-2025,SKU-068,Product 68,5,65.88,329.4
15-07-2026,SKU-070,Product 70,50,38.61,1930.5
04-02-2025,SKU-028,Product 28,10,68.24,682.4
19-05-2025,SKU-019,Product 19,13,83.88,1090.44
26-01-2026,SKU-050,Product 50,45,42.38,1907.1
23-06-2025,SKU-090,Product 90,24,41.98,1007.52
07-11-2025,SKU-007,Product 7,31,81.18,2516.58
18-12-2025,SKU-039,Product 39,11,9.81,107.91
09-07-2025,SKU-080,Product 80,15,14.32,214.8
17-06-2025,SKU-077,Product 77,28,62.14,1739.92
11-07-2025,SKU-066,Product 66,21,50.43,1059.03
06-07-2026,SKU-030,Product 30,27,117.66,3176.82
07-05-2025,SKU-076,Product 76,14,5.46,76.44
15-12-2025,SKU-036,Product 36,42,130.42,5477.64
03-06-2025,SKU-071,Product 71,26,41.39,1076.14
31-10-2025,SKU-080,Product 80,10,14.32,143.2
04-07-2025,SKU-072,Product 72,27,108.25,2922.75
06-02-2025,SKU-065,Product 65,3,29.77,89.31
09-01-2026,SKU-014,Product 14,5,51.74,258.7
30-01-2026,SKU-017,Product 17,18,88.02,1584.36
15-11-2025,SKU-060,Product 60,18,70.14,1262.52
24-10-2025,SKU-060,Product 60,38,70.14,2665.32
19-09-2025,SKU-095,Product 95,4,77.08,308.32
13-08-2025,SKU-007,Product 7,19,81.18,1542.42
08-03-2025,SKU-096,Product 96,1,57.25,57.25
08-01-2026,SKU-088,Product 88,32,65.71,2102.72
31-01-2025,SKU-042,Product 42,10,42.29,422.9
09-07-2026,SKU-051,Product 51,3,104.22,312.66
01-05-2025,SKU-071,Product 71,11,41.39,455.29
19-08-2025,SKU-005,Product 5,17,112.77,1917.09
18-03-2026,SKU-072,Product 72,9,108.25,974.25
02-01-2026,SKU-057,Product 57,40,27.94,1117.6
09-04-2025,SKU-055,Product 55,9,53.76,483.84
13-01-2025,SKU-081,Product 81,10,66.67,666.7
11-11-2025,SKU-078,Product 78,23,23.81,547.63
21-07-2025,SKU-093,Product 93,6,41.04,246.24
13-11-2025,SKU-098,Product 98,15,5.2,78
17-08-2025,SKU-091,Product 91,13,12.64,164.32
06-05-2025,SKU-078,Product 78,9,23.81,214.29
18-07-2026,SKU-059,Product 59,54,143.98,7774.92
12-07-2026,SKU-027,Product 27,31,15.58,482.98
10-05-2026,SKU-016,Product 16,46,128.07,5891.22
31-05-2026,SKU-004,Product 4,44,70.1,3084.4
24-07-2025,SKU-099,Product 99,26,48.68,1265.68
21-05-2025,SKU-098,Product 98,3,5.2,15.6
10-10-2025,SKU-041,Product 41,7,33.9,237.3
08-02-2026,SKU-014,Product 14,27,51.74,1396.98
14-04-2026,SKU-022,Product 22,30,59.25,1777.5
12-04-2026,SKU-076,Product 76,3,5.46,16.38
13-04-2026,SKU-078,Product 78,23,23.81,547.63
11-01-2025,SKU-030,Product 30,1,117.66,117.66
27-03-2026,SKU-024,Product 24,26,109.76,2853.76
22-10-2025,SKU-077,Product 77,12,62.14,745.68
21-01-2025,SKU-006,Product 6,9,16.92,152.28
11-04-2025,SKU-055,Product 55,21,53.76,1128.96
01-12-2025,SKU-096,Product 96,32,57.25,1832
07-06-2025,SKU-088,Product 88,19,65.71,1248.49
22-02-2025,SKU-087,Product 87,3,123.31,369.93
16-09-2025,SKU-067,Product 67,28,99.67,2790.76
03-03-2026,SKU-016,Product 16,6,128.07,768.42
27-10-2025,SKU-060,Product 60,22,70.14,1543.08
23-03-2025,SKU-044,Product 44,18,14.73,265.14
04-12-2025,SKU-002,Product 2,5,116.06,580.3
06-05-2026,SKU-040,Product 40,39,20.93,816.27
07-01-2026,SKU-097,Product 97,20,45.27,905.4
26-02-2026,SKU-073,Product 73,3,120.54,361.62
20-03-2026,SKU-088,Product 88,6,65.71,394.26
12-11-2025,SKU-072,Product 72,26,108.25,2814.5
24-06-2026,SKU-056,Product 56,38,140.51,5339.38
22-02-2026,SKU-035,Product 35,44,42.05,1850.2
07-04-2025,SKU-073,Product 73,2,120.54,241.08
24-01-2025,SKU-030,Product 30,16,117.66,1882.56
07-02-2026,SKU-029,Product 29,3,43.36,130.08
15-02-2026,SKU-091,Product 91,15,12.64,189.6
12-02-2026,SKU-008,Product 8,18,38.61,694.98
04-04-2026,SKU-060,Product 60,33,70.14,2314.62
16-07-2026,SKU-006,Product 6,3,16.92,50.76
24-06-2025,SKU-054,Product 54,9,85.15,766.35
05-03-2025,SKU-080,Product 80,10,14.32,143.2
13-10-2025,SKU-052,Product 52,9,79.76,717.84
10-12-2025,SKU-076,Product 76,5,5.46,27.3
24-01-2026,SKU-045,Product 45,42,80.28,3371.76
23-04-2026,SKU-034,Product 34,27,133.9,3615.3
26-06-2025,SKU-008,Product 8,22,38.61,849.42
07-03-2025,SKU-080,Product 80,18,14.32,257.76
29-09-2025,SKU-021,Product 21,24,71.49,1715.76
06-09-2025,SKU-054,Product 54,29,85.15,2469.35
20-02-2026,SKU-086,Product 86,15,117.55,1763.25
06-10-2025,SKU-014,Product 14,9,51.74,465.66
30-07-2026,SKU-060,Product 60,59,70.14,4138.26
19-01-2025,SKU-055,Product 55,6,53.76,322.56
07-03-2026,SKU-034,Product 34,45,133.9,6025.5
07-06-2026,SKU-062,Product 62,55,40.67,2236.85
12-11-2025,SKU-022,Product 22,36,59.25,2133
21-03-2025,SKU-043,Product 43,2,124.39,248.78
13-06-2026,SKU-088,Product 88,33,65.71,2168.43
15-06-2026,SKU-098,Product 98,56,5.2,291.2
23-01-2026,SKU-021,Product 21,27,71.49,1930.23
24-01-2025,SKU-034,Product 34,2,133.9,267.8
29-10-2025,SKU-041,Product 41,12,33.9,406.8
22-06-2025,SKU-092,Product 92,11,131.65,1448.15
23-06-2026,SKU-066,Product 66,41,50.43,2067.63
09-04-2026,SKU-042,Product 42,34,42.29,1437.86
23-08-2025,SKU-081,Product 81,13,66.67,866.71
13-02-2026,SKU-006,Product 6,37,16.92,626.04
15-10-2025,SKU-008,Product 8,7,38.61,270.27
23-02-2025,SKU-035,Product 35,10,42.05,420.5
31-05-2026,SKU-020,Product 20,40,89.85,3594
15-10-2025,SKU-003,Product 3,34,70.92,2411.28
26-04-2026,SKU-035,Product 35,48,42.05,2018.4
09-11-2025,SKU-086,Product 86,28,117.55,3291.4
05-11-2025,SKU-005,Product 5,10,112.77,1127.7
26-11-2025,SKU-031,Product 31,18,52.96,953.28
15-02-2026,SKU-092,Product 92,15,131.65,1974.75
26-07-2026,SKU-048,Product 48,11,18.02,198.22
07-06-2025,SKU-076,Product 76,27,5.46,147.42
14-05-2026,SKU-052,Product 52,50,79.76,3988
20-04-2026,SKU-029,Product 29,34,43.36,1474.24
14-06-2025,SKU-091,Product 91,14,12.64,176.96
11-03-2026,SKU-021,Product 21,13,71.49,929.37
10-03-2025,SKU-076,Product 76,12,5.46,65.52
02-03-2026,SKU-025,Product 25,19,126.63,2405.97
19-09-2025,SKU-035,Product 35,4,42.05,168.2
07-02-2026,SKU-075,Product 75,40,13.71,548.4
03-06-2025,SKU-025,Product 25,10,126.63,1266.3
23-09-2025,SKU-082,Product 82,7,82.39,576.73
24-03-2025,SKU-010,Product 10,19,84.95,1614.05
31-12-2025,SKU-061,Product 61,31,141.95,4400.45
23-01-2025,SKU-049,Product 49,10,6.44,64.4
07-04-2025,SKU-003,Product 3,22,70.92,1560.24
11-08-2025,SKU-004,Product 4,15,70.1,1051.5
06-05-2026,SKU-010,Product 10,28,84.95,2378.6
04-01-2026,SKU-064,Product 64,5,117.63,588.15
20-09-2025,SKU-006,Product 6,25,16.92,423
23-01-2026,SKU-049,Product 49,12,6.44,77.28
03-03-2026,SKU-037,Product 37,28,83.51,2338.28
09-07-2026,SKU-010,Product 10,42,84.95,3567.9
23-03-2026,SKU-064,Product 64,39,117.63,4587.57
19-01-2025,SKU-075,Product 75,12,13.71,164.52
15-03-2026,SKU-052,Product 52,6,79.76,478.56
12-06-2026,SKU-050,Product 50,48,42.38,2034.24
31-05-2025,SKU-056,Product 56,24,140.51,3372.24
11-01-2025,SKU-007,Product 7,2,81.18,162.36
07-06-2025,SKU-054,Product 54,21,85.15,1788.15
27-04-2026,SKU-087,Product 87,10,123.31,1233.1
22-06-2025,SKU-086,Product 86,20,117.55,2351
12-12-2025,SKU-035,Product 35,13,42.05,546.65
06-02-2025,SKU-091,Product 91,5,12.64,63.2
18-11-2025,SKU-040,Product 40,10,20.93,209.3
10-01-2025,SKU-079,Product 79,1,39.06,39.06
31-10-2025,SKU-042,Product 42,20,42.29,845.8
10-12-2025,SKU-005,Product 5,5,112.77,563.85
10-07-2026,SKU-047,Product 47,38,38.43,1460.34
19-02-2026,SKU-063,Product 63,9,85.06,765.54
17-10-2025,SKU-044,Product 44,27,14.73,397.71
11-08-2025,SKU-073,Product 73,12,120.54,1446.48
28-12-2025,SKU-046,Product 46,43,105.52,4537.36
23-01-2026,SKU-089,Product 89,6,62.65,375.9
16-03-2026,SKU-032,Product 32,45,97.86,4403.7
04-07-2025,SKU-055,Product 55,23,53.76,1236.48
16-07-2025,SKU-071,Product 71,18,41.39,745.02
08-07-2026,SKU-025,Product 25,27,126.63,3419.01
07-02-2025,SKU-039,Product 39,16,9.81,156.96
23-01-2026,SKU-041,Product 41,27,33.9,915.3
12-08-2025,SKU-072,Product 72,19,108.25,2056.75
22-04-2026,SKU-078,Product 78,45,23.81,1071.45
01-02-2025,SKU-085,Product 85,10,53.4,534
13-05-2026,SKU-004,Product 4,21,70.1,1472.1
11-05-2025,SKU-096,Product 96,21,57.25,1202.25
17-09-2025,SKU-097,Product 97,4,45.27,181.08
25-02-2025,SKU-089,Product 89,14,62.65,877.1
11-07-2025,SKU-014,Product 14,25,51.74,1293.5
28-11-2025,SKU-077,Product 77,40,62.14,2485.6
17-10-2025,SKU-044,Product 44,37,14.73,545.01
16-01-2025,SKU-099,Product 99,5,48.68,243.4
25-05-2026,SKU-078,Product 78,10,23.81,238.1
14-08-2025,SKU-074,Product 74,17,102.79,1747.43
21-11-2025,SKU-037,Product 37,8,83.51,668.08
22-01-2026,SKU-083,Product 83,45,134.11,6034.95
27-08-2025,SKU-059,Product 59,4,143.98,575.92
17-09-2025,SKU-060,Product 60,11,70.14,771.54
20-07-2025,SKU-057,Product 57,6,27.94,167.64
21-10-2025,SKU-090,Product 90,5,41.98,209.9
10-12-2025,SKU-077,Product 77,19,62.14,1180.66
08-09-2025,SKU-004,Product 4,16,70.1,1121.6
02-06-2025,SKU-026,Product 26,16,66.33,1061.28
03-09-2025,SKU-050,Product 50,25,42.38,1059.5
06-02-2025,SKU-035,Product 35,2,42.05,84.1
26-06-2025,SKU-075,Product 75,21,13.71,287.91
29-08-2025,SKU-041,Product 41,31,33.9,1050.9
21-05-2026,SKU-069,Product 69,50,113.3,5665
09-09-2025,SKU-084,Product 84,6,108.64,651.84
29-04-2026,SKU-048,Product 48,42,18.02,756.84
05-07-2026,SKU-087,Product 87,15,123.31,1849.65
02-08-2025,SKU-086,Product 86,16,117.55,1880.8
17-07-2025,SKU-027,Product 27,28,15.58,436.24
09-07-2025,SKU-067,Product 67,17,99.67,1694.39
11-03-2025,SKU-094,Product 94,5,25.25,126.25
05-05-2026,SKU-011,Product 11,10,77.13,771.3
10-02-2025,SKU-093,Product 93,13,41.04,533.52
26-08-2025,SKU-034,Product 34,24,133.9,3213.6
11-05-2025,SKU-020,Product 20,6,89.85,539.1
11-06-2026,SKU-001,Product 1,18,133.59,2404.62
22-02-2026,SKU-082,Product 82,12,82.39,988.68
24-02-2026,SKU-071,Product 71,44,41.39,1821.16
08-07-2026,SKU-079,Product 79,54,39.06,2109.24
18-07-2026,SKU-002,Product 2,11,116.06,1276.66
15-09-2025,SKU-071,Product 71,23,41.39,951.97
27-07-2025,SKU-015,Product 15,18,98.54,1773.72
21-01-2025,SKU-068,Product 68,3,65.88,197.64
19-02-2026,SKU-098,Product 98,3,5.2,15.6
28-11-2025,SKU-031,Product 31,24,52.96,1271.04
30-07-2026,SKU-060,Product 60,27,70.14,1893.78
26-04-2026,SKU-032,Product 32,20,97.86,1957.2
15-03-2026,SKU-041,Product 41,39,33.9,1322.1
28-02-2025,SKU-068,Product 68,1,65.88,65.88
20-07-2025,SKU-031,Product 31,12,52.96,635.52
10-02-2026,SKU-072,Product 72,6,108.25,649.5
12-03-2025,SKU-016,Product 16,9,128.07,1152.63
08-03-2026,SKU-088,Product 88,3,65.71,197.13
15-01-2025,SKU-082,Product 82,15,82.39,1235.85
12-09-2025,SKU-003,Product 3,25,70.92,1773
13-04-2025,SKU-040,Product 40,7,20.93,146.51
14-08-2025,SKU-024,Product 24,17,109.76,1865.92
03-04-2026,SKU-018,Product 18,30,89.39,2681.7
07-10-2025,SKU-015,Product 15,7,98.54,689.78
10-03-2026,SKU-071,Product 71,29,41.39,1200.31
15-09-2025,SKU-009,Product 9,4,33.35,133.4
19-12-2025,SKU-003,Product 3,16,70.92,1134.72
29-04-2025,SKU-051,Product 51,14,104.22,1459.08
08-09-2025,SKU-086,Product 86,4,117.55,470.2
20-06-2026,SKU-010,Product 10,49,84.95,4162.55
30-09-2025,SKU-045,Product 45,16,80.28,1284.48
17-04-2026,SKU-097,Product 97,10,45.27,452.7
24-06-2026,SKU-063,Product 63,49,85.06,4167.94
22-06-2025,SKU-019,Product 19,11,83.88,922.68
28-02-2025,SKU-063,Product 63,10,85.06,850.6
06-11-2025,SKU-016,Product 16,15,128.07,1921.05
05-01-2025,SKU-085,Product 85,12,53.4,640.8
27-04-2025,SKU-018,Product 18,12,89.39,1072.68
01-02-2025,SKU-034,Product 34,16,133.9,2142.4
26-02-2025,SKU-099,Product 99,7,48.68,340.76
29-11-2025,SKU-068,Product 68,40,65.88,2635.2
01-03-2026,SKU-002,Product 2,38,116.06,4410.28
18-02-2026,SKU-098,Product 98,47,5.2,244.4
22-09-2025,SKU-083,Product 83,9,134.11,1206.99
06-12-2025,SKU-037,Product 37,27,83.51,2254.77
25-08-2025,SKU-006,Product 6,8,16.92,135.36
11-01-2026,SKU-014,Product 14,44,51.74,2276.56
11-11-2025,SKU-085,Product 85,23,53.4,1228.2
16-01-2026,SKU-068,Product 68,41,65.88,2701.08
26-02-2026,SKU-054,Product 54,47,85.15,4002.05
08-06-2026,SKU-063,Product 63,29,85.06,2466.74
24-05-2026,SKU-033,Product 33,32,53.43,1709.76
17-06-2026,SKU-012,Product 12,7,112.29,786.03
13-01-2026,SKU-084,Product 84,23,108.64,2498.72
21-03-2025,SKU-020,Product 20,9,89.85,808.65
07-08-2025,SKU-028,Product 28,32,68.24,2183.68
17-11-2025,SKU-039,Product 39,26,9.81,255.06
07-07-2026,SKU-061,Product 61,38,141.95,5394.1
25-08-2025,SKU-051,Product 51,4,104.22,416.88
07-06-2026,SKU-014,Product 14,3,51.74,155.22
08-03-2026,SKU-056,Product 56,38,140.51,5339.38
27-05-2026,SKU-071,Product 71,10,41.39,413.9
03-12-2025,SKU-096,Product 96,30,57.25,1717.5
02-08-2025,SKU-032,Product 32,10,97.86,978.6
21-10-2025,SKU-069,Product 69,12,113.3,1359.6
15-04-2025,SKU-004,Product 4,10,70.1,701
11-03-2026,SKU-035,Product 35,42,42.05,1766.1
10-02-2026,SKU-055,Product 55,6,53.76,322.56
19-09-2025,SKU-036,Product 36,35,130.42,4564.7
29-01-2025,SKU-081,Product 81,8,66.67,533.36
19-07-2025,SKU-048,Product 48,10,18.02,180.2
17-02-2026,SKU-055,Product 55,9,53.76,483.84
04-06-2025,SKU-049,Product 49,21,6.44,135.24
11-09-2025,SKU-097,Product 97,6,45.27,271.62
06-01-2025,SKU-061,Product 61,13,141.95,1845.35
17-05-2026,SKU-002,Product 2,36,116.06,4178.16
14-04-2026,SKU-005,Product 5,34,112.77,3834.18
10-07-2026,SKU-100,Product 100,15,56.59,848.85
18-03-2026,SKU-066,Product 66,46,50.43,2319.78
19-04-2025,SKU-039,Product 39,20,9.81,196.2
04-03-2026,SKU-029,Product 29,48,43.36,2081.28
06-07-2026,SKU-007,Product 7,38,81.18,3084.84
15-12-2025,SKU-052,Product 52,2,79.76,159.52
09-04-2025,SKU-032,Product 32,22,97.86,2152.92
21-09-2025,SKU-062,Product 62,9,40.67,366.03
28-05-2026,SKU-082,Product 82,18,82.39,1483.02
23-11-2025,SKU-054,Product 54,18,85.15,1532.7
03-08-2025,SKU-005,Product 5,21,112.77,2368.17
26-10-2025,SKU-006,Product 6,33,16.92,558.36
21-07-2025,SKU-023,Product 23,14,129.88,1818.32
21-07-2025,SKU-085,Product 85,26,53.4,1388.4
31-07-2026,SKU-069,Product 69,3,113.3,339.9
26-07-2026,SKU-031,Product 31,31,52.96,1641.76
21-04-2026,SKU-050,Product 50,20,42.38,847.6
12-02-2026,SKU-050,Product 50,21,42.38,889.98
15-01-2025,SKU-005,Product 5,1,112.77,112.77
16-12-2025,SKU-048,Product 48,36,18.02,648.72
30-01-2025,SKU-065,Product 65,14,29.77,416.78
05-04-2025,SKU-092,Product 92,17,131.65,2238.05
05-05-2026,SKU-040,Product 40,42,20.93,879.06
25-06-2025,SKU-072,Product 72,13,108.25,1407.25
18-11-2025,SKU-082,Product 82,34,82.39,2801.26
20-11-2025,SKU-082,Product 82,10,82.39,823.9
06-10-2025,SKU-089,Product 89,9,62.65,563.85
09-01-2025,SKU-068,Product 68,5,65.88,329.4
05-06-2025,SKU-080,Product 80,9,14.32,128.88
16-08-2025,SKU-084,Product 84,28,108.64,3041.92
12-08-2025,SKU-025,Product 25,8,126.63,1013.04
07-01-2026,SKU-016,Product 16,38,128.07,4866.66
24-08-2025,SKU-010,Product 10,26,84.95,2208.7
05-04-2025,SKU-069,Product 69,7,113.3,793.1
30-08-2025,SKU-087,Product 87,9,123.31,1109.79
31-05-2026,SKU-029,Product 29,47,43.36,2037.92
23-07-2025,SKU-084,Product 84,30,108.64,3259.2
27-06-2025,SKU-046,Product 46,5,105.52,527.6
13-06-2025,SKU-055,Product 55,24,53.76,1290.24
06-08-2025,SKU-053,Product 53,4,11.29,45.16
11-02-2025,SKU-023,Product 23,15,129.88,1948.2
30-07-2026,SKU-097,Product 97,15,45.27,679.05
06-04-2026,SKU-048,Product 48,3,18.02,54.06
21-04-2025,SKU-043,Product 43,20,124.39,2487.8
01-02-2025,SKU-059,Product 59,17,143.98,2447.66
07-05-2025,SKU-087,Product 87,4,123.31,493.24
19-10-2025,SKU-082,Product 82,15,82.39,1235.85
02-09-2025,SKU-057,Product 57,6,27.94,167.64
16-06-2025,SKU-005,Product 5,18,112.77,2029.86
03-07-2026,SKU-040,Product 40,42,20.93,879.06
23-03-2025,SKU-042,Product 42,14,42.29,592.06
16-06-2025,SKU-053,Product 53,3,11.29,33.87
30-05-2025,SKU-075,Product 75,3,13.71,41.13
04-04-2026,SKU-029,Product 29,40,43.36,1734.4
27-06-2026,SKU-075,Product 75,3,13.71,41.13
08-01-2025,SKU-050,Product 50,3,42.38,127.14
04-09-2025,SKU-061,Product 61,25,141.95,3548.75
11-04-2026,SKU-045,Product 45,34,80.28,2729.52
27-07-2026,SKU-052,Product 52,39,79.76,3110.64
31-07-2026,SKU-064,Product 64,43,117.63,5058.09
14-12-2025,SKU-029,Product 29,39,43.36,1691.04
10-03-2025,SKU-049,Product 49,2,6.44,12.88
29-10-2025,SKU-076,Product 76,30,5.46,163.8
28-08-2025,SKU-076,Product 76,26,5.46,141.96
06-09-2025,SKU-018,Product 18,18,89.39,1609.02
22-12-2025,SKU-025,Product 25,39,126.63,4938.57
22-04-2025,SKU-014,Product 14,12,51.74,620.88
12-06-2025,SKU-058,Product 58,14,122.59,1716.26
04-06-2026,SKU-072,Product 72,48,108.25,5196
07-07-2025,SKU-031,Product 31,7,52.96,370.72
10-10-2025,SKU-001,Product 1,27,133.59,3606.93
12-03-2026,SKU-067,Product 67,16,99.67,1594.72
15-03-2025,SKU-044,Product 44,8,14.73,117.84
04-01-2025,SKU-016,Product 16,1,128.07,128.07
07-09-2025,SKU-042,Product 42,18,42.29,761.22
11-07-2026,SKU-100,Product 100,23,56.59,1301.57
10-10-2025,SKU-093,Product 93,36,41.04,1477.44
15-06-2026,SKU-014,Product 14,45,51.74,2328.3
05-02-2026,SKU-073,Product 73,12,120.54,1446.48
28-01-2026,SKU-040,Product 40,3,20.93,62.79
05-01-2026,SKU-017,Product 17,29,88.02,2552.58
29-11-2025,SKU-032,Product 32,35,97.86,3425.1
21-03-2025,SKU-043,Product 43,7,124.39,870.73
02-03-2026,SKU-032,Product 32,22,97.86,2152.92
26-07-2025,SKU-076,Product 76,31,5.46,169.26
12-04-2026,SKU-007,Product 7,20,81.18,1623.6
18-02-2025,SKU-004,Product 4,12,70.1,841.2
01-06-2026,SKU-001,Product 1,29,133.59,3874.11
14-10-2025,SKU-059,Product 59,24,143.98,3455.52
10-06-2025,SKU-012,Product 12,18,112.29,2021.22
24-06-2026,SKU-080,Product 80,45,14.32,644.4
18-01-2025,SKU-097,Product 97,9,45.27,407.43
04-12-2025,SKU-081,Product 81,30,66.67,2000.1
20-01-2025,SKU-094,Product 94,12,25.25,303
14-07-2026,SKU-073,Product 73,42,120.54,5062.68
24-03-2025,SKU-085,Product 85,19,53.4,1014.6
15-11-2025,SKU-060,Product 60,31,70.14,2174.34
21-01-2025,SKU-027,Product 27,14,15.58,218.12
14-04-2025,SKU-038,Product 38,6,30.86,185.16
08-09-2025,SKU-044,Product 44,11,14.73,162.03
24-12-2025,SKU-028,Product 28,5,68.24,341.2
29-03-2026,SKU-070,Product 70,10,38.61,386.1
30-08-2025,SKU-015,Product 15,33,98.54,3251.82
24-11-2025,SKU-041,Product 41,18,33.9,610.2
23-01-2026,SKU-007,Product 7,15,81.18,1217.7
08-04-2026,SKU-050,Product 50,30,42.38,1271.4
23-04-2026,SKU-015,Product 15,20,98.54,1970.8
25-03-2026,SKU-048,Product 48,33,18.02,594.66
04-05-2025,SKU-016,Product 16,3,128.07,384.21
03-04-2026,SKU-088,Product 88,13,65.71,854.23
02-03-2026,SKU-063,Product 63,9,85.06,765.54
07-09-2025,SKU-086,Product 86,25,117.55,2938.75
03-08-2025,SKU-071,Product 71,25,41.39,1034.75
11-01-2026,SKU-032,Product 32,11,97.86,1076.46
16-01-2025,SKU-012,Product 12,1,112.29,112.29
17-03-2025,SKU-047,Product 47,12,38.43,461.16
02-06-2025,SKU-046,Product 46,3,105.52,316.56
27-06-2025,SKU-059,Product 59,24,143.98,3455.52
17-10-2025,SKU-032,Product 32,7,97.86,685.02
03-01-2025,SKU-021,Product 21,15,71.49,1072.35
19-07-2026,SKU-007,Product 7,31,81.18,2516.58
22-06-2026,SKU-041,Product 41,37,33.9,1254.3
24-06-2025,SKU-009,Product 9,15,33.35,500.25
05-09-2025,SKU-036,Product 36,18,130.42,2347.56
14-07-2025,SKU-091,Product 91,24,12.64,303.36
07-11-2025,SKU-032,Product 32,36,97.86,3522.96
25-07-2025,SKU-091,Product 91,10,12.64,126.4
11-04-2025,SKU-006,Product 6,21,16.92,355.32
13-01-2026,SKU-091,Product 91,38,12.64,480.32
04-06-2025,SKU-032,Product 32,7,97.86,685.02
11-06-2025,SKU-040,Product 40,5,20.93,104.65
12-04-2025,SKU-020,Product 20,12,89.85,1078.2
27-07-2026,SKU-091,Product 91,43,12.64,543.52
03-02-2025,SKU-021,Product 21,14,71.49,1000.86
24-02-2025,SKU-023,Product 23,12,129.88,1558.56
31-07-2026,SKU-054,Product 54,7,85.15,596.05
18-07-2025,SKU-022,Product 22,26,59.25,1540.5
04-03-2026,SKU-056,Product 56,22,140.51,3091.22
01-09-2025,SKU-091,Product 91,29,12.64,366.56
09-05-2025,SKU-047,Product 47,1,38.43,38.43
19-02-2026,SKU-007,Product 7,15,81.18,1217.7
02-06-2026,SKU-014,Product 14,51,51.74,2638.74
19-07-2025,SKU-096,Product 96,14,57.25,801.5
05-10-2025,SKU-053,Product 53,31,11.29,349.99
12-03-2026,SKU-090,Product 90,45,41.98,1889.1
14-05-2025,SKU-043,Product 43,20,124.39,2487.8
26-05-2025,SKU-054,Product 54,15,85.15,1277.25
12-04-2025,SKU-042,Product 42,21,42.29,888.09
27-01-2026,SKU-098,Product 98,30,5.2,156
27-05-2026,SKU-084,Product 84,54,108.64,5866.56
13-06-2026,SKU-098,Product 98,11,5.2,57.2
15-05-2026,SKU-071,Product 71,3,41.39,124.17
25-11-2025,SKU-096,Product 96,16,57.25,916
15-08-2025,SKU-061,Product 61,19,141.95,2697.05
05-01-2026,SKU-009,Product 9,23,33.35,767.05
26-02-2025,SKU-044,Product 44,5,14.73,73.65
16-11-2025,SKU-011,Product 11,23,77.13,1773.99
29-04-2025,SKU-064,Product 64,4,117.63,470.52
16-03-2026,SKU-094,Product 94,9,25.25,227.25
01-05-2026,SKU-011,Product 11,10,77.13,771.3
12-01-2025,SKU-008,Product 8,7,38.61,270.27
02-06-2025,SKU-060,Product 60,7,70.14,490.98
26-05-2025,SKU-030,Product 30,7,117.66,823.62
26-05-2025,SKU-078,Product 78,15,23.81,357.15
06-04-2026,SKU-049,Product 49,37,6.44,238.28
22-01-2025,SKU-043,Product 43,3,124.39,373.17
13-02-2026,SKU-005,Product 5,28,112.77,3157.56
27-04-2025,SKU-027,Product 27,14,15.58,218.12
04-04-2026,SKU-001,Product 1,27,133.59,3606.93
03-05-2025,SKU-077,Product 77,1,62.14,62.14
12-05-2026,SKU-074,Product 74,21,102.79,2158.59
12-03-2025,SKU-040,Product 40,17,20.93,355.81
27-12-2025,SKU-029,Product 29,5,43.36,216.8
28-04-2026,SKU-087,Product 87,52,123.31,6412.12
27-07-2025,SKU-016,Product 16,18,128.07,2305.26
15-01-2025,SKU-052,Product 52,3,79.76,239.28
03-07-2025,SKU-053,Product 53,7,11.29,79.03
22-10-2025,SKU-008,Product 8,37,38.61,1428.57
03-06-2025,SKU-084,Product 84,14,108.64,1520.96
13-09-2025,SKU-042,Product 42,30,42.29,1268.7
12-08-2025,SKU-012,Product 12,10,112.29,1122.9
25-08-2025,SKU-079,Product 79,8,39.06,312.48
01-06-2026,SKU-088,Product 88,33,65.71,2168.43
30-05-2025,SKU-079,Product 79,17,39.06,664.02
09-05-2025,SKU-040,Product 40,9,20.93,188.37
27-02-2025,SKU-039,Product 39,1,9.81,9.81
26-09-2025,SKU-003,Product 3,33,70.92,2340.36
09-04-2026,SKU-009,Product 9,40,33.35,1334
18-01-2026,SKU-050,Product 50,41,42.38,1737.58
12-04-2026,SKU-033,Product 33,20,53.43,1068.6
23-11-2025,SKU-075,Product 75,26,13.71,356.46
19-02-2026,SKU-011,Product 11,25,77.13,1928.25
23-12-2025,SKU-055,Product 55,2,53.76,107.52
13-10-2025,SKU-009,Product 9,2,33.35,66.7
03-06-2026,SKU-064,Product 64,3,117.63,352.89
12-03-2025,SKU-026,Product 26,16,66.33,1061.28
07-03-2026,SKU-093,Product 93,6,41.04,246.24
02-08-2025,SKU-069,Product 69,14,113.3,1586.2
14-08-2025,SKU-039,Product 39,30,9.81,294.3
01-05-2026,SKU-069,Product 69,38,113.3,4305.4
03-02-2025,SKU-098,Product 98,8,5.2,41.6
27-02-2026,SKU-051,Product 51,12,104.22,1250.64
25-02-2025,SKU-071,Product 71,18,41.39,745.02
25-03-2025,SKU-071,Product 71,1,41.39,41.39
25-04-2026,SKU-039,Product 39,52,9.81,510.12
04-04-2026,SKU-047,Product 47,37,38.43,1421.91
05-06-2026,SKU-048,Product 48,18,18.02,324.36
16-08-2025,SKU-016,Product 16,8,128.07,1024.56
07-09-2025,SKU-025,Product 25,6,126.63,759.78
26-07-2026,SKU-022,Product 22,43,59.25,2547.75
14-03-2026,SKU-008,Product 8,49,38.61,1891.89
30-01-2025,SKU-013,Product 13,4,106.67,426.68
29-10-2025,SKU-032,Product 32,23,97.86,2250.78
08-06-2026,SKU-050,Product 50,55,42.38,2330.9
02-02-2026,SKU-071,Product 71,36,41.39,1490.04
03-01-2025,SKU-080,Product 80,9,14.32,128.88
17-04-2026,SKU-007,Product 7,17,81.18,1380.06
21-02-2025,SKU-057,Product 57,18,27.94,502.92
26-07-2025,SKU-069,Product 69,10,113.3,1133
25-04-2025,SKU-072,Product 72,17,108.25,1840.25
05-08-2025,SKU-008,Product 8,2,38.61,77.22
07-05-2025,SKU-022,Product 22,8,59.25,474
26-01-2025,SKU-047,Product 47,12,38.43,461.16
21-02-2026,SKU-018,Product 18,6,89.39,536.34
24-11-2025,SKU-097,Product 97,40,45.27,1810.8
02-09-2025,SKU-087,Product 87,15,123.31,1849.65
12-04-2026,SKU-046,Product 46,3,105.52,316.56
11-05-2026,SKU-041,Product 41,3,33.9,101.7
05-02-2026,SKU-051,Product 51,46,104.22,4794.12
20-05-2025,SKU-009,Product 9,17,33.35,566.95
17-01-2026,SKU-033,Product 33,14,53.43,748.02
14-05-2026,SKU-047,Product 47,39,38.43,1498.77
01-11-2025,SKU-013,Product 13,15,106.67,1600.05
09-03-2026,SKU-072,Product 72,3,108.25,324.75
18-05-2025,SKU-046,Product 46,22,105.52,2321.44
24-10-2025,SKU-049,Product 49,38,6.44,244.72
19-07-2025,SKU-043,Product 43,26,124.39,3234.14
05-05-2025,SKU-058,Product 58,3,122.59,367.77
01-02-2026,SKU-080,Product 80,24,14.32,343.68
04-08-2025,SKU-081,Product 81,16,66.67,1066.72
27-01-2025,SKU-018,Product 18,10,89.39,893.9
19-04-2026,SKU-034,Product 34,51,133.9,6828.9
24-07-2025,SKU-083,Product 83,16,134.11,2145.76
19-06-2026,SKU-090,Product 90,33,41.98,1385.34
03-04-2025,SKU-047,Product 47,7,38.43,269.01
16-11-2025,SKU-025,Product 25,21,126.63,2659.23
02-04-2026,SKU-047,Product 47,3,38.43,115.29
22-05-2025,SKU-082,Product 82,12,82.39,988.68
02-05-2026,SKU-014,Product 14,17,51.74,879.58
24-03-2026,SKU-070,Product 70,36,38.61,1389.96
09-06-2025,SKU-061,Product 61,1,141.95,141.95
08-06-2025,SKU-012,Product 12,20,112.29,2245.8
28-10-2025,SKU-030,Product 30,5,117.66,588.3
02-10-2025,SKU-031,Product 31,16,52.96,847.36
25-09-2025,SKU-064,Product 64,7,117.63,823.41
25-09-2025,SKU-008,Product 8,9,38.61,347.49
07-06-2026,SKU-019,Product 19,29,83.88,2432.52
09-03-2026,SKU-041,Product 41,32,33.9,1084.8
06-06-2026,SKU-026,Product 26,3,66.33,198.99
26-06-2025,SKU-006,Product 6,22,16.92,372.24
07-12-2025,SKU-089,Product 89,27,62.65,1691.55
06-03-2026,SKU-027,Product 27,38,15.58,592.04
11-08-2025,SKU-097,Product 97,32,45.27,1448.64
29-06-2026,SKU-079,Product 79,38,39.06,1484.28
17-07-2025,SKU-081,Product 81,22,66.67,1466.74
21-10-2025,SKU-023,Product 23,32,129.88,4156.16
25-03-2025,SKU-040,Product 40,8,20.93,167.44
07-03-2025,SKU-090,Product 90,5,41.98,209.9
10-08-2025,SKU-097,Product 97,15,45.27,679.05
18-03-2026,SKU-078,Product 78,19,23.81,452.39
16-06-2025,SKU-007,Product 7,22,81.18,1785.96
08-09-2025,SKU-088,Product 88,27,65.71,1774.17
03-01-2026,SKU-023,Product 23,31,129.88,4026.28
24-10-2025,SKU-088,Product 88,22,65.71,1445.62
